timestamp,steps_per_min_mean,steps_per_min_std,steps_per_min_min,steps_per_min_max,cumulative_steps_mean,cumulative_steps_std,cumulative_steps_min,cumulative_steps_max,calories_burned_mean,calories_burned_std,calories_burned_min,calories_burned_max,heart_rate_bpm_mean,heart_rate_bpm_std,heart_rate_bpm_min,heart_rate_bpm_max,hrv_ms_mean,hrv_ms_std,hrv_ms_min,hrv_ms_max,spo2_pct_mean,spo2_pct_std,spo2_pct_min,spo2_pct_max,skin_temp_c_mean,skin_temp_c_std,skin_temp_c_min,skin_temp_c_max,is_sleep_period_mean,is_sleep_period_std,is_sleep_period_min,is_sleep_period_max,stress_score_mean,stress_score_std,stress_score_min,stress_score_max,heart_rate_bpm_raw_mean,heart_rate_bpm_raw_std,heart_rate_bpm_raw_min,heart_rate_bpm_raw_max,hrv_ms_raw_mean,hrv_ms_raw_std,hrv_ms_raw_min,hrv_ms_raw_max,stress_score_raw_mean,stress_score_raw_std,stress_score_raw_min,stress_score_raw_max,spo2_pct_raw_mean,spo2_pct_raw_std,spo2_pct_raw_min,spo2_pct_raw_max,skin_temp_c_raw_mean,skin_temp_c_raw_std,skin_temp_c_raw_min,skin_temp_c_raw_max,calories_burned_raw_mean,calories_burned_raw_std,calories_burned_raw_min,calories_burned_raw_max,hr_trend_5min_mean,hr_trend_5min_std,hr_trend_5min_min,hr_trend_5min_max,hr_trend_30min_mean,hr_trend_30min_std,hr_trend_30min_min,hr_trend_30min_max,hr_roc_mean,hr_roc_std,hr_roc_min,hr_roc_max,resting_hr_mean,resting_hr_std,resting_hr_min,resting_hr_max,hrv_rmssd_proxy_mean,hrv_rmssd_proxy_std,hrv_rmssd_proxy_min,hrv_rmssd_proxy_max,hrv_sdnn_proxy_mean,hrv_sdnn_proxy_std,hrv_sdnn_proxy_min,hrv_sdnn_proxy_max,hrv_trend_30min_mean,hrv_trend_30min_std,hrv_trend_30min_min,hrv_trend_30min_max,sleep_duration_min_mean,sleep_duration_min_std,sleep_duration_min_min,sleep_duration_min_max,sleep_efficiency_mean,sleep_efficiency_std,sleep_efficiency_min,sleep_efficiency_max,deep_ratio_mean,deep_ratio_std,deep_ratio_min,deep_ratio_max,rem_ratio_mean,rem_ratio_std,rem_ratio_min,rem_ratio_max,sleep_quality_score_mean,sleep_quality_score_std,sleep_quality_score_min,sleep_quality_score_max,sleep_consistency_mean,sleep_consistency_std,sleep_consistency_min,sleep_consistency_max,activity_intensity_mean,activity_intensity_std,activity_intensity_min,activity_intensity_max,step_intensity_15min_mean,step_intensity_15min_std,step_intensity_15min_min,step_intensity_15min_max,energy_expenditure_proxy_mean,energy_expenditure_proxy_std,energy_expenditure_proxy_min,energy_expenditure_proxy_max,computed_stress_mean,computed_stress_std,computed_stress_min,computed_stress_max,recovery_score_mean,recovery_score_std,recovery_score_min,recovery_score_max,anomaly_hr_spike_mean,anomaly_hr_spike_std,anomaly_hr_spike_min,anomaly_hr_spike_max,anomaly_hrv_drop_mean,anomaly_hrv_drop_std,anomaly_hrv_drop_min,anomaly_hrv_drop_max,anomaly_low_spo2_mean,anomaly_low_spo2_std,anomaly_low_spo2_min,anomaly_low_spo2_max,anomaly_critical_hr_mean,anomaly_critical_hr_std,anomaly_critical_hr_min,anomaly_critical_hr_max,anomaly_score_mean,anomaly_score_std,anomaly_score_min,anomaly_score_max,health_score_mean,health_score_std,health_score_min,health_score_max,user_id,sample_count
2024-01-01 00:00:00,0.0,0.0,0,0,0.0,0.0,0,0,3.917499999999999,0.4069501987783199,3.26,4.57,50.396423770572206,2.419492203649136,44.57563348609566,53.8,59.89621246137994,2.7857180853266557,54.98,63.80947368421053,97.46722222222223,0.2327302296401588,97.06,97.96,33.45267777777778,0.1397667624422841,33.15,33.64,1.0,0.0,1,1,39.55351561799434,3.467400498504439,34.3276923076923,46.127613005551154,49.46666666666667,4.911599487316683,40,57,60.00666666666667,6.950073654971133,49.3,70.8,40.373333333333335,9.811324846222108,21.4,59.2,97.48,0.7062981968383752,96.2,98.6,33.486,0.4140703873911844,32.94,34.21,3.917333333333333,0.6162613854835425,2.89,4.99,51.06658474351515,1.207049127706261,47.83073506129153,52.21293203434139,51.449173107813586,0.4472810276491423,50.396423770572206,52.0,-0.4949577675936226,1.6859509392071157,-3.201246455621962,2.383617859607739,50.25684836141202,0.0,50.25684836141202,50.25684836141202,2.3961235161452654,0.9650385254106396,0.0,3.2809715363201835,2.236034334321088,1.066823002616225,0.0,3.8031815959751816,58.80304356332802,1.7013221911515903,55.19,59.98653382561413,540.0,0.0,540.0,540.0,0.375,0.0,0.375,0.375,0.3277777777777778,0.0,0.3277777777777778,0.3277777777777778,0.1925925925925926,0.0,0.1925925925925926,0.1925925925925926,70.2,0.0,70.2,70.2,94.9,0.0,94.9,94.9,0.0,0.0,0,0,0.0,0.0,0.0,0.0,1.225,0.0,1.225,1.225,23.940903338607164,2.9396778263923995,19.74174532595662,29.64315627261836,73.0744706835878,1.6925929992187354,69.45364183207813,74.82704132694634,0.0,0.0,0.0,0.0,0.0,0.0,0.0,0.0,0.0,0.0,0.0,0.0,0.0,0.0,0.0,0.0,0.0,0.0,0.0,0.0,55.65333333333333,1.4520264985119808,52.4,57.7,user_001,15
2024-01-01 00:15:00,0.0,0.0,0,0,0.0,0.0,0,0,3.631466666666667,0.2432535028867346,3.126,4.022,47.06652288266743,1.3382828558699704,44.866014369290305,49.071786419402216,53.44917919050574,4.513241559051068,46.81108816408547,61.125908000057215,97.14133333333334,0.3860767256585608,96.46,97.64,33.40266666666667,0.1774142314579358,33.134,33.641999999999996,1.0,0.0,1,1,44.48039340524727,4.121784078356685,37.95032715355015,52.64282984478719,47.46666666666667,3.979710446514324,42,57,51.873333333333335,7.902483033530542,36.0,69.8,45.72,10.784261018460452,29.5,68.6,97.06666666666666,1.046536236944568,94.6,98.6,33.332,0.4229015420706264,32.83,34.18,3.6346666666666665,0.586830063825571,2.57,4.89,46.936968041109395,0.8227725079115714,45.62661763770883,48.02297376455257,49.19091748483588,0.3928610011080897,48.73147332661981,50.0832090255312,0.2002823109784619,1.5714894290894643,-2.3574021770150253,4.045472936672958,50.25684836141202,0.0,50.25684836141202,50.25684836141202,2.371499437826373,0.6928150869933339,1.0277785075179136,3.0820523567012823,2.162322235917625,0.7080172173193886,1.47524152003416,3.826708753250219,58.58313863069623,1.102722336421215,56.67269582594284,59.8352981544834,540.0,0.0,540.0,540.0,0.375,0.0,0.375,0.375,0.3277777777777778,0.0,0.3277777777777778,0.3277777777777778,0.1925925925925926,0.0,0.1925925925925926,0.1925925925925926,70.2,0.0,70.2,70.2,94.9,0.0,94.9,94.9,0.0,0.0,0,0,0.0,0.0,0.0,0.0,1.225,0.0,1.225,1.225,24.480840161481797,5.652636863076174,17.760806077131868,32.2336650729397,74.45340636672249,1.6549528743791275,70.91086263527988,76.1445201679144,0.0,0.0,0.0,0.0,0.2,0.4140393356054125,0.0,1.0,0.0,0.0,0.0,0.0,0.0,0.0,0.0,0.0,0.2,0.4140393356054125,0.0,1.0,51.92666666666666,1.3509079838954208,49.9,53.8,user_001,15
2024-01-01 00:30:00,0.0,0.0,0,0,0.0,0.0,0,0,4.000933333333333,0.1932117515897544,3.708,4.328,48.211530623243654,1.7356197300548586,44.93257559440045,51.03550496544313,54.62679393260621,4.539489934519352,47.607394877933785,65.77953626735331,97.50666666666666,0.180897234704698,97.3,97.96,33.596266666666665,0.1099502917989165,33.414,33.868,1.0,0.0,1,1,45.60656933120699,4.7035259955233535,37.995447052902605,55.79523085657207,48.06666666666667,5.147352532636375,40,59,55.72666666666667,11.291176496125932,36.5,79.2,44.38,11.505725282906518,25.4,62.1,97.62,0.6349353172905544,96.3,98.7,33.618,0.4349417038113102,32.8,34.37,3.962,0.5621794324641505,2.83,4.76,48.1520771359042,0.8731796419167704,46.81477932244349,49.51232360387651,47.9728339033168,0.4360563320932106,47.49608481041284,48.594431612231816,-0.0724315528413825,1.962437432501822,-2.94943269436029,3.982261362526117,50.25684836141202,0.0,50.25684836141202,50.25684836141202,4.13442425683935,1.0512921473314518,2.778904498001315,5.6285164262832685,3.7098045728755937,1.272159057470808,2.083130141963887,6.350983228835851,55.04698169267851,0.7684819083388622,54.03798656155597,56.41294232187396,540.0,0.0,540.0,540.0,0.375,0.0,0.375,0.375,0.3277777777777778,0.0,0.3277777777777778,0.3277777777777778,0.1925925925925926,0.0,0.1925925925925926,0.1925925925925926,70.2,0.0,70.2,70.2,94.9,0.0,94.9,94.9,0.0,0.0,0,0,0.0,0.0,0.0,0.0,1.225,0.0,1.225,1.225,27.20188739935589,4.511443427218559,20.132529042998797,33.35278573055841,69.20036384423558,1.191890198341411,67.65979057124927,71.26493144184973,0.0,0.0,0.0,0.0,0.0,0.0,0.0,0.0,0.0,0.0,0.0,0.0,0.0,0.0,0.0,0.0,0.0,0.0,0.0,0.0,52.78666666666666,1.5500537625084694,49.9,56.1,user_001,15
2024-01-01 00:45:00,0.0,0.0,0,0,0.0,0.0,0,0,3.8128,0.116618547899919,3.61,3.984,49.04076469888504,1.74471427349255,46.32892990412878,52.137526872073245,52.07638160968441,4.797276412249227,46.480939638301514,65.2955760074148,97.56933333333332,0.2742122917601981,97.18,98.06,33.802,0.1405804294447018,33.62,33.99400000000001,1.0,0.0,1,1,47.69833939753955,5.207283598380078,36.7510018215044,55.46696351136509,49.666666666666664,4.203173404306164,41,55,51.94666666666667,12.233260671900467,38.3,80.3,48.166666666666664,14.368401176921266,18.1,74.3,97.58666666666666,0.8305477251847284,96.1,99.1,33.833333333333336,0.3788642174158125,33.04,34.51,3.8433333333333337,0.5976461765802173,2.95,5.07,48.73918356215875,1.1110205354694171,47.44503510557494,50.41117840729736,48.08840342665368,0.2928270834513152,47.67049148809596,48.62614766106435,0.3129509847249215,1.5642534518857163,-2.9707585165188206,2.8157933641795765,50.25684836141202,0.0,50.25684836141202,50.25684836141202,3.9284555667868664,1.881142571845561,1.0571121766998492,6.582533014075924,3.3376564613597055,2.107678069649523,0.9024924571559622,6.639464933600558,53.408366429887685,0.1727411802439182,53.1090476068679,53.81193722429104,540.0,0.0,540.0,540.0,0.375,0.0,0.375,0.375,0.3277777777777778,0.0,0.3277777777777778,0.3277777777777778,0.1925925925925926,0.0,0.1925925925925926,0.1925925925925926,70.2,0.0,70.2,70.2,94.9,0.0,94.9,94.9,0.0,0.0,0,0,0.0,0.0,0.0,0.0,1.225,0.0,1.225,1.225,29.191319736867808,4.626049971347062,24.06239709556193,36.300117738865026,71.16789531665384,1.6496140726004933,68.27103968552362,73.07147645749401,0.0,0.0,0.0,0.0,0.0,0.0,0.0,0.0,0.0,0.0,0.0,0.0,0.0,0.0,0.0,0.0,0.0,0.0,0.0,0.0,52.46666666666667,1.3102162671355695,50.2,54.7,user_001,15
2024-01-01 01:00:00,0.0,0.0,0,0,0.0,0.0,0,0,4.074266666666667,0.2832049905398327,3.59,4.586,50.767069532038505,2.051094965846221,46.55558708719007,54.15195720803611,53.596017926606365,3.1584327145492783,48.97401276807965,58.34424943568497,97.58266666666668,0.2082397885222943,97.2,97.98,33.48226666666667,0.3216882844944028,32.92,33.846,1.0,0.0,1,1,45.04805970510678,5.791151243717959,34.68373151885674,53.68044430815393,50.53333333333333,5.396647989614437,40,58,53.04666666666667,9.457337791114268,40.6,67.2,45.05333333333333,11.187548350520688,20.9,63.1,97.57333333333332,0.7601378321130476,96.3,99.2,33.495333333333335,0.7269099636393042,31.38,34.31,4.025333333333333,0.5378511034885114,3.35,5.24,50.55647922408766,1.2690098453198708,48.6602406283337,52.25078713619462,49.07185295901195,0.4869871928738256,48.508107176086966,49.90391711546177,-0.1168680993556814,2.0272805093870208,-4.717319069345663,2.654313980627805,50.25684836141202,0.0,50.25684836141202,50.25684836141202,3.6482730501762366,0.5339931191226879,2.6673032660568237,4.303408692871773,3.200493321077056,0.5289326767669259,2.21086570223286,3.966050589886877,53.315607430675755,0.2822780784255429,52.83619976814539,53.713476678110744,540.0,0.0,540.0,540.0,0.375,0.0,0.375,0.375,0.3277777777777778,0.0,0.3277777777777778,0.3277777777777778,0.1925925925925926,0.0,0.1925925925925926,0.1925925925925926,70.2,0.0,70.2,70.2,94.9,0.0,94.9,94.9,0.0,0.0,0,0,0.0,0.0,0.0,0.0,1.225,0.0,1.225,1.225,30.595338839145256,1.345762093827502,28.74594437484958,33.44287674208684,67.69940461960667,0.6937320313826286,66.70880641580449,68.74420570871993,0.0,0.0,0.0,0.0,0.0,0.0,0.0,0.0,0.0,0.0,0.0,0.0,0.0,0.0,0.0,0.0,0.0,0.0,0.0,0.0,53.593333333333334,1.8132317898739576,50.2,55.9,user_001,15
2024-01-01 01:15:00,0.0,0.0,0,0,0.0,0.0,0,0,3.9993333333333334,0.1656048078437107,3.708,4.258000000000001,49.74792466546472,1.406324183939772,46.70744205941601,51.65405690649365,56.94916613663226,5.645440785683829,45.84477242854547,67.44841261807663,97.5,0.2562364979021242,97.08,98.0,33.7668,0.203121075786267,33.462,34.038,1.0,0.0,1,1,41.98678148287415,6.14757101277428,33.544581393988636,52.457027411352826,49.93333333333333,4.199773236508756,40,57,59.28,11.516708359100328,37.6,79.4,40.21333333333334,13.96008937070588,17.2,60.0,97.44,0.7679285681066224,96.4,98.5,33.76533333333334,0.3180266535700304,33.29,34.36,4.042,0.6955388455825354,3.21,5.78,49.91598463849654,0.963520882540391,48.66261263631545,52.02257206053105,50.23507822456679,0.0769303303133707,50.05816696618394,50.380448723827094,0.0927043339343143,1.6067650197934555,-3.3537210297080406,2.672971546753189,50.25684836141202,0.0,50.25684836141202,50.25684836141202,3.7632293665150343,0.8053075994501713,2.69554949025715,4.836334421683466,3.155299590717858,1.0736020230434284,1.9390226825136971,4.677889498887532,53.15136992051128,1.0252334547717392,51.932243042036845,55.27259203161931,540.0,0.0,540.0,540.0,0.375,0.0,0.375,0.375,0.3277777777777778,0.0,0.3277777777777778,0.3277777777777778,0.1925925925925926,0.0,0.1925925925925926,0.1925925925925926,70.2,0.0,70.2,70.2,94.9,0.0,94.9,94.9,0.0,0.0,0,0,0.0,0.0,0.0,0.0,1.225,0.0,1.225,1.225,27.13286985641499,5.399643149113435,19.87879649126599,34.880320315596656,69.28841543443463,1.4642770807413927,67.80307586909258,72.44889693277365,0.0,0.0,0.0,0.0,0.0,0.0,0.0,0.0,0.0,0.0,0.0,0.0,0.0,0.0,0.0,0.0,0.0,0.0,0.0,0.0,54.193333333333335,2.351433200250025,50.5,58.7,user_001,15
2024-01-01 01:30:00,0.0,0.0,0,0,0.0,0.0,0,0,3.820533333333333,0.1783599357105364,3.5700000000000003,4.26,48.81210148355583,1.474720336919848,47.031293554805394,52.0334236212023,56.93009415067633,3.9161691642713023,51.06728067398541,62.184059732006325,97.63466666666666,0.4903914859821743,97.0,98.54,33.5788,0.1147688359890666,33.446000000000005,33.769999999999996,1.0,0.0,1,1,42.86193472313239,4.724326084912552,36.080180359911076,49.77563805225227,48.4,3.0425553170226607,43,55,56.166666666666664,11.022423033244982,36.5,73.0,43.18,12.148791827056009,20.1,63.2,97.67333333333332,0.8084081948643367,96.3,98.8,33.56066666666666,0.3128775814154496,33.12,34.23,3.85,0.4772540503457551,3.01,4.58,49.2169176628785,1.1399143776844405,47.437090830483626,50.85065480092105,50.06144231434337,0.4124063212034557,49.28001307451027,50.53267451506247,-0.2060507417779149,1.1108852568727092,-2.1090563657485077,1.4832881893988556,50.25684836141202,0.0,50.25684836141202,50.25684836141202,4.412769760457085,0.7647558679738348,2.646946695415688,5.866014948930586,3.4534652073456553,0.6038892043134881,2.667334842585894,5.1133407736149685,56.10128380728433,0.3231733724694108,55.52172802107904,56.9396301436543,540.0,0.0,540.0,540.0,0.375,0.0,0.375,0.375,0.3277777777777778,0.0,0.3277777777777778,0.3277777777777778,0.1925925925925926,0.0,0.1925925925925926,0.1925925925925926,70.2,0.0,70.2,70.2,94.9,0.0,94.9,94.9,0.0,0.0,0,0,0.0,0.0,0.0,0.0,1.225,0.0,1.225,1.225,24.342160946586105,3.1636530765822704,19.637796548673784,28.472038443744573,73.56781095928805,0.5459618698046462,72.83780978560509,74.42326007981247,0.0,0.0,0.0,0.0,0.0,0.0,0.0,0.0,0.0,0.0,0.0,0.0,0.0,0.0,0.0,0.0,0.0,0.0,0.0,0.0,54.20666666666667,1.904680950660642,52.0,58.2,user_001,15
2024-01-01 01:45:00,0.0,0.0,0,0,0.0,0.0,0,0,3.8910666666666662,0.2253249928014031,3.5159999999999996,4.234,50.74472893822133,1.7625566255072913,47.395067612272065,53.22816818141395,54.49791142826856,3.784438037750323,47.032556163985056,61.981804325336135,97.344,0.2520997534990548,96.82,97.8,33.53026666666667,0.123531064147945,33.334,33.7,1.0,0.0,1,1,44.45463457881083,4.685378155683667,31.520120239940713,51.24413461173853,51.333333333333336,5.327377627027428,40,62,53.013333333333335,9.910302479646887,29.3,62.8,45.693333333333335,10.204793458165112,22.4,60.2,97.26,0.9984273347906436,95.8,99.5,33.507333333333335,0.4208913444221961,32.81,34.35,3.896,0.6769237137859142,2.53,4.95,50.26255590789207,1.0368727103553037,47.824727220322416,51.40423513436424,49.5402130484829,0.1807579021365853,49.22000871634018,49.77841521088858,0.2943021975560062,2.0857289423100216,-3.697533806136029,4.385915909293033,50.25684836141202,0.0,50.25684836141202,50.25684836141202,3.2420420579649756,0.6907729368981406,2.310813717527459,4.611958067718474,2.571687894103029,0.6065678294486343,1.4111897060329437,3.234730549489891,57.37897253611314,0.7047889634263449,55.714002789472445,58.13836007378713,540.0,0.0,540.0,540.0,0.375,0.0,0.375,0.375,0.3277777777777778,0.0,0.3277777777777778,0.3277777777777778,0.1925925925925926,0.0,0.1925925925925926,0.1925925925925926,70.2,0.0,70.2,70.2,94.9,0.0,94.9,94.9,0.0,0.0,0,0,0.0,0.0,0.0,0.0,1.225,0.0,1.225,1.225,27.13544274055937,4.6116635482340635,18.947887932829463,33.335120133702546,72.43055526765488,1.1895085798602072,69.43692705613567,73.48159646843118,0.0,0.0,0.0,0.0,0.0666666666666666,0.2581988897471611,0.0,1.0,0.0,0.0,0.0,0.0,0.0,0.0,0.0,0.0,0.0666666666666666,0.2581988897471611,0.0,1.0,54.059999999999995,1.7028547459235237,51.2,56.7,user_001,15
2024-01-01 02:00:00,0.0,0.0,0,0,0.0,0.0,0,0,4.1904,0.2440997454203625,3.802,4.566,51.194346929085334,1.916208445098572,48.43058928653229,55.247646637860214,53.46811242521921,3.4142430717534165,46.777527586846,58.5512251126118,97.52666666666669,0.289301292937372,97.0,97.98,33.578133333333334,0.165956046963674,33.356,33.864000000000004,1.0,0.0,1,1,46.86752390031369,3.143865980491522,42.65419882039401,53.52812494754159,50.8,5.253570214625478,44,62,52.96,8.692837774365088,36.7,70.0,46.99333333333333,9.776171224437704,23.2,66.8,97.61333333333332,0.7453346963101924,96.2,98.8,33.605333333333334,0.4919475388213481,32.78,34.52,4.167333333333334,0.7211941156033876,3.2,5.65,51.42175669212922,1.2097304468972958,49.20474633032397,52.82711200490422,50.44118363696471,0.4013172083185718,49.83114750113567,50.96953793365333,-0.1971734645426636,1.9749217342306091,-2.903602467592748,3.376176681069886,50.25684836141202,0.0,50.25684836141202,50.25684836141202,3.265202885607042,1.017335521875527,1.7662662867556078,5.011381048299699,2.6308410345083724,1.136651278367416,0.5421273527766651,4.964753174048912,55.02013211503048,0.3482325459316799,53.98301192674388,55.347112970759405,540.0,0.0,540.0,540.0,0.375,0.0,0.375,0.375,0.3277777777777778,0.0,0.3277777777777778,0.3277777777777778,0.1925925925925926,0.0,0.1925925925925926,0.1925925925925926,70.2,0.0,70.2,70.2,94.9,0.0,94.9,94.9,0.0,0.0,0,0,0.0,0.0,0.0,0.0,1.225,0.0,1.225,1.225,31.05211172109067,2.5709432466371767,26.86108399141534,34.968999067969904,67.84939092011844,0.5696701736521687,66.91160871675127,68.51261525509398,0.0,0.0,0.0,0.0,0.0666666666666666,0.2581988897471611,0.0,1.0,0.0,0.0,0.0,0.0,0.0,0.0,0.0,0.0,0.0666666666666666,0.2581988897471611,0.0,1.0,53.67333333333333,1.3402913684646915,50.6,55.8,user_001,15
2024-01-01 02:15:00,0.0,0.0,0,0,0.0,0.0,0,0,4.2692,0.1222965949765451,4.008,4.478,51.00331976692294,1.2885436925308993,48.37456821970769,53.313441127607824,54.51704248608967,3.82798666342433,46.318351724564,59.94668465805341,97.396,0.2469470735660883,97.02,97.8,33.5896,0.2549971428411388,33.156,33.954,1.0,0.0,1,1,44.81456878979228,3.742505259591582,38.19445530581904,51.342269978563365,51.266666666666666,5.049280948336911,43,59,56.026666666666664,9.827982402061885,33.9,72.1,44.120000000000005,12.69494837664629,28.5,75.3,97.34666666666666,0.7278801575874417,96.1,98.6,33.56666666666667,0.503341217219871,32.6,34.89,4.263333333333334,0.6606886738922683,3.29,5.49,50.895422551925925,0.452892624320251,50.00316422021597,51.550953278827784,51.12942727808657,0.1000969249624234,50.97582392541938,51.29777499024772,0.1316734498718635,2.0109267926510066,-3.437813709202601,3.269542327921137,50.25684836141202,0.0,50.25684836141202,50.25684836141202,3.7402631863196296,1.0835164776514985,1.8960297475287256,5.269767275067194,3.3574219464234174,1.0519292318004072,1.55302500204774,4.842950645926192,53.2811690405897,0.3533727560882405,52.75482039016456,53.99257745565444,540.0,0.0,540.0,540.0,0.375,0.0,0.375,0.375,0.3277777777777778,0.0,0.3277777777777778,0.3277777777777778,0.1925925925925926,0.0,0.1925925925925926,0.1925925925925926,70.2,0.0,70.2,70.2,94.9,0.0,94.9,94.9,0.0,0.0,0,0,0.0,0.0,0.0,0.0,1.225,0.0,1.225,1.225,30.587998493664625,3.2592366479256536,25.971707953789643,35.06340691807108,68.18251637977819,0.4156410214877227,67.66729524837818,69.28115941057703,0.0,0.0,0.0,0.0,0.0666666666666666,0.2581988897471611,0.0,1.0,0.0,0.0,0.0,0.0,0.0,0.0,0.0,0.0,0.0666666666666666,0.2581988897471611,0.0,1.0,53.74666666666667,1.2420413304985736,51.7,55.7,user_001,15
2024-01-01 02:30:00,0.0,0.0,0,0,0.0,0.0,0,0,4.2464,0.2018389740079238,3.862000000000001,4.584,52.15448397907862,1.156399233244579,50.67853825091375,54.119025500609176,53.74784419571824,4.272556106646948,45.544442208513395,62.14373302089862,97.404,0.4572089237974252,96.7,98.02,33.7032,0.2122946739120594,33.424,34.041999999999994,1.0,0.0,1,1,45.22270031044436,4.167309867231133,35.100277714614855,53.274522168179736,52.4,4.339190181194116,46,61,52.84666666666667,10.829448387658182,38.5,75.6,45.693333333333335,13.962780457173928,16.0,65.9,97.48,0.9615463735938194,95.3,98.9,33.724000000000004,0.4123417445344531,32.98,34.5,4.248,0.6294805114423435,2.76,5.43,51.83411816148655,0.6809113787276689,50.326051460586385,52.58052933488527,51.1271019744449,0.204014878483859,50.8712738924631,51.57890187300079,0.1227580104606839,1.7075538063568196,-2.693116777913154,3.440487249695422,50.25684836141202,0.0,50.25684836141202,50.25684836141202,3.660137262460274,1.186444878911603,2.024988606487012,5.067311602957948,3.367433796463774,1.2064235722200929,1.8993436200350753,5.655104224493785,54.2577956597445,0.361883672878919,53.60324627555086,54.79145627411324,540.0,0.0,540.0,540.0,0.375,0.0,0.375,0.375,0.3277777777777778,0.0,0.3277777777777778,0.3277777777777778,0.1925925925925926,0.0,0.1925925925925926,0.1925925925925926,70.2,0.0,70.2,70.2,94.9,0.0,94.9,94.9,0.0,0.0,0,0,0.0,0.0,0.0,0.0,1.225,0.0,1.225,1.225,30.99808480662633,3.9128339756624153,26.70350181717174,37.13548801103617,69.71799265792987,1.1487053006388508,67.77176376557014,71.33015234267233,0.0,0.0,0.0,0.0,0.0,0.0,0.0,0.0,0.0,0.0,0.0,0.0,0.0,0.0,0.0,0.0,0.0,0.0,0.0,0.0,54.17333333333333,1.2651745597610893,50.9,55.6,user_001,15
2024-01-01 02:45:00,0.0,0.0,0,0,0.0,0.0,0,0,4.058533333333333,0.2347368942535655,3.654,4.337999999999999,52.91593998049421,2.2752151816715265,49.31778882026373,57.1382950675183,54.93851367716989,4.731861036013145,46.79594554368293,62.14981640369046,97.512,0.3032961777348485,97.08,98.04,33.36906666666667,0.1225697857587754,33.094,33.501999999999995,1.0,0.0,1,1,43.86286073569501,6.4186829155678184,33.493424286613084,56.05631567646811,53.46666666666667,5.208052373374284,47,65,55.14,11.070669098374958,38.6,74.7,43.67333333333333,15.546495547534944,21.1,78.9,97.44,0.7199206305459749,96.6,99.2,33.37133333333333,0.4876894015466729,32.67,34.29,4.096,0.6517646376239992,3.13,5.11,52.59245836522013,1.326234836762258,50.440938670650546,54.275692045378854,51.999158652428584,0.2301178724339951,51.608156804222745,52.53521197978641,0.2753633430862336,1.7906717765952755,-2.1612686341950393,3.9308524662408577,50.25684836141202,0.0,50.25684836141202,50.25684836141202,3.938459357312599,0.5962783193810925,3.1428808368539793,4.754230728298494,3.479766756519706,1.433129286900375,1.6951096898393554,6.404457830729775,54.20856858726132,0.2566534993662899,53.71949498091929,54.51810173799943,540.0,0.0,540.0,540.0,0.375,0.0,0.375,0.375,0.3277777777777778,0.0,0.3277777777777778,0.3277777777777778,0.1925925925925926,0.0,0.1925925925925926,0.1925925925925926,70.2,0.0,70.2,70.2,94.9,0.0,94.9,94.9,0.0,0.0,0,0,0.0,0.0,0.0,0.0,1.225,0.0,1.225,1.225,31.17772805154901,5.064040698345356,24.24945614399848,39.800855251624306,66.9146493311815,1.2331310414557828,65.24623128000613,68.48555343095408,0.1333333333333333,0.3518657752744984,0.0,1.0,0.0,0.0,0.0,0.0,0.0,0.0,0.0,0.0,0.0,0.0,0.0,0.0,0.1333333333333333,0.3518657752744984,0.0,1.0,54.95333333333333,1.1789018295895226,53.0,56.5,user_001,15
2024-01-01 03:00:00,0.0,0.0,0,0,0.0,0.0,0,0,4.136,0.2925161778187906,3.746,4.754,53.62001954489965,1.6088197935940562,50.78500252585375,57.09219671167887,54.61991519977842,3.2211534179921046,51.03159066289274,63.18343427048674,97.55066666666669,0.269482749690875,96.92,98.12,33.758,0.1942163741809642,33.376,34.02,1.0,0.0,1,1,45.004291905573055,5.223275617977591,34.6982217051104,51.63254298004907,53.06666666666667,3.7122705155945175,46,58,54.65333333333333,9.351536670261105,37.1,70.9,44.82666666666667,15.496242248026578,22.6,80.3,97.56666666666666,0.7834599695003701,96.4,98.7,33.77,0.5827766050800008,32.6,34.59,4.148,0.5950774259347626,2.99,5.15,53.90280154967285,1.038978837289451,52.27811242704972,55.395445884702006,53.09785318450083,0.1864534240139762,52.712363542079835,53.26863631071206,-0.276676439116496,1.4571605836988024,-2.392501262926885,2.269999438699166,50.25684836141202,0.0,50.25684836141202,50.25684836141202,3.536020215566106,0.9925510032459844,1.5646818042807478,5.12245183299149,2.8813121392956416,1.1763885537427097,1.0701004307947808,4.869432122954224,54.215417488618215,0.4860825541125387,53.470809490533725,54.87526539651691,540.0,0.0,540.0,540.0,0.375,0.0,0.375,0.375,0.3277777777777778,0.0,0.3277777777777778,0.3277777777777778,0.1925925925925926,0.0,0.1925925925925926,0.1925925925925926,70.2,0.0,70.2,70.2,94.9,0.0,94.9,94.9,0.0,0.0,0,0,0.0,0.0,0.0,0.0,1.225,0.0,1.225,1.225,32.3774197950805,2.6640168894952336,28.055557028526255,35.981627875432494,68.2521699633259,0.6646024289209955,67.41612684916372,69.56799790525902,0.0,0.0,0.0,0.0,0.0,0.0,0.0,0.0,0.0,0.0,0.0,0.0,0.0,0.0,0.0,0.0,0.0,0.0,0.0,0.0,55.14666666666667,1.0629249850339972,53.4,57.1,user_001,15
2024-01-01 03:15:00,0.0,0.0,0,0,0.0,0.0,0,0,4.112933333333333,0.2471308117075611,3.752,4.494,54.2791348498145,2.29781469713308,51.65276029376406,60.89463710716209,54.92952957471021,6.221917209719813,45.56414474710475,65.54562706496641,97.26,0.2702379903503034,96.7,97.62,33.39106666666667,0.1657396696486331,33.122,33.67399999999999,1.0,0.0,1,1,42.879527231156246,7.465495477978881,29.39802332005678,53.21777076206897,55.333333333333336,6.2640318675829905,47,73,54.18666666666666,15.583455818209746,25.8,89.3,44.02,18.53468563069175,0.0,76.7,97.25333333333332,0.7827302643099137,95.3,98.3,33.391333333333336,0.5887500884642535,32.43,34.73,4.0873333333333335,0.6555201497030178,2.96,5.39,53.73621816638575,0.7722099325108874,52.75610351653514,55.097105370140014,53.49578700871198,0.3208121892367606,53.070817636788625,53.94957719735707,0.5270992417594154,2.134976700655047,-3.318700266256066,6.0526814464189584,50.25684836141202,0.0,50.25684836141202,50.25684836141202,4.655456880250633,1.251516674431486,1.559196254782729,6.742156099877219,4.278917582366058,1.5295592717251965,0.9454848535165914,6.222227918087697,55.624376717941765,0.6231759610797443,54.77472238724432,56.542105056369714,540.0,0.0,540.0,540.0,0.375,0.0,0.375,0.375,0.3277777777777778,0.0,0.3277777777777778,0.3277777777777778,0.1925925925925926,0.0,0.1925925925925926,0.1925925925925926,70.2,0.0,70.2,70.2,94.9,0.0,94.9,94.9,0.0,0.0,0,0,0.0,0.0,0.0,0.0,1.225,0.0,1.225,1.225,32.01275135916426,5.760885982168605,22.513518548381693,39.82363037357793,69.07028582510127,1.1780906041821255,67.47039277474373,71.06426782156214,0.0666666666666666,0.2581988897471611,0.0,1.0,0.0666666666666666,0.2581988897471611,0.0,1.0,0.0,0.0,0.0,0.0,0.0,0.0,0.0,0.0,0.1333333333333333,0.3518657752744984,0.0,1.0,55.35333333333333,1.9242314483103833,50.7,57.5,user_001,15
2024-01-01 03:30:00,0.0,0.0,0,0,0.0,0.0,0,0,4.446133333333334,0.1850983779610437,4.082,4.723999999999999,55.618879451289125,2.8682440241661245,51.629561833740446,59.73094982540537,51.96804652496789,3.901453256919461,44.53439033432451,56.917278602872784,97.55333333333331,0.1509336025573901,97.28,97.82,33.64306666666667,0.1867846225953715,33.21,33.888,1.0,0.0,1,1,45.03705481457999,5.094476494420654,38.82291631434653,52.54681384732331,54.4,5.355904618802905,45,65,52.49333333333333,8.562164835289414,37.9,67.5,44.473333333333336,10.853667363527189,15.6,60.1,97.56,0.6759120821949735,95.8,98.4,33.614000000000004,0.4968874549202692,32.89,34.58,4.430000000000001,0.4965739766497176,3.49,5.23,56.233127886108406,2.087625962842197,53.64864622432697,59.6735022953363,54.70229822846292,0.2935609341227053,54.03305146490472,55.00193275540825,-0.6094397256445642,1.8931574499284771,-4.083257062958012,3.87511440556299,50.25684836141202,0.0,50.25684836141202,50.25684836141202,3.5323963289924203,1.9169195852638796,1.5077347454870125,7.032267640627194,2.7605386400896323,0.9450829092684344,0.8475420139688389,4.183475984604682,54.53056902276515,0.6408456941929874,53.44878804983905,55.287620804001335,540.0,0.0,540.0,540.0,0.375,0.0,0.375,0.375,0.3277777777777778,0.0,0.3277777777777778,0.3277777777777778,0.1925925925925926,0.0,0.1925925925925926,0.1925925925925926,70.2,0.0,70.2,70.2,94.9,0.0,94.9,94.9,0.0,0.0,0,0,0.0,0.0,0.0,0.0,1.225,0.0,1.225,1.225,37.95103091499739,2.532363523681884,34.005439722904484,41.39236271424821,64.53883631955475,1.0462524622502924,63.07930623983601,67.25198103902464,0.0666666666666666,0.2581988897471611,0.0,1.0,0.0,0.0,0.0,0.0,0.0,0.0,0.0,0.0,0.0,0.0,0.0,0.0,0.0666666666666666,0.2581988897471611,0.0,1.0,54.86,2.1904989646849233,51.7,57.7,user_001,15
2024-01-01 03:45:00,0.0,0.0,0,0,0.0,0.0,0,0,4.158266666666667,0.1213657204289503,3.944,4.37,53.5820407906465,1.5156783607805402,51.60553900691232,56.83790991901452,50.3354130440177,4.869690116957721,40.286442824788864,56.45524231845596,97.49866666666668,0.2950512465576705,97.06,98.06,33.69533333333333,0.2411812201486274,33.336,34.129999999999995,1.0,0.0,1,1,45.938227568053144,5.040508893549324,37.954714194700365,54.4644906106706,53.93333333333333,5.049280948336912,44,65,51.0,13.482210501249414,25.8,72.8,45.413333333333334,14.429873114315251,25.1,72.2,97.49333333333334,0.8336380395305762,96.5,99.2,33.748000000000005,0.6184797028659407,32.63,34.75,4.174,0.6144428370483297,3.28,5.19,53.440132585330154,0.7317415735361671,52.573217520216666,54.57248741140082,54.88202849283342,0.1166681682720329,54.60046012096782,55.01437354839339,0.1756462713434151,1.979772846599051,-4.279303306338171,4.121567560739095,50.25684836141202,0.0,50.25684836141202,50.25684836141202,4.321409849549789,1.3402137595827437,2.016275083781971,6.155899000235832,4.181306491296294,1.4963760238910142,1.5177058508914727,6.3528199368476415,51.923163324268394,0.7396249100941866,50.85426134340585,53.412525366559365,540.0,0.0,540.0,540.0,0.375,0.0,0.375,0.375,0.3277777777777778,0.0,0.3277777777777778,0.3277777777777778,0.1925925925925926,0.0,0.1925925925925926,0.1925925925925926,70.2,0.0,70.2,70.2,94.9,0.0,94.9,94.9,0.0,0.0,0,0,0.0,0.0,0.0,0.0,1.225,0.0,1.225,1.225,37.49472660713615,2.9285757889912056,33.31435224814096,42.84285992035082,63.84790707795504,0.4566426004613503,63.30812724824476,64.61356345913403,0.0,0.0,0.0,0.0,0.1333333333333333,0.3518657752744983,0.0,1.0,0.0,0.0,0.0,0.0,0.0,0.0,0.0,0.0,0.1333333333333333,0.3518657752744983,0.0,1.0,53.36,1.50987227463593,50.6,55.9,user_001,15
2024-01-01 04:00:00,0.0,0.0,0,0,0.0,0.0,0,0,4.550666666666667,0.2640245298849185,4.093999999999999,4.966,57.06525571919599,2.333174365968381,53.92515686176324,61.5974760980125,56.87615055195212,3.9806981074507033,50.71015536703947,63.682291274239766,97.14666666666668,0.2597434631837115,96.68,97.68,33.63386666666666,0.132661689306006,33.448,33.897999999999996,1.0,0.0,1,1,40.736137537696536,6.347171557339555,31.827920662051444,50.56803379117975,57.46666666666667,5.65517041130967,49,68,57.10666666666667,12.100263672845356,37.6,81.2,39.72,16.70099227163293,12.5,65.2,97.12,0.8187097863624944,95.8,98.5,33.59866666666667,0.4810979506246497,32.73,34.83,4.5280000000000005,0.5100448159580825,3.73,5.56,56.256278626046075,1.727655725698516,53.36510122290052,59.18834320850796,54.408019359917326,0.3989750169968472,54.03607148752896,55.323648254921245,0.2007054737353428,2.1392850027021946,-4.199158699337502,3.715832940358837,50.25684836141202,0.0,50.25684836141202,50.25684836141202,4.761256814577664,1.096293714522517,2.2353445931744407,5.937526181654714,3.7660359947572486,1.1160665002662828,1.823810516799458,5.909417944712388,51.9596819537566,0.9520044975952884,50.967717502484646,53.60578179798491,540.0,0.0,540.0,540.0,0.375,0.0,0.375,0.375,0.3277777777777778,0.0,0.3277777777777778,0.3277777777777778,0.1925925925925926,0.0,0.1925925925925926,0.1925925925925926,70.2,0.0,70.2,70.2,94.9,0.0,94.9,94.9,0.0,0.0,0,0,0.0,0.0,0.0,0.0,1.225,0.0,1.225,1.225,33.57084621622277,3.2406423069943258,28.540806561865736,39.33562423071761,65.24663426668887,1.7176098298615294,63.125466923524336,67.47939451559022,0.0666666666666666,0.2581988897471611,0.0,1.0,0.0,0.0,0.0,0.0,0.0,0.0,0.0,0.0,0.0,0.0,0.0,0.0,0.0666666666666666,0.2581988897471611,0.0,1.0,57.026666666666664,1.8930197594118816,53.1,59.6,user_001,15
2024-01-01 04:15:00,0.0,0.0,0,0,0.0,0.0,0,0,4.503066666666666,0.3020452820041265,3.962,4.99,55.422355298519015,2.397097967513908,51.42919817925023,58.73258551052222,51.30826011727721,2.980997632825196,46.16476309704988,57.95607545254334,97.69866666666668,0.3577282820934439,97.1,98.14,33.56533333333333,0.168086145713895,33.296,33.772,1.0,0.0,1,1,46.82811846422648,3.3962372214218326,41.799150046031464,55.02928066247738,55.2,5.906412979610746,41,65,50.78666666666667,8.831183925375436,36.6,67.5,48.62,11.387850668898974,20.8,71.6,97.70666666666666,0.6902035586556716,96.2,98.7,33.564,0.5496726298443466,32.49,34.53,4.489999999999999,0.794921379760288,2.81,5.96,55.998128766510575,2.1867966991369014,53.02113781684394,59.14469428400237,56.03064569947517,0.2758579510638804,55.404654392169725,56.33570811307572,-0.1111776492595093,2.2232613391562777,-5.214599089625118,4.20452363661726,50.25684836141202,0.0,50.25684836141202,50.25684836141202,3.3553730171264187,0.6885256422766105,2.0780256824811403,4.537339586424614,2.73403379010076,0.9456713141020616,1.3994051289262786,5.055424628787763,53.71492130622714,0.2511430951876363,53.35678333690885,54.16497466858866,540.0,0.0,540.0,540.0,0.375,0.0,0.375,0.375,0.3277777777777778,0.0,0.3277777777777778,0.3277777777777778,0.1925925925925926,0.0,0.1925925925925926,0.1925925925925926,70.2,0.0,70.2,70.2,94.9,0.0,94.9,94.9,0.0,0.0,0,0,0.0,0.0,0.0,0.0,1.225,0.0,1.225,1.225,38.374697445471746,2.105372652777745,36.101452312592826,42.922187889766136,65.01647404400804,1.6924537826502095,63.235326455114745,67.77922353665194,0.0,0.0,0.0,0.0,0.0,0.0,0.0,0.0,0.0,0.0,0.0,0.0,0.0,0.0,0.0,0.0,0.0,0.0,0.0,0.0,54.7,1.3125765283811588,53.0,57.1,user_001,15
2024-01-01 04:30:00,0.0,0.0,0,0,0.0,0.0,0,0,4.527066666666667,0.2656268775844004,4.103999999999999,4.912000000000001,57.39817982919688,1.5058477949394726,55.658067848792165,60.744303940805786,54.29604133105908,2.255070625989991,50.83771107145402,58.14375156748853,97.51733333333333,0.3006532570127587,97.12,98.06,33.66493333333333,0.138734827570269,33.448,33.9,1.0,0.0,1,1,47.65962722822738,3.9084245188570783,42.1859485634649,56.079078832068866,58.06666666666667,5.284298394660309,50,68,54.78,7.367709471548322,42.2,67.5,47.36666666666667,9.902789409819745,32.8,65.0,97.46666666666668,0.7364651739090959,96.3,99.4,33.67133333333333,0.46318565649311,32.41,34.35,4.567333333333334,0.4747400291086641,3.84,5.4,56.86019929950677,0.6650743975029062,55.773153951189315,58.488101643875254,56.48447172599994,0.0856815178307375,56.29873467912025,56.64548303768747,0.3342434187348952,2.008920249797373,-3.058227955604345,3.6278480295971103,50.25684836141202,0.0,50.25684836141202,50.25684836141202,2.6725763716360817,0.5651578284906957,1.2149568137395064,3.328679889901899,2.0731552189915643,0.4156984465083952,1.2019485807348818,2.571463934875881,53.36956283694842,0.56885459083269,52.66901304110122,54.22579496353244,540.0,0.0,540.0,540.0,0.375,0.0,0.375,0.375,0.3277777777777778,0.0,0.3277777777777778,0.3277777777777778,0.1925925925925926,0.0,0.1925925925925926,0.1925925925925926,70.2,0.0,70.2,70.2,94.9,0.0,94.9,94.9,0.0,0.0,0,0,0.0,0.0,0.0,0.0,1.225,0.0,1.225,1.225,37.05947374976763,0.9651316053656688,35.64421801064523,38.8178315055797,63.97608349023338,0.6454297906281659,62.95135039600278,64.7661688717754,0.0,0.0,0.0,0.0,0.0,0.0,0.0,0.0,0.0,0.0,0.0,0.0,0.0,0.0,0.0,0.0,0.0,0.0,0.0,0.0,56.49333333333333,1.059964060486867,54.9,59.1,user_001,15
2024-01-01 04:45:00,0.0,0.0,0,0,0.0,0.0,0,0,4.531066666666667,0.265362142489592,4.134,4.958,57.1680416835914,1.2462845042433404,55.23038283933033,59.48399131387026,52.99187604526274,2.1305855740547233,48.605639171775486,55.84392119100514,97.544,0.2448556426025089,97.22,98.0,33.70226666666667,0.163659693382627,33.47,33.944,1.0,0.0,1,1,47.5033496803402,4.414198063827042,38.970858388685365,54.14609548418477,57.0,3.854496446637726,47,61,52.07333333333334,3.934184734326736,42.7,59.9,47.75333333333333,10.455952963788254,27.1,62.1,97.64666666666668,0.9679630059833808,95.9,99.2,33.68533333333333,0.3679065616365612,33.08,34.53,4.534000000000001,0.566490448791,3.46,5.5,57.19654327380566,0.7586941660159945,56.18008982582249,58.39206776258351,56.58584312988407,0.358878165824343,56.21988153399199,57.283110756394144,-0.0840208417957015,1.546482653174513,-4.581434646935257,1.923205720223223,50.25684836141202,0.0,50.25684836141202,50.25684836141202,1.7319755508172474,0.6772871779011237,1.0953020074320117,3.4283389165985216,1.495969556911618,0.4603591097316641,0.8217309875743994,2.2493500475655357,53.41998116035652,0.3943502405635187,52.72921159388987,53.81670752548127,540.0,0.0,540.0,540.0,0.375,0.0,0.375,0.375,0.3277777777777778,0.0,0.3277777777777778,0.3277777777777778,0.1925925925925926,0.0,0.1925925925925926,0.1925925925925926,70.2,0.0,70.2,70.2,94.9,0.0,94.9,94.9,0.0,0.0,0,0,0.0,0.0,0.0,0.0,1.225,0.0,1.225,1.225,37.47165796155547,2.391405789087378,35.41014316678453,42.51577616248947,64.97632733791094,0.5596285738794902,63.67550377482936,65.52592366178038,0.0,0.0,0.0,0.0,0.0666666666666666,0.2581988897471611,0.0,1.0,0.0,0.0,0.0,0.0,0.0,0.0,0.0,0.0,0.0666666666666666,0.2581988897471611,0.0,1.0,56.03333333333333,0.3265986323710906,55.6,56.6,user_001,15
2024-01-01 05:00:00,0.0,0.0,0,0,0.0,0.0,0,0,5.1376,0.147309586537042,4.9239999999999995,5.382,61.60472349495944,1.8608332580920623,58.215107250609,64.9485651016745,53.770602691033154,3.0222191302494825,49.175187984548245,59.17287663892311,97.43733333333331,0.2776294206997864,97.1,97.9,33.65506666666667,0.0917009632810166,33.522000000000006,33.78,1.0,0.0,1,1,45.376801492196726,3.5425378999621837,40.55800951744419,51.32256978122354,62.333333333333336,3.4778208831448,56,67,53.72666666666667,9.662554133403464,39.3,74.0,45.34,9.651705992798815,27.7,63.4,97.4,0.8026741021645819,96.3,98.8,33.65533333333333,0.3970042581035884,32.9,34.39,5.136666666666667,0.520860094550579,4.09,5.81,60.92995821795551,1.4246868279173932,58.676018060221885,63.1393404556665,58.26178597783805,0.7095645742909982,57.27762939315165,59.386382589275414,0.3643049191869494,1.1100538484007103,-1.7090307709458017,1.9364538435812977,50.25684836141202,0.0,50.25684836141202,50.25684836141202,3.2057794246012454,1.115357973316143,1.2140963520618029,4.501085991229685,2.3466309011189375,0.94172386811311,1.081587117040081,3.9736218162861183,53.49125146489062,0.1015226636150126,53.3445062779736,53.62752430124898,540.0,0.0,540.0,540.0,0.375,0.0,0.375,0.375,0.3277777777777778,0.0,0.3277777777777778,0.3277777777777778,0.1925925925925926,0.0,0.1925925925925926,0.1925925925925926,70.2,0.0,70.2,70.2,94.9,0.0,94.9,94.9,0.0,0.0,0,0,0.0,0.0,0.0,0.0,1.225,0.0,1.225,1.225,42.060138090054096,1.0397679121446328,40.438606524453064,43.68338327827562,61.85630441507141,0.6272099984180821,60.99100457276363,63.15883510699193,0.0,0.0,0.0,0.0,0.0,0.0,0.0,0.0,0.0,0.0,0.0,0.0,0.0,0.0,0.0,0.0,0.0,0.0,0.0,0.0,57.95333333333333,1.6775265238127357,54.6,60.3,user_001,15
2024-01-01 05:15:00,0.0,0.0,0,0,0.0,0.0,0,0,5.0408,0.2167682106372083,4.708,5.47,62.13990785821872,1.3309320506205928,59.20873433548538,63.96965225484212,50.233935914118504,4.152965618313956,44.01575572887399,56.43578127231813,97.104,0.1740607447333894,96.8,97.34,33.5212,0.1533153612655944,33.176,33.7,1.0,0.0,1,1,49.19980522590534,5.947886746356168,38.72633238774423,58.11948793222634,61.93333333333333,4.199773236508757,55,71,49.5,9.001507810202847,37.9,67.4,49.94666666666667,13.114815322846942,21.2,69.8,97.03333333333332,0.5340768626687488,96.0,97.7,33.51733333333333,0.4484651072056243,32.84,34.24,5.051333333333333,0.5920529255621213,3.98,5.96,62.2898403093852,0.9174666034523628,61.28369120656181,63.928595758074,60.85298669946929,0.7135968190693693,59.63536617062805,61.872315676589075,-0.1032872624426895,1.6705401128126556,-2.6565507516140414,3.5151738725789414,50.25684836141202,0.0,50.25684836141202,50.25684836141202,3.2609120377282586,0.5178478597924682,2.490386419154055,4.080495677251848,2.3051476390865613,0.3898441076303133,1.3235676394438531,2.933825103774782,52.94608489763184,0.503017062456207,52.00226930257583,53.49333018315495,540.0,0.0,540.0,540.0,0.375,0.0,0.375,0.375,0.3277777777777778,0.0,0.3277777777777778,0.3277777777777778,0.1925925925925926,0.0,0.1925925925925926,0.1925925925925926,70.2,0.0,70.2,70.2,94.9,0.0,94.9,94.9,0.0,0.0,0,0,0.0,0.0,0.0,0.0,1.225,0.0,1.225,1.225,46.09510316009631,3.247725045575163,42.383827893301245,52.47015176849918,60.44709251259845,1.4787901153042824,57.69530234847518,61.95038821782724,0.0,0.0,0.0,0.0,0.1333333333333333,0.3518657752744983,0.0,1.0,0.0,0.0,0.0,0.0,0.0,0.0,0.0,0.0,0.1333333333333333,0.3518657752744983,0.0,1.0,56.55333333333333,1.6694167786842178,53.7,59.3,user_001,15
2024-01-01 05:30:00,0.0,0.0,0,0,0.0,0.0,0,0,4.750666666666667,0.20514060218949,4.41,5.108,60.10181874020311,1.006300579622165,58.74905404339893,62.59950411002277,50.95196184991888,2.772770610491653,44.90672140280259,54.87147924094367,97.57200000000002,0.28383093559371,97.24,98.34,33.431466666666665,0.194958554814187,33.077999999999996,33.839999999999996,1.0,0.0,1,1,51.551726600800265,2.5760627931133295,47.07461252420444,55.54287817946,59.53333333333333,2.722044049886741,56,65,51.38666666666666,8.684869163145313,29.8,62.3,51.76,10.68595874433896,34.3,70.6,97.64666666666668,0.6696125389962096,96.4,98.6,33.48133333333333,0.3520727738625031,32.73,34.04,4.712666666666666,0.5691781878496484,4.07,6.15,60.54271359395235,1.0720035143158184,59.43813003946467,62.64369209018506,61.7713047614282,0.3035527976969793,61.12086329921091,62.10290834861898,-0.2842427034348839,1.1286930605017156,-2.199834703340926,1.8667156434545404,50.25684836141202,0.0,50.25684836141202,50.25684836141202,3.0444702442647396,0.94325559433367,1.8152860223685816,4.7698090318807935,2.5684500390519784,0.9627787367649832,0.6654059522772603,4.36003595914832,51.623909389407615,0.572890885286948,50.59294888201869,52.27411080873925,540.0,0.0,540.0,540.0,0.375,0.0,0.375,0.375,0.3277777777777778,0.0,0.3277777777777778,0.3277777777777778,0.1925925925925926,0.0,0.1925925925925926,0.1925925925925926,70.2,0.0,70.2,70.2,94.9,0.0,94.9,94.9,0.0,0.0,0,0,0.0,0.0,0.0,0.0,1.225,0.0,1.225,1.225,45.016118098638536,3.149755238308722,41.056615345354,52.52357882789282,58.09468564924726,0.7989831665369185,57.24441011570634,59.75275089597826,0.0,0.0,0.0,0.0,0.0,0.0,0.0,0.0,0.0,0.0,0.0,0.0,0.0,0.0,0.0,0.0,0.0,0.0,0.0,0.0,56.16,0.6977514907595281,54.8,57.5,user_001,15
2024-01-01 05:45:00,0.0,0.0,0,0,0.0,0.0,0,0,4.999466666666667,0.1937516328656231,4.786,5.386,59.74841124808175,1.997535980997809,56.48462684844767,63.08028007880792,53.54101623948766,3.3687414815501087,46.73140676763592,61.87912014173525,97.90533333333332,0.4066916463834734,97.32,98.36,33.33866666666667,0.2226639577822107,32.992000000000004,33.788,1.0,0.0,1,1,48.07340079008027,4.432941932582317,36.219014413766125,53.802503955722294,59.733333333333334,4.043807729403186,53,68,53.31333333333334,11.183333688169748,31.2,70.4,47.96,13.039379915142767,19.3,74.3,97.94666666666669,0.7019021774198029,96.7,99.2,33.321333333333335,0.5782716448504922,32.1,34.29,4.967333333333333,0.4599296012383178,4.17,6.03,59.73643466681562,1.4034915619343542,57.56391209267578,61.75162628380915,60.346099774009126,0.2745048648994172,59.925114994142426,61.0027977550295,-0.0075389573742086,1.4341363825957876,-2.3634701363357635,2.939789940894059,50.25684836141202,0.0,50.25684836141202,50.25684836141202,3.732923767998117,1.6071637325501291,1.925810486965294,6.008694735578866,2.7425279577500725,1.284949736690031,1.133293947225865,4.657800212622668,51.0453057560865,0.734219338291324,50.33095286558394,52.24648904470327,540.0,0.0,540.0,540.0,0.375,0.0,0.375,0.375,0.3277777777777778,0.0,0.3277777777777778,0.3277777777777778,0.1925925925925926,0.0,0.1925925925925926,0.1925925925925926,70.2,0.0,70.2,70.2,94.9,0.0,94.9,94.9,0.0,0.0,0,0,0.0,0.0,0.0,0.0,1.225,0.0,1.225,1.225,40.73412135003298,2.1741067497100066,37.853855715260735,45.94465021780108,61.26029791570462,0.8974913170613135,60.12257161381436,62.566954722949035,0.0,0.0,0.0,0.0,0.0,0.0,0.0,0.0,0.0,0.0,0.0,0.0,0.0,0.0,0.0,0.0,0.0,0.0,0.0,0.0,57.526666666666664,1.6913505451758577,54.6,60.4,user_001,15
2024-01-01 06:00:00,0.0,0.0,0,0,0.0,0.0,0,0,5.240799999999999,0.2851083002249193,4.805999999999999,5.662,65.49749708507024,1.9680490334208904,61.681687501931854,70.29130311487104,47.87495208102858,3.779107789886189,41.11926615992158,55.99630240190451,97.77866666666668,0.4304460587853175,97.18,98.42,33.44173333333333,0.2876613749996135,32.876,34.072,1.0,0.0,1,1,54.661533157688545,3.857778705388967,47.67388379228538,60.56777953587658,67.0,3.798495942945238,61,75,47.126666666666665,9.88747163020432,24.9,70.3,55.373333333333335,13.43978457877244,36.1,77.7,97.74,0.8304903886947064,96.8,99.7,33.44133333333333,0.7797606470364272,31.73,35.02,5.295333333333334,0.4968021547380615,4.19,6.25,64.33214856187274,1.817731755600656,60.24795078634524,66.98081196547238,61.10695477700886,0.8253094082590315,59.89452110720607,62.62295416657599,0.7512514574648848,1.4172945891788509,-1.4440617285222572,3.4394374993560533,50.25684836141202,0.0,50.25684836141202,50.25684836141202,2.967978351446741,1.365307563242982,0.6031650161218309,4.6027494481481686,2.5111603556857527,1.3510781416924178,0.698793548485459,4.6605560672359205,51.08357842903714,0.5427244067334894,50.5415731131602,52.26432602980218,540.0,0.0,540.0,540.0,0.375,0.0,0.375,0.375,0.3277777777777778,0.0,0.3277777777777778,0.3277777777777778,0.1925925925925926,0.0,0.1925925925925926,0.1925925925925926,70.2,0.0,70.2,70.2,94.9,0.0,94.9,94.9,0.0,0.0,0,0,0.0,0.0,0.0,0.0,1.225,0.0,1.225,1.225,51.96863672826908,3.755080059116148,44.5385298492739,56.69193874378341,57.14363714519192,2.8007495089520225,53.18258163499299,62.16873449176754,0.0666666666666666,0.2581988897471611,0.0,1.0,0.0666666666666666,0.2581988897471611,0.0,1.0,0.0,0.0,0.0,0.0,0.0,0.0,0.0,0.0,0.1333333333333333,0.3518657752744984,0.0,1.0,56.71333333333334,1.6278235542618,52.0,59.0,user_001,15
2024-01-01 06:15:00,0.0,0.0,0,0,0.0,0.0,0,0,5.181066666666666,0.2865767079226944,4.636,5.622,64.93422163684548,2.9070768811026535,60.3360118270701,69.57605987454242,52.639768532645576,7.935598236272913,34.55300718218737,60.231503247619656,97.344,0.3536907446585804,96.7,97.8,33.489733333333334,0.2263144041456704,33.124,33.808,1.0,0.0,1,1,46.5591819426974,9.215459732368508,38.81039956814539,69.67378012135917,64.33333333333333,5.589105048046174,54,75,54.64,12.675330370447943,27.1,76.8,44.22666666666667,17.784602757388065,21.4,84.7,97.42,1.0857518790484066,96.0,99.5,33.486666666666665,0.5408150815028665,32.62,34.49,5.202666666666667,0.6455835307983743,4.11,6.49,65.21650956717995,2.5174255947014808,61.588512946339975,68.34435791910566,64.24316819630464,0.6303131467491419,62.85974722216177,65.21585936095785,-0.3004441517560735,2.105152994875061,-3.1920199581808077,3.492279056653828,50.25684836141202,0.0,50.25684836141202,50.25684836141202,4.406804269658742,1.5245644117370958,1.6414781724470389,6.469159071501883,4.286994847855224,2.306393764047098,1.0883476141442596,7.879347131168835,49.44941651378948,0.4121123039470332,49.011397030565334,50.25736030683708,540.0,0.0,540.0,540.0,0.375,0.0,0.375,0.375,0.3277777777777778,0.0,0.3277777777777778,0.3277777777777778,0.1925925925925926,0.0,0.1925925925925926,0.1925925925925926,70.2,0.0,70.2,70.2,94.9,0.0,94.9,94.9,0.0,0.0,0,0,0.0,0.0,0.0,0.0,1.225,0.0,1.225,1.225,49.53800018761208,10.551169767178369,37.31092306347068,64.73292634764697,53.917335972668376,2.277772641083327,51.16413778872702,58.112361934435654,0.0,0.0,0.0,0.0,0.1333333333333333,0.3518657752744983,0.0,1.0,0.0,0.0,0.0,0.0,0.0,0.0,0.0,0.0,0.1333333333333333,0.3518657752744983,0.0,1.0,56.99333333333333,3.494172018552904,50.3,60.6,user_001,15
2024-01-01 06:30:00,0.0,0.0,0,0,0.0,0.0,0,0,5.1550666666666665,0.2861736402622579,4.6240000000000006,5.574,64.58059703371572,1.564581421669825,62.48945314464191,67.60126957544428,50.257088699179505,3.341961123742061,45.44601390749671,55.51279287061664,97.47866666666668,0.2470935816552827,97.0,97.78,33.5168,0.1461482613160813,33.339999999999996,33.767999999999994,1.0,0.0,1,1,52.74968866320143,6.179359466853258,43.23142713521838,62.572862832621354,64.26666666666667,5.483308003994183,56,74,49.39333333333333,9.28135355481752,31.6,69.2,53.913333333333334,13.537084865903246,26.3,78.5,97.40666666666668,0.6691857169796201,96.1,98.7,33.44866666666667,0.4525462354700297,32.42,34.34,5.1080000000000005,0.6179019802062922,4.22,6.04,64.94132467642524,0.5700167635816734,63.5970551384335,65.84755120516566,65.19890444786807,0.1492689708226862,64.7574093352806,65.32136880645375,-0.1569651835245295,2.144138819654752,-3.3076003105819183,3.7990478184168026,50.25684836141202,0.0,50.25684836141202,50.25684836141202,3.5515647420271335,0.7601265143811892,2.007250061268218,4.812243336536597,3.2193808611984243,1.095506652097889,1.415859519280549,5.570777516975023,50.95119089212327,0.2517666009538699,50.466017982335835,51.44842861591254,540.0,0.0,540.0,540.0,0.375,0.0,0.375,0.375,0.3277777777777778,0.0,0.3277777777777778,0.3277777777777778,0.1925925925925926,0.0,0.1925925925925926,0.1925925925925926,70.2,0.0,70.2,70.2,94.9,0.0,94.9,94.9,0.0,0.0,0,0,0.0,0.0,0.0,0.0,1.225,0.0,1.225,1.225,49.193986002555874,3.596956898710534,42.23957528524276,53.73922212726565,58.72572791816433,1.7728493774511067,56.07476187165327,60.96875992043299,0.0,0.0,0.0,0.0,0.0,0.0,0.0,0.0,0.0,0.0,0.0,0.0,0.0,0.0,0.0,0.0,0.0,0.0,0.0,0.0,57.31333333333334,1.241466107164467,55.2,59.8,user_001,15
2024-01-01 06:45:00,0.0,0.0,0,0,0.0,0.0,0,0,5.3492,0.2126940122738362,4.94,5.686,64.71748427971558,1.5899831188060105,61.41977164303146,67.32354648169276,47.91562728616388,4.04681895176375,39.525872485559155,52.67017261875964,97.448,0.3014062280141467,96.9,97.88,33.29813333333333,0.1366255919692649,33.032,33.541999999999994,1.0,0.0,1,1,48.37319833616009,4.424130925638051,41.1323484671365,55.91051638771506,65.13333333333334,4.517690096667081,57,72,47.440000000000005,10.348277979589508,20.4,58.5,48.593333333333334,13.666197436776343,30.7,81.4,97.45333333333332,0.7899969861304779,95.6,98.8,33.326,0.3202186752830006,32.73,33.95,5.3,0.5995117060694358,4.48,6.25,64.31819812108317,0.7260141681798739,63.69100672844311,66.01056923030976,64.45000471269755,0.1917021300810329,64.16448737474202,64.68271733463152,0.2079245268088788,1.710085529886225,-2.314828732273604,3.1934094523228467,50.25684836141202,0.0,50.25684836141202,50.25684836141202,3.3512110742310144,1.528687592522847,1.7460228476207649,5.651609057374292,3.2793065095192064,1.5870580660841809,1.290655518749542,6.212976208720696,51.095164971987664,1.217893022610662,49.086357992671694,52.60303038014761,540.0,0.0,540.0,540.0,0.375,0.0,0.375,0.375,0.3277777777777778,0.0,0.3277777777777778,0.3277777777777778,0.1925925925925926,0.0,0.1925925925925926,0.1925925925925926,70.2,0.0,70.2,70.2,94.9,0.0,94.9,94.9,0.0,0.0,0,0,0.0,0.0,0.0,0.0,1.225,0.0,1.225,1.225,52.05800796451647,2.7655735578142773,48.54861586847389,57.38747633428962,55.200404751059864,0.7658048825524416,53.74639949697309,56.23892281720473,0.0,0.0,0.0,0.0,0.1333333333333333,0.3518657752744983,0.0,1.0,0.0,0.0,0.0,0.0,0.0,0.0,0.0,0.0,0.1333333333333333,0.3518657752744983,0.0,1.0,56.38,1.2863014532260422,53.7,58.0,user_001,15
2024-01-01 07:00:00,4.8,2.4260491103261463,2,9,37.733333333333334,21.02198395784303,4,72,5.681066666666667,0.439105497682776,4.906000000000001,6.246,69.40649765111338,3.012271536970942,63.25100779000116,72.81226060798203,49.56481312722376,4.376627970438993,41.78375485000285,58.00629773333418,97.19866666666668,0.3096049710441292,96.76,97.78,33.58826666666667,0.0797455477186819,33.486000000000004,33.734,0.0,0.0,0,0,50.53343719372348,4.320144641827666,42.79021989286246,58.116992138410815,69.86666666666666,6.490285781366603,58,79,49.373333333333335,11.289974482235278,33.2,76.6,51.17333333333333,13.253811670969368,29.4,70.3,97.21333333333334,0.6479270976039845,96.2,98.4,33.614,0.4467469721697703,32.93,34.35,5.763999999999999,0.7984789110731548,3.98,6.87,69.31797088814488,2.1382694713318884,65.6886813538347,71.95483735355258,66.17605106995127,0.6827875788126078,64.87713821558822,67.06199096541448,0.2300845077766401,2.382319002911345,-3.907383763751312,4.1503230040682695,50.25684836141202,0.0,50.25684836141202,50.25684836141202,3.705742380139732,1.9066261328831948,1.6022255926399211,6.432804772397188,3.1781938009336512,1.7702895631126905,0.8990613390713789,6.534731414032782,49.27126281590815,0.4291560482131809,48.63312755067002,49.91292495853857,540.0,0.0,540.0,540.0,0.375,0.0,0.375,0.375,0.3277777777777778,0.0,0.3277777777777778,0.3277777777777778,0.1925925925925926,0.0,0.1925925925925926,0.1925925925925926,70.2,0.0,70.2,70.2,94.9,0.0,94.9,94.9,0.8,0.6761234037828133,0,2,37.733333333333334,21.02198395784303,4.0,72.0,2.3683333333333336,1.1774088782859873,1.225,4.9,55.59595997993344,1.289712877726874,52.97287881009006,57.1695393237113,52.91850431267583,0.411039368428813,52.165630559971376,53.61619896662509,0.1333333333333333,0.3518657752744983,0.0,1.0,0.0,0.0,0.0,0.0,0.0,0.0,0.0,0.0,0.0,0.0,0.0,0.0,0.1333333333333333,0.3518657752744983,0.0,1.0,54.04666666666666,1.0992638229201177,51.8,55.4,user_001,15
2024-01-01 07:15:00,4.8,2.396425910153941,1,9,115.8,21.498172679821614,80,144,5.452266666666666,0.2371194595456854,5.154,5.886,67.02825477334487,2.024580260285279,64.43994488934531,72.11124382419767,51.048752185553425,2.798291968024229,46.473126142589344,56.002098991128754,97.47466666666666,0.5264146473573769,96.78,98.4,33.431066666666666,0.178323729158382,33.108000000000004,33.788,0.0,0.0,0,0,48.31039920020602,4.020038377099934,42.936950890278546,55.328209680353666,66.4,5.082181758710664,58,77,52.406666666666666,8.193069080166536,41.0,68.1,46.693333333333335,11.726189654338864,28.3,70.1,97.43333333333334,1.0054612776991347,96.2,100.0,33.428000000000004,0.485315802927772,32.53,34.23,5.428,0.4846530423184936,4.83,6.26,67.1820219646971,1.2288193509517369,65.85690309709885,69.43727039088091,67.9615041893136,0.3145078854008818,67.21910508805409,68.28909647751554,-0.3141273866724371,1.9299228372558233,-3.7037479413992287,2.5200183702182244,50.25684836141202,0.0,50.25684836141202,50.25684836141202,3.1071310687534046,0.6999948007071908,2.4656720507884264,4.225898027043197,2.453354195108406,0.83845719749994,1.4601920267929425,3.962688349982032,49.52979167337403,0.6083738927798336,48.65343120297503,50.30678265638859,540.0,0.0,540.0,540.0,0.375,0.0,0.375,0.375,0.3277777777777778,0.0,0.3277777777777778,0.3277777777777778,0.1925925925925926,0.0,0.1925925925925926,0.1925925925925926,70.2,0.0,70.2,70.2,94.9,0.0,94.9,94.9,0.9333333333333332,0.7037315505489968,0,2,78.06666666666666,2.8900486072695957,72.0,82.0,2.6133333333333337,1.298621063538809,1.225,4.9,52.93722928951694,3.075591224532725,48.95140162797353,58.65990742111903,53.29090453272515,0.8635348282131051,52.23392012987679,55.183504283738195,0.0,0.0,0.0,0.0,0.0,0.0,0.0,0.0,0.0,0.0,0.0,0.0,0.0,0.0,0.0,0.0,0.0,0.0,0.0,0.0,56.62,2.0022130613042,51.3,58.7,user_001,15
2024-01-01 07:30:00,4.666666666666667,2.2886885410853175,1,9,184.93333333333337,20.52686973097412,148,214,5.714533333333334,0.1593154403182868,5.422,5.964,67.16240185999855,1.3429239698560005,64.47190145661507,68.98751175849559,50.05802870037066,2.4468783983369,46.93955320550137,56.108015764593,97.58666666666666,0.1935630818794368,97.24,97.98,33.370266666666666,0.2638905256423737,32.79600000000001,33.724000000000004,0.0,0.0,0,0,47.71333019588128,6.0294717096424595,35.120108176052895,55.8999789633771,67.53333333333333,4.2403953095144775,62,78,49.72666666666667,6.940817846691581,40.1,64.6,47.45333333333333,11.847836852997178,21.2,62.6,97.58666666666666,0.7827302643099125,96.4,99.1,33.39533333333333,0.7379495401513062,32.38,34.48,5.716666666666667,0.7902049161602386,4.28,7.23,66.90666823907952,0.6258160658453188,65.76964009182224,68.3606110408984,67.28516194162987,0.4152875921842937,66.72285773805916,68.06713969704164,0.1854657366673895,1.65769565814217,-1.8205018969419624,4.509366181128314,50.25684836141202,0.0,50.25684836141202,50.25684836141202,2.3575414143844893,0.590926552077978,1.1960362137839542,3.3502390942715548,2.2048143964874907,0.7164250236122404,1.4745670690919814,3.4064520672389067,49.99845229512354,0.3434624137124691,49.60575468103123,50.62674399314795,540.0,0.0,540.0,540.0,0.375,0.0,0.375,0.375,0.3277777777777778,0.0,0.3277777777777778,0.3277777777777778,0.1925925925925926,0.0,0.1925925925925926,0.1925925925925926,70.2,0.0,70.2,70.2,94.9,0.0,94.9,94.9,0.7333333333333333,0.7037315505489967,0,2,69.13333333333334,2.386469797679848,65.0,73.0,2.286666666666667,1.2132772422932303,1.225,4.9,52.77106277035063,1.3517069057494344,50.04019875368949,54.48813422103085,54.724096110415594,0.5110589592280315,54.14702029542291,55.76876579438512,0.0,0.0,0.0,0.0,0.0,0.0,0.0,0.0,0.0,0.0,0.0,0.0,0.0,0.0,0.0,0.0,0.0,0.0,0.0,0.0,56.61333333333334,0.9241727317418744,54.9,58.2,user_001,15
2024-01-01 07:45:00,5.4,2.3543273227945902,2,11,251.73333333333332,22.68563631988521,220,295,5.817333333333333,0.3538019354438435,5.258,6.33,68.8241731339408,3.103260466792034,62.991467109696465,74.58361302471958,47.00737609848056,5.236949611768875,40.93356586200402,57.199222886321785,97.75733333333332,0.3525309847915456,96.92,98.24,33.62786666666667,0.1929092557457538,33.260000000000005,33.976,0.0,0.0,0,0,50.2874359784936,5.108889459257745,40.17460221440527,61.39096894533327,69.66666666666667,6.542898731412848,57,84,45.6,11.246777316191515,25.6,68.0,52.77333333333333,11.287380226649246,32.4,75.5,97.80666666666666,0.7666873703208673,96.5,99.2,33.626666666666665,0.5171856072832569,32.69,34.49,5.854,0.6036058316484363,4.91,6.8,68.15792330743552,1.592736801335725,65.83499633454963,71.57618623513193,67.19582766484916,0.3039855383346823,66.92014591852076,67.99328749696969,0.4212467663629325,2.177774268455019,-3.4936003322723437,4.708193487640216,50.25684836141202,0.0,50.25684836141202,50.25684836141202,4.001965803162287,0.9569200346744148,1.7043452904525669,5.434831370287169,4.463203917863627,1.7235612839179455,1.1474954107335402,6.826879306657402,49.60053618358264,0.522192767587658,48.53270239942562,50.61559362864136,540.0,0.0,540.0,540.0,0.375,0.0,0.375,0.375,0.3277777777777778,0.0,0.3277777777777778,0.3277777777777778,0.1925925925925926,0.0,0.1925925925925926,0.1925925925925926,70.2,0.0,70.2,70.2,94.9,0.0,94.9,94.9,0.9333333333333332,0.5936168397046636,0,2,66.8,7.2130833510067935,57.0,81.0,2.5316666666666667,1.0825509995684577,1.225,4.9,56.23775421506803,5.255673578325265,48.583997437593936,64.78202111593583,52.65108692555479,1.0095760509754874,50.115048596579264,54.01784002611369,0.1333333333333333,0.3518657752744984,0.0,1.0,0.2,0.4140393356054125,0.0,1.0,0.0,0.0,0.0,0.0,0.0,0.0,0.0,0.0,0.3333333333333333,0.4879500364742666,0.0,1.0,54.54666666666667,2.794859226372253,49.4,58.9,user_001,15
2024-01-01 08:00:00,4.733333333333333,2.086236073022646,0,8,333.2,20.987070849862366,299,366,5.938266666666666,0.4149456877827788,5.252000000000001,6.467999999999999,71.36687690836565,2.4588796206206394,67.8766351607304,74.90155756261342,49.60863754663183,2.3880702694465388,46.05261528305317,53.01857483805238,97.65333333333334,0.3392989972337165,97.2,98.38,33.58266666666667,0.2330035765104633,33.138,33.896,0.0,0.0,0,0,52.14786863153711,2.7086548726490576,45.33487244513214,56.54366590966878,71.4,5.3022906101312195,64,80,51.10666666666667,7.898324113982903,33.2,63.2,50.513333333333335,11.589272543832855,28.9,72.0,97.58,0.8028520589569609,96.5,99.3,33.577333333333335,0.4258683006796918,32.81,34.24,5.930000000000001,0.7671096028972285,4.46,6.93,71.28263784581442,1.7339179671477345,68.76212523642644,73.65640239152381,68.97303499677554,0.6156548862994651,68.22885833131312,70.09552502115324,0.0165615458171724,1.908065465012066,-2.390974125898225,4.041121613089871,50.25684836141202,0.0,50.25684836141202,50.25684836141202,3.0685831675579296,1.1170386947865076,1.3215133602649731,4.834172996625038,1.9611325082760152,0.7541910730037149,0.625485132787018,2.8129269134517494,48.31507052136036,0.0981385402114964,48.11067485465317,48.49868969279383,540.0,0.0,540.0,540.0,0.375,0.0,0.375,0.375,0.3277777777777778,0.0,0.3277777777777778,0.3277777777777778,0.1925925925925926,0.0,0.1925925925925926,0.1925925925925926,70.2,0.0,70.2,70.2,94.9,0.0,94.9,94.9,0.8666666666666667,0.5163977794943222,0,2,81.46666666666667,3.888934240098373,71.0,86.0,2.3683333333333336,0.8620711494225212,1.225,4.9,59.53626544989723,3.373280306889043,55.971506825039434,65.60864929263651,49.876483996200214,0.6531828747783838,48.87237920249848,50.888094850598286,0.0,0.0,0.0,0.0,0.0,0.0,0.0,0.0,0.0,0.0,0.0,0.0,0.0,0.0,0.0,0.0,0.0,0.0,0.0,0.0,53.413333333333334,1.7537171406825571,50.6,57.0,user_001,15
2024-01-01 08:15:00,5.466666666666667,2.1668498091095505,1,9,410.2,22.92596780945139,373,448,5.9967999999999995,0.2616003494973639,5.58,6.418000000000001,71.40746872839863,1.7708165474324258,68.68065824356486,74.96918144158438,48.30419933832786,3.7428931827802048,43.78061970089011,55.40825548357884,97.58133333333332,0.4964138058783823,96.96,98.54,33.4572,0.1899485644664288,33.142,33.727999999999994,0.0,0.0,0,0,48.69859713769963,3.35284399922282,41.891979648357754,53.55807027112983,70.73333333333333,4.727830469928143,65,82,47.38,8.123440509678503,33.0,63.2,47.96,10.978537503433037,25.1,62.4,97.68,0.8637129152675674,96.5,99.2,33.462,0.540690035312022,32.44,34.17,5.925333333333333,0.5817813367662492,5.12,7.12,71.91803210448468,1.0998729431419982,70.17116160788869,74.03760159434921,71.12555807148058,0.5304956688024355,70.33035001410215,71.69837492870639,-0.3370676975326414,1.8251599891932488,-3.3230604805281274,3.5154092792078018,50.25684836141202,0.0,50.25684836141202,50.25684836141202,2.8137061869811997,0.8499092937287772,1.4787326747981304,4.012566953632263,2.0778504102349724,0.7101981334686271,0.9776158992504528,3.309234704734842,49.027322895121294,0.3633762796722145,48.34422677059302,49.657007757154176,540.0,0.0,540.0,540.0,0.375,0.0,0.375,0.375,0.3277777777777778,0.0,0.3277777777777778,0.3277777777777778,0.1925925925925926,0.0,0.1925925925925926,0.1925925925925926,70.2,0.0,70.2,70.2,94.9,0.0,94.9,94.9,1.0666666666666669,0.5936168397046637,0,2,77.0,3.5657097069567643,69.0,83.0,2.776666666666667,1.1774088782859873,1.225,4.9,59.365613191792505,3.028930963332777,54.759472730827646,63.19943033737336,51.11415511173213,0.8256536086722284,49.61496018338077,52.206838333183335,0.0,0.0,0.0,0.0,0.0,0.0,0.0,0.0,0.0,0.0,0.0,0.0,0.0,0.0,0.0,0.0,0.0,0.0,0.0,0.0,53.18666666666666,1.279434398846763,50.2,55.1,user_001,15
2024-01-01 08:30:00,4.733333333333333,1.98086080374405,2,9,485.53333333333336,21.820261444900456,452,519,5.709866666666667,0.1912238279633386,5.412000000000001,6.192,71.10864916298448,0.9944635395563404,69.4880965365045,72.82147773320223,51.68626492716496,4.384946068257482,45.4580532003956,60.97431153256238,97.53333333333332,0.5303188618539744,96.56,98.42,33.3104,0.2078408731973326,32.982,33.61,0.0,0.0,0,0,46.51065966750462,4.747219482826799,37.38767962039464,56.2687922546595,71.26666666666667,3.788453636034226,64,76,51.89333333333333,10.594571835659636,38.4,73.1,47.79333333333333,12.68939189506994,25.9,74.3,97.43333333333334,1.0272478256185746,95.7,99.6,33.309333333333335,0.5221585236396368,32.45,34.07,5.788,0.6718120485458923,4.78,6.93,70.92656216737156,0.5031450259817748,70.11410773859247,71.8666475213209,71.47277073858096,0.1630107312840007,71.25805894569154,71.73522068406835,0.0790087518410928,1.5092222473060652,-2.9404925777340765,2.1706344878318333,50.25684836141202,0.0,50.25684836141202,50.25684836141202,3.5848789694866543,1.236750876437663,1.2922040890472717,5.1437496398757245,3.689034370541758,1.2972306854249038,0.8691158613155309,5.524018158239465,49.786824841297786,0.501261602450994,48.909834517208786,50.26177229867941,540.0,0.0,540.0,540.0,0.375,0.0,0.375,0.375,0.3277777777777778,0.0,0.3277777777777778,0.3277777777777778,0.1925925925925926,0.0,0.1925925925925926,0.1925925925925926,70.2,0.0,70.2,70.2,94.9,0.0,94.9,94.9,0.7333333333333333,0.5936168397046637,0,2,75.33333333333333,2.7429563474123153,71.0,79.0,2.205,0.9488809198208172,1.225,4.9,55.98745379251122,3.662264135411922,50.602299740401705,62.39493732692863,50.85985420985085,1.5205361119677647,48.81347016052193,53.046145786695405,0.0,0.0,0.0,0.0,0.0,0.0,0.0,0.0,0.0,0.0,0.0,0.0,0.0,0.0,0.0,0.0,0.0,0.0,0.0,0.0,54.666666666666664,1.2533763923707744,53.1,56.9,user_001,15
2024-01-01 08:45:00,5.0,1.8898223650461363,2,8,559.0,22.02271554554528,523,594,5.738666666666666,0.2999701572458422,5.258,6.276000000000001,69.37120164035997,1.2954351504365735,66.78516193408774,71.97390307349644,49.8039198871245,3.391833241582842,41.906707931936126,53.960693693422485,97.37866666666667,0.2195406459817783,97.0,97.74,33.41226666666667,0.2408862999919451,33.074,33.854,0.0,0.0,0,0,51.147648575322485,4.576504376755577,44.815775522800514,59.75001251989912,69.4,4.154171741411623,63,77,50.64666666666667,8.928115035954571,36.2,62.0,50.11333333333334,12.763332898058673,29.9,76.4,97.45333333333332,0.810525990300359,96.2,98.7,33.356,0.4848092408360229,32.66,34.29,5.700666666666667,0.6959932949868599,4.65,7.5,69.43237765978276,0.5486885539837513,68.50247840034265,70.68129690173461,70.48464002809146,0.3023022429844056,70.1398321537625,71.03870596379437,0.0143991798200147,1.6065371641352582,-2.5888714505658044,2.5130484632517778,50.25684836141202,0.0,50.25684836141202,50.25684836141202,3.127375914556748,0.6937305120919665,2.153558216216058,4.30049471177953,2.83386370157512,0.8755828364822702,1.5875907324513174,4.3197323011222615,49.653574185635776,0.5226964100953473,49.1289576689619,50.74509240714473,540.0,0.0,540.0,540.0,0.375,0.0,0.375,0.375,0.3277777777777778,0.0,0.3277777777777778,0.3277777777777778,0.1925925925925926,0.0,0.1925925925925926,0.1925925925925926,70.2,0.0,70.2,70.2,94.9,0.0,94.9,94.9,0.8,0.560611910581388,0,2,73.46666666666667,2.9968237153613786,68.0,78.0,2.286666666666667,0.9104486073725782,1.225,4.9,56.305014257158184,2.0565489479093495,53.41606576492079,59.93343613583022,52.18971043453634,0.5385638778947998,51.44628146364779,53.11581602059142,0.0666666666666666,0.2581988897471611,0.0,1.0,0.0,0.0,0.0,0.0,0.0,0.0,0.0,0.0,0.0,0.0,0.0,0.0,0.0666666666666666,0.2581988897471611,0.0,1.0,55.166666666666664,0.734522844793687,53.7,56.5,user_001,15
2024-01-01 09:00:00,4.733333333333333,1.791514389985135,2,7,633.3333333333334,20.013090953768444,599,665,6.1677333333333335,0.1960916209569492,5.882,6.486,74.38341947592372,1.6534104369522695,71.76116122240857,76.71261275041928,45.9730830006909,4.3089144649203375,37.78864164046882,52.31257118824076,97.43866666666666,0.1491818960036309,97.2,97.72,33.39906666666666,0.1390475081539002,33.178000000000004,33.696,0.0,0.0,0,0,53.188398642617834,5.328040466968912,46.045974475512416,64.86975605330456,75.13333333333334,4.897035060212697,63,82,45.75333333333333,11.9507242259124,30.1,61.6,53.45333333333333,12.602769914737374,34.6,72.3,97.36666666666666,0.5765248931147289,96.0,98.3,33.40266666666666,0.5813096871556104,32.42,34.6,6.173333333333333,0.7043707086741294,5.02,7.38,73.64543553441544,1.238778849886773,71.05274193615416,75.73834639611546,71.0039042013596,0.4666378687504575,70.33772804555926,71.87731055814183,0.3749569287048142,1.9101412205832236,-4.570870916806427,2.6724659836674505,50.25684836141202,0.0,50.25684836141202,50.25684836141202,4.338933419975262,0.4691959941512055,3.540362924794906,5.319257408522848,3.7882450345521534,0.9159961168306248,2.8400111489586752,5.502276111802972,49.257767683987154,1.1639631041627592,47.705794915458995,50.86892995873099,540.0,0.0,540.0,540.0,0.375,0.0,0.375,0.375,0.3277777777777778,0.0,0.3277777777777778,0.3277777777777778,0.1925925925925926,0.0,0.1925925925925926,0.1925925925925926,70.2,0.0,70.2,70.2,94.9,0.0,94.9,94.9,0.6666666666666666,0.4879500364742666,0,1,74.33333333333333,2.870208222079937,69.0,79.0,2.041666666666667,0.5977387946809767,1.225,2.45,64.72136439693173,4.638570246054354,56.649662386896765,71.77800134553586,49.40485831418296,2.555245931601976,45.38570804280539,52.585678801344685,0.0666666666666666,0.2581988897471611,0.0,1.0,0.1333333333333333,0.3518657752744983,0.0,1.0,0.0,0.0,0.0,0.0,0.0,0.0,0.0,0.0,0.2,0.4140393356054125,0.0,1.0,50.36,1.921234722032381,47.6,53.8,user_001,15
2024-01-01 09:15:00,4.8,1.7808505191139912,2,9,700.8666666666667,22.07088148497497,669,737,6.289866666666667,0.2515977136696783,5.99,6.6579999999999995,74.8285932735309,2.6973485746180903,69.83875964213217,78.66337154866177,49.254971658150225,2.9892768471507,44.7002837521141,54.06050320174364,97.45466666666668,0.2860036629802032,96.92,97.82,33.653733333333335,0.2728682221634971,33.33,34.116,0.0,0.0,0,0,48.965924382955066,4.271890243151213,40.673455016983795,56.897741163057646,74.06666666666666,5.216274897810098,65,85,48.24,8.308842106025192,34.3,63.8,50.22666666666667,11.55245593349042,23.5,65.6,97.44,0.61272226287982,96.6,98.6,33.654666666666664,0.5376784310701844,32.86,34.6,6.268,0.6010134298475723,5.51,7.81,75.5495814256044,1.3909887307582394,72.3164857040824,77.71470887691717,73.60061833556638,0.9222877620097688,72.11820703876123,74.6801810098031,-0.3809633034321156,1.72536842177907,-3.8186045973986897,3.2524713385036677,50.25684836141202,0.0,50.25684836141202,50.25684836141202,2.8722207338828474,1.0171301000409425,1.2802701000469534,4.248217799942982,2.227837885220968,0.5377856491573588,1.6156011900216796,3.4667479119915168,48.325485437487174,0.3232679690319944,47.61402732942056,48.71212379918106,540.0,0.0,540.0,540.0,0.375,0.0,0.375,0.375,0.3277777777777778,0.0,0.3277777777777778,0.3277777777777778,0.1925925925925926,0.0,0.1925925925925926,0.1925925925925926,70.2,0.0,70.2,70.2,94.9,0.0,94.9,94.9,0.8666666666666667,0.5163977794943223,0,2,67.53333333333333,3.8520248231411047,62.0,74.0,2.3683333333333336,0.862071149422521,1.225,4.9,62.96055378628054,2.521642443820497,58.734956172400395,66.97312608978052,46.91361775094832,1.0058133424072055,45.45797416013275,48.44876999524679,0.0,0.0,0.0,0.0,0.0,0.0,0.0,0.0,0.0,0.0,0.0,0.0,0.0,0.0,0.0,0.0,0.0,0.0,0.0,0.0,51.193333333333335,1.6883917396939212,48.3,53.1,user_001,15
2024-01-01 09:30:00,5.2,2.336052836975837,2,10,781.0666666666667,23.59923324016711,744,815,6.522533333333333,0.2118226571810438,6.220000000000001,6.95,75.42042761475749,1.9829027836692008,72.26167095205874,79.3589489761104,47.06166006497644,2.666548278141581,42.058080741158335,52.080172071454314,97.34266666666666,0.4993061852878158,96.48,98.14,33.65586666666667,0.1255262446472385,33.364000000000004,33.843999999999994,0.0,0.0,0,0,51.92658061297031,4.505429428275708,44.81149546376204,60.66516077537176,76.4,5.461553938996796,64,86,47.266666666666666,6.693244639898038,34.3,59.7,50.99333333333333,9.529612993690971,36.4,71.0,97.37333333333332,1.0361099408478838,95.7,98.7,33.690666666666665,0.3883935166934745,33.08,34.38,6.571333333333333,0.698312932989897,5.02,7.77,74.50137783392287,1.4521057143557838,71.47765713605494,76.95615194966079,74.87975501296664,0.1495746986723515,74.55955980537377,75.12451044414419,0.4897861926212546,2.1282361953430895,-4.218875453633501,3.5794430159804165,50.25684836141202,0.0,50.25684836141202,50.25684836141202,2.6672086424388213,0.763622734644811,1.5684152670314102,3.5905453744917537,2.3287614091108706,1.0205994052595089,0.7903848783803333,4.085787734556594,47.71631708460318,0.4444508605414138,47.209231735852626,48.40454402185083,540.0,0.0,540.0,540.0,0.375,0.0,0.375,0.375,0.3277777777777778,0.0,0.3277777777777778,0.3277777777777778,0.1925925925925926,0.0,0.1925925925925926,0.1925925925925926,70.2,0.0,70.2,70.2,94.9,0.0,94.9,94.9,0.9333333333333332,0.7037315505489968,0,2,80.2,4.329302154257327,73.0,88.0,2.6133333333333337,1.298621063538809,1.225,4.9,64.99817546164357,2.166197401300778,61.8110646567168,68.57297630138797,46.51948486613484,0.6313036759594178,45.72742741144361,48.116918424682055,0.0,0.0,0.0,0.0,0.0,0.0,0.0,0.0,0.0,0.0,0.0,0.0,0.0,0.0,0.0,0.0,0.0,0.0,0.0,0.0,50.086666666666666,1.307596850642248,48.0,52.2,user_001,15
2024-01-01 09:45:00,4.8,2.0770858707058104,1,9,852.7333333333333,22.438699563371248,820,887,6.332400000000001,0.1285594915093507,6.154,6.516,75.15874916735797,1.2517123514146111,73.32302084333317,77.49286621160462,46.85404098284344,3.3543072906613554,41.49386850349956,54.03252589346496,97.776,0.2229926328059132,97.4,98.18,33.656666666666666,0.2126454684165498,33.263999999999996,34.083999999999996,0.0,0.0,0,0,51.24398594635298,5.057780398855488,42.818491968133024,62.45400228459857,74.66666666666667,3.0628340439782864,70,80,47.89333333333333,9.253915516199202,28.6,61.3,50.3,13.823478991504686,31.0,84.6,97.88,0.7232861516321553,96.8,99.3,33.67733333333333,0.4255998567847923,32.73,34.29,6.274,0.2999237998463702,5.7,6.77,75.66286759557333,0.9691885903243624,74.48464498286083,77.42495642207146,75.12465627374486,0.1410440619288832,74.90770789639645,75.28958839105773,-0.2460412503456543,1.2238574950384868,-1.7422656324998798,1.556612413095607,50.25684836141202,0.0,50.25684836141202,50.25684836141202,2.8933859702921176,0.9199504244434537,1.0976217761324043,4.1740791064217575,2.517831171471449,0.956408921984586,0.7342147470573811,3.781197710733369,47.097839822798235,0.5338527328053375,46.460163678797365,48.12998835215333,540.0,0.0,540.0,540.0,0.375,0.0,0.375,0.375,0.3277777777777778,0.0,0.3277777777777778,0.3277777777777778,0.1925925925925926,0.0,0.1925925925925926,0.1925925925925926,70.2,0.0,70.2,70.2,94.9,0.0,94.9,94.9,0.8,0.560611910581388,0,2,71.66666666666667,3.8110116142317856,64.0,76.0,2.286666666666667,0.910448607372578,1.225,4.9,66.95814917637811,1.6137219051131535,62.762186836443504,69.27045983717545,45.40260248313334,0.5779086477253061,44.56930824403418,46.10393216987547,0.0,0.0,0.0,0.0,0.0,0.0,0.0,0.0,0.0,0.0,0.0,0.0,0.0,0.0,0.0,0.0,0.0,0.0,0.0,0.0,50.42666666666666,1.5035513515230108,47.6,53.2,user_001,15
2024-01-01 10:00:00,4.933333333333334,2.1201976547572388,2,9,929.4666666666668,23.630690294816336,892,961,6.5469333333333335,0.2911610910688119,6.084,7.008,78.15597562188645,2.130947753542774,74.10455339368276,82.22786770367931,45.22534476307214,4.596996527842543,37.942773192293224,51.747789285984425,97.364,0.3578666950535736,96.88,97.92,33.431333333333335,0.1858827075130471,33.074,33.702000000000005,0.0,0.0,0,0,54.97231662626453,3.4570628144586855,48.47899464542201,60.586945796928006,79.0,6.222080497252163,69,90,43.95333333333333,9.627999841731455,28.6,57.3,56.446666666666665,7.513974282881831,38.5,66.8,97.28666666666666,0.7989874544577995,96.0,99.3,33.370666666666665,0.6199477704575107,32.33,34.72,6.594666666666667,0.7712778512374928,4.97,7.87,77.5255523693922,1.5781178570562795,74.65642998857388,79.79233404563612,76.12874124396919,0.4699124721865768,75.42500224787752,76.67073205456664,0.4220121890567697,2.401093387802129,-2.828415045262062,4.560568300963169,50.25684836141202,0.0,50.25684836141202,50.25684836141202,3.66448001335712,0.4053458280303368,2.965131693522825,4.460924445582481,4.091998379904569,1.0563378408210176,2.550895809381739,5.562672441795509,46.724865464571394,0.4833824440187856,46.03969287295779,47.45719282544145,540.0,0.0,540.0,540.0,0.375,0.0,0.375,0.375,0.3277777777777778,0.0,0.3277777777777778,0.3277777777777778,0.1925925925925926,0.0,0.1925925925925926,0.1925925925925926,70.2,0.0,70.2,70.2,94.9,0.0,94.9,94.9,0.8,0.6761234037828133,0,2,76.73333333333333,4.1656189158852435,70.0,83.0,2.3683333333333336,1.1774088782859873,1.225,4.9,69.13760588472988,5.40712126626576,60.4594416274233,77.54640134789527,44.45550487200126,1.2116610524074347,42.132537202031855,46.34151753272098,0.0666666666666666,0.2581988897471611,0.0,1.0,0.1333333333333333,0.3518657752744984,0.0,1.0,0.0,0.0,0.0,0.0,0.0,0.0,0.0,0.0,0.2,0.560611910581388,0.0,2.0,47.733333333333334,2.456962894849383,42.7,51.8,user_001,15
2024-01-01 10:15:00,5.066666666666666,2.1536237457121516,1,8,1000.0,24.27520781138055,962,1037,6.502133333333333,0.1876736782924273,6.126,6.723999999999999,79.64988905490696,1.6496939272366342,77.63556484411065,83.14503134887345,41.872664907312895,4.899040925514695,35.15585766323465,50.76402942012541,97.74933333333334,0.3041490862499308,97.1,98.2,33.51466666666667,0.1925374422460901,33.202000000000005,33.908,0.0,0.0,0,0,62.73562971436613,5.930943322950745,49.487719712257466,71.62787542766999,79.46666666666667,4.033195589934445,73,87,41.84666666666667,14.684873980035505,24.1,71.9,64.20666666666666,16.787259908576363,36.9,92.4,97.73333333333332,0.964118151226194,96.6,99.4,33.55733333333333,0.5860456670000422,32.27,34.47,6.483333333333333,0.5207366576943347,5.87,7.33,79.69158238231714,0.7729572375804633,78.65613434504083,81.12168012176913,77.81614622971895,0.7102167237754903,76.73824159641481,78.90293233839672,-0.0916111941201506,1.5132717935793785,-2.7150104496244865,2.83683973251739,50.25684836141202,0.0,50.25684836141202,50.25684836141202,4.987964797320967,1.9713236744923583,1.9805193375902057,7.282104932355419,4.589689884026794,1.8374509517521376,1.6842013893010737,6.603149992714895,44.70342507170203,0.6954382120833347,43.54900483519251,45.91201747086075,540.0,0.0,540.0,540.0,0.375,0.0,0.375,0.375,0.3277777777777778,0.0,0.3277777777777778,0.3277777777777778,0.1925925925925926,0.0,0.1925925925925926,0.1925925925925926,70.2,0.0,70.2,70.2,94.9,0.0,94.9,94.9,0.9333333333333332,0.5936168397046637,0,2,70.53333333333333,3.226379365406962,67.0,77.0,2.5316666666666667,1.0825509995684577,1.225,4.9,77.2421432607345,2.2412253773616237,73.66122890840172,81.21377978261343,39.27007107275573,1.4621360131914407,37.10381702730271,41.47698877428867,0.0,0.0,0.0,0.0,0.0,0.0,0.0,0.0,0.0,0.0,0.0,0.0,0.0,0.0,0.0,0.0,0.0,0.0,0.0,0.0,45.413333333333334,1.844244586609406,42.7,48.7,user_001,15
2024-01-01 10:30:00,5.4,2.2614786566062732,1,10,1082.4666666666667,23.904173773831193,1043,1118,6.107600000000001,0.1688688417508858,5.808,6.332,76.089172480609,1.742376636679439,73.32139987808144,79.00208688278728,49.04062717601763,6.2717369062403625,37.771186477251355,57.952754360723326,97.53066666666668,0.1248694556422066,97.26,97.7,33.3976,0.1357333520441551,33.146,33.596000000000004,0.0,0.0,0,0,52.759345198986026,8.358521171487066,39.076112935502394,63.137286405956935,75.53333333333333,5.475486497193869,69,86,48.98,14.774408375875591,14.1,72.2,51.44666666666667,18.75366122984548,9.7,91.4,97.53333333333332,0.7267016155859553,96.4,99.0,33.37466666666667,0.3650805521029702,32.66,33.93,6.1306666666666665,0.5340608133733015,5.42,7.21,76.42102575093958,1.1160747714367565,74.96003796117328,78.12033610223432,78.45778687608517,0.3803004333226534,77.869530767758,79.02062192742618,-0.2779195736378341,2.1742832629901985,-3.501565162090472,3.870665574624681,50.25684836141202,0.0,50.25684836141202,50.25684836141202,4.798378021593706,1.613728857367409,2.6091970504043935,7.330174505204199,4.296035869012955,2.351910953101606,1.800684134124696,9.0749733195371,44.595647839136966,0.9650088401792742,43.048076223048525,45.555520585930374,540.0,0.0,540.0,540.0,0.375,0.0,0.375,0.375,0.3277777777777778,0.0,0.3277777777777778,0.3277777777777778,0.1925925925925926,0.0,0.1925925925925926,0.1925925925925926,70.2,0.0,70.2,70.2,94.9,0.0,94.9,94.9,0.9333333333333332,0.5936168397046637,0,2,82.46666666666667,2.16684980910955,79.0,87.0,2.5316666666666667,1.0825509995684577,1.225,4.9,64.21533065920829,5.56248689126334,56.50156792753584,71.49898655229785,43.385953122960615,3.5895964708433636,37.99701253959127,47.82813124194706,0.0,0.0,0.0,0.0,0.0,0.0,0.0,0.0,0.0,0.0,0.0,0.0,0.0,0.0,0.0,0.0,0.0,0.0,0.0,0.0,50.89333333333333,2.7009169518799307,47.2,55.5,user_001,15
2024-01-01 10:45:00,5.533333333333333,1.4074631010979937,3,8,1163.1333333333334,24.497424548792957,1123,1201,6.418133333333333,0.3461976864383094,5.768,6.892,77.65165987930959,2.8579898925859517,71.70484528075728,81.26481335038467,43.0098161593751,4.631658877865803,35.178692525197754,51.2301109090867,97.41733333333332,0.3082546875246973,97.06,98.16,33.622933333333336,0.1141624573433275,33.464,33.902,0.0,0.0,0,0,57.999875265074,4.760535023739606,45.328357964892405,64.59337597307449,78.0,6.011892975000233,64,90,42.43333333333333,8.360764376083145,28.0,62.1,58.55333333333333,12.391175815685855,26.9,76.7,97.4,0.811524139241363,95.6,98.9,33.641333333333336,0.4708634419365989,32.9,34.48,6.376666666666667,0.8248434194843688,4.69,8.09,77.3295862650124,2.2442000379946,74.07623530133215,79.74063014109306,77.05543750059539,0.2570056708220894,76.81689857771062,77.72413162294977,0.1741700603452026,2.1856832719498303,-3.852422640378649,4.3675933248076575,50.25684836141202,0.0,50.25684836141202,50.25684836141202,2.9781393900427893,1.397214043863857,1.6202051796549286,7.04058608647676,2.5814819779204066,0.8084898360148882,1.6927419110597663,4.8151774626036,46.488412138751414,0.4297738231135422,45.52665291666573,47.056851359379486,540.0,0.0,540.0,540.0,0.375,0.0,0.375,0.375,0.3277777777777778,0.0,0.3277777777777778,0.3277777777777778,0.1925925925925926,0.0,0.1925925925925926,0.1925925925925926,70.2,0.0,70.2,70.2,94.9,0.0,94.9,94.9,1.0666666666666669,0.4577377082170634,0,2,80.66666666666667,2.0236694629405494,77.0,84.0,2.6950000000000003,0.9488809198208172,1.225,4.9,72.08873058942235,6.326924489635524,63.50132223694825,80.63974477587105,44.77311505229398,3.0362286371439366,40.35599578966709,48.41111459298097,0.0,0.0,0.0,0.0,0.0,0.0,0.0,0.0,0.0,0.0,0.0,0.0,0.0,0.0,0.0,0.0,0.0,0.0,0.0,0.0,47.5,3.0556738793828835,44.0,53.4,user_001,15
2024-01-01 11:00:00,5.0,2.104417123236605,2,9,1241.6666666666667,22.556806596003888,1206,1276,6.3970666666666665,0.1293298477684462,6.216,6.7219999999999995,77.4893307058806,1.5419623278058758,75.27847249277737,80.81265110706322,44.95953854621659,2.522818417007076,39.21307506670573,48.583883880261105,97.86,0.3853755126033443,97.1,98.34,33.708533333333335,0.2655554466360934,33.212,34.18,0.0,0.0,0,0,54.56619344497942,3.9736167366205497,48.06490415577982,60.871034350504594,77.13333333333334,5.629852404391974,66,87,45.626666666666665,6.608918937603148,32.6,55.7,53.86666666666667,9.117461008312302,32.0,64.1,97.91333333333334,0.6674756995755103,96.5,99.1,33.714,0.6224238335502812,32.5,34.69,6.414666666666666,0.6378968419363595,5.23,7.56,77.77394307009345,0.5193577580610512,77.03230212021742,78.74247919848274,77.18221167387078,0.3114481040341444,76.81144023307837,77.57771575209604,-0.1779986862736374,2.182564993774793,-4.937550369021068,3.093674446468384,50.25684836141202,0.0,50.25684836141202,50.25684836141202,2.522458423578988,0.5663839867826255,1.5401342809746683,3.3889888207240157,2.2559429173795373,0.713104442173378,0.7779765614186278,3.2926828737934266,44.61696146420896,0.8550608088677699,43.48513743186229,46.052370000686466,540.0,0.0,540.0,540.0,0.375,0.0,0.375,0.375,0.3277777777777778,0.0,0.3277777777777778,0.3277777777777778,0.1925925925925926,0.0,0.1925925925925926,0.1925925925925926,70.2,0.0,70.2,70.2,94.9,0.0,94.9,94.9,0.9333333333333332,0.7037315505489968,0,2,78.53333333333333,3.852024823141101,73.0,86.0,2.6133333333333337,1.298621063538809,1.225,4.9,72.2738215431365,3.1904951564105555,68.2340884005005,78.86437758737134,39.6406169504224,1.334009467118023,38.08268462214591,42.32734748501677,0.0,0.0,0.0,0.0,0.0,0.0,0.0,0.0,0.0,0.0,0.0,0.0,0.0,0.0,0.0,0.0,0.0,0.0,0.0,0.0,48.54666666666667,1.105096418978043,46.7,51.0,user_001,15
2024-01-01 11:15:00,5.533333333333333,1.807392228230128,1,8,1320.7333333333331,23.25162564721207,1284,1359,6.452,0.1991998278828861,6.172,6.792,78.88101353331211,2.1725474759932117,74.45709888567883,82.39893311322051,42.8534368315126,3.2406637886417995,36.95705764862042,47.53260434614089,97.69066666666669,0.4651799447013803,97.08,98.46,33.42693333333333,0.1810854047391024,33.114,33.688,0.0,0.0,0,0,55.32219271754556,3.56045271944395,48.73244972452443,61.36319994558507,79.53333333333333,4.867775477077604,73,88,42.74,9.934053984724896,25.0,60.5,55.059999999999995,10.439471798351269,39.3,73.0,97.64,0.95378943468372,96.4,100.0,33.413333333333334,0.5021619924552896,32.59,34.79,6.469333333333334,0.5348760426046215,5.85,7.57,78.44783986077736,1.5812492185320663,75.74309831097791,80.67645739074607,78.0713764230665,0.2234062895130647,77.55810797284117,78.30861229820678,0.3261599000106078,1.8422669420058588,-3.1329777044068408,4.514300371440385,50.25684836141202,0.0,50.25684836141202,50.25684836141202,3.672990310464197,0.4754890882763066,2.540296429716218,4.158753200011796,2.9638966811637073,0.6592199922121339,1.7258129296673068,4.347347033117099,43.50620306630195,0.2351672672432076,43.235552258210376,43.99534045741946,540.0,0.0,540.0,540.0,0.375,0.0,0.375,0.375,0.3277777777777778,0.0,0.3277777777777778,0.3277777777777778,0.1925925925925926,0.0,0.1925925925925926,0.1925925925925926,70.2,0.0,70.2,70.2,94.9,0.0,94.9,94.9,1.1333333333333333,0.5163977794943222,0,2,79.06666666666666,3.3904628143128335,72.0,84.0,2.8583333333333334,1.102175878281986,1.225,4.9,73.82334689216125,3.186658248678913,68.2483994960043,77.61272956696558,41.45456984725179,1.2152354282384916,39.379254601815056,42.78344903397604,0.0,0.0,0.0,0.0,0.0,0.0,0.0,0.0,0.0,0.0,0.0,0.0,0.0,0.0,0.0,0.0,0.0,0.0,0.0,0.0,47.02,1.3623509092741124,45.3,50.1,user_001,15
2024-01-01 11:30:00,4.2,1.6987390281365429,1,7,1393.5333333333333,19.089513451356503,1364,1422,6.421733333333333,0.2809970682782158,5.876,6.928,78.822483602279,1.701555742242466,74.50224397584405,81.07594266352733,45.30677425335799,3.463212568496683,40.44545270080061,51.71454201144189,97.33733333333332,0.2956703441012577,97.0,97.94,33.556133333333335,0.1086211415008695,33.34400000000001,33.71999999999999,0.0,0.0,0,0,53.99969018065059,3.7567730040629583,46.23456314267713,58.45867913929425,78.06666666666666,4.651676605063516,71,85,45.61333333333334,12.046924128273613,24.4,67.8,53.9,11.012849637712172,34.7,74.5,97.32,0.7830343907791392,95.7,98.7,33.544,0.4767718831594711,32.85,34.33,6.324,0.8060645135471479,5.16,7.92,79.24013383434418,0.650663599827754,77.46216848628869,79.90129358519573,78.68445647357343,0.2015402744704965,78.24567030195313,78.89976761087334,-0.3779084678061622,1.6345312349258856,-2.358647554509105,2.13175110632568,50.25684836141202,0.0,50.25684836141202,50.25684836141202,4.514038800316578,0.9377761293271144,2.1561398930595894,5.8312911133999465,3.3167470223225144,0.9618657360099958,1.4425185795907989,4.826620163042136,44.41618428619056,0.2429740878787237,44.03182498031962,44.80784820410803,540.0,0.0,540.0,540.0,0.375,0.0,0.375,0.375,0.3277777777777778,0.0,0.3277777777777778,0.3277777777777778,0.1925925925925926,0.0,0.1925925925925926,0.1925925925925926,70.2,0.0,70.2,70.2,94.9,0.0,94.9,94.9,0.6666666666666666,0.4879500364742666,0,1,72.8,4.8579831205964465,63.0,80.0,2.041666666666667,0.5977387946809767,1.225,2.45,72.41504508851777,1.3662733236050522,69.98120472588973,74.43133684020553,40.55354776544196,0.6823454466705011,39.55952136573166,41.76172846027025,0.0,0.0,0.0,0.0,0.0,0.0,0.0,0.0,0.0,0.0,0.0,0.0,0.0,0.0,0.0,0.0,0.0,0.0,0.0,0.0,47.55333333333333,1.3700191170025275,46.0,50.2,user_001,15
2024-01-01 11:45:00,5.066666666666666,1.9808608037440505,2,9,1461.3333333333333,22.970996205360063,1425,1498,6.561733333333334,0.1785735009403554,6.366,6.9719999999999995,79.0376447030202,1.596106782461876,75.66766398926403,81.11328780991228,46.29888708773432,4.941022192516822,36.71953963166883,54.0690294384556,97.69866666666668,0.2596114312546662,97.3,98.12,33.400666666666666,0.2537419011140094,32.926,33.728,0.0,0.0,0,0,54.948060863068264,5.822767864881666,46.79835424378,63.81665570288461,79.66666666666667,4.923220007078217,69,88,47.14,11.984501896795114,20.0,63.3,55.013333333333335,13.905490522332055,35.8,80.9,97.72,0.5017113569716022,96.9,98.9,33.408,0.7953902905402576,32.4,35.13,6.631333333333333,0.6628387723234347,5.73,8.01,78.59762123754912,1.369285206267234,76.36096377168386,80.18000920467034,78.8340023664639,0.1183946720720379,78.66924358711329,78.97953043984064,0.3145109818232328,2.0171092638943984,-3.592814219836455,4.110778670245324,50.25684836141202,0.0,50.25684836141202,50.25684836141202,3.907767655730824,1.5093871605256133,1.6550234107635438,6.333320820920497,3.872867592563855,1.4319035932918822,2.3111263757190597,6.357560591456923,44.7465255384741,0.4530552336134921,44.1167370282902,45.80283067054616,540.0,0.0,540.0,540.0,0.375,0.0,0.375,0.375,0.3277777777777778,0.0,0.3277777777777778,0.3277777777777778,0.1925925925925926,0.0,0.1925925925925926,0.1925925925925926,70.2,0.0,70.2,70.2,94.9,0.0,94.9,94.9,0.8666666666666667,0.6399404734221844,0,2,67.8,4.58569203376889,60.0,76.0,2.45,1.1341296222213757,1.225,4.9,71.5565058184884,3.5333188270532205,65.36777828903247,76.69520340251209,41.88426328625819,0.400194706266226,41.22265822534702,42.56444508301443,0.0,0.0,0.0,0.0,0.0,0.0,0.0,0.0,0.0,0.0,0.0,0.0,0.0,0.0,0.0,0.0,0.0,0.0,0.0,0.0,48.233333333333334,1.823523538438178,45.6,51.8,user_001,15
2024-01-01 12:00:00,4.733333333333333,2.016597794967223,2,8,1535.2,21.368200672962544,1504,1569,6.552533333333333,0.1230550786475407,6.318,6.787999999999999,78.27010480600569,1.2488431279921248,75.58367665279779,79.81327246879503,46.01823637475831,1.993131966815494,42.91374356595711,48.970615348935674,97.25866666666668,0.2336623530611961,96.88,97.58,33.318666666666665,0.1623781594509157,33.048,33.576,0.0,0.0,0,0,55.59875957091094,4.426984792747076,50.722675976986274,65.68157070023956,78.26666666666667,4.283967898150143,71,85,45.55333333333333,7.763363286862821,30.8,55.9,55.486666666666665,10.597564859550562,39.4,82.6,97.24666666666668,0.7998809435219222,95.8,98.7,33.344,0.4273305846431171,32.59,34.07,6.534000000000001,0.5789867997508356,5.45,7.46,78.47906809250665,0.6447043961461515,77.60428064348272,79.9200061364469,78.61904747530711,0.1271761657552034,78.47766062981451,78.95337610176641,-0.0017190696695071,1.6733035238453484,-2.93775748959834,2.902938670925039,50.25684836141202,0.0,50.25684836141202,50.25684836141202,3.185952008406271,0.58145956104455,2.1490415557351255,3.855798489121396,2.4874176227657,0.9545158420710294,1.2853143509953875,4.5785276983772345,45.65456919190664,0.2458766996769524,45.26380168016182,46.15856173124632,540.0,0.0,540.0,540.0,0.375,0.0,0.375,0.375,0.3277777777777778,0.0,0.3277777777777778,0.3277777777777778,0.1925925925925926,0.0,0.1925925925925926,0.1925925925925926,70.2,0.0,70.2,70.2,94.9,0.0,94.9,94.9,0.8666666666666667,0.6399404734221844,0,2,73.86666666666666,2.6956755492207702,70.0,79.0,2.45,1.1341296222213757,1.225,4.9,69.92354305609051,1.799911955284232,67.1743615244524,72.9027457124986,42.57735940516216,0.5699189459326052,41.60571737712093,43.49615043075507,0.0,0.0,0.0,0.0,0.0,0.0,0.0,0.0,0.0,0.0,0.0,0.0,0.0,0.0,0.0,0.0,0.0,0.0,0.0,0.0,48.54,1.082853373532829,46.8,50.3,user_001,15
2024-01-01 12:15:00,5.333333333333333,1.6761634196950514,2,8,1611.1333333333334,23.246709956669587,1575,1649,6.631200000000001,0.3283585148670801,6.066,7.268000000000001,79.22686358811976,2.46161564186649,75.49264574725184,84.16136594675226,45.417389445495374,4.529860101622957,37.372176615903165,52.9535376613535,97.308,0.1266716790988196,97.08,97.54,33.44213333333333,0.2120639616000904,32.988,33.718,0.0,0.0,0,0,53.28877458984295,5.128595099726603,47.06931917158665,66.32326745923613,78.73333333333333,5.119523787377477,70,88,45.126666666666665,10.921568873869113,23.3,61.1,53.22,12.41089383220587,37.3,83.8,97.35333333333332,0.60576594568561,96.3,98.4,33.410666666666664,0.5828190930624164,31.97,34.42,6.689333333333334,0.7102963834773145,5.42,7.71,79.39668604699916,1.5153404961915735,77.51185315837674,82.01310268455907,79.08071874099338,0.2061345332723353,78.74848419706271,79.37527020086866,-0.2467651273932062,1.7333775133060478,-4.72045531558409,2.128975539935809,50.25684836141202,0.0,50.25684836141202,50.25684836141202,3.1783836191559014,1.1791445276574006,1.3938202550132983,5.462510063784017,3.1600689631587384,1.5622667440321791,0.9582222731491872,5.280723278043671,45.92365539837148,0.2210432765426753,45.577371102453746,46.29674571445207,540.0,0.0,540.0,540.0,0.375,0.0,0.375,0.375,0.3277777777777778,0.0,0.3277777777777778,0.3277777777777778,0.1925925925925926,0.0,0.1925925925925926,0.1925925925925926,70.2,0.0,70.2,70.2,94.9,0.0,94.9,94.9,1.0,0.5345224838248488,0,2,75.93333333333334,3.326659986633242,71.0,82.0,2.6133333333333337,1.0214165000951705,1.225,4.9,72.18933108003141,4.094905892740444,66.17123880328162,78.25629078544603,41.77681399800369,0.6787760309634745,40.945552407015434,42.85456720119945,0.1333333333333333,0.3518657752744983,0.0,1.0,0.0666666666666666,0.2581988897471611,0.0,1.0,0.0,0.0,0.0,0.0,0.0,0.0,0.0,0.0,0.2,0.4140393356054125,0.0,1.0,47.67333333333333,2.088904930705037,43.4,51.1,user_001,15
2024-01-01 12:30:00,5.133333333333334,1.6417180315870612,3,10,1689.6666666666667,22.977214386264993,1655,1726,6.858666666666666,0.377945322324098,6.1240000000000006,7.214,79.58591005800805,3.064179855759984,74.5522869987786,83.72122070243074,49.88328406876914,3.619126100074887,44.23752879129915,55.82027187332282,97.47733333333332,0.2503559370937678,97.12,97.88,33.565466666666666,0.1499742200068663,33.308,33.868,0.0,0.0,0,0,53.32485418430081,4.111344598877288,44.85045427098777,60.351198947320974,80.6,6.150493592271391,73,93,49.56666666666667,10.21718906455941,33.2,66.0,54.27333333333333,11.551899452141232,31.0,75.1,97.46,0.6367327315511344,96.5,99.1,33.61333333333333,0.5482135489369947,32.89,34.79,6.866666666666666,0.837843035646267,5.0,8.19,78.8170044446629,2.2944763875306378,75.4627713061857,81.58431982340493,78.7722796498665,0.2929321819419889,78.44095265146504,79.40638682306391,0.5070449709959727,2.1801975694970546,-2.1693399030278187,5.303477827281128,50.25684836141202,0.0,50.25684836141202,50.25684836141202,3.935074270791068,0.94182837247066,2.2060715079066813,5.151613345198488,3.3041191561886136,0.6918820594392755,2.239258979072708,4.640304539287261,46.80677459817706,0.7711204726212973,45.629653051195675,47.81825770354759,540.0,0.0,540.0,540.0,0.375,0.0,0.375,0.375,0.3277777777777778,0.0,0.3277777777777778,0.3277777777777778,0.1925925925925926,0.0,0.1925925925925926,0.1925925925925926,70.2,0.0,70.2,70.2,94.9,0.0,94.9,94.9,1.0,0.3779644730092272,0,2,78.53333333333333,2.642149197330159,72.0,83.0,2.5316666666666667,0.727180628638213,1.225,4.9,66.41465003398342,1.539662589431745,63.56329755440586,69.20900388112301,44.679397419755176,1.7233215516617533,41.62044585242472,46.27645517339366,0.0,0.0,0.0,0.0,0.0,0.0,0.0,0.0,0.0,0.0,0.0,0.0,0.0,0.0,0.0,0.0,0.0,0.0,0.0,0.0,49.60666666666667,1.8226615807920123,45.7,51.9,user_001,15
2024-01-01 12:45:00,5.866666666666666,2.6690465570704314,2,10,1772.8,28.83747561767487,1731,1814,6.607733333333333,0.3908868061703992,6.112,7.132,80.82485695721964,1.865890412807007,78.05175954934946,83.34216563781945,48.46601667748622,5.108583649481544,40.0005512244762,55.43290834784315,97.39733333333334,0.272330331626514,97.0,97.82,33.482400000000005,0.1889659077339467,33.134,33.782000000000004,0.0,0.0,0,0,52.44763447756529,8.526305612018485,40.615311074711535,67.3818934735907,80.4,4.7928518203078845,72,89,49.5,11.365172363723437,29.9,66.3,50.46666666666667,17.36682661474648,30.8,87.0,97.44,0.5937772550135493,95.8,98.1,33.440666666666665,0.3569407046929043,32.91,34.18,6.594666666666667,0.7480056022199173,5.5,8.66,81.31722689133343,1.12157249973034,78.70511813840409,82.40048629525901,79.73124488650446,0.3136273452521931,79.32128002059552,80.20538350761383,-0.2124284786098153,1.8263117632464805,-3.558229493018132,2.828917181090276,50.25684836141202,0.0,50.25684836141202,50.25684836141202,4.201310905144914,0.4389720357901851,3.296349253207342,4.904189789666517,4.059620096001724,1.1569545918099409,1.8818625533359423,6.1698871253788745,48.424091517867275,0.3689275739254082,47.72911339364373,49.17465037312768,540.0,0.0,540.0,540.0,0.375,0.0,0.375,0.375,0.3277777777777778,0.0,0.3277777777777778,0.3277777777777778,0.1925925925925926,0.0,0.1925925925925926,0.1925925925925926,70.2,0.0,70.2,70.2,94.9,0.0,94.9,94.9,1.0666666666666669,0.7037315505489967,0,2,83.13333333333334,6.66404710438963,72.0,91.0,2.8583333333333334,1.363054168647258,1.225,4.9,71.6713484723837,4.577269696787064,62.8787263929054,78.9932754199748,43.57525822283908,1.5460852007831911,41.749485376387966,45.892176778577806,0.0,0.0,0.0,0.0,0.0,0.0,0.0,0.0,0.0,0.0,0.0,0.0,0.0,0.0,0.0,0.0,0.0,0.0,0.0,0.0,47.84,2.66533299983323,44.2,51.8,user_001,15
2024-01-01 13:00:00,5.933333333333334,3.305118685283408,3,14,1860.8666666666663,29.714995412770328,1817,1903,6.630666666666667,0.3403415651259497,6.182,7.146000000000001,79.36330474366032,1.7963386097547105,76.18710755559177,82.09223700092805,48.8528848179508,3.529745125364365,42.568651363282335,54.77440164895667,97.42266666666666,0.2809033048340051,97.04,97.94,33.45426666666667,0.1634902647458476,33.053999999999995,33.722,0.0,0.0,0,0,51.048195904159165,6.872446443575171,43.47703393310869,63.33207143528057,78.86666666666666,4.206570823751585,71,84,47.79333333333333,7.107688660544867,36.2,62.0,53.806666666666665,12.730810021735603,33.1,78.5,97.42666666666668,0.945263883539306,96.1,99.1,33.432,0.5417458550174342,32.35,34.05,6.620666666666667,0.6796056279371219,5.82,7.94,79.55488292807077,0.9983887472211872,78.14349617787329,81.34701115108788,80.56817368762317,0.1903603992942971,80.09408085043997,80.76799385370954,-0.2483190384968291,1.4684509600796445,-3.2729240001374933,1.2352750914008652,50.25684836141202,0.0,50.25684836141202,50.25684836141202,2.3778521412369766,0.350732978978701,1.6582573741062128,2.752803329399323,2.2013795798455806,0.9049304677214298,1.0826013936169556,4.141329745232534,49.29669328338789,0.3578421737352659,48.65945074771851,49.75458776487734,540.0,0.0,540.0,540.0,0.375,0.0,0.375,0.375,0.3277777777777778,0.0,0.3277777777777778,0.3277777777777778,0.1925925925925926,0.0,0.1925925925925926,0.1925925925925926,70.2,0.0,70.2,70.2,94.9,0.0,94.9,94.9,1.0,0.8451542547285167,0,3,88.06666666666666,2.4630604269214893,85.0,95.0,2.8583333333333334,1.9460965203880989,1.225,8.575,66.87962864138636,2.98789157673611,62.00753217441737,70.62551195798333,45.21961601620284,1.1393026016654932,43.560416304363535,46.94342561634582,0.0,0.0,0.0,0.0,0.0,0.0,0.0,0.0,0.0,0.0,0.0,0.0,0.0,0.0,0.0,0.0,0.0,0.0,0.0,0.0,49.64666666666667,1.4366959449010896,47.4,52.8,user_001,15
2024-01-01 13:15:00,5.0,2.23606797749979,1,9,1945.0,21.050958580142048,1910,1978,6.5712,0.1780686865871068,6.226000000000001,6.814,79.02017555087463,0.9167466878371332,77.64994155291285,80.93549366743193,48.45631440148818,1.9115641947248696,45.60003995176046,51.390171519810394,97.74666666666668,0.1624221425205082,97.5,98.02,33.62733333333333,0.2010055673239896,33.366,33.98199999999999,0.0,0.0,0,0,47.65765234035276,4.095530004897245,40.12848886315314,54.721380956853714,79.33333333333333,3.1091263510296008,75,85,48.78,7.118206034026912,37.7,60.7,46.14666666666667,11.39378694518995,19.3,62.6,97.72,0.7012234206829414,96.2,98.6,33.650666666666666,0.5487969526501549,32.76,34.75,6.548,0.5550830053759015,5.88,7.56,78.82237968209846,0.6415183098390369,78.0952092648034,79.82824303190114,79.51808987153412,0.3235922528259169,79.16443449554157,80.02938723362666,0.1565788912293603,1.2836665009756771,-1.7678954620160852,2.604297481469416,50.25684836141202,0.0,50.25684836141202,50.25684836141202,2.5911855176029963,0.4802714349855342,1.6425982912533907,3.5751332919445495,2.2406512884171765,0.5532965344898962,1.0994271048479938,3.1571073264655904,48.82798015173321,0.3329777241607346,48.327615036361045,49.34128245297404,540.0,0.0,540.0,540.0,0.375,0.0,0.375,0.375,0.3277777777777778,0.0,0.3277777777777778,0.3277777777777778,0.1925925925925926,0.0,0.1925925925925926,0.1925925925925926,70.2,0.0,70.2,70.2,94.9,0.0,94.9,94.9,0.8666666666666667,0.6399404734221844,0,2,84.13333333333334,9.672247978230343,70.0,98.0,2.45,1.1341296222213757,1.225,4.9,68.83136637695583,1.009494008098921,67.65216742443337,71.01899732376174,44.09343312727641,0.3564025750201346,43.5621431169728,44.73646937142728,0.0,0.0,0.0,0.0,0.0,0.0,0.0,0.0,0.0,0.0,0.0,0.0,0.0,0.0,0.0,0.0,0.0,0.0,0.0,0.0,49.919999999999995,0.6699680162941646,48.3,51.6,user_001,15
2024-01-01 13:30:00,4.2,1.5675276256394517,2,7,2007.7333333333331,20.140459161550744,1980,2041,6.796933333333333,0.1914230418533282,6.494,7.075999999999999,80.3638008278808,1.6947873529217632,77.90479596623652,84.44139060858413,44.30538506965313,2.7456154208233996,38.65209462711115,48.711798469413814,97.796,0.2643806779194393,97.3,98.2,33.5964,0.1897746031480504,33.358000000000004,33.926,0.0,0.0,0,0,56.866268965658634,4.583828120316698,50.49348869043885,66.17867974302004,80.6,4.777925431457825,72,90,44.306666666666665,10.658562397478956,25.9,56.3,57.03333333333333,14.206370133885446,36.2,75.9,97.74,0.6500549427328608,96.3,98.7,33.558,0.6007400198326813,32.43,34.16,6.808666666666666,0.4706358414295443,5.93,7.92,79.98702468353557,0.9576878958902872,78.61139936094881,81.7594451534271,79.23330026105197,0.189644615580558,78.99728213629702,79.69198818937771,0.1180995860596074,1.8440579234573728,-3.200473675677685,2.7793046957079355,50.25684836141202,0.0,50.25684836141202,50.25684836141202,3.7275903771134553,0.809786752731592,2.46609500844835,5.039881710597736,2.7026077716322416,0.5758755524137139,1.4686610049112754,3.3687486546984577,47.01116664988651,0.7641332621776838,46.14578452421763,48.41195529536855,540.0,0.0,540.0,540.0,0.375,0.0,0.375,0.375,0.3277777777777778,0.0,0.3277777777777778,0.3277777777777778,0.1925925925925926,0.0,0.1925925925925926,0.1925925925925926,70.2,0.0,70.2,70.2,94.9,0.0,94.9,94.9,0.6,0.50709255283711,0,1,62.733333333333334,2.963267180149705,59.0,70.0,1.96,0.6211883772254597,1.225,2.45,73.72778239484873,2.649050278852178,68.43654423583686,76.87612256910364,42.132631372754624,1.539744299375691,39.76799285558592,44.29228335208293,0.0666666666666666,0.2581988897471611,0.0,1.0,0.1333333333333333,0.3518657752744983,0.0,1.0,0.0,0.0,0.0,0.0,0.0,0.0,0.0,0.0,0.2,0.4140393356054125,0.0,1.0,47.64666666666667,1.29386832332167,45.8,50.2,user_001,15
2024-01-01 13:45:00,4.6,1.5491933384829666,3,7,2079.866666666667,21.266562173201965,2047,2110,6.441599999999999,0.2694366609905084,5.984,6.814,78.83348309100208,2.6154361129848787,75.16315245511569,83.80323765107835,48.253679850641525,2.924769139446257,42.433683267547984,53.830422662150305,97.352,0.2891168819501444,96.9,97.7,33.55586666666667,0.1674198600041498,33.286,33.908,0.0,0.0,0,0,50.134635543655,4.617463024072942,42.80438673676116,58.73510776013003,78.73333333333333,5.049280948336907,72,87,49.233333333333334,7.897709131375346,33.0,65.1,49.71333333333334,11.377789558525649,31.3,69.7,97.36666666666666,0.7650085589312726,95.7,98.3,33.57533333333333,0.5250832133599217,32.69,34.38,6.462666666666666,0.4907060025640414,5.69,7.43,79.10914498585132,2.331146711092251,75.90354306691177,82.54353930471913,79.72133505288039,0.2116285368800044,79.46812491967223,80.02022811971247,-0.0500748788343713,1.7741217742441264,-2.6010792170261112,3.123977414056938,50.25684836141202,0.0,50.25684836141202,50.25684836141202,2.9015441311609345,0.991028305756496,1.1680113052053,4.37082838865544,1.9365617403548387,0.6849044301886262,0.9489466956359092,2.963691718160373,45.981508970056446,0.1759897171054738,45.719618072173915,46.27953246014734,540.0,0.0,540.0,540.0,0.375,0.0,0.375,0.375,0.3277777777777778,0.0,0.3277777777777778,0.3277777777777778,0.1925925925925926,0.0,0.1925925925925926,0.1925925925925926,70.2,0.0,70.2,70.2,94.9,0.0,94.9,94.9,0.6,0.50709255283711,0,1,72.13333333333334,3.602908877692076,66.0,77.0,1.96,0.6211883772254597,1.225,2.45,69.48843804198286,4.944184685706021,63.30427057465795,76.13287998856623,41.469743416879695,1.9383357562925383,39.26134164864382,44.56879369844748,0.0,0.0,0.0,0.0,0.0,0.0,0.0,0.0,0.0,0.0,0.0,0.0,0.0,0.0,0.0,0.0,0.0,0.0,0.0,0.0,49.67333333333333,2.391791518227847,45.4,52.8,user_001,15
2024-01-01 14:00:00,5.933333333333334,2.0517124090680467,3,10,2157.2,26.241188997452085,2115,2199,6.511866666666666,0.1756481331146638,6.042,6.772,78.30030341037539,1.7454543431448628,75.4337433978394,82.44998892734296,47.24849392231379,4.7800363168465285,37.80011605079292,53.020281774766865,97.24133333333332,0.3331637663943903,96.68,97.86,33.654,0.2324982334802325,33.306,33.982,0.0,0.0,0,0,52.46781253681282,3.602255150727157,47.39526337518837,60.42821024600644,78.4,4.8814517746846,72,90,46.17333333333333,10.485736343560554,24.4,62.1,52.36666666666667,11.008935764489983,36.0,68.5,97.27333333333333,0.9757536769570664,95.6,99.2,33.629333333333335,0.5397283267224965,32.25,34.47,6.556,0.6386794411685947,5.57,7.54,78.49871691153176,0.8817655605316144,76.87099880786761,79.56958402782216,79.21978871672259,0.3551177459809842,78.56689325068874,79.6623593893814,0.049848294812305,1.845195097284021,-2.816662975780986,3.7750055363285218,50.25684836141202,0.0,50.25684836141202,50.25684836141202,3.459307189175462,0.9792024079932108,1.918611677492785,5.002936067122562,2.7097461543323416,1.290052373166411,1.195125786722084,5.306617565876544,47.62334829871152,0.52594682250614,46.58413275120933,48.24633089109349,540.0,0.0,540.0,540.0,0.375,0.0,0.375,0.375,0.3277777777777778,0.0,0.3277777777777778,0.3277777777777778,0.1925925925925926,0.0,0.1925925925925926,0.1925925925925926,70.2,0.0,70.2,70.2,94.9,0.0,94.9,94.9,1.0666666666666669,0.5936168397046637,0,2,77.33333333333333,5.232681184722834,68.0,89.0,2.776666666666667,1.1774088782859873,1.225,4.9,67.98605624233727,4.178247649973304,63.19560312422284,73.83988761166063,45.943847360638024,1.1449090339402623,43.96762698812404,47.49990935808766,0.0,0.0,0.0,0.0,0.1333333333333333,0.3518657752744983,0.0,1.0,0.0,0.0,0.0,0.0,0.0,0.0,0.0,0.0,0.1333333333333333,0.3518657752744983,0.0,1.0,49.99333333333333,1.617523091761273,47.1,52.3,user_001,15
2024-01-01 14:15:00,5.266666666666667,1.7511900715418265,2,8,2237.266666666667,25.451541257475085,2201,2278,6.435599999999999,0.1725526006758516,6.118,6.684,78.47796733289985,1.623957657270278,75.66296177512035,82.21913095784649,45.43846485511729,2.551718187254811,41.81126046982459,50.7778121631979,97.53866666666666,0.2441857216682929,97.1,97.96,33.59546666666667,0.1953041096293051,33.144,33.902,0.0,0.0,0,0,54.058769247572165,2.1755026847054793,50.54963893695956,58.52635601630508,78.73333333333333,5.049280948336911,70,88,45.46,7.525651371903203,34.2,60.8,54.89333333333333,8.554987406408587,44.0,73.4,97.58666666666666,0.7219682092987872,96.1,98.7,33.63,0.529932610270939,32.68,34.44,6.3853333333333335,0.6179905994045384,5.11,7.48,78.21147217385666,0.5780051934444225,77.41106168187991,79.22795790132012,78.22592327276237,0.1734112880055828,77.96395302066682,78.44459550045916,0.1276830002167467,1.8841388501222784,-2.8314808875601756,3.1123460749598877,50.25684836141202,0.0,50.25684836141202,50.25684836141202,3.002814294857145,1.3033712148395855,1.607521881825934,5.764806706188827,2.2593328901386727,1.0924529667328573,0.8946551169404399,4.659835001025627,47.48101433303495,0.6387955921773407,46.34347938871554,48.140101976820105,540.0,0.0,540.0,540.0,0.375,0.0,0.375,0.375,0.3277777777777778,0.0,0.3277777777777778,0.3277777777777778,0.1925925925925926,0.0,0.1925925925925926,0.1925925925925926,70.2,0.0,70.2,70.2,94.9,0.0,94.9,94.9,0.8666666666666667,0.5163977794943222,0,2,80.06666666666666,3.1952345468719217,75.0,86.0,2.3683333333333336,0.862071149422521,1.225,4.9,71.20278255251135,2.348901464883196,67.9077083254682,74.8324519688641,42.535667824046506,0.5909140980349429,41.911219396631076,43.83239378776022,0.0,0.0,0.0,0.0,0.0,0.0,0.0,0.0,0.0,0.0,0.0,0.0,0.0,0.0,0.0,0.0,0.0,0.0,0.0,0.0,49.42666666666666,1.4179797835888437,46.6,51.4,user_001,15
2024-01-01 14:30:00,4.666666666666667,1.7182493859684491,1,8,2314.866666666667,20.62545814786964,2283,2348,6.507733333333333,0.281030620260159,5.958,6.892,78.64770864430518,2.1274977310288636,75.10501352253758,83.01666288563548,47.28148250476772,2.1443330974758075,42.9194760981977,50.42566956848893,97.47466666666666,0.2295917702191894,97.12,97.94,33.57,0.3340547431613146,33.192,34.221999999999994,0.0,0.0,0,0,49.82145013675056,5.42472220399236,41.19656924972156,58.129021119930144,78.4,5.248128918277169,71,90,47.333333333333336,5.795153968947634,37.6,57.0,48.72,11.34247390500478,22.3,63.2,97.42666666666668,0.7896352382738598,96.1,98.9,33.525333333333336,0.6943225543821898,32.06,34.8,6.46,0.595494992182374,5.42,7.29,78.68833154935491,1.337301250731351,76.68576982687196,80.46547128115824,78.29461742884912,0.1838383816342925,77.98972229725881,78.56283798860251,-0.1238543221525911,2.01603560872031,-2.6722209618784944,3.491668557182251,50.25684836141202,0.0,50.25684836141202,50.25684836141202,2.100779951185044,0.3176452563465881,1.3725616717218845,2.6938581129723156,1.6481556292895874,0.351297738398063,0.9418038496235313,2.2814235510925904,45.652467427836406,0.4373928605577849,45.03741138321395,46.359973679942506,540.0,0.0,540.0,540.0,0.375,0.0,0.375,0.375,0.3277777777777778,0.0,0.3277777777777778,0.3277777777777778,0.1925925925925926,0.0,0.1925925925925926,0.1925925925925926,70.2,0.0,70.2,70.2,94.9,0.0,94.9,94.9,1.0,0.5345224838248488,0,2,77.6,5.234500931320967,70.0,87.0,2.6133333333333337,1.0214165000951705,1.225,4.9,69.70136665760394,1.7998651813867437,67.17023805461227,73.06675094212702,42.35864141929246,0.8601780834414534,41.44049881696972,43.765319490651216,0.0,0.0,0.0,0.0,0.0,0.0,0.0,0.0,0.0,0.0,0.0,0.0,0.0,0.0,0.0,0.0,0.0,0.0,0.0,0.0,50.03333333333333,1.2545156530747306,47.7,52.2,user_001,15
2024-01-01 14:45:00,5.2,2.2424476423255526,2,9,2390.9333333333334,23.602259778814936,2353,2426,6.538799999999999,0.1121524472696492,6.374,6.754,80.99698438240092,1.2088615388260624,78.38393325755071,82.69674317452575,46.11634954207427,2.31853519234887,40.72066967702679,49.29173722015344,97.532,0.3136695258206808,97.06,98.1,33.55826666666667,0.2988586542800744,33.08,34.044000000000004,0.0,0.0,0,0,53.11692669818551,4.323612285641838,45.67533719021788,63.01676301698536,80.73333333333333,3.614784456460256,73,87,46.233333333333334,6.234886488446243,33.1,57.9,53.53333333333333,10.737495495869116,34.3,73.4,97.45333333333332,0.7259148579223155,95.8,98.8,33.653333333333336,0.5350789883835122,32.82,34.36,6.584666666666666,0.6567546472364446,5.27,7.63,81.03204630858244,0.4906635778574212,80.32512396679002,81.85844008187443,79.41206553003326,0.4135950581014722,78.69744754795722,79.95018643669623,-0.1318255245337942,1.3323145948400013,-2.6919666287753614,2.212894624814126,50.25684836141202,0.0,50.25684836141202,50.25684836141202,2.2807387090775535,0.6403744064470729,1.188916439358251,3.2279172305840325,2.0239758241467607,1.0129234913160514,0.7924884217245449,3.991684273759846,46.33391879864732,0.1835910453398776,46.09349105923592,46.69891602342099,540.0,0.0,540.0,540.0,0.375,0.0,0.375,0.375,0.3277777777777778,0.0,0.3277777777777778,0.3277777777777778,0.1925925925925926,0.0,0.1925925925925926,0.1925925925925926,70.2,0.0,70.2,70.2,94.9,0.0,94.9,94.9,1.0,0.6546536707079771,0,2,76.06666666666666,4.479583313955287,66.0,80.0,2.6950000000000003,1.2423767544509194,1.225,4.9,73.26684437205769,1.9469788060116875,69.68740351959016,76.44928584480114,42.33317185321531,1.1136496745999267,40.92683454346054,43.855502043607345,0.0,0.0,0.0,0.0,0.0666666666666666,0.2581988897471611,0.0,1.0,0.0,0.0,0.0,0.0,0.0,0.0,0.0,0.0,0.0666666666666666,0.2581988897471611,0.0,1.0,48.04666666666667,1.0126814946091431,45.9,49.9,user_001,15
2024-01-01 15:00:00,5.266666666666667,1.98086080374405,2,8,2468.4666666666667,24.52073952120251,2430,2505,6.291733333333334,0.1051525875414708,6.093999999999999,6.5120000000000005,76.9109277975604,1.4298294854616356,73.57619728256356,79.50405845409291,44.92262446761936,2.8181077215842043,40.395982417132814,51.36917997544676,97.52133333333332,0.4702866400500026,96.66,98.2,33.65306666666667,0.1022514175009431,33.45399999999999,33.839999999999996,0.0,0.0,0,0,56.4616000750008,4.551830446387366,49.21964551464189,61.87976367642793,76.8,4.296177703161598,68,86,44.526666666666664,9.89231062612823,29.0,65.2,57.04,12.338777434228586,38.6,87.2,97.63333333333334,0.9286446857549748,95.3,98.9,33.617333333333335,0.460565904492453,32.95,34.53,6.306666666666667,0.5153038863021461,5.5,7.14,77.16590539939892,1.0487927495058034,75.72543125900506,79.48341597786,79.45578538978297,0.2906678991886891,78.95395608998066,79.81268211972824,-0.0554638987802055,1.6662030809548434,-2.7880986412817776,3.2479707729535505,50.25684836141202,0.0,50.25684836141202,50.25684836141202,3.4176286042278687,1.7409977664392675,1.0066973419780394,6.039099069757242,2.426956949386242,1.1982776738525562,0.5472471655850856,4.165019836770546,46.40303498025433,0.4389437169965617,45.519487004846816,46.86237847376217,540.0,0.0,540.0,540.0,0.375,0.0,0.375,0.375,0.3277777777777778,0.0,0.3277777777777778,0.3277777777777778,0.1925925925925926,0.0,0.1925925925925926,0.1925925925925926,70.2,0.0,70.2,70.2,94.9,0.0,94.9,94.9,0.9333333333333332,0.5936168397046637,0,2,77.53333333333333,2.6956755492207676,72.0,83.0,2.5316666666666667,1.0825509995684577,1.225,4.9,69.56161381696502,1.9912721940266815,66.94256512315056,73.70196361170287,42.431812057216305,0.8236815230141487,41.274925153802045,43.63028279932506,0.0666666666666666,0.2581988897471611,0.0,1.0,0.0666666666666666,0.2581988897471611,0.0,1.0,0.0,0.0,0.0,0.0,0.0,0.0,0.0,0.0,0.1333333333333333,0.3518657752744983,0.0,1.0,50.78666666666666,1.102507963474101,48.9,52.9,user_001,15
2024-01-01 15:15:00,5.133333333333334,2.294921930407801,1,9,2549.266666666667,22.8081021527335,2508,2582,6.2780000000000005,0.18045181390847,6.052,6.614,75.68181848847932,1.5397293640053182,72.85438437885271,77.57865545593228,50.66532602229249,5.225871424576451,42.11653864863806,62.93641196945142,97.33466666666666,0.3049558906433725,96.8,97.84,33.6728,0.2036815441530514,33.367999999999995,33.992000000000004,0.0,0.0,0,0,50.773237624621224,5.555592347344439,40.1686765136442,59.02221330476417,75.53333333333333,4.240395309514477,67,83,51.3,13.538885795050808,28.7,76.0,49.986666666666665,16.490900809956063,19.7,74.8,97.32666666666668,0.549631911460057,96.5,98.5,33.71333333333333,0.3860730254140815,33.13,34.59,6.245333333333334,0.6015915399607786,5.55,7.73,75.93162959669756,1.214805223809896,74.18562586614937,77.67580251001425,77.58101105959477,0.8767420446210038,76.29637314301986,78.78041517109823,-0.0742425775729979,1.6338224774264116,-3.1407882841395462,2.921247915810511,50.25684836141202,0.0,50.25684836141202,50.25684836141202,4.410928250680327,1.633345701289846,1.3765589321791118,6.425239339693929,3.815960669595454,1.7825320283717438,0.8919960971480274,6.5893620623747475,46.40606823465212,0.9464780884229634,45.3296580032312,47.79397524495593,540.0,0.0,540.0,540.0,0.375,0.0,0.375,0.375,0.3277777777777778,0.0,0.3277777777777778,0.3277777777777778,0.1925925925925926,0.0,0.1925925925925926,0.1925925925925926,70.2,0.0,70.2,70.2,94.9,0.0,94.9,94.9,0.8666666666666667,0.6399404734221844,0,2,80.8,3.9133471241746145,77.0,89.0,2.45,1.1341296222213757,1.225,4.9,63.4182799512043,6.209048997238622,55.117205572980325,73.26598442213307,44.862517874594275,2.3406613154136098,42.34886890607197,48.993216955059914,0.0,0.0,0.0,0.0,0.0,0.0,0.0,0.0,0.0,0.0,0.0,0.0,0.0,0.0,0.0,0.0,0.0,0.0,0.0,0.0,53.63333333333333,2.448809234437561,49.7,59.0,user_001,15
2024-01-01 15:30:00,4.733333333333333,2.051712409068047,1,8,2623.266666666667,21.147328999415745,2589,2653,6.1752,0.1741670790608014,5.77,6.459999999999999,74.48433027186185,2.0208911500374835,71.24707873822275,78.30592716100118,52.53120266766185,3.974252514011964,46.791422262487366,58.25483749958681,97.476,0.4746848578643716,96.78,98.28,33.56333333333333,0.1437729691794198,33.296,33.812,0.0,0.0,0,0,45.81894566862481,4.96658863837513,39.19425712230193,53.652330156023304,74.73333333333333,5.848890818738527,64,85,52.766666666666666,9.063795063458844,42.0,72.9,46.45333333333333,11.149879350190728,26.7,70.9,97.51333333333334,0.8475735675332017,96.4,99.4,33.518,0.5943688128715099,32.4,34.32,6.21,0.585747385824299,5.14,7.15,74.39158775870231,1.071233830584336,72.79539163892593,76.34625525809375,75.65066205726879,0.4227291391496063,75.05794490358922,76.26505473023106,0.1245015307357391,2.181416132226412,-3.62353936911137,3.3470364194994033,50.25684836141202,0.0,50.25684836141202,50.25684836141202,3.486786198365228,0.9552897874793248,2.360133633152547,5.496124334194824,3.1669519792306855,1.433326531657079,0.6554499826186472,5.653991454316231,49.54565034221938,1.2686740564827124,47.978205718859506,51.598264344977174,540.0,0.0,540.0,540.0,0.375,0.0,0.375,0.375,0.3277777777777778,0.0,0.3277777777777778,0.3277777777777778,0.1925925925925926,0.0,0.1925925925925926,0.1925925925925926,70.2,0.0,70.2,70.2,94.9,0.0,94.9,94.9,0.9333333333333332,0.5936168397046637,0,2,74.0,2.8535691936340233,70.0,81.0,2.5316666666666667,1.0825509995684577,1.225,4.9,58.157375071846296,3.929679815953597,51.372339913826,63.63320659880437,51.027142067288075,0.8921601615804664,49.81060212215929,52.454605169711705,0.0666666666666666,0.2581988897471611,0.0,1.0,0.0,0.0,0.0,0.0,0.0,0.0,0.0,0.0,0.0,0.0,0.0,0.0,0.0666666666666666,0.2581988897471611,0.0,1.0,55.766666666666666,2.150968773986889,51.7,59.4,user_001,15
2024-01-01 15:45:00,4.733333333333333,2.250925735484551,2,10,2690.8,21.587694907714724,2655,2724,6.011866666666666,0.215769012294784,5.734,6.396,75.26563897405903,1.857281578284039,72.46099528097444,77.47035015176907,47.08601276243647,2.4547175369122542,42.360604812944786,52.26704124368867,97.37066666666666,0.3037730982791216,96.88,97.74,33.31933333333333,0.1836606601731522,33.002,33.636,0.0,0.0,0,0,55.60574079951429,3.2410361101368435,49.312146736010355,60.96822010401553,75.13333333333334,4.189556176062205,67,82,46.72,7.794063675094561,36.2,63.0,55.666666666666664,11.58870550312222,26.0,75.6,97.30666666666666,0.9407190765326164,95.9,99.6,33.32533333333333,0.5030033607764272,32.38,34.27,6.0,0.4989131043721797,5.12,6.85,75.16062279408068,1.2535994094990253,73.36025927513188,77.35203235019395,74.6633008565169,0.1916848514802067,74.40930758136317,75.0220495867804,-0.0661528203628468,1.5713467813736488,-2.8457464607308367,2.979764267501807,50.25684836141202,0.0,50.25684836141202,50.25684836141202,3.0334686176584773,0.74646829040182,1.5957662091737592,3.974423878916523,2.46304873154343,0.9002310078022461,0.5411881064631145,3.8851799874682,51.026843106212624,0.7835896323058016,49.80860771504915,51.95293230147134,540.0,0.0,540.0,540.0,0.375,0.0,0.375,0.375,0.3277777777777778,0.0,0.3277777777777778,0.3277777777777778,0.1925925925925926,0.0,0.1925925925925926,0.1925925925925926,70.2,0.0,70.2,70.2,94.9,0.0,94.9,94.9,0.7333333333333333,0.5936168397046636,0,2,67.53333333333333,2.9487689118067695,61.0,71.0,2.205,0.9488809198208172,1.225,4.9,65.0053719282455,2.051205538360883,61.6221040568952,68.15194319742152,49.02081427298756,2.21880919806675,45.854862797082745,51.7160121570489,0.0,0.0,0.0,0.0,0.0,0.0,0.0,0.0,0.0,0.0,0.0,0.0,0.0,0.0,0.0,0.0,0.0,0.0,0.0,0.0,53.080000000000005,1.6231362938987666,51.2,56.2,user_001,15
2024-01-01 16:00:00,5.466666666666667,2.6690465570704314,1,10,2760.8,24.6147458708334,2725,2806,5.946933333333333,0.1418024111555367,5.645999999999999,6.11,74.04656501882468,2.26445822771346,70.96432912666093,77.36158523015379,48.42936028643386,4.3587208292591315,41.23554493177203,56.291443146678226,97.50133333333332,0.2419523762663901,97.0,97.8,33.58546666666667,0.1609994971893939,33.388,33.833999999999996,0.0,0.0,0,0,47.24190407914125,4.153895572775713,41.43763440190936,53.97685328561024,73.2,4.4753291977877385,65,81,47.526666666666664,10.75197434804196,31.9,70.6,46.88666666666666,13.570444074567067,25.7,68.8,97.48,0.7330951994308574,96.1,98.6,33.56466666666667,0.5559273676436859,31.91,34.18,5.974666666666667,0.5965001097672833,5.27,7.29,74.83114857048344,1.9342317752581075,71.61841807156819,77.17868104453063,75.09585101686915,0.2015416573133442,74.65610199644185,75.34891978816407,-0.4232825094123408,1.5644198958029671,-3.2551871527906826,2.425828906220957,50.25684836141202,0.0,50.25684836141202,50.25684836141202,3.554379221225075,0.8400875232188288,0.9539602516546032,4.41227280018921,3.347006555538669,0.8925575444423474,0.9154829478204444,4.331389542368284,49.27545615874853,0.8469449108150653,47.757686524435165,50.339226804725264,540.0,0.0,540.0,540.0,0.375,0.0,0.375,0.375,0.3277777777777778,0.0,0.3277777777777778,0.3277777777777778,0.1925925925925926,0.0,0.1925925925925926,0.1925925925925926,70.2,0.0,70.2,70.2,94.9,0.0,94.9,94.9,0.9333333333333332,0.7037315505489968,0,2,70.0,4.48807944925857,64.0,82.0,2.6133333333333337,1.298621063538809,1.225,4.9,62.91669533567674,1.8422108467087732,60.204891310897416,66.94243075815737,47.099549988648846,0.7541615248345209,45.95216951213508,48.10449158240562,0.0,0.0,0.0,0.0,0.0,0.0,0.0,0.0,0.0,0.0,0.0,0.0,0.0,0.0,0.0,0.0,0.0,0.0,0.0,0.0,54.60666666666667,1.2786525645977418,52.7,57.3,user_001,15
2024-01-01 16:15:00,3.7333333333333334,1.7915143899851345,1,7,2837.133333333333,16.075121268889966,2811,2862,5.802133333333333,0.3871208498401403,5.116,6.398,70.37204687733615,2.5782040206842676,65.2769045188466,74.01644947993951,45.01822832390875,3.2878047072421204,40.81675800240824,54.04405825812781,97.42666666666668,0.4388079089446527,96.78,98.0,33.46906666666667,0.1244390078177528,33.3,33.724000000000004,0.0,0.0,0,0,51.188958067644585,5.233593927403331,38.22246786490997,58.09171208815844,70.6,5.616302800139715,60,80,45.54,9.23106556300904,33.3,68.0,51.84,14.020688794981304,23.5,69.7,97.36,0.7462286129981451,96.0,98.5,33.488,0.5494308743730052,32.36,34.29,5.799333333333333,0.7367444475205638,4.35,7.02,70.15544030564077,1.6047000211338724,67.44522377897195,72.45261577926243,73.27735058422597,0.694971760227116,72.20930594808041,74.41517910873901,0.1139765613319241,2.006697724423556,-2.957678389134955,3.5743651603844597,50.25684836141202,0.0,50.25684836141202,50.25684836141202,3.2488939515750914,1.340711023603174,1.4653004904347242,5.179235176594303,2.9386002545145735,1.6072416807522354,0.8216618905282996,5.539039675099903,47.261852295901846,0.2906176803838818,46.72379430517131,47.709859953835085,540.0,0.0,540.0,540.0,0.375,0.0,0.375,0.375,0.3277777777777778,0.0,0.3277777777777778,0.3277777777777778,0.1925925925925926,0.0,0.1925925925925926,0.1925925925925926,70.2,0.0,70.2,70.2,94.9,0.0,94.9,94.9,0.4666666666666667,0.5163977794943223,0,1,76.33333333333333,8.965542503437945,56.0,89.0,1.7966666666666669,0.6325872798805449,1.225,2.45,62.51864620780079,3.1184699020289837,57.295053308226805,66.20063921514027,47.62239828780551,0.4063693603642427,47.00108083075789,48.151764446696816,0.2,0.4140393356054125,0.0,1.0,0.0,0.0,0.0,0.0,0.0,0.0,0.0,0.0,0.0,0.0,0.0,0.0,0.2,0.4140393356054125,0.0,1.0,56.05333333333333,2.424537265620178,53.0,61.9,user_001,15
2024-01-01 16:30:00,5.2,2.455314934702151,2,9,2905.8,21.378226573515697,2871,2940,5.9792000000000005,0.3148703134398578,5.298,6.394,72.23101105183436,2.316940675735027,68.68546206375503,75.73970697035237,45.67531524496728,4.874055600548664,36.57714255755588,52.78914666699014,97.76,0.303973683071414,97.22,98.2,33.43306666666667,0.1080366780751968,33.188,33.589999999999996,0.0,0.0,0,0,58.827194259787674,4.7643224547484975,50.5738511103647,67.11174749748086,72.33333333333333,4.894116973712511,62,81,46.486666666666665,14.319710026327185,21.4,69.0,58.059999999999995,14.658922197760656,31.7,79.1,97.84,0.7129415924784566,96.6,99.3,33.49,0.4486169221698421,32.85,34.38,5.922666666666667,0.8023578349079017,4.02,7.3,72.15512498254641,1.6910008854677152,69.33027079543594,74.28917841016425,71.22325915335492,0.36940947472672,70.80127002889552,72.08398174316473,0.0511611407494929,1.7510615617623495,-3.5942172325866153,3.847675096943334,50.25684836141202,0.0,50.25684836141202,50.25684836141202,4.47238211925702,1.7521759310787517,2.238502549380274,6.9730633624270615,3.6877690535282057,1.4629846861027405,1.511477202538706,6.253387084332958,45.65671411387555,0.4221998967605184,44.915236514985544,46.47030731455865,540.0,0.0,540.0,540.0,0.375,0.0,0.375,0.375,0.3277777777777778,0.0,0.3277777777777778,0.3277777777777778,0.1925925925925926,0.0,0.1925925925925926,0.1925925925925926,70.2,0.0,70.2,70.2,94.9,0.0,94.9,94.9,0.9333333333333332,0.7037315505489968,0,2,68.66666666666667,5.814595756329394,58.0,78.0,2.6133333333333337,1.298621063538809,1.225,4.9,64.13567881760808,4.543105990718803,57.49215211782924,70.72505155070994,46.79847030335161,0.4579234908383821,45.8770900253921,47.506352876695935,0.0,0.0,0.0,0.0,0.0666666666666666,0.2581988897471611,0.0,1.0,0.0,0.0,0.0,0.0,0.0,0.0,0.0,0.0,0.0666666666666666,0.2581988897471611,0.0,1.0,55.34,2.4789974932275674,50.7,59.3,user_001,15
2024-01-01 16:45:00,4.666666666666667,1.9880595947760096,0,8,2977.733333333333,22.355781184761895,2940,3010,6.058800000000001,0.400830423709863,5.406000000000001,6.678,74.21970626544213,1.5751077516050125,71.44039650059925,76.96951638963846,56.10408490602202,3.224539924762986,50.69287474008966,63.47999705505486,97.71066666666664,0.2182877087916891,97.4,98.08,33.342533333333336,0.1662020571759676,33.044,33.546,0.0,0.0,0,0,44.31184337697903,7.928874144735557,30.077538674532956,57.706433068031565,74.06666666666666,4.317186032370534,69,82,56.626666666666665,9.75781493885554,38.5,74.3,42.86,14.271389961337734,18.7,67.7,97.71333333333334,0.6277700519260557,97.0,99.0,33.32266666666667,0.5869834101655045,32.45,34.23,6.082,0.7314388950164309,4.49,7.37,74.42530860843698,0.7403710791463515,72.89936384688703,75.52802947486559,72.69904492968182,0.6233528122943464,71.47879708750128,73.35225213957072,-0.0765197993877346,1.6176699961655123,-2.656505463212824,2.5152418051807786,50.25684836141202,0.0,50.25684836141202,50.25684836141202,3.562733421630685,1.2232790637308677,1.1965317039367436,5.855188994486768,3.141679358965198,1.794249541584742,0.7473956104391047,7.715694900207178,47.998720672303556,1.689515871889104,45.76229230073646,50.889700075494645,540.0,0.0,540.0,540.0,0.375,0.0,0.375,0.375,0.3277777777777778,0.0,0.3277777777777778,0.3277777777777778,0.1925925925925926,0.0,0.1925925925925926,0.1925925925925926,70.2,0.0,70.2,70.2,94.9,0.0,94.9,94.9,0.8,0.560611910581388,0,2,71.93333333333334,2.186538904513794,69.0,77.0,2.286666666666667,0.9104486073725782,1.225,4.9,55.933230643260096,4.21907569008236,50.3307223312393,66.4055290870659,50.10941534611034,2.7504364899663885,47.266969237856365,55.171594459272065,0.0,0.0,0.0,0.0,0.0,0.0,0.0,0.0,0.0,0.0,0.0,0.0,0.0,0.0,0.0,0.0,0.0,0.0,0.0,0.0,57.79333333333333,1.7490677789148417,55.3,61.9,user_001,15
2024-01-01 17:00:00,5.4,2.6403462976338106,2,11,3053.733333333333,23.747080021000738,3016,3091,5.502933333333333,0.2134088854311192,5.218,5.832000000000001,69.87999809334416,2.503151598641401,65.21594038857428,74.00985648290583,47.63468431759533,5.36051601478193,39.51550097350295,55.33555424669105,97.824,0.2616649984781544,97.54,98.44,33.5092,0.1192279928779891,33.248,33.739999999999995,0.0,0.0,0,0,53.83951142228303,5.6457982214887155,42.42335052201465,60.95623379068442,69.26666666666667,4.817626366741595,60,79,47.166666666666664,10.30337438946697,30.9,63.5,55.77333333333333,11.376634367149608,34.7,73.0,97.86666666666666,0.6090586022316586,96.5,98.7,33.48,0.4570870501650328,32.72,34.34,5.467333333333333,0.7230240725756024,4.1,7.01,70.49099497119522,1.8558984862254613,67.21690156292286,72.39659154775234,73.0589564194549,0.4957405313428935,72.04985217939316,73.59669358137107,-0.3066657133387461,1.6778728873676925,-2.6179329371460653,3.242607637820626,50.25684836141202,0.0,50.25684836141202,50.25684836141202,3.908822728650844,0.606403430196796,2.74918989103045,4.660554316621336,3.6806911386754138,0.8966504315247344,2.1029778440925995,5.149717216905655,51.64981983960258,0.2657946914977483,51.14021793061476,51.90321153257543,540.0,0.0,540.0,540.0,0.375,0.0,0.375,0.375,0.3277777777777778,0.0,0.3277777777777778,0.3277777777777778,0.1925925925925926,0.0,0.1925925925925926,0.1925925925925926,70.2,0.0,70.2,70.2,94.9,0.0,94.9,94.9,0.9333333333333332,0.7037315505489968,0,2,76.0,3.505098327538657,71.0,82.0,2.6133333333333337,1.298621063538809,1.225,4.9,58.27386776328562,5.861908523751326,49.119222977347256,66.18315785317422,53.28803808808627,2.2203815906270528,50.0035648310511,55.90201551770096,0.0666666666666666,0.2581988897471611,0.0,1.0,0.0,0.0,0.0,0.0,0.0,0.0,0.0,0.0,0.0,0.0,0.0,0.0,0.0666666666666666,0.2581988897471611,0.0,1.0,58.28,1.9918404984909224,55.2,61.1,user_001,15
2024-01-01 17:15:00,4.866666666666666,2.133630931623591,2,8,3131.0,20.06062240880307,3099,3164,5.6284,0.2440540923647872,5.159999999999999,5.976,69.62714840771653,1.9045334896507224,65.42773687910666,71.98999890911092,47.0166263392549,2.918478458542517,41.90455783779209,52.66213265871439,97.61333333333332,0.267972990820948,97.2,98.0,33.587466666666664,0.1283398761473747,33.398,33.81,0.0,0.0,0,0,53.59444152949201,3.708850042484376,48.709626124753136,61.13377792589341,70.2,5.608666762889631,61,77,46.580000000000005,7.898480866597072,29.2,57.0,53.74,8.79243181053212,43.1,70.0,97.6,0.8635475005547065,96.3,98.8,33.571999999999996,0.3558731716296057,33.06,34.41,5.651333333333333,0.710270236968866,4.23,6.55,69.2174372586857,1.1628955379228447,67.63543734576254,70.53836486986118,70.61505941273727,0.7228164751940133,69.75357325053035,71.94434589737322,0.2864257961417299,2.1366092960847247,-3.363748772749801,2.7687960110050085,50.25684836141202,0.0,50.25684836141202,50.25684836141202,3.086467971602387,0.9266879439828448,1.4025724859001287,4.969296189544641,2.834530256897013,0.6987680511642702,1.7835676130346765,3.8658874053079897,49.71027501556225,1.49965669437561,47.325655328425114,51.84514529676134,540.0,0.0,540.0,540.0,0.375,0.0,0.375,0.375,0.3277777777777778,0.0,0.3277777777777778,0.3277777777777778,0.1925925925925926,0.0,0.1925925925925926,0.1925925925925926,70.2,0.0,70.2,70.2,94.9,0.0,94.9,94.9,0.9333333333333332,0.7037315505489968,0,2,77.26666666666667,5.006662228138289,70.0,85.0,2.6133333333333337,1.298621063538809,1.225,4.9,58.80193109345782,2.754688169286031,54.34750133758753,63.386985263689624,49.69427995388807,0.4569915161786829,49.01301863097516,50.3636679675752,0.0,0.0,0.0,0.0,0.0,0.0,0.0,0.0,0.0,0.0,0.0,0.0,0.0,0.0,0.0,0.0,0.0,0.0,0.0,0.0,58.11333333333334,1.373143768701519,56.2,60.5,user_001,15
2024-01-01 17:30:00,6.2,2.007130147392398,3,10,3211.133333333333,27.549608933357803,3169,3257,5.784933333333333,0.3089122544548542,5.17,6.403999999999999,68.42448779309049,1.895349878640458,64.72139905564629,70.18472181280622,47.10226152825099,5.150631302907744,38.34934998435027,54.00153998177742,97.69333333333331,0.1874134720979437,97.34,97.98,33.355066666666666,0.2653729092284714,32.866,33.704,0.0,0.0,0,0,56.68564725754872,3.2800350395782525,47.188024213093705,60.15538343599193,67.6,5.315744807375807,54,74,47.85333333333333,9.255258479578492,27.5,60.7,55.60666666666667,8.968553527796574,30.5,66.5,97.70666666666666,0.605294104036172,96.1,98.6,33.36533333333333,0.5728234166535676,32.12,34.5,5.825333333333333,0.8790568538956695,4.09,7.27,69.0479198876095,1.0384050445652089,66.72672296570877,70.4181102586015,69.29925624223914,0.252997147550417,69.02581810040351,69.70599701250282,-0.412243896545246,2.046847404429082,-5.360699527823144,3.0928669814512375,50.25684836141202,0.0,50.25684836141202,50.25684836141202,2.8893333715891685,0.5358904750219231,2.1326239642164393,3.778840849574235,2.9210532310712,1.236780307187895,0.9148549061373576,5.201369723809198,46.4639392970674,0.5185404241880485,45.659587628523624,47.14821466339452,540.0,0.0,540.0,540.0,0.375,0.0,0.375,0.375,0.3277777777777778,0.0,0.3277777777777778,0.3277777777777778,0.1925925925925926,0.0,0.1925925925925926,0.1925925925925926,70.2,0.0,70.2,70.2,94.9,0.0,94.9,94.9,1.1333333333333333,0.6399404734221844,0,2,80.13333333333334,7.836422896291637,70.0,93.0,2.94,1.293106724133782,1.225,4.9,59.35838307373013,4.799266383045422,49.66134687312824,65.5497237634623,48.85830031068391,0.9087262274634786,47.49813468392333,50.47466928677372,0.0,0.0,0.0,0.0,0.0666666666666666,0.2581988897471611,0.0,1.0,0.0,0.0,0.0,0.0,0.0,0.0,0.0,0.0,0.0666666666666666,0.2581988897471611,0.0,1.0,58.919999999999995,2.536364101847933,55.9,63.5,user_001,15
2024-01-01 17:45:00,4.933333333333334,1.8695555876298768,2,9,3300.0,21.895857403366747,3266,3331,5.534400000000001,0.2582238231789286,5.132,6.064,67.38407213055815,1.7993907489399057,63.91392909374766,70.42579948174615,51.304315382285985,3.198967118401542,46.178761921948784,57.41179554745663,97.24533333333332,0.3608297316437468,96.6,97.76,33.4484,0.1326891103293719,33.315999999999995,33.736000000000004,0.0,0.0,0,0,48.64537573739951,5.6633820445222,40.62801076137498,62.84770618259736,68.0,4.795831523312717,61,76,50.42666666666666,7.9525796952639105,34.9,61.7,50.733333333333334,12.668051302766491,34.3,75.5,97.16666666666669,0.7889112449325019,95.3,98.6,33.449333333333335,0.5570261171956797,32.59,34.72,5.55,0.4890515602382111,4.51,6.36,67.0254902443471,1.0660972039658698,65.41532532317296,68.25430344826984,68.42509397403278,0.325197688475687,67.90427996182432,68.83943428915791,0.307963934720928,1.7603426052797475,-2.3234986108824245,3.430650388690381,50.25684836141202,0.0,50.25684836141202,50.25684836141202,2.545073287738644,0.6714724186744232,1.4852962890722998,3.795280608223754,2.3708188586819903,0.94904235680164,1.1422374156591082,3.8463035236145986,48.3959318415757,0.6792117812167933,47.14629595583529,49.3773990243541,540.0,0.0,540.0,540.0,0.375,0.0,0.375,0.375,0.3277777777777778,0.0,0.3277777777777778,0.3277777777777778,0.1925925925925926,0.0,0.1925925925925926,0.1925925925925926,70.2,0.0,70.2,70.2,94.9,0.0,94.9,94.9,0.8666666666666667,0.5163977794943223,0,2,88.86666666666666,6.266312046703927,74.0,97.0,2.3683333333333336,0.8620711494225213,1.225,4.9,50.71527526318775,3.1197769816597196,45.72805859238211,54.40444269291895,54.56128481453007,1.746240051804872,51.02416131214784,56.35519720567313,0.0,0.0,0.0,0.0,0.0,0.0,0.0,0.0,0.0,0.0,0.0,0.0,0.0,0.0,0.0,0.0,0.0,0.0,0.0,0.0,61.34666666666667,1.843469813254599,58.9,64.4,user_001,15
2024-01-01 18:00:00,5.066666666666666,2.250925735484551,2,10,3370.866666666667,22.353864052893385,3335,3407,5.419066666666667,0.2893952972928866,4.95,5.91,66.48008606338965,1.2961192774290875,64.59739477134288,68.4668245889869,50.19239819588906,3.41413262475922,44.17618814546447,54.76917872962088,97.54266666666668,0.260205047350484,97.24,97.98,33.50253333333333,0.1584342435327942,33.158,33.73799999999999,0.0,0.0,0,0,50.920545569928294,4.563818324886467,40.040421612202735,55.79361440813515,65.93333333333334,3.3266599866332394,63,75,49.76,11.733699940160149,23.4,63.7,49.98,16.038934770471155,25.0,87.3,97.55333333333331,0.7219682092987882,96.6,99.5,33.54666666666667,0.4364412358851438,32.74,34.26,5.372,0.6145172321191885,4.41,6.67,66.85706032552352,0.9974292322834692,65.21139053751861,67.90468717026911,67.30962678198006,0.3138996190003214,66.9055113015246,67.84729775232732,-0.273376365028156,1.3812590984880726,-2.475266493915385,3.266587705506552,50.25684836141202,0.0,50.25684836141202,50.25684836141202,3.7290329301762184,0.7517400755668515,2.787009723936389,5.8480543187003935,2.9153755478066907,0.5739738179293644,2.155361453538647,4.333876765354428,50.34199088882413,0.719945884149888,49.255535609748954,51.12700103380009,540.0,0.0,540.0,540.0,0.375,0.0,0.375,0.375,0.3277777777777778,0.0,0.3277777777777778,0.3277777777777778,0.1925925925925926,0.0,0.1925925925925926,0.1925925925925926,70.2,0.0,70.2,70.2,94.9,0.0,94.9,94.9,0.8666666666666667,0.6399404734221844,0,2,70.86666666666666,2.9487689118067744,67.0,76.0,2.45,1.1341296222213757,1.225,4.9,52.702703215376275,2.7098036915089065,48.144551840385816,55.63080480744459,54.076983904617805,0.4484982736183125,53.44828330538635,54.88088839147144,0.0,0.0,0.0,0.0,0.0,0.0,0.0,0.0,0.0,0.0,0.0,0.0,0.0,0.0,0.0,0.0,0.0,0.0,0.0,0.0,61.77333333333333,1.5364461157706366,59.3,64.2,user_001,15
2024-01-01 18:15:00,6.0,2.7516228977511745,3,13,3452.4666666666667,27.72020064518904,3410,3497,5.251466666666667,0.3142187287922372,4.744000000000001,5.698,64.5305881110056,1.715932044630623,60.82195688743001,66.68798722590519,48.70069417255378,4.743304541818528,39.72098185131109,58.54048568170725,97.756,0.196715893758342,97.24,98.02,33.400666666666666,0.3092217573814873,33.001999999999995,34.002,0.0,0.0,0,0,52.320222206279226,4.874721752522142,44.03455004551574,60.441947861040966,64.53333333333333,6.864678399153856,50,75,48.10666666666667,10.820976102437513,28.0,70.7,52.940000000000005,12.677246208407071,29.5,68.9,97.82,0.5253570214625499,96.8,98.6,33.33733333333333,0.6446313084310457,32.34,34.68,5.2620000000000005,0.9047114772914384,3.99,6.87,64.70275947611063,0.5343146350573996,63.61791129059666,65.69226386296847,66.29023226797017,0.4764231629376927,65.50533708719763,67.00314626532173,0.0013726111638637,2.7132012272622563,-5.410978443715003,4.726014370856667,50.25684836141202,0.0,50.25684836141202,50.25684836141202,4.072330509460055,1.1388642267627838,1.978242542445504,5.778296790210242,3.708331023814082,1.3018518042543883,1.5996457621431153,5.798390271630183,50.11313030287103,0.3326531670135297,49.446546184221425,50.53352675003956,540.0,0.0,540.0,540.0,0.375,0.0,0.375,0.375,0.3277777777777778,0.0,0.3277777777777778,0.3277777777777778,0.1925925925925926,0.0,0.1925925925925926,0.1925925925925926,70.2,0.0,70.2,70.2,94.9,0.0,94.9,94.9,1.0666666666666669,0.7988086367179803,0,3,81.6,7.404631755095686,72.0,94.0,2.94,1.897761839641634,1.225,8.575,50.84673751526161,3.341459963535215,45.10825555641078,55.92235187853747,55.49629676700872,0.8889022376181299,54.21859863339056,56.69482382380902,0.1333333333333333,0.3518657752744983,0.0,1.0,0.1333333333333333,0.3518657752744984,0.0,1.0,0.0,0.0,0.0,0.0,0.0,0.0,0.0,0.0,0.2666666666666666,0.4577377082170634,0.0,1.0,62.22,1.66656190146918,59.0,65.3,user_001,15
2024-01-01 18:30:00,3.7333333333333334,1.791514389985135,1,7,3529.0666666666666,17.235622027262533,3500,3553,5.53,0.1609631723629441,5.1739999999999995,5.714,67.37724190731426,1.3894946469100216,65.52464330338734,69.77652269146962,49.049411568884395,3.671661251448768,40.61398790087406,56.54567246317688,97.724,0.5018935572978985,97.24,98.62,33.60653333333333,0.1515132557457121,33.245999999999995,33.782,0.0,0.0,0,0,50.347591705388346,5.634507491958822,40.60547294294159,58.90377265891394,67.6,4.239272174728648,59,77,50.28666666666666,9.048667357814685,36.0,66.5,48.333333333333336,14.552352125376585,22.9,74.8,97.75333333333332,1.0966616007988357,96.1,99.8,33.644,0.338648574694852,33.24,34.48,5.54,0.4368392970287489,4.99,6.49,66.97080886387467,1.306920162003009,64.62459841389959,68.42562006902617,65.54907849929391,0.2249748519719293,65.3176610520082,65.95391500915994,0.1113790463428747,1.6384842201703262,-3.262321651693668,3.6117386542651815,50.25684836141202,0.0,50.25684836141202,50.25684836141202,3.588574331374682,0.4520188690609489,2.946858359220642,4.445214219458038,3.189424185879449,1.200218519038001,1.788786595234369,5.594902344764122,49.18419910846698,0.2759155500646397,48.7142459727453,49.64445803330194,540.0,0.0,540.0,540.0,0.375,0.0,0.375,0.375,0.3277777777777778,0.0,0.3277777777777778,0.3277777777777778,0.1925925925925926,0.0,0.1925925925925926,0.1925925925925926,70.2,0.0,70.2,70.2,94.9,0.0,94.9,94.9,0.4666666666666667,0.5163977794943222,0,1,76.6,11.462983904725675,56.0,90.0,1.7966666666666669,0.6325872798805449,1.225,2.45,54.84432921966989,2.7088226406376084,50.3573403422527,58.10707225205594,53.300250867852895,0.7012474456377361,52.36723131388485,54.48105879989109,0.0666666666666666,0.2581988897471611,0.0,1.0,0.0,0.0,0.0,0.0,0.0,0.0,0.0,0.0,0.0,0.0,0.0,0.0,0.0666666666666666,0.2581988897471611,0.0,1.0,61.14,0.8390470785361216,59.5,62.5,user_001,15
2024-01-01 18:45:00,3.6,1.8439088914585775,1,7,3581.866666666667,16.39628297017647,3557,3607,5.315333333333333,0.3785209310435753,4.76,5.952,65.82625682426443,1.4104313081155213,63.89375670190367,68.14650294016839,46.86315965331872,3.819722624261731,42.195782284525926,56.52239781541251,97.62,0.2853569193634038,97.04,97.98,33.59,0.1889852601962084,33.3,33.94,0.0,0.0,0,0,54.43364427490323,6.349742446320765,38.882226698057075,63.39502362973672,65.6,4.049691346263314,58,73,46.64666666666667,9.935856183300867,29.9,65.7,55.39333333333333,14.17384244034798,20.4,84.7,97.48666666666666,0.6610237370566815,96.3,98.4,33.599333333333334,0.4491335573979655,33.08,34.61,5.295333333333333,0.7401048831721336,4.2,7.01,66.04175237399741,0.9723482200065328,64.55879257834263,67.4565731367297,66.21139986356053,0.2485350692033943,65.93507333740442,66.602624048684,-0.1131284121322105,1.5829175610644632,-3.359440522809436,2.4267485299158125,50.25684836141202,0.0,50.25684836141202,50.25684836141202,3.6490752938322206,1.0733335320742434,2.0964640464957114,5.387080376781584,2.967059693220256,1.1663929606314742,1.8410240090314955,5.519689388431286,48.36205785683789,0.6882391645376758,47.6966426249785,49.492855171571094,540.0,0.0,540.0,540.0,0.375,0.0,0.375,0.375,0.3277777777777778,0.0,0.3277777777777778,0.3277777777777778,0.1925925925925926,0.0,0.1925925925925926,0.1925925925925926,70.2,0.0,70.2,70.2,94.9,0.0,94.9,94.9,0.4666666666666667,0.5163977794943222,0,1,52.8,3.028436654683168,47.0,57.0,1.7966666666666669,0.6325872798805448,1.225,2.45,55.172591100959366,3.501343587771838,49.46939138624822,59.33926153347531,53.03438827844945,0.9489855595396358,51.99499575543798,54.47022613858058,0.0,0.0,0.0,0.0,0.0,0.0,0.0,0.0,0.0,0.0,0.0,0.0,0.0,0.0,0.0,0.0,0.0,0.0,0.0,0.0,61.25333333333333,1.5027910541325922,59.1,64.2,user_001,15
2024-01-01 19:00:00,5.866666666666666,2.474633209954462,1,10,3651.9333333333334,25.611009537380987,3614,3695,5.047066666666667,0.1835193515162702,4.609999999999999,5.316,59.98990795491374,3.0686511286106204,55.342789537632974,64.9197789719741,56.20979875300048,3.006301250625784,50.01779845652516,60.619715833889224,97.34266666666667,0.240934687850303,97.0,97.88,33.51773333333333,0.1355999719061645,33.251999999999995,33.745999999999995,0.0,0.0,0,0,44.64816761459718,5.487739340275815,33.57319702359467,53.24703995463204,59.13333333333333,5.69293630822652,50,69,57.5,8.596261645954844,42.8,72.1,42.3,14.25697824124834,18.4,63.9,97.5,0.6959063976467773,95.9,98.7,33.495333333333335,0.3779808511148737,33.13,34.25,5.061333333333334,0.7793666537339026,3.65,6.5,61.137548897751664,3.0014576402979785,56.91660740550698,65.69512555787254,65.09026670793781,1.2559398625742737,62.90808238958909,66.545610688304,-0.4282873107902058,2.1726310397645365,-2.7606382298370917,4.5524034874556705,50.25684836141202,0.0,50.25684836141202,50.25684836141202,3.073552776407423,0.8078267081921258,1.4915398511084257,4.398692809429127,3.028562159255193,1.259344282403828,1.0441359225191391,5.219631052683065,49.84752974328115,1.0050951519288334,48.26974596295659,51.5364792031596,540.0,0.0,540.0,540.0,0.375,0.0,0.375,0.375,0.3277777777777778,0.0,0.3277777777777778,0.3277777777777778,0.1925925925925926,0.0,0.1925925925925926,0.1925925925925926,70.2,0.0,70.2,70.2,94.9,0.0,94.9,94.9,1.1333333333333333,0.6399404734221844,0,2,70.06666666666666,9.414780679234925,57.0,88.0,2.94,1.2931067241337817,1.225,4.9,40.66894220932976,6.863477310481163,33.8430959191242,55.7935191301555,57.646785501204185,4.462577659384449,51.84011450037322,64.84961356352503,0.1333333333333333,0.3518657752744983,0.0,1.0,0.0,0.0,0.0,0.0,0.0,0.0,0.0,0.0,0.0,0.0,0.0,0.0,0.1333333333333333,0.3518657752744983,0.0,1.0,63.166666666666664,1.2641579165971495,61.0,64.5,user_001,15
2024-01-01 19:15:00,5.866666666666666,2.0307165050320353,2,10,3740.733333333333,29.109317768583463,3697,3783,5.298933333333333,0.3211326976871234,4.86,5.87,62.36469667716618,2.7133136782843086,57.15807238880482,65.60239181890513,51.4266862792317,3.4094580253016504,42.71421373575982,55.65907341376262,97.412,0.3425784581668858,97.0,98.14,33.55813333333333,0.2015588771361363,33.217999999999996,33.848,0.0,0.0,0,0,48.17025952172258,4.411279578221557,39.98094726625027,57.761021412222306,63.0,7.549834435270751,48,73,50.86666666666667,10.646707516992327,31.8,67.1,50.059999999999995,10.814857505170508,34.8,73.5,97.33333333333331,0.8616153157766859,95.2,98.8,33.544666666666664,0.3999440437051635,32.72,34.08,5.275333333333333,0.6159529975883671,4.33,6.24,61.37772081935915,1.8962883392491603,57.740714402447544,64.77816545847772,61.9596595653621,0.6391835811348858,61.17730231603995,62.80538825972606,0.3176516614169078,2.8734504793314763,-4.954247156108146,4.69716856259457,50.25684836141202,0.0,50.25684836141202,50.25684836141202,4.23253895000189,0.7463502109409486,2.811686124866687,5.512610643541026,3.470158954179292,0.9972746149648228,1.8843548350082553,5.728554783570489,52.39243155827247,0.8447531080770608,51.393419760294904,53.818242516116094,540.0,0.0,540.0,540.0,0.375,0.0,0.375,0.375,0.3277777777777778,0.0,0.3277777777777778,0.3277777777777778,0.1925925925925926,0.0,0.1925925925925926,0.1925925925925926,70.2,0.0,70.2,70.2,94.9,0.0,94.9,94.9,1.1333333333333333,0.5163977794943222,0,2,88.8,4.916444708468574,79.0,94.0,2.8583333333333334,1.102175878281986,1.225,4.9,44.33601884976152,4.3154987107282805,35.23073489349049,48.76850701443402,62.10942421811119,2.0813310154003286,58.683159889822136,65.33360623176803,0.0,0.0,0.0,0.0,0.0,0.0,0.0,0.0,0.0,0.0,0.0,0.0,0.0,0.0,0.0,0.0,0.0,0.0,0.0,0.0,63.06666666666667,1.66719039390341,59.7,65.4,user_001,15
2024-01-01 19:30:00,5.066666666666666,2.737743248596934,1,10,3824.0666666666666,22.839397873807687,3785,3859,4.993733333333334,0.2758621463875096,4.585999999999999,5.404000000000001,60.17755963206006,2.512441971467213,56.617805672865835,64.43997863089484,45.875930338294374,4.123585157567991,39.12886501225726,53.48358240583857,97.75466666666668,0.3819099869016807,97.08,98.24,33.64346666666667,0.1580659295839473,33.428,33.988,0.0,0.0,0,0,54.57012020850609,3.7929859233085343,49.0185729226604,60.79178907598589,59.333333333333336,4.530321128111066,52,68,45.96,11.91732232628502,26.1,66.5,54.559999999999995,12.294237907015043,37.8,82.6,97.75333333333332,0.8408046033130281,96.1,99.6,33.654,0.4348037324061121,32.77,34.37,4.983333333333333,0.5018062612298934,3.89,5.87,60.82164686289175,2.4691541695000807,57.56130830812242,64.78544363898514,61.04526766596802,0.1746583229603959,60.75367109076008,61.32335889858635,-0.4221131493633639,1.6437438114839282,-3.246203029418851,3.196043183807589,50.25684836141202,0.0,50.25684836141202,50.25684836141202,3.9442298146551953,0.6669288031241146,2.9139406701046435,4.950443385386494,3.9582233317705886,1.0166041980714815,2.541139657447118,5.901561908899426,51.108480116535965,1.6801925835162728,48.65130830876304,53.695495010744054,540.0,0.0,540.0,540.0,0.375,0.0,0.375,0.375,0.3277777777777778,0.0,0.3277777777777778,0.3277777777777778,0.1925925925925926,0.0,0.1925925925925926,0.1925925925925926,70.2,0.0,70.2,70.2,94.9,0.0,94.9,94.9,0.9333333333333332,0.7988086367179803,0,2,83.33333333333333,7.46100976186647,72.0,95.0,2.6950000000000003,1.4787241121994326,1.225,4.9,50.08085651689319,1.6018272386007764,47.78427433084318,52.68587945800711,56.425110331694405,1.2321130063611652,54.529626624565125,58.12484619979869,0.0,0.0,0.0,0.0,0.0666666666666666,0.2581988897471611,0.0,1.0,0.0,0.0,0.0,0.0,0.0,0.0,0.0,0.0,0.0666666666666666,0.2581988897471611,0.0,1.0,60.22666666666667,1.34348516216309,58.0,63.1,user_001,15
2024-01-01 19:45:00,4.666666666666667,3.062834043978286,1,12,3899.0,16.860774427223397,3871,3929,4.981599999999999,0.2233193741195393,4.686,5.404,59.55812919228087,1.5195828029923832,57.14310401874432,63.14230176378527,51.60741144292909,3.758119301474773,45.80381440259493,57.777996583870426,97.29733333333334,0.5868495385977411,96.38,98.38,33.4756,0.1769377614546189,33.230000000000004,33.83,0.0,0.0,0,0,47.79741719042845,6.168030175686153,37.661980592623244,61.06381018784907,60.2,4.0743097574926725,53,67,52.18,11.05985016690035,30.9,74.0,46.72666666666667,17.844225423155272,25.7,70.7,97.24666666666668,1.0622527723573831,95.7,98.8,33.477333333333334,0.4521609490098898,32.96,34.45,5.027333333333333,0.5730553035723348,3.93,6.06,59.30873241130747,0.7488218233872659,58.2016245662921,60.800320901983625,60.564882276770135,0.4305356869956526,59.86784441217047,61.22519654751986,0.3209354038595643,1.4405467100938258,-2.071552009372155,2.2239097647027393,50.25684836141202,0.0,50.25684836141202,50.25684836141202,3.897493214269288,1.1712887366256943,2.4117177597344353,5.783327611742397,3.145769282188441,1.014490632444285,1.4809735738495806,4.662412945102779,48.68950721130907,0.2656130374146818,48.11354443352431,48.98908388372188,540.0,0.0,540.0,540.0,0.375,0.0,0.375,0.375,0.3277777777777778,0.0,0.3277777777777778,0.3277777777777778,0.1925925925925926,0.0,0.1925925925925926,0.1925925925925926,70.2,0.0,70.2,70.2,94.9,0.0,94.9,94.9,0.8,0.6761234037828132,0,2,74.93333333333334,7.6107693122186815,68.0,91.0,2.3683333333333336,1.1774088782859873,1.225,4.9,43.06687000695106,3.789592065469813,37.814352768663326,50.21672281558459,58.1355272337856,2.0570266068659477,55.00413365011078,60.744662237237975,0.0,0.0,0.0,0.0,0.0,0.0,0.0,0.0,0.0,0.0,0.0,0.0,0.0,0.0,0.0,0.0,0.0,0.0,0.0,0.0,61.86,1.442121453177326,59.1,64.4,user_001,15
2024-01-01 20:00:00,4.2,1.780850519113991,0,8,3963.266666666667,17.25633079136304,3935,3992,4.6528,0.2271535666837367,4.3180000000000005,5.228,57.10202143694332,2.1393157484496776,53.70212155174812,61.42820117585685,54.50677479695807,5.546527391566086,45.898667615041035,64.58533105591361,97.52533333333334,0.498596124371319,96.72,98.44,33.38626666666667,0.249216906863612,32.992000000000004,33.746,0.0,0.0,0,0,46.72611128730311,6.886340742833773,36.39196266296473,56.657246014265944,56.2,4.126568965687043,50,66,53.57333333333334,12.552260278341834,39.9,80.4,47.55333333333333,16.08197156830622,20.6,85.4,97.59333333333332,0.8489208836320759,96.4,99.2,33.38733333333333,0.4795156286245918,32.56,34.35,4.592,0.5416535529548122,3.64,5.31,57.884081539938,2.2593158782751495,55.28184604300951,61.26688060132242,59.098369213007786,0.4371199034764839,58.3300753146121,59.767451830335865,-0.4510107184716593,1.690813214009513,-2.267138122610696,4.09929281608396,50.25684836141202,0.0,50.25684836141202,50.25684836141202,4.643526381036818,1.0570410382118474,2.4814760237737468,6.2327423461501175,4.423038440937615,1.4178424427406668,1.91012708311171,7.315692413305628,51.6674992583113,1.2834660330986198,49.35000281596338,53.147306346582035,540.0,0.0,540.0,540.0,0.375,0.0,0.375,0.375,0.3277777777777778,0.0,0.3277777777777778,0.3277777777777778,0.1925925925925926,0.0,0.1925925925925926,0.1925925925925926,70.2,0.0,70.2,70.2,94.9,0.0,94.9,94.9,0.8,0.5606119105813882,0,2,64.26666666666667,2.763710411402622,60.0,68.0,2.286666666666667,0.910448607372578,1.225,4.9,36.75402737967054,2.97077909628058,33.19735701495464,42.131539167773205,64.08743494022485,0.9774880139503668,61.891514656249214,65.30895749447774,0.0666666666666666,0.2581988897471611,0.0,1.0,0.0,0.0,0.0,0.0,0.0,0.0,0.0,0.0,0.0,0.0,0.0,0.0,0.0666666666666666,0.2581988897471611,0.0,1.0,62.38666666666666,1.7003641066660051,59.5,65.4,user_001,15
2024-01-01 20:15:00,4.666666666666667,1.2344267996967353,3,8,4029.133333333333,21.397151568330212,3997,4062,4.8158666666666665,0.1893363849519334,4.512,5.08,57.9620236420641,1.4218448550822087,55.91400315786873,61.661963671229636,53.22160170177981,3.441947098570685,49.45533600294335,61.32459377908594,97.39466666666668,0.3304081170454519,97.02,98.0,33.5452,0.2480470001546383,33.19199999999999,34.019999999999996,0.0,0.0,0,0,48.0553204236854,3.304858161734356,41.682551439410304,53.435570796862315,58.666666666666664,4.952152009360125,51,68,53.666666666666664,8.085318852857998,45.6,72.9,48.373333333333335,9.149119135325597,31.5,70.1,97.40666666666668,0.919212913830296,95.4,99.5,33.538666666666664,0.439169128934995,32.83,34.22,4.846666666666667,0.6144412870552363,3.6,6.32,57.51150402261074,0.5763447836624993,56.17980623496577,58.31827928610748,57.924184814458904,0.2084137640541656,57.532022539503714,58.26449465418584,0.3523215123012837,1.854694861403957,-2.980889590637503,4.02866561404376,50.25684836141202,0.0,50.25684836141202,50.25684836141202,2.6219546561950517,1.2569539834862615,1.161232307339195,4.454195864004099,2.498310912223209,1.4779034008929337,0.7922658545811002,5.193175855034171,53.33949842718773,0.3609251428011363,52.73781016695202,53.9862823740534,540.0,0.0,540.0,540.0,0.375,0.0,0.375,0.375,0.3277777777777778,0.0,0.3277777777777778,0.3277777777777778,0.1925925925925926,0.0,0.1925925925925926,0.1925925925925926,70.2,0.0,70.2,70.2,94.9,0.0,94.9,94.9,0.9333333333333332,0.4577377082170634,0,2,65.86666666666666,4.4539976692961165,60.0,73.0,2.45,0.8019507466172721,1.225,4.9,39.339536087787984,2.8443365192923324,34.31732102190923,42.48422103156698,62.90976089216239,0.8331027200650826,61.433537473087185,64.4941742571639,0.0,0.0,0.0,0.0,0.0,0.0,0.0,0.0,0.0,0.0,0.0,0.0,0.0,0.0,0.0,0.0,0.0,0.0,0.0,0.0,62.16,1.563786613137666,59.8,65.3,user_001,15
2024-01-01 20:30:00,4.2,2.042407542932745,0,6,4096.6,17.31968326995134,4067,4125,4.832133333333333,0.3998117175919305,4.33,5.4079999999999995,58.5162559250938,2.2611163947012254,54.79004423302617,62.01359458158089,52.185579605789066,2.561415368535773,47.392931926816225,55.628621284544145,97.208,0.4199183594121963,96.74,98.08,33.528533333333336,0.2121299691451521,33.166,33.982,0.0,0.0,0,0,46.245120071722305,3.658681337766621,41.184905468294545,52.677358202441816,57.6,5.9497899122574065,50,70,51.9,10.38260908580167,32.4,72.1,45.21333333333334,14.331576858046542,18.2,68.1,97.1,0.705083581671601,95.9,98.1,33.49733333333334,0.5820587435580528,32.24,34.39,4.837999999999999,0.7040211035797965,3.58,6.17,58.99995833576823,1.021135701120499,56.833741664606535,60.56247576560581,57.77460658967886,0.4141563819145566,57.26504371540851,58.33806451305263,-0.4581279625468975,2.2086090955205693,-3.0359919269399143,4.539559143582252,50.25684836141202,0.0,50.25684836141202,50.25684836141202,3.837967072644774,1.4524504649365315,2.1068911715272214,6.364899729688162,2.5715850997116285,0.9978801490446254,0.5547373234696906,4.174784900846384,52.6694130127446,0.3785385716398768,52.16070402717551,53.55168105513484,540.0,0.0,540.0,540.0,0.375,0.0,0.375,0.375,0.3277777777777778,0.0,0.3277777777777778,0.3277777777777778,0.1925925925925926,0.0,0.1925925925925926,0.1925925925925926,70.2,0.0,70.2,70.2,94.9,0.0,94.9,94.9,0.6666666666666666,0.4879500364742666,0,1,67.46666666666667,4.969430359230133,60.0,73.0,2.041666666666667,0.5977387946809767,1.225,2.45,40.89525496127195,1.8150217303643903,37.961637577305545,43.35306017596457,63.00883369938477,0.7712800009569932,61.826096583751706,63.74008033041956,0.0,0.0,0.0,0.0,0.0,0.0,0.0,0.0,0.0,0.0,0.0,0.0,0.0,0.0,0.0,0.0,0.0,0.0,0.0,0.0,61.92666666666666,1.2741757372999247,59.9,64.1,user_001,15
2024-01-01 20:45:00,5.533333333333333,1.6417180315870612,3,8,4169.6,24.82452704196292,4130,4208,4.528533333333333,0.1825571795617026,4.238,4.848,55.84746182229444,1.845166844993774,53.276878252908794,58.85168127309017,53.08057823353299,3.2937122329434465,47.21036702218598,57.953483572631534,97.404,0.4414392046800635,96.74,98.26,33.462,0.1490560776543973,33.248000000000005,33.69,0.0,0.0,0,0,48.37938529588654,4.3238110331184405,38.592537082744,53.14652867926333,56.13333333333333,5.2490361927101405,47,65,53.61333333333334,8.891236991448109,36.2,68.2,49.580000000000005,9.722301314871023,32.1,63.4,97.48666666666666,1.096661600798837,95.7,99.5,33.541333333333334,0.6921897620354311,32.67,35.11,4.494666666666666,0.584561699867842,3.54,5.79,55.60101388963493,1.1492172608111646,54.20526639204695,57.63920623851688,57.54319301020687,0.2873601039937138,57.18185887369411,58.07053763349708,0.1429357555194452,2.0039551016549004,-3.3743523337642713,3.1112390451823657,50.25684836141202,0.0,50.25684836141202,50.25684836141202,2.94248905283675,0.7852799791287763,0.8446796469443011,3.634625683543887,2.683772812352622,0.9959227760345812,0.4988202732018554,4.136787604263818,52.82829045343867,0.3186079502002185,52.52526090257064,53.50401247889582,540.0,0.0,540.0,540.0,0.375,0.0,0.375,0.375,0.3277777777777778,0.0,0.3277777777777778,0.3277777777777778,0.1925925925925926,0.0,0.1925925925925926,0.1925925925925926,70.2,0.0,70.2,70.2,94.9,0.0,94.9,94.9,1.0,0.5345224838248488,0,2,73.0,8.106434833777769,63.0,84.0,2.6133333333333337,1.0214165000951705,1.225,4.9,37.009818234252926,2.3902456309366538,32.874638525848454,41.47293881121871,63.52473124644328,1.0119094494188272,61.787092503117215,64.64900712713943,0.0,0.0,0.0,0.0,0.0,0.0,0.0,0.0,0.0,0.0,0.0,0.0,0.0,0.0,0.0,0.0,0.0,0.0,0.0,0.0,61.5,1.283410634653953,59.1,63.8,user_001,15
2024-01-01 21:00:00,5.466666666666667,2.0998866182543785,2,10,4254.333333333333,25.533358199664946,4214,4290,4.494666666666666,0.1663999771062256,4.13,4.731999999999999,54.02166433738307,1.9702403681013123,50.76554637248889,56.956053710545234,51.08823011635821,2.9369941785444076,47.011769827155774,56.14599269894736,97.67866666666669,0.3864465711853953,97.16,98.24,33.5148,0.201678386121495,33.138,33.86,0.0,0.0,0,0,48.50123248440054,2.6420069216622863,43.724626079485944,53.22205603532709,53.8,4.475329197787736,47,60,50.24,5.245242742578403,37.6,56.5,48.78,9.373153151421349,34.5,62.5,97.64,0.9310516327557452,95.9,99.1,33.489333333333335,0.5033383790349428,32.74,34.68,4.535333333333333,0.7933011197941592,3.29,6.3,54.45297302318117,1.8089136185232229,51.96275237162629,57.68409166156306,55.955194994736274,0.8722905263074207,54.91851128642481,57.110128138018304,-0.1108321686915336,1.6886360214059992,-2.6805477898754475,3.078151209170372,50.25684836141202,0.0,50.25684836141202,50.25684836141202,2.060589104505406,0.5611343325055071,1.2097225741518944,2.6282670812293696,1.705996163499083,0.6084143409546259,0.8061128674267427,2.771606737917172,52.64248996596206,0.3066818087180422,52.0844041749456,52.998473145122674,540.0,0.0,540.0,540.0,0.375,0.0,0.375,0.375,0.3277777777777778,0.0,0.3277777777777778,0.3277777777777778,0.1925925925925926,0.0,0.1925925925925926,0.1925925925925926,70.2,0.0,70.2,70.2,94.9,0.0,94.9,94.9,1.0666666666666669,0.4577377082170634,0,2,84.73333333333333,2.21896586810377,82.0,90.0,2.6950000000000003,0.9488809198208172,1.225,4.9,36.54377543881867,2.508928159965203,34.060037240052054,40.77662918345356,64.79146793780534,0.3375501114777822,63.97501074435968,65.30024443997803,0.0,0.0,0.0,0.0,0.0,0.0,0.0,0.0,0.0,0.0,0.0,0.0,0.0,0.0,0.0,0.0,0.0,0.0,0.0,0.0,60.473333333333336,1.5068731421943458,58.2,62.9,user_001,15
2024-01-01 21:15:00,4.866666666666666,2.614975188810639,1,10,4332.133333333333,21.882369506936488,4296,4363,4.484133333333333,0.2471846812945067,3.9779999999999993,4.787999999999999,54.03731343186447,3.0505227007742817,47.99174729646137,58.45404357130881,54.459943005028386,4.2164506888052955,48.80484211715631,61.85769063802159,97.46266666666666,0.278348873247393,96.88,97.82,33.608,0.0955884033611957,33.456,33.788,0.0,0.0,0,0,48.28920208761421,7.273961737365614,34.61515661485629,56.25086585835936,53.06666666666667,5.737927284639423,43,65,56.093333333333334,9.000513212880593,42.3,72.3,45.84666666666667,13.59579066511116,15.7,65.3,97.52,0.8528942322636329,96.1,99.5,33.58866666666667,0.2962833264357104,32.92,34.08,4.418666666666667,0.5528738769462018,3.31,5.46,54.651747509875854,1.862367607262643,50.34073349441684,56.66001774192311,55.00956544825089,0.4087048549394469,54.029488884623774,55.34035398582239,-0.4853233825988984,1.7373238330063332,-2.4958736482306776,3.272978214345585,50.25684836141202,0.0,50.25684836141202,50.25684836141202,2.5344168753837257,1.1950073225074171,1.267869232827355,4.611822562416571,2.47621067630896,1.4844020702855687,0.9680048570256392,5.618581518682923,52.12315345967808,0.3056875792840791,51.81305889706373,52.77408656069329,540.0,0.0,540.0,540.0,0.375,0.0,0.375,0.375,0.3277777777777778,0.0,0.3277777777777778,0.3277777777777778,0.1925925925925926,0.0,0.1925925925925926,0.1925925925925926,70.2,0.0,70.2,70.2,94.9,0.0,94.9,94.9,0.8,0.7745966692414834,0,2,77.8,4.6629236689932165,71.0,85.0,2.45,1.38901943830891,1.225,4.9,35.48012875683198,5.005011733716587,23.272672859852623,40.43118505857356,63.805608202053534,1.3845251254785265,62.81376315579316,67.18466262020284,0.0,0.0,0.0,0.0,0.0,0.0,0.0,0.0,0.0,0.0,0.0,0.0,0.0,0.0,0.0,0.0,0.0,0.0,0.0,0.0,61.3,0.8701395618766311,59.5,62.4,user_001,15
2024-01-01 21:30:00,3.933333333333333,1.334523278535216,2,7,4394.733333333334,16.900831199621585,4367,4422,4.444133333333334,0.3313733040947426,4.128,5.044,54.61154224637938,1.3519689098525862,50.66116486430758,56.121826626461505,59.017654690520246,3.420274079012293,51.641465204237214,64.11228598644065,97.316,0.2595820817060727,96.86,97.74,33.5532,0.2572045322862178,33.026,33.88,0.0,0.0,0,0,45.46039146819152,4.688784351536415,36.45634270069816,56.9173022618663,55.46666666666667,3.94365071379058,50,66,58.39333333333333,10.607239217134865,44.0,80.4,47.18666666666666,13.537032100694674,23.9,71.6,97.30666666666666,0.7487767802667677,95.7,98.7,33.544000000000004,0.5410149192556,32.67,34.42,4.488666666666666,0.6284773739155686,3.35,6.06,54.00794267482559,1.620084278965506,50.09382232961123,55.420585656574325,54.12067480606692,0.2384662097953646,53.7754041139626,54.382373903332066,0.4275622101436473,1.806791983892544,-1.5538853364620664,5.112945045230809,50.25684836141202,0.0,50.25684836141202,50.25684836141202,4.023654977576977,0.9024417399902904,2.705306052702084,5.6283443652791085,3.1352675203179388,1.0964538934902008,1.5984105475677226,5.1834834743704565,54.54381613950031,1.3060737892272356,52.93605770712886,56.73879884777432,540.0,0.0,540.0,540.0,0.375,0.0,0.375,0.375,0.3277777777777778,0.0,0.3277777777777778,0.3277777777777778,0.1925925925925926,0.0,0.1925925925925926,0.1925925925925926,70.2,0.0,70.2,70.2,94.9,0.0,94.9,94.9,0.7333333333333333,0.4577377082170634,0,1,62.6,5.692099788303081,55.0,72.0,2.1233333333333335,0.5607286925659029,1.225,2.45,27.23283916033916,3.1613286104740914,21.62566103319145,32.09352574169117,70.61171547480066,1.2693685047570538,68.16426332376483,72.41842923093893,0.0,0.0,0.0,0.0,0.0,0.0,0.0,0.0,0.0,0.0,0.0,0.0,0.0,0.0,0.0,0.0,0.0,0.0,0.0,0.0,63.82,0.9857556927120844,62.5,65.6,user_001,15
2024-01-01 21:45:00,5.466666666666667,2.6690465570704314,1,11,4470.6,24.424226848415937,4428,4504,4.452,0.2573147044823852,3.908,4.6979999999999995,54.18050441168302,2.10183732478525,51.577096041490165,57.66723459759879,50.824628226310125,5.068869983474558,40.71787935658113,56.816853639413175,97.41066666666669,0.3197201156964533,96.86,97.92,33.3404,0.1155538217208114,33.102,33.510000000000005,0.0,0.0,0,0,48.062724904944304,4.30987666892919,41.33767572450635,55.727155570208936,53.86666666666667,3.925496632214046,47,61,50.166666666666664,10.986723589773945,20.6,67.2,47.61333333333334,10.713133906343094,29.5,65.0,97.4,0.7810249675906659,96.2,98.5,33.352,0.41674246929523,32.79,34.29,4.487333333333334,0.3950672034453065,3.69,5.24,54.49108038581396,1.318915663016504,52.09806053962019,56.48214722274081,54.077120601345435,0.1666571032921087,53.86696516986771,54.396023329031195,-0.1569188725081758,1.3101313564430312,-3.098849570014636,1.8735624248280376,50.25684836141202,0.0,50.25684836141202,50.25684836141202,3.3562348641688975,1.8152843344176912,0.9435210944984472,6.077259250433416,3.28496066462448,1.993265068498282,0.5307780718010323,6.417549134453952,56.522132096358995,0.833883351534832,54.921141458415185,57.24679977239987,540.0,0.0,540.0,540.0,0.375,0.0,0.375,0.375,0.3277777777777778,0.0,0.3277777777777778,0.3277777777777778,0.1925925925925926,0.0,0.1925925925925926,0.1925925925925926,70.2,0.0,70.2,70.2,94.9,0.0,94.9,94.9,1.0,0.5345224838248488,0,2,75.86666666666666,8.078778785600372,60.0,84.0,2.6133333333333337,1.0214165000951705,1.225,4.9,36.96436612180264,5.6724850493958385,28.8156388542409,44.964495270614336,67.64305085855854,2.783483534236296,63.61635157610602,70.79725567325302,0.0,0.0,0.0,0.0,0.2,0.4140393356054125,0.0,1.0,0.0,0.0,0.0,0.0,0.0,0.0,0.0,0.0,0.2,0.4140393356054125,0.0,1.0,60.50666666666667,2.421471414145499,55.9,63.1,user_001,15
2024-01-01 22:00:00,0.0,0.0,0,0,4504.0,0.0,4504,4504,4.2348,0.241668958938225,3.896,4.776,51.79658216721514,2.328011821214864,47.8149324518025,55.11554666031966,55.17088731876139,2.27969492651787,50.18208765665063,59.214261180733615,97.644,0.2393085276971347,97.26,98.1,33.553999999999995,0.2317560293559956,33.245999999999995,33.955999999999996,1.0,0.0,1,1,43.92742987808654,3.3384779536522022,37.41621161987323,49.269981988412354,52.06666666666667,4.861902429923419,42,59,55.46666666666667,7.892461744028435,42.9,68.6,44.166666666666664,9.749774112157432,27.0,63.0,97.61333333333332,0.6534159325822857,96.6,98.6,33.584666666666664,0.5407120525839268,32.56,34.73,4.282,0.6873884325058552,3.17,5.48,51.47265213269663,1.4218023217861713,48.916256227752726,54.0531695443954,53.54321956083317,0.5714891257903261,52.93255573459377,54.441793330465245,0.1350422497257559,1.7051751108725797,-3.5001985124167163,2.930015010710555,50.25684836141202,0.0,50.25684836141202,50.25684836141202,3.2703082732761817,0.5601433604111754,2.5418952885481345,4.301306978269438,2.309485937471923,0.8241674125324167,1.450387827591605,4.087343503834067,53.82445115811726,0.5281963480330837,52.99775777253576,54.6318720833879,540.0,0.0,540.0,540.0,0.375,0.0,0.375,0.375,0.3277777777777778,0.0,0.3277777777777778,0.3277777777777778,0.1925925925925926,0.0,0.1925925925925926,0.1925925925925926,70.2,0.0,70.2,70.2,94.9,0.0,94.9,94.9,0.0,0.0,0,0,33.4,24.424226848415433,0.0,76.0,1.225,0.0,1.225,1.225,29.79611280545514,2.9891103504209267,24.68779283451028,34.725468441569326,66.17748844557634,2.552770995542885,63.35602154383757,69.44336985697142,0.0666666666666666,0.2581988897471611,0.0,1.0,0.0,0.0,0.0,0.0,0.0,0.0,0.0,0.0,0.0,0.0,0.0,0.0,0.0666666666666666,0.2581988897471611,0.0,1.0,61.46666666666667,1.110126547912875,60.0,63.4,user_001,15
2024-01-01 22:15:00,0.0,0.0,0,0,4504.0,0.0,4504,4504,4.064666666666667,0.1753130533265183,3.852,4.432,51.07665483773703,1.906602602268063,47.38215440550086,54.60984741237693,51.7874828219084,2.2888976822348885,48.404189060155694,57.72663807802547,97.58666666666666,0.2593030953114474,97.08,98.04,33.4228,0.0957490768325477,33.260000000000005,33.586,1.0,0.0,1,1,46.674613807326594,4.847945755181248,37.95893438967891,53.39601179865451,50.4,4.717747646615157,40,57,51.46,6.964788992804141,42.4,65.3,46.373333333333335,12.65946662533992,22.3,68.9,97.6,0.6917885721601892,95.6,98.6,33.41466666666667,0.5421763902045533,32.46,34.44,4.016666666666667,0.6007931265855002,2.84,5.02,51.788010467864744,1.197418791971075,49.24309103540993,53.96877969626361,52.18470108270751,0.5226843954147038,51.436618502476094,52.99236219296605,-0.3383274188685116,1.7817570662824962,-3.691077202750421,2.872615198166386,50.25684836141202,0.0,50.25684836141202,50.25684836141202,2.364837804009933,0.705846294966719,1.401479776966721,3.3854484155205613,2.105646219169311,0.8225738260202006,1.0135394076375837,3.4906265581714173,52.88314302696012,0.5236079193064781,52.29619089726881,53.72183294571359,540.0,0.0,540.0,540.0,0.375,0.0,0.375,0.375,0.3277777777777778,0.0,0.3277777777777778,0.3277777777777778,0.1925925925925926,0.0,0.1925925925925926,0.1925925925925926,70.2,0.0,70.2,70.2,94.9,0.0,94.9,94.9,0.0,0.0,0,0,0.0,0.0,0.0,0.0,1.225,0.0,1.225,1.225,33.062162455136935,1.5709301582458517,29.899528877858224,35.365775767162155,67.67368418831474,1.1434802553388472,66.436166376536,69.36942184194861,0.0,0.0,0.0,0.0,0.0,0.0,0.0,0.0,0.0,0.0,0.0,0.0,0.0,0.0,0.0,0.0,0.0,0.0,0.0,0.0,59.733333333333334,1.1549067164968423,57.6,61.9,user_001,15
2024-01-01 22:30:00,0.0,0.0,0,0,4504.0,0.0,4504,4504,3.9456,0.1681159463839507,3.724,4.208,49.22720172059491,1.8084542351817952,46.000942143934274,52.29810691939031,53.113608299022935,2.3941706595582795,48.89342006126532,58.77212446259713,97.53333333333332,0.2387666723174005,97.14,98.02,33.55226666666667,0.1109436579444488,33.321999999999996,33.715999999999994,1.0,0.0,1,1,46.699038897195344,4.113536565503033,40.80049667016101,52.30689658903513,49.666666666666664,4.995235825502232,40,57,53.22666666666667,7.631838073554259,41.4,70.1,47.22,11.985419713730751,27.2,65.7,97.52666666666669,0.92076572688688,95.3,98.6,33.51866666666667,0.3542571032994182,32.92,33.97,3.928,0.555391753629814,2.95,4.81,48.9125778714024,0.8214227774121522,48.03498993641776,50.89875699989193,50.69351425199691,0.3114827562781513,50.15192827916597,51.302190112761835,0.2197324730358801,1.8365929075982832,-3.395154779647825,2.6663526186885775,50.25684836141202,0.0,50.25684836141202,50.25684836141202,2.7880742885993013,0.7807175537526161,1.3255165737828238,3.658692556262741,2.162803871719605,0.9050297873437316,0.9085653360326448,3.925023058772895,52.89537415687145,0.3402267237731073,52.45054556046566,53.52945671355659,540.0,0.0,540.0,540.0,0.375,0.0,0.375,0.375,0.3277777777777778,0.0,0.3277777777777778,0.3277777777777778,0.1925925925925926,0.0,0.1925925925925926,0.1925925925925926,70.2,0.0,70.2,70.2,94.9,0.0,94.9,94.9,0.0,0.0,0,0,0.0,0.0,0.0,0.0,1.225,0.0,1.225,1.225,29.404698370432985,1.4074978805331209,26.712583175980846,30.967513202187934,68.20807304940283,0.896610713737611,66.90419559133635,69.23007227448052,0.0,0.0,0.0,0.0,0.0,0.0,0.0,0.0,0.0,0.0,0.0,0.0,0.0,0.0,0.0,0.0,0.0,0.0,0.0,0.0,59.5,1.1606648341114063,56.6,60.8,user_001,15
2024-01-01 22:45:00,0.0,0.0,0,0,4504.0,0.0,4504,4504,4.131333333333334,0.2428140578028108,3.696,4.586,50.87010364942643,1.655872660475204,47.89887876557068,54.272329548692085,54.366876689405146,3.0799632312665004,48.84915529355982,59.71873495232547,97.72266666666664,0.4282100063331222,96.94,98.32,33.65946666666667,0.1725464188752319,33.256,33.878,1.0,0.0,1,1,46.34932266175976,3.6106552574662567,40.06923391015526,52.31374448357578,51.13333333333333,5.578871707057755,43,61,53.833333333333336,10.177613154556893,34.2,74.4,46.973333333333336,11.706742054210023,27.0,67.4,97.80666666666666,0.8572936375317252,96.6,99.5,33.66866666666667,0.4625992814932763,32.99,34.77,4.125333333333334,0.6812055140564794,3.3,5.87,50.71573170869554,0.573300534829043,49.92079274419268,51.73076918467537,49.92043674588738,0.1779900754736676,49.63380421786651,50.137894049999694,0.1316148419534518,2.120632666506904,-2.6741590741780215,3.700373744809781,50.25684836141202,0.0,50.25684836141202,50.25684836141202,3.2750834435805394,1.2501906617762213,1.7603342651510372,4.958457562902068,2.550922154443553,1.1024972980636296,0.922840262129516,3.9194348562397505,53.12070707550022,0.4607862073694182,52.360363706977104,53.845363741321066,540.0,0.0,540.0,540.0,0.375,0.0,0.375,0.375,0.3277777777777778,0.0,0.3277777777777778,0.3277777777777778,0.1925925925925926,0.0,0.1925925925925926,0.1925925925925926,70.2,0.0,70.2,70.2,94.9,0.0,94.9,94.9,0.0,0.0,0,0,0.0,0.0,0.0,0.0,1.225,0.0,1.225,1.225,29.29704770729858,1.544391927389381,26.993505654236195,31.9822829514165,69.14470256644546,0.3286185427432657,68.6438477066649,69.62678181782319,0.0,0.0,0.0,0.0,0.0,0.0,0.0,0.0,0.0,0.0,0.0,0.0,0.0,0.0,0.0,0.0,0.0,0.0,0.0,0.0,60.9,1.223577891735078,59.2,63.0,user_001,15
2024-01-01 23:00:00,0.0,0.0,0,0,4504.0,0.0,4504,4504,4.202,0.1262559758133113,4.022,4.44,52.7015264523668,1.519703320624512,49.91172390130125,55.36560225033762,56.26165701136854,4.802093713477582,50.07740235269325,64.49198045346004,97.49333333333334,0.37022515671773,97.06,98.18,33.704,0.1317985475749175,33.498,33.932,1.0,0.0,1,1,44.424860954100126,4.967759007983005,34.910086554137045,51.696542120212506,52.266666666666666,4.876571785686373,46,61,57.53333333333333,9.742005269279352,42.6,77.1,43.24666666666667,13.69785523705219,19.2,69.2,97.44,0.9440036319542788,95.7,98.9,33.688,0.4800029761812495,32.83,34.69,4.186,0.7747239139571868,3.31,5.76,52.78860935145076,0.6976886822886588,51.61619904879469,53.684517290177,51.228378351215206,0.5480899722070992,50.24354623445156,51.82872257634492,-0.2174298928500647,1.8847772627161423,-2.644180696167119,3.362758699566257,50.25684836141202,0.0,50.25684836141202,50.25684836141202,3.737786003244394,0.7057845803843629,2.72119767709166,4.764974438547323,3.4435059132196413,1.3998012855362258,1.6768476987885297,6.4458760119254555,54.29524119695474,0.6539336219414715,53.50601122948748,55.31426685038685,540.0,0.0,540.0,540.0,0.375,0.0,0.375,0.375,0.3277777777777778,0.0,0.3277777777777778,0.3277777777777778,0.1925925925925926,0.0,0.1925925925925926,0.1925925925925926,70.2,0.0,70.2,70.2,94.9,0.0,94.9,94.9,0.0,0.0,0,0,0.0,0.0,0.0,0.0,1.225,0.0,1.225,1.225,30.197514312081868,4.669052300512509,23.5510664610946,36.54925176736487,68.69100812907513,0.5318460223816589,67.87072972085527,69.80442785117198,0.0,0.0,0.0,0.0,0.0,0.0,0.0,0.0,0.0,0.0,0.0,0.0,0.0,0.0,0.0,0.0,0.0,0.0,0.0,0.0,62.026666666666664,1.837104346778477,59.2,65.0,user_001,15
2024-01-01 23:15:00,0.0,0.0,0,0,4504.0,0.0,4504,4504,4.198533333333334,0.3060228438407514,3.658,4.642,50.08327415824247,1.7594610232665848,47.22544626842699,53.293030234274646,57.535486200931445,3.3960528555014493,51.9509271056192,63.6578184721972,97.56133333333334,0.3091432092243475,97.06,98.14,33.36853333333333,0.1883302064637172,33.008,33.62,1.0,0.0,1,1,47.19106062715513,5.162245141982646,38.623238812366615,54.58724840436319,49.93333333333333,5.105552532945545,43,58,57.74666666666667,10.292845411579185,40.4,74.2,47.78,10.696207605635614,29.7,64.4,97.51333333333334,0.820162585507693,96.6,98.9,33.36666666666667,0.3936217667229504,32.62,33.93,4.231333333333334,0.7214159357686466,3.21,5.45,50.30046892569784,1.0240595465577031,48.50951541717813,51.54857816193292,51.56356641052337,0.097725722317938,51.39240030530463,51.757210033931074,-0.0749704124545691,1.9611348897163567,-2.669084701320251,3.252884409737092,50.25684836141202,0.0,50.25684836141202,50.25684836141202,3.681514028897859,0.4053185576077454,3.1025552138435475,4.54140488585109,3.0647756787756433,0.7487781006706364,2.005519512205876,4.330454307582175,56.26831492145381,0.2819853563985841,55.76728901136901,56.89857160614999,540.0,0.0,540.0,540.0,0.375,0.0,0.375,0.375,0.3277777777777778,0.0,0.3277777777777778,0.3277777777777778,0.1925925925925926,0.0,0.1925925925925926,0.1925925925925926,70.2,0.0,70.2,70.2,94.9,0.0,94.9,94.9,0.0,0.0,0,0,0.0,0.0,0.0,0.0,1.225,0.0,1.225,1.225,25.24345471003691,2.0423921752237613,22.022997373942538,28.626666875614923,72.46232346101205,0.6481814341455711,70.7909232871687,73.40260848231466,0.0,0.0,0.0,0.0,0.0,0.0,0.0,0.0,0.0,0.0,0.0,0.0,0.0,0.0,0.0,0.0,0.0,0.0,0.0,0.0,61.61333333333333,1.1312866673878563,60.0,63.9,user_001,15
2024-01-01 23:30:00,0.0,0.0,0,0,4504.0,0.0,4504,4504,4.018,0.1577810417726321,3.782,4.238,52.476679907462675,1.666385225315978,48.31122566315247,55.22445925316001,54.161769060075365,2.401819038303309,50.321398331895445,58.49686858283106,97.496,0.2739342986922183,97.2,98.04,33.3404,0.2547303336023064,32.926,33.732,1.0,0.0,1,1,44.8112127226576,4.953093180263265,39.434550564274424,58.21970338851619,52.266666666666666,4.574255078568479,45,61,53.21333333333334,8.40916733322005,41.0,70.9,44.22666666666667,12.843312137710686,26.0,70.0,97.56,0.8201045229551086,96.2,99.1,33.321333333333335,0.4062874891127236,32.65,34.0,3.9993333333333334,0.5484844921191829,2.96,5.1,52.48724325593282,0.8836723206446742,50.44178807070721,53.34380479477047,51.33943421410471,0.0794327129399689,51.20372216808789,51.49908915254411,-0.105006620398007,1.6634897513735072,-2.7414864177200116,2.887770373419997,50.25684836141202,0.0,50.25684836141202,50.25684836141202,3.444281414579923,1.000294803687662,1.6873366383629056,4.608744203943793,2.408261848048792,0.6834362334253897,1.3247549052640717,3.2486479438599813,56.88710364119733,0.5929659280260959,55.8486276305034,57.759005829163605,540.0,0.0,540.0,540.0,0.375,0.0,0.375,0.375,0.3277777777777778,0.0,0.3277777777777778,0.3277777777777778,0.1925925925925926,0.0,0.1925925925925926,0.1925925925925926,70.2,0.0,70.2,70.2,94.9,0.0,94.9,94.9,0.0,0.0,0,0,0.0,0.0,0.0,0.0,1.225,0.0,1.225,1.225,30.842129208765627,2.355162699966575,25.785278732019332,34.028890785364915,70.17466198438962,1.264314837172792,67.95023940150705,72.14485836336603,0.0,0.0,0.0,0.0,0.0,0.0,0.0,0.0,0.0,0.0,0.0,0.0,0.0,0.0,0.0,0.0,0.0,0.0,0.0,0.0,61.32,1.5983026711394217,58.2,64.3,user_001,15
2024-01-01 23:45:00,0.0,0.0,0,0,4504.0,0.0,4504,4504,4.181066666666667,0.2068938536222541,3.8680000000000008,4.516,50.18515534183483,1.9593948213375771,45.54081710876832,52.92256059939132,53.228442322602966,6.554654299755953,42.77541659629417,63.29399583122257,97.48666666666666,0.3213068552615925,96.84,97.98,33.68226666666666,0.291698343858041,33.266000000000005,34.12,1.0,0.0,1,1,49.83220470649758,6.393641568174318,38.86870190549762,58.373491469486304,50.8,5.0737419271044075,40,60,54.62,11.283629102123385,36.4,68.0,49.21333333333334,15.87652654827545,24.8,88.1,97.46666666666668,0.82085901579353,95.8,98.3,33.73,0.4253905768316239,33.09,34.48,4.1979999999999995,0.769528612667707,2.92,5.19,49.88001388075602,1.0651712107594626,48.18930522203746,51.6082535808946,51.177652365538286,0.0726369366293606,51.071103808117634,51.330917624648755,0.3074223290825898,1.876711923938848,-2.7704085543841543,4.8197276304105685,50.25684836141202,0.0,50.25684836141202,50.25684836141202,3.2900820549792016,0.5146433912777247,2.0669508623513937,4.2415264959960695,3.6159410169173,0.9755779992884056,2.3482860903435907,5.641929186931428,54.01069181411079,0.745906278475851,53.11306504160301,55.305751753668936,540.0,0.0,540.0,540.0,0.375,0.0,0.375,0.375,0.3277777777777778,0.0,0.3277777777777778,0.3277777777777778,0.1925925925925926,0.0,0.1925925925925926,0.1925925925925926,70.2,0.0,70.2,70.2,94.9,0.0,94.9,94.9,0.0,0.0,0,0,0.0,0.0,0.0,0.0,1.225,0.0,1.225,1.225,31.412561311759443,4.53443495250069,22.84612436221598,38.2493822405781,67.18580595326607,0.9316922784600092,65.66493013241298,68.60111821507441,0.0,0.0,0.0,0.0,0.2666666666666666,0.4577377082170634,0.0,1.0,0.0,0.0,0.0,0.0,0.0,0.0,0.0,0.0,0.2666666666666666,0.4577377082170634,0.0,1.0,59.71333333333334,2.687501937983797,55.9,65.0,user_001,15
2024-01-02 00:00:00,0.0,0.0,0,0,4504.0,0.0,4504,4504,3.9617333333333336,0.2613808022971921,3.506,4.406000000000001,51.62993623395203,2.327956084818707,48.04622211098405,56.04705826712664,56.89793726295856,3.6430628511794256,51.28907266390916,62.48919953854996,97.42533333333334,0.1682628329500664,97.24,97.76,33.50053333333333,0.1938282990788758,33.144,33.791999999999994,1.0,0.0,1,1,45.201828057274504,6.084777432209049,36.61246793699842,55.64415402041067,51.86666666666667,4.897035060212698,43,63,56.266666666666666,7.920197207741978,47.7,73.0,46.233333333333334,11.590307937895268,32.1,66.3,97.4,0.3565709706956808,96.7,98.0,33.49933333333333,0.6405964482603774,32.5,34.88,3.993333333333333,0.6224567301848226,3.08,5.37,51.342290150381814,1.4533341098252726,49.02294054514694,53.541077453031015,50.88089402267849,0.3368171209878004,50.47130036747365,51.39434596285889,0.118365216357318,1.704185877338506,-3.1404998122855545,3.476470866436671,50.25684836141202,0.0,50.25684836141202,50.25684836141202,2.5169085963294675,0.6942954298055629,1.4641271407589238,3.4471371990972193,2.5422119261244407,0.935382293987484,1.1655917489028098,4.389281671083253,54.40847767536334,0.2757965389287645,53.912292683115,55.06318979278077,540.0,0.0,540.0,540.0,0.375,0.0,0.375,0.375,0.3092592592592592,0.0,0.3092592592592592,0.3092592592592592,0.187037037037037,0.0,0.187037037037037,0.187037037037037,69.7,0.0,69.7,69.7,94.9,0.0,94.9,94.9,0.0,0.0,0,0,0.0,0.0,0.0,0.0,1.225,0.0,1.225,1.225,26.566523239057044,3.4465087625309687,22.46450479521814,31.947105548363965,71.25393327339134,1.3027415442587602,69.12835131783012,72.89169330465695,0.0,0.0,0.0,0.0,0.0,0.0,0.0,0.0,0.0,0.0,0.0,0.0,0.0,0.0,0.0,0.0,0.0,0.0,0.0,0.0,61.92,1.873194368680716,59.7,65.0,user_001,15
2024-01-02 00:15:00,0.0,0.0,0,0,4504.0,0.0,4504,4504,3.898,0.1790051874747127,3.62,4.288,50.15504828466592,1.8317019679837216,47.2046231397149,52.80385696721002,56.48469328905906,4.886513514913336,47.662064106380235,65.33110027820074,97.54,0.1924280941769476,97.2,97.82,33.55493333333333,0.1956744624065566,33.26,33.878,1.0,0.0,1,1,39.249851513320664,5.039283305400978,28.732431826229774,47.41629377064856,49.53333333333333,4.853079532871983,41,58,56.266666666666666,9.846657639354923,35.7,73.6,38.81333333333334,12.223798022514856,18.5,59.3,97.54666666666668,0.6512259501088995,96.0,98.7,33.53333333333333,0.4753294596783336,32.8,34.35,3.8093333333333335,0.58208328646419,2.65,4.83,50.729773184139695,1.65594513880213,48.093129020665366,53.36071830202068,51.190896026033485,0.1807427264047214,50.89249225930897,51.515934518187265,-0.3108574756662923,1.9551863292763665,-4.566012948250361,3.0656393022855823,50.25684836141202,0.0,50.25684836141202,50.25684836141202,3.5923768743101783,0.6409669730096901,2.6698476286339106,4.681069870669255,3.8330305672124383,1.2333577628410437,1.3822293922334137,6.127093142816225,56.20202771334737,0.8557694546993597,55.01309921832706,57.171342043858616,540.0,0.0,540.0,540.0,0.375,0.0,0.375,0.375,0.3092592592592592,0.0,0.3092592592592592,0.3092592592592592,0.187037037037037,0.0,0.187037037037037,0.187037037037037,69.7,0.0,69.7,69.7,94.9,0.0,94.9,94.9,0.0,0.0,0,0,0.0,0.0,0.0,0.0,1.225,0.0,1.225,1.225,26.783096561896347,5.379593003244253,19.29123548745159,34.85937036284629,70.04441733869322,1.2485182414732705,68.09128470784668,71.58129234522882,0.0,0.0,0.0,0.0,0.0,0.0,0.0,0.0,0.0,0.0,0.0,0.0,0.0,0.0,0.0,0.0,0.0,0.0,0.0,0.0,61.07333333333334,1.117693202644667,59.1,63.2,user_001,15
2024-01-02 00:30:00,0.0,0.0,0,0,4504.0,0.0,4504,4504,3.9248,0.1374789334511186,3.742,4.196,49.89517828005009,1.1259399387115288,48.0807976587375,52.09801412110742,55.04406387815434,2.149497796419239,52.16246279673506,59.41028316664824,97.70133333333334,0.3281521133922641,97.16,98.32,33.407466666666664,0.2213058215833148,33.14,33.962,1.0,0.0,1,1,45.248369707954424,2.6520198999595537,40.85374771184539,51.72093235165212,50.0,3.6645015252516178,45,58,54.99333333333333,7.03303091202675,46.8,72.9,45.49333333333333,8.872305761402135,29.1,64.3,97.7,0.7502380574571916,96.4,98.8,33.42066666666667,0.5654260930189433,32.26,34.33,3.972666666666667,0.3530776253514368,3.34,4.7,49.8085327136321,0.4957081766853872,49.20026836663119,50.84518571465553,50.533428308037905,0.2273870602278825,50.025113282358,50.85055039509487,0.0524108599749572,1.4162865265295406,-1.896705935501494,2.9509929394462944,50.25684836141202,0.0,50.25684836141202,50.25684836141202,2.4729672557267848,0.6119431804244424,1.8388330017217993,3.467816399818088,1.9709796942519664,0.5751884290879447,1.1929273019403075,2.7864307146563396,55.93314711454251,0.2515568724636981,55.619473664175935,56.46087685067255,540.0,0.0,540.0,540.0,0.375,0.0,0.375,0.375,0.3092592592592592,0.0,0.3092592592592592,0.3092592592592592,0.187037037037037,0.0,0.187037037037037,0.187037037037037,69.7,0.0,69.7,69.7,94.9,0.0,94.9,94.9,0.0,0.0,0,0,0.0,0.0,0.0,0.0,1.225,0.0,1.225,1.225,27.42952979370053,1.2000148349990425,25.971874714247495,29.417300904678417,71.55532838120784,0.9469701369991844,70.38030636179312,72.98286922929836,0.0,0.0,0.0,0.0,0.0,0.0,0.0,0.0,0.0,0.0,0.0,0.0,0.0,0.0,0.0,0.0,0.0,0.0,0.0,0.0,60.65333333333333,0.8659154253213899,59.0,62.6,user_001,15
2024-01-02 00:45:00,0.0,0.0,0,0,4504.0,0.0,4504,4504,4.3956,0.4752738759314016,3.464,5.026000000000001,51.55417409390234,3.8354294136785985,44.705449799383906,56.744489429758005,56.93497855215216,4.625937295205623,47.41084006408189,64.72408521627638,96.98,0.3487938400504531,96.64,97.7,33.26466666666666,0.1205953485638579,33.104,33.525999999999996,1.0,0.0,1,1,45.63183064131112,3.8286579101490914,38.87580216781503,50.05813032662584,52.06666666666667,6.933012813104176,41,62,57.03333333333333,12.50140944434819,34.5,73.0,46.06666666666667,10.48847439993516,26.5,60.1,96.97333333333331,0.497804704487141,96.2,97.7,33.23466666666666,0.2892568474721455,32.79,33.72,4.386666666666667,0.7810036278191458,2.93,5.6,50.91996750600076,2.764047499023436,47.16027726483336,55.80402692473681,49.89339161271757,0.4314660539167672,49.30371364893129,50.72467618697621,0.2562462863821617,2.3061393237498873,-3.293631024306898,4.673266696387564,50.25684836141202,0.0,50.25684836141202,50.25684836141202,4.402450596296971,1.226017782424455,2.5553645005414336,6.24439319826162,3.711906126000339,1.424177219780865,1.7180574156886854,6.640681095077259,56.356869871349346,0.468303393965532,55.887363500182246,57.15816233748456,540.0,0.0,540.0,540.0,0.375,0.0,0.375,0.375,0.3092592592592592,0.0,0.3092592592592592,0.3092592592592592,0.187037037037037,0.0,0.187037037037037,0.187037037037037,69.7,0.0,69.7,69.7,94.9,0.0,94.9,94.9,0.0,0.0,0,0,0.0,0.0,0.0,0.0,1.225,0.0,1.225,1.225,26.714645206055252,4.444642220724863,19.640006496041917,31.875139846654747,71.71530320295138,0.4962702352038498,70.85647163032233,72.51961146489595,0.1333333333333333,0.3518657752744983,0.0,1.0,0.0666666666666666,0.2581988897471611,0.0,1.0,0.0,0.0,0.0,0.0,0.0,0.0,0.0,0.0,0.2,0.4140393356054125,0.0,1.0,61.419999999999995,2.386928690059374,57.6,65.1,user_001,15
2024-01-02 01:00:00,0.0,0.0,0,0,4504.0,0.0,4504,4504,4.063733333333333,0.1152311135232559,3.854,4.231999999999999,50.24412466004383,2.151588699859884,46.001148432177025,54.44335593674233,57.92273854149288,3.275119198681694,51.35905362090088,63.52430597054047,97.384,0.5901670465699902,96.32,97.98,33.440666666666665,0.1475759691368026,33.146,33.724000000000004,1.0,0.0,1,1,43.45913364177875,4.553770031054381,36.51476084212602,51.28640167102824,49.266666666666666,4.267261863247182,41,57,57.72666666666667,10.751044246069885,43.2,74.5,43.166666666666664,10.525999556653357,19.5,57.0,97.40666666666668,0.9505386943853582,95.8,98.8,33.498000000000005,0.4208359028681569,32.59,34.3,4.038,0.3880574331572215,3.15,4.55,51.341378790865626,1.9612387621201464,48.34368599324462,55.66935128315788,51.023403574667086,0.1559902563087868,50.81645079131747,51.29296248061751,-0.4887289966885874,1.5626189676455997,-3.0644379792987593,1.9033430310518753,50.25684836141202,0.0,50.25684836141202,50.25684836141202,3.7552392296069494,1.228986572370752,1.8411938536880752,5.292239791179868,3.1151195400845446,1.236006439479398,0.7181268403206922,4.863174256196637,56.817643911332986,0.5228456448848628,56.03701863165035,57.453287820233776,540.0,0.0,540.0,540.0,0.375,0.0,0.375,0.375,0.3092592592592592,0.0,0.3092592592592592,0.3092592592592592,0.187037037037037,0.0,0.187037037037037,0.187037037037037,69.7,0.0,69.7,69.7,94.9,0.0,94.9,94.9,0.0,0.0,0,0,0.0,0.0,0.0,0.0,1.225,0.0,1.225,1.225,25.924620620228115,3.049126816154443,21.958587785360383,31.10499336364245,70.91440107838321,1.0961078234964483,69.22564930931074,72.89475924158242,0.0,0.0,0.0,0.0,0.0,0.0,0.0,0.0,0.0,0.0,0.0,0.0,0.0,0.0,0.0,0.0,0.0,0.0,0.0,0.0,61.4,1.1820079767678628,60.2,64.3,user_001,15
2024-01-02 01:15:00,0.0,0.0,0,0,4504.0,0.0,4504,4504,4.216266666666667,0.2642962263031675,3.802000000000001,4.586,51.59878565037696,2.0654756855007768,47.88939930318978,55.14721479815419,55.017001326758034,4.483044634623929,47.6296593819097,62.84060626839668,97.6,0.5074868048953065,96.9,98.34,33.346133333333334,0.1780424775426455,33.089999999999996,33.608000000000004,1.0,0.0,1,1,45.66428988106949,3.8764155590705984,37.91167409103555,50.57753306401053,51.93333333333333,5.40458359261135,44,59,55.57333333333334,12.567728892835392,39.0,78.6,45.63333333333333,10.503174123409869,24.7,58.1,97.63333333333334,0.8440266301373116,95.7,98.8,33.274,0.3695905069900251,32.39,33.82,4.235333333333333,0.9117868380796238,3.0,5.95,50.96429715286925,1.587102022797917,47.89579066216307,52.511457346725194,51.252581451790576,0.2776950843936118,50.76609958464872,51.6163210243111,0.1672738414781823,2.1229422791919617,-2.921603288478707,3.370200232270065,50.25684836141202,0.0,50.25684836141202,50.25684836141202,4.5607423312632625,0.6510894955146656,3.586374866363099,5.910538197227674,3.7394999165799336,0.8472865581028278,2.524208986232297,5.538539285663358,56.986531815026275,0.4052795462455007,56.37980490118819,57.46590569788168,540.0,0.0,540.0,540.0,0.375,0.0,0.375,0.375,0.3092592592592592,0.0,0.3092592592592592,0.3092592592592592,0.187037037037037,0.0,0.187037037037037,0.187037037037037,69.7,0.0,69.7,69.7,94.9,0.0,94.9,94.9,0.0,0.0,0,0,0.0,0.0,0.0,0.0,1.225,0.0,1.225,1.225,28.8070998618789,4.639280505459639,20.116857153970702,34.28694581820317,71.72941260138796,1.635620899312337,69.05479927994534,73.8089131888444,0.0,0.0,0.0,0.0,0.1333333333333333,0.3518657752744983,0.0,1.0,0.0,0.0,0.0,0.0,0.0,0.0,0.0,0.0,0.1333333333333333,0.3518657752744983,0.0,1.0,61.306666666666665,2.073804876710116,57.6,64.2,user_001,15
2024-01-02 01:30:00,0.0,0.0,0,0,4504.0,0.0,4504,4504,3.826533333333333,0.3305393572128234,3.4120000000000004,4.596,48.59225335245801,2.2138139591064756,44.46929572956028,53.02793947542526,56.96688453084325,3.686175282225557,50.772648205878,63.08653154225737,97.36933333333332,0.3174781582288477,96.84,97.86,33.618,0.1335664628565123,33.312,33.821999999999996,1.0,0.0,1,1,45.05991537131175,4.381858506721169,37.38932107760038,54.35456080034243,48.6,5.590808783811414,40,59,56.059999999999995,8.218689502764848,42.3,71.6,46.17333333333333,12.824110476902852,17.4,62.3,97.35333333333332,0.8314072980423569,96.1,99.1,33.66733333333333,0.5483672735190055,32.79,34.81,3.822,0.7915283588458109,2.65,5.68,48.74456821710801,1.5591908495038889,46.825178324476816,52.34097156448346,50.210124753839054,0.3665438763624852,49.65440080925937,50.7809701034736,0.0038733237709948,2.095029453381678,-3.07626812821276,4.2290453934310435,50.25684836141202,0.0,50.25684836141202,50.25684836141202,2.8856777948884487,1.0495775589827838,1.048034187484066,4.237283894248968,2.597061531647294,1.321858376948601,0.6307092356538369,5.1070010454002395,56.622612489598865,0.2871753075642615,55.99194292880064,56.91079578224657,540.0,0.0,540.0,540.0,0.375,0.0,0.375,0.375,0.3092592592592592,0.0,0.3092592592592592,0.3092592592592592,0.187037037037037,0.0,0.187037037037037,0.187037037037037,69.7,0.0,69.7,69.7,94.9,0.0,94.9,94.9,0.0,0.0,0,0,0.0,0.0,0.0,0.0,1.225,0.0,1.225,1.225,23.32380594807706,3.2030575839473734,18.93318833479403,30.803995544902087,71.62247795040284,1.8138967404927255,69.00624484511222,73.89329698311363,0.0,0.0,0.0,0.0,0.0,0.0,0.0,0.0,0.0,0.0,0.0,0.0,0.0,0.0,0.0,0.0,0.0,0.0,0.0,0.0,60.626666666666665,0.8154461238808983,59.2,62.1,user_001,15
2024-01-02 01:45:00,0.0,0.0,0,0,4504.0,0.0,4504,4504,4.0912,0.2334924899373482,3.774,4.484,50.37992346208112,1.4011286735445312,48.18470095483226,52.81004858383833,52.290601328192224,4.272461995281903,45.20225550914367,60.42603748825939,97.35333333333332,0.1299816836913519,97.1,97.66,33.5108,0.2286267076012174,33.19,33.912,1.0,0.0,1,1,46.94229917258185,6.175377122817854,36.237596031837775,56.45597550896792,50.53333333333333,3.870523528019483,45,57,51.22666666666667,11.069873316262262,38.5,75.0,47.126666666666665,12.559655742931508,26.0,67.4,97.32,0.5709640969448099,96.2,98.4,33.480000000000004,0.5750900550597026,32.09,34.38,4.09,0.6858154687252669,2.57,5.07,50.36871479790562,0.6732578883325685,49.29428834149782,51.32733472883272,49.845701923664166,0.2491417668516088,49.44579927757101,50.18590188983388,0.0767049356261078,1.470453680258187,-1.8669569852271837,2.4610896490645473,50.25684836141202,0.0,50.25684836141202,50.25684836141202,3.7752722884264633,0.8835069387668772,1.9976291502653951,4.9812731555593945,3.187535469598997,0.8381306518549401,1.264103671084554,4.058877545439591,55.31820444434883,0.2974638853755418,54.62874292951774,55.675757387122374,540.0,0.0,540.0,540.0,0.375,0.0,0.375,0.375,0.3092592592592592,0.0,0.3092592592592592,0.3092592592592592,0.187037037037037,0.0,0.187037037037037,0.187037037037037,69.7,0.0,69.7,69.7,94.9,0.0,94.9,94.9,0.0,0.0,0,0,0.0,0.0,0.0,0.0,1.225,0.0,1.225,1.225,30.695058846145415,2.501640124022039,26.71691984725531,35.505634429071364,69.72837347913176,1.526368387033158,67.42434044864116,72.3488879683655,0.0,0.0,0.0,0.0,0.1333333333333333,0.3518657752744984,0.0,1.0,0.0,0.0,0.0,0.0,0.0,0.0,0.0,0.0,0.1333333333333333,0.3518657752744984,0.0,1.0,59.5,1.2789504625724504,57.1,61.0,user_001,15
2024-01-02 02:00:00,0.0,0.0,0,0,4504.0,0.0,4504,4504,3.9653333333333336,0.2361569292612335,3.4620000000000006,4.3420000000000005,50.15184006688957,1.3916000227135532,46.682038657159694,52.22973348571651,51.983896310080546,3.9592667104516255,42.468170339429115,55.703033237503824,97.568,0.2628198731342174,97.16,98.0,33.31693333333333,0.1600408281241543,33.056000000000004,33.658,1.0,0.0,1,1,49.64211112195657,4.344954132376622,42.47034627239224,56.52487800398575,50.06666666666667,4.802776974487434,40,56,53.2,10.587526353483817,37.0,69.9,48.873333333333335,13.38092814774962,21.8,70.9,97.52,0.8570714255949904,95.9,98.9,33.33,0.4467022018558416,32.7,34.2,3.996,0.7096961120286425,2.71,4.87,50.33297817642123,0.5326063385937062,49.71591797217245,51.180922068577274,49.99380533014901,0.3493736412988043,49.5129478270686,50.47310976604038,-0.0425867001114497,1.8811434866997323,-3.34101932857984,3.1059871142801043,50.25684836141202,0.0,50.25684836141202,50.25684836141202,4.03835866708312,0.6726057549362529,2.8007447447024347,5.036313259698373,3.2681250532121795,1.0824504133963933,1.8052010053398957,5.531104158603826,52.70397699249529,0.6451460400053959,51.97815548021127,54.000273064122936,540.0,0.0,540.0,540.0,0.375,0.0,0.375,0.375,0.3092592592592592,0.0,0.3092592592592592,0.3092592592592592,0.187037037037037,0.0,0.187037037037037,0.187037037037037,69.7,0.0,69.7,69.7,94.9,0.0,94.9,94.9,0.0,0.0,0,0,0.0,0.0,0.0,0.0,1.225,0.0,1.225,1.225,32.88535467740517,3.633887621066209,29.102504180496833,40.07414837804027,66.42964038894749,0.464267129745434,65.80597613468287,67.28492568045287,0.0,0.0,0.0,0.0,0.0666666666666666,0.2581988897471611,0.0,1.0,0.0,0.0,0.0,0.0,0.0,0.0,0.0,0.0,0.0666666666666666,0.2581988897471611,0.0,1.0,59.16,1.6395992541733226,56.3,61.3,user_001,15
2024-01-02 02:15:00,0.0,0.0,0,0,4504.0,0.0,4504,4504,4.372533333333333,0.361975110957067,3.818,5.022,50.884022801317094,1.3469586144174663,48.07247998499654,52.963476591592645,60.18544366812205,4.959608655632713,50.682205672624285,67.10797144803814,97.75066666666666,0.2071392446318815,97.42,98.08,33.3784,0.1585689575097037,33.174,33.71,1.0,0.0,1,1,37.62956905525355,6.635510758452397,26.27129622749448,45.56562476779388,50.93333333333333,4.0964560757992245,43,57,59.7,12.194670967270907,35.8,81.1,36.88666666666666,16.964200400787988,4.6,70.9,97.82666666666668,0.8370583412562502,96.3,99.5,33.391333333333336,0.5760935770548133,32.33,34.17,4.3406666666666665,0.723488243232216,2.86,5.38,50.71994347180717,0.9209752578781082,49.62866596042837,52.04607533792249,50.31750448849538,0.1711047414356614,50.068381023676814,50.590345726732494,0.0246552660081178,1.5809056251472298,-2.536239992498267,2.975840005001146,50.25684836141202,0.0,50.25684836141202,50.25684836141202,3.715593173832496,0.8138809820622945,2.7317241009101867,5.2743783884123605,3.3855815605260857,1.465854203718618,1.8514796243138192,6.259232874799836,54.11212162178246,1.2539814274974594,52.42483254609092,56.08466998910129,540.0,0.0,540.0,540.0,0.375,0.0,0.375,0.375,0.3092592592592592,0.0,0.3092592592592592,0.3092592592592592,0.187037037037037,0.0,0.187037037037037,0.187037037037037,69.7,0.0,69.7,69.7,94.9,0.0,94.9,94.9,0.0,0.0,0,0,0.0,0.0,0.0,0.0,1.225,0.0,1.225,1.225,22.776169019346025,3.6604555016229128,17.262994526785224,28.670532655755903,71.9823780446794,2.3464163948768837,68.3257674353137,74.95990601592753,0.0,0.0,0.0,0.0,0.0,0.0,0.0,0.0,0.0,0.0,0.0,0.0,0.0,0.0,0.0,0.0,0.0,0.0,0.0,0.0,63.126666666666665,1.9140333877766615,59.6,65.6,user_001,15
2024-01-02 02:30:00,0.0,0.0,0,0,4504.0,0.0,4504,4504,3.8886666666666665,0.1769369002403586,3.558,4.08,50.30801798765255,2.3392496258285775,46.125737313939545,53.76138160232117,53.73585521727314,2.242880680282349,50.71993731461364,57.57990597192046,97.31333333333332,0.523977462256136,96.58,98.22,33.33133333333333,0.2456962894849362,33.056,33.938,1.0,0.0,1,1,44.77751761293055,2.822976604572226,40.12875055482809,50.95250036988539,50.2,6.178303049497375,40,62,54.14,7.994891225919569,37.0,65.5,44.440000000000005,12.65474501633958,23.7,72.6,97.26666666666668,0.8925618559330616,96.3,99.5,33.324,0.6350680503469147,32.15,34.7,3.880666666666667,0.6799313690856356,2.76,4.61,50.32989744243359,1.451980984967173,48.09019894627467,52.64358399528338,50.376254805282464,0.1543860733872278,50.1135018550062,50.6106972583939,-0.0540089938262729,2.3348537054148357,-3.722331453916965,4.119309198839417,50.25684836141202,0.0,50.25684836141202,50.25684836141202,3.1740597844588425,0.9540496350514528,1.7953094648265655,5.144791201058673,2.353257764901271,1.3987696772050986,1.0942080457261711,6.4485089414442065,56.68786940618716,0.2043967242058502,56.3811497143446,57.06979457940292,540.0,0.0,540.0,540.0,0.375,0.0,0.375,0.375,0.3092592592592592,0.0,0.3092592592592592,0.3092592592592592,0.187037037037037,0.0,0.187037037037037,0.187037037037037,69.7,0.0,69.7,69.7,94.9,0.0,94.9,94.9,0.0,0.0,0,0,0.0,0.0,0.0,0.0,1.225,0.0,1.225,1.225,29.52800104200749,1.0612601822764027,26.556619047032587,30.79592582528044,71.27054046219648,2.1513648931245855,68.62369674923272,74.36873873038748,0.0666666666666666,0.2581988897471611,0.0,1.0,0.0,0.0,0.0,0.0,0.0,0.0,0.0,0.0,0.0,0.0,0.0,0.0,0.0666666666666666,0.2581988897471611,0.0,1.0,59.89333333333333,1.5849590651165848,57.2,63.2,user_001,15
2024-01-02 02:45:00,0.0,0.0,0,0,4504.0,0.0,4504,4504,4.430533333333333,0.2989691495471603,3.832,4.8420000000000005,52.07906044690972,2.086635023460535,48.95313903898864,56.422842279306394,55.13816757451232,4.502604108180488,46.65812892748323,62.15716126962632,97.248,0.2208813514730762,96.94,97.66,33.473333333333336,0.128142034291565,33.21600000000001,33.748000000000005,1.0,0.0,1,1,43.73981893467383,6.167784598187072,34.39656357246628,55.545779628415794,52.53333333333333,5.680375574437544,44,67,55.973333333333336,11.560799939368176,30.5,73.2,43.63333333333333,14.424714241619515,25.5,68.8,97.28666666666666,0.7049484952479714,96.2,98.4,33.48866666666667,0.4572099653123855,32.63,34.02,4.483333333333333,0.6979118514403896,3.32,5.86,51.798521928724405,1.1488989756922745,50.21808513518136,53.901777088725055,50.87144193473827,0.180619447200213,50.54179137410099,51.193539217281135,0.2271364432118034,2.1677228963370716,-2.476569519494319,5.288578860346796,50.25684836141202,0.0,50.25684836141202,50.25684836141202,4.052734355054372,0.5936213720003126,2.539809094305175,5.332992277693635,3.9059809762137254,1.3310861297108276,1.82744010254084,6.604831416025588,55.39848507290731,1.08680533059188,54.085775640758655,57.02621456712485,540.0,0.0,540.0,540.0,0.375,0.0,0.375,0.375,0.3092592592592592,0.0,0.3092592592592592,0.3092592592592592,0.187037037037037,0.0,0.187037037037037,0.187037037037037,69.7,0.0,69.7,69.7,94.9,0.0,94.9,94.9,0.0,0.0,0,0,0.0,0.0,0.0,0.0,1.225,0.0,1.225,1.225,30.11544246291503,2.439629460869809,27.059708673776907,34.76837911347859,68.8529524175492,0.4008373000640116,68.13205532388533,69.42344039704845,0.0666666666666666,0.2581988897471611,0.0,1.0,0.0,0.0,0.0,0.0,0.0,0.0,0.0,0.0,0.0,0.0,0.0,0.0,0.0666666666666666,0.2581988897471611,0.0,1.0,61.08,1.93508951435623,57.4,64.6,user_001,15
2024-01-02 03:00:00,0.0,0.0,0,0,4504.0,0.0,4504,4504,4.412533333333333,0.2449693469648415,4.018,4.918,54.83945077159705,1.7257009241456378,51.391031420954185,57.10193213253416,55.96210987418171,4.1895657356041385,47.46107619142871,61.687421430714586,97.36533333333334,0.1976239815792663,97.04,97.64,33.422266666666665,0.1467765389323258,33.13,33.662,1.0,0.0,1,1,45.103385413271184,5.81264397917357,38.485720700559,56.58977199023388,54.93333333333333,4.479583313955291,47,63,55.99333333333333,12.887672219531938,23.0,77.2,45.14666666666667,15.975779286454976,18.4,85.3,97.33333333333331,0.5639993245521142,96.4,98.6,33.402,0.5665711404076782,32.54,34.58,4.3853333333333335,0.7035711626782192,3.23,5.49,54.66405141008722,1.3785003204917383,52.55634537276668,56.40619180238199,52.5112378144037,0.7005567828322308,51.34013725596521,53.45925560925338,0.0469412808681416,1.6983677874741092,-2.195515710477096,3.4235509005993805,50.25684836141202,0.0,50.25684836141202,50.25684836141202,4.703166975179318,1.38525205264831,3.1937368305572784,6.623621696345953,4.113996835520693,1.5450517075765011,1.58119774619205,6.976980837862123,55.0609163562061,0.3205800540996467,54.54245204170626,55.550138724347015,540.0,0.0,540.0,540.0,0.375,0.0,0.375,0.375,0.3092592592592592,0.0,0.3092592592592592,0.3092592592592592,0.187037037037037,0.0,0.187037037037037,0.187037037037037,69.7,0.0,69.7,69.7,94.9,0.0,94.9,94.9,0.0,0.0,0,0,0.0,0.0,0.0,0.0,1.225,0.0,1.225,1.225,32.25204456123645,2.2966932700240568,30.03061801589368,36.622516933392056,68.41848661559499,0.7373952003259975,67.48178454934558,69.93034251020003,0.0,0.0,0.0,0.0,0.0,0.0,0.0,0.0,0.0,0.0,0.0,0.0,0.0,0.0,0.0,0.0,0.0,0.0,0.0,0.0,62.626666666666665,1.5243109294116517,60.0,65.7,user_001,15
2024-01-02 03:15:00,0.0,0.0,0,0,4504.0,0.0,4504,4504,4.301333333333334,0.2243335102242276,3.948,4.726000000000001,55.0305214970648,2.069113078968369,51.926195515630695,60.35502868218299,54.43103000316962,3.4904812142504658,47.57848565409842,59.76488908258218,97.19333333333331,0.2858237885397875,96.6,97.62,33.558,0.2820942091875384,33.153999999999996,33.95,1.0,0.0,1,1,43.96429557037959,4.187395724338449,35.62828414965066,50.1752448757049,55.86666666666667,5.475486497193869,49,67,52.74666666666667,9.339231129768557,35.7,65.5,44.92666666666666,12.96095602000026,26.3,65.7,97.20666666666666,0.873798494805183,95.4,98.6,33.562,0.5385456606188836,32.83,35.2,4.331333333333333,0.6783790203404696,3.44,5.65,54.563000448508426,0.7395075870389851,53.54284067247595,56.198888149257655,54.21212481887855,0.4227801378039296,53.60617040616892,54.93498613433092,0.4180725848009288,1.888700320172348,-2.618695631945286,3.571956552082064,50.25684836141202,0.0,50.25684836141202,50.25684836141202,3.362489330484847,0.3287475096926788,2.7489036206277837,3.94249686164275,2.789756667722325,0.7934469677825914,2.056980023739936,4.687399096901667,55.615809171422846,0.2529530486766909,55.19656993867566,56.11322409238672,540.0,0.0,540.0,540.0,0.375,0.0,0.375,0.375,0.3092592592592592,0.0,0.3092592592592592,0.3092592592592592,0.187037037037037,0.0,0.187037037037037,0.187037037037037,69.7,0.0,69.7,69.7,94.9,0.0,94.9,94.9,0.0,0.0,0,0,0.0,0.0,0.0,0.0,1.225,0.0,1.225,1.225,32.80242815199081,2.8952939414040015,28.742276404168543,37.17017911094183,67.62337299478695,0.5273168160046858,66.33859192304934,68.40131878143602,0.0666666666666666,0.2581988897471611,0.0,1.0,0.0,0.0,0.0,0.0,0.0,0.0,0.0,0.0,0.0,0.0,0.0,0.0,0.0666666666666666,0.2581988897471611,0.0,1.0,62.14666666666667,1.0729576390697315,60.3,64.6,user_001,15
2024-01-02 03:30:00,0.0,0.0,0,0,4504.0,0.0,4504,4504,4.2668,0.2364690254557663,3.890000000000001,4.776,55.412995591121735,2.1749033566426608,51.38634262315495,59.236685788122,48.431739244283705,2.8426305635933646,45.07081355536667,54.48566198295594,97.29466666666669,0.2535988583420376,96.84,97.74,33.300266666666666,0.1962838566488666,33.007999999999996,33.588,1.0,0.0,1,1,50.6333285341699,3.5818045795166764,42.89318027932227,57.6096556284751,54.6,4.792851820307881,43,60,49.03333333333333,7.224429455145988,36.8,61.1,50.666666666666664,11.275236245017323,27.4,64.9,97.27333333333333,0.8803137968658558,95.5,98.8,33.312666666666665,0.4357008584972462,32.54,34.17,4.259333333333333,0.5670407728684402,3.2,5.35,56.04260920491691,1.388993850378217,54.0793191123808,58.37744834052078,55.363985900920575,0.1177082520011365,55.12332408955395,55.55505898949746,-0.4064977955608683,1.8790741423764457,-4.289756967366223,2.8712191256150135,50.25684836141202,0.0,50.25684836141202,50.25684836141202,2.772189773023422,0.6150884160954776,1.6011227590251331,3.564243776339302,2.6515203320358807,1.2531254197417196,1.2617855340928832,5.600409684917787,53.152469153104306,1.190639637429794,51.43138462372666,54.88215773689488,540.0,0.0,540.0,540.0,0.375,0.0,0.375,0.375,0.3092592592592592,0.0,0.3092592592592592,0.3092592592592592,0.187037037037037,0.0,0.187037037037037,0.187037037037037,69.7,0.0,69.7,69.7,94.9,0.0,94.9,94.9,0.0,0.0,0,0,0.0,0.0,0.0,0.0,1.225,0.0,1.225,1.225,42.43473312386895,2.0289629274738603,38.303001569843744,44.54898104878181,62.16274727443127,1.884185670653008,59.47567136864261,65.332015288608,0.0,0.0,0.0,0.0,0.0,0.0,0.0,0.0,0.0,0.0,0.0,0.0,0.0,0.0,0.0,0.0,0.0,0.0,0.0,0.0,59.68666666666666,1.1166702203212806,58.2,61.8,user_001,15
2024-01-02 03:45:00,0.0,0.0,0,0,4504.0,0.0,4504,4504,4.299866666666667,0.3294319497617218,3.756,4.8020000000000005,54.48892750085633,1.913233765779749,51.6883031862709,58.13590823852127,53.595834104871074,3.4761252755606473,47.271685535437534,60.924667169971435,97.74533333333332,0.329715606170499,97.18,98.28,33.46693333333334,0.1134217582216711,33.342,33.792,1.0,0.0,1,1,48.39868282669481,4.6913080589500895,37.32916809036574,53.87174229996586,54.733333333333334,4.366539438350085,49,62,52.95333333333333,8.683224110454653,39.9,68.7,48.96,11.035643550397438,27.1,70.0,97.76666666666668,0.7527726527090832,96.1,99.2,33.464666666666666,0.370248307928354,32.86,34.32,4.274666666666667,0.7706200348389849,3.28,5.63,53.955379616841896,1.0809820570605064,52.76858627216924,56.41397198606658,55.06499515530278,0.1293230996423477,54.85600469311465,55.265226019597,0.1222029162385032,1.5819485949807175,-2.0453027461737534,3.437232271243033,50.25684836141202,0.0,50.25684836141202,50.25684836141202,2.996026766327828,0.6407311775220697,2.0574845329711007,4.032553564576351,2.7004328641738007,1.01370769324596,1.402559669750188,4.9384146357383285,51.23390194877546,0.2199112427994341,50.977447295919006,51.594851340108114,540.0,0.0,540.0,540.0,0.375,0.0,0.375,0.375,0.3092592592592592,0.0,0.3092592592592592,0.3092592592592592,0.187037037037037,0.0,0.187037037037037,0.187037037037037,69.7,0.0,69.7,69.7,94.9,0.0,94.9,94.9,0.0,0.0,0,0,0.0,0.0,0.0,0.0,1.225,0.0,1.225,1.225,33.713307670427,2.6315434454583904,30.14391442842749,38.49778951154975,64.36114233781875,2.1228786388656244,60.70448497826541,66.94664751172914,0.0,0.0,0.0,0.0,0.0,0.0,0.0,0.0,0.0,0.0,0.0,0.0,0.0,0.0,0.0,0.0,0.0,0.0,0.0,0.0,62.06666666666667,1.283225103661343,60.2,64.2,user_001,15
2024-01-02 04:00:00,0.0,0.0,0,0,4504.0,0.0,4504,4504,4.704,0.1924177004035009,4.35,5.0280000000000005,56.76386132010018,0.9619372798933647,54.71563529117333,58.31370258109136,49.79856200698411,1.9433954343623532,46.084203121611125,53.125491769101046,97.37333333333332,0.3292994006039077,96.94,98.02,33.7068,0.1645093136746753,33.486000000000004,34.066,1.0,0.0,1,1,49.13314749470919,4.893464774805151,40.68717592690441,58.52133303288999,56.8,3.6878177829171546,50,63,49.86666666666667,5.381670832778697,39.7,58.6,49.20666666666667,13.08087298674053,32.3,77.9,97.41333333333334,0.9257172251569996,95.7,98.8,33.68933333333334,0.4779340460575619,33.04,34.74,4.679333333333333,0.5962318181314888,3.79,5.71,56.82468423176422,0.4453854405649449,56.14998808046967,57.51489055762845,55.07660895140143,0.2742701132851482,54.783000951897975,55.626394410478255,0.0180693399499091,1.4557712330788235,-2.7712341936971256,2.7614549029422264,50.25684836141202,0.0,50.25684836141202,50.25684836141202,2.0893595796706785,0.5165135549808368,1.212177715092359,2.85875902347228,1.781586800304092,0.6261750299484041,1.0409618015243265,3.2264059762858293,51.45221181581997,0.4284345587805446,50.87910189456672,52.031793438755635,540.0,0.0,540.0,540.0,0.375,0.0,0.375,0.375,0.3092592592592592,0.0,0.3092592592592592,0.3092592592592592,0.187037037037037,0.0,0.187037037037037,0.187037037037037,69.7,0.0,69.7,69.7,94.9,0.0,94.9,94.9,0.0,0.0,0,0,0.0,0.0,0.0,0.0,1.225,0.0,1.225,1.225,41.5070416530219,1.2917277004813084,39.406384733570704,43.71094852354889,62.564111980195726,1.6782215955464517,60.718211101318865,65.69438163147983,0.0,0.0,0.0,0.0,0.0,0.0,0.0,0.0,0.0,0.0,0.0,0.0,0.0,0.0,0.0,0.0,0.0,0.0,0.0,0.0,60.98,0.9166709956607728,59.0,62.5,user_001,15
2024-01-02 04:15:00,0.0,0.0,0,0,4504.0,0.0,4504,4504,4.576666666666667,0.2089315221606852,4.138,4.932,58.64139487008107,1.403461469069147,56.1812283234359,61.36516414847328,51.405713535289586,3.3275820777309417,46.286660836159335,55.92121401829854,97.85866666666668,0.5613996115152844,97.02,98.6,33.54173333333333,0.1035839664003945,33.352,33.742000000000004,1.0,0.0,1,1,46.80534462802219,4.036906905505417,40.93741472112465,53.424943147416435,58.733333333333334,4.415341220702891,52,67,52.32,12.759489465827832,27.4,69.5,45.3,15.03267868915679,27.4,78.4,97.8,0.8451542547285227,96.6,99.3,33.531333333333336,0.4100499388866596,32.89,34.27,4.567333333333334,0.6868506457184194,3.48,5.96,58.33417896983883,0.9734963924240428,57.05298970306219,59.82562044159827,56.83872439760725,0.6643118045505576,55.81759627365216,57.702628095090624,0.045969231626131,1.7273398679692216,-2.63592124257692,3.5461181361346235,50.25684836141202,0.0,50.25684836141202,50.25684836141202,4.140455221462796,1.584876667715023,1.5243549451282334,6.077711264100515,2.8478349754303864,1.010764947665116,1.1849926703585696,4.23693710550023,50.792008037972096,0.504243385118639,50.274809985057914,51.72924314839618,540.0,0.0,540.0,540.0,0.375,0.0,0.375,0.375,0.3092592592592592,0.0,0.3092592592592592,0.3092592592592592,0.187037037037037,0.0,0.187037037037037,0.187037037037037,69.7,0.0,69.7,69.7,94.9,0.0,94.9,94.9,0.0,0.0,0,0,0.0,0.0,0.0,0.0,1.225,0.0,1.225,1.225,42.13474072618722,0.9925577522419036,39.774802260447714,43.463617090179255,60.728168518727855,0.2317127677762638,60.48606793941112,61.18588662321718,0.0,0.0,0.0,0.0,0.0,0.0,0.0,0.0,0.0,0.0,0.0,0.0,0.0,0.0,0.0,0.0,0.0,0.0,0.0,0.0,62.82,0.8221921916437791,61.6,64.3,user_001,15
2024-01-02 04:30:00,0.0,0.0,0,0,4504.0,0.0,4504,4504,4.584933333333334,0.1471614597579656,4.162,4.81,57.3079963577553,1.412718680267442,54.015165649181675,59.11181707423509,48.045136980895094,3.6909635976898256,41.99052620879539,56.82641264558984,97.56933333333332,0.204501717305628,97.22,97.92,33.46293333333333,0.1175776136774991,33.21,33.629999999999995,1.0,0.0,1,1,50.8803268425094,4.938424260668705,42.322205377012274,60.624482070533865,57.266666666666666,4.366539438350084,46,63,46.89333333333333,11.02694535261347,28.4,65.8,52.193333333333335,15.502233326048156,22.5,75.0,97.62,0.5671986298593156,96.7,98.6,33.49,0.4433315431399588,32.86,34.37,4.622,0.4844761530324716,3.26,5.44,57.43567372691293,1.007746889671201,55.79802457278354,59.21499864936245,57.80594655304522,0.0738864790099689,57.72903730875967,57.97469561391819,-0.0206648455443148,1.6849088571323227,-4.007582824590827,2.328278116939444,50.25684836141202,0.0,50.25684836141202,50.25684836141202,4.451651637542181,1.215576413423057,2.878135962089767,6.248288806596855,3.286039598390139,0.9395509174391812,1.4134735986243756,5.091621870112509,50.42289500173926,0.4847278077310445,49.72542525809233,51.08520131490475,540.0,0.0,540.0,540.0,0.375,0.0,0.375,0.375,0.3092592592592592,0.0,0.3092592592592592,0.3092592592592592,0.187037037037037,0.0,0.187037037037037,0.187037037037037,69.7,0.0,69.7,69.7,94.9,0.0,94.9,94.9,0.0,0.0,0,0,0.0,0.0,0.0,0.0,1.225,0.0,1.225,1.225,43.470773256976734,2.7943535870915532,38.527813640275745,46.83559597258744,60.55712699634331,0.9560925625550404,58.70688351512104,61.67646836894956,0.0,0.0,0.0,0.0,0.1333333333333333,0.3518657752744983,0.0,1.0,0.0,0.0,0.0,0.0,0.0,0.0,0.0,0.0,0.1333333333333333,0.3518657752744983,0.0,1.0,60.8,1.246709955958368,59.1,64.3,user_001,15
2024-01-02 04:45:00,0.0,0.0,0,0,4504.0,0.0,4504,4504,4.542933333333333,0.1553574066773896,4.343999999999999,4.886,57.4318742064919,2.072930844356612,53.37984837680201,61.03587968827304,52.16627764065398,4.265460602594387,45.20400930676681,56.67826293852071,97.428,0.3144882464303863,96.84,97.98,33.56933333333333,0.2244735640390177,33.124,33.843999999999994,1.0,0.0,1,1,47.86987976273329,5.850010360169225,38.823799571823194,56.352706683946074,57.8,5.143650732421754,49,66,52.059999999999995,9.4663162242312,35.6,67.8,48.306666666666665,11.081997413222345,32.0,67.0,97.4,0.8237544710479119,96.4,99.4,33.583333333333336,0.5131508642921775,32.68,34.21,4.514666666666667,0.5292159519605619,3.55,5.25,57.58573488628903,1.2808203170969013,55.39290006254352,59.0365034123645,57.865079155350394,0.2979759810131509,57.28823625651873,58.182232079502654,0.1840628967540562,1.8948769906739211,-3.0523294239022434,3.2489225829328916,50.25684836141202,0.0,50.25684836141202,50.25684836141202,3.190408444371984,0.8451252071674539,1.9178306997626744,4.381458110242496,3.035273466042127,1.5359771705868936,1.3960167508003642,6.076450539919552,50.58307350408682,0.4049673019638636,49.82917239428378,51.08527025345781,540.0,0.0,540.0,540.0,0.375,0.0,0.375,0.375,0.3092592592592592,0.0,0.3092592592592592,0.3092592592592592,0.187037037037037,0.0,0.187037037037037,0.187037037037037,69.7,0.0,69.7,69.7,94.9,0.0,94.9,94.9,0.0,0.0,0,0,0.0,0.0,0.0,0.0,1.225,0.0,1.225,1.225,39.83646237223766,2.690073010446851,37.23579933534239,44.98306072218829,60.9545324811218,1.4718118033203675,58.50450692906967,62.73407221854131,0.0,0.0,0.0,0.0,0.0,0.0,0.0,0.0,0.0,0.0,0.0,0.0,0.0,0.0,0.0,0.0,0.0,0.0,0.0,0.0,62.18666666666666,1.81378320750015,58.1,64.3,user_001,15
2024-01-02 05:00:00,0.0,0.0,0,0,4504.0,0.0,4504,4504,5.071866666666667,0.1898457519245808,4.803999999999999,5.482000000000001,60.32576937885688,1.93155002854162,56.33832673906155,63.525279116499064,53.49383144135849,2.680036741390863,49.92082686464003,58.80041024486716,97.67333333333332,0.6913203378491137,96.76,98.74,33.660266666666665,0.1232717478156448,33.398,33.822,1.0,0.0,1,1,45.48162002072575,4.205556323074465,39.89756062704773,51.231707084698485,60.2,5.440588203494175,47,66,54.8,7.961065973132707,40.3,68.1,44.693333333333335,11.898047058636294,23.9,73.9,97.72,1.0604581220262512,96.3,99.8,33.636,0.4542151787109593,33.15,35.06,5.093333333333334,0.5759670956210045,3.84,5.74,60.14338340340167,1.6123896239154358,56.57462225001935,62.222923669766296,58.338815131926566,0.552562600750011,57.39106796586018,58.91068236685069,-0.0628846894284355,2.062020177177126,-5.508426372166355,2.2205577536461547,50.25684836141202,0.0,50.25684836141202,50.25684836141202,3.14801997541823,0.6020851472490858,1.5100317570520292,3.7423890011505097,2.730129988117146,0.6603314101820441,1.5967356936505144,3.674323706728239,51.18364259152466,0.927822621127886,49.87936042940524,52.830054541006234,540.0,0.0,540.0,540.0,0.375,0.0,0.375,0.375,0.3092592592592592,0.0,0.3092592592592592,0.3092592592592592,0.187037037037037,0.0,0.187037037037037,0.187037037037037,69.7,0.0,69.7,69.7,94.9,0.0,94.9,94.9,0.0,0.0,0,0,0.0,0.0,0.0,0.0,1.225,0.0,1.225,1.225,42.53349352544831,1.9954088757164157,37.370266416558366,44.72732784917038,61.066609229067495,0.7237533631178238,60.03158730882777,62.30102361674017,0.0,0.0,0.0,0.0,0.0,0.0,0.0,0.0,0.0,0.0,0.0,0.0,0.0,0.0,0.0,0.0,0.0,0.0,0.0,0.0,63.98666666666667,1.1031556467481731,62.0,66.0,user_001,15
2024-01-02 05:15:00,0.0,0.0,0,0,4504.0,0.0,4504,4504,5.037599999999999,0.3528862220522158,4.497999999999999,5.598000000000001,62.53601265083627,2.2807774362418822,58.63387240789325,66.56346859743937,48.89147011374017,4.0626384150396,41.456503695354655,56.464247643526846,97.57333333333332,0.1896864580853076,97.28,98.04,33.4404,0.28340702683092,32.894,33.884,1.0,0.0,1,1,50.578892410284105,4.913195954884423,42.65291529362431,57.43226832014915,63.0,5.099019513592781,53,71,49.086666666666666,10.5769875988708,30.9,64.6,49.66,12.363009342389097,31.6,73.7,97.51333333333334,0.6642575518863848,96.0,98.6,33.404666666666664,0.6162196578061009,32.0,34.32,5.05,0.6357447825750745,4.21,6.04,62.02956669991399,1.999533681828888,59.05770523301104,65.25495485588726,60.19083521482149,0.8146513459799678,58.97477008400515,61.43089101484657,0.231993674581867,1.9539299937737695,-3.7131064588799063,4.122042530702252,50.25684836141202,0.0,50.25684836141202,50.25684836141202,3.4946532573983604,1.5167897645712405,1.0655966176993317,5.665260252278281,3.493923580642949,1.67879194355909,0.9481615657920766,6.318983857677884,51.21209827957203,0.7460353664913155,50.36675289467682,52.714480805115265,540.0,0.0,540.0,540.0,0.375,0.0,0.375,0.375,0.3092592592592592,0.0,0.3092592592592592,0.3092592592592592,0.187037037037037,0.0,0.187037037037037,0.187037037037037,69.7,0.0,69.7,69.7,94.9,0.0,94.9,94.9,0.0,0.0,0,0,0.0,0.0,0.0,0.0,1.225,0.0,1.225,1.225,48.43842087979296,4.762254689510978,38.79491444947894,54.41639608906237,58.515962546823474,1.9223587938198996,55.99657882229498,61.78816790382974,0.0,0.0,0.0,0.0,0.0666666666666666,0.2581988897471611,0.0,1.0,0.0,0.0,0.0,0.0,0.0,0.0,0.0,0.0,0.0666666666666666,0.2581988897471611,0.0,1.0,63.03333333333333,1.4548768561863454,59.1,65.0,user_001,15
2024-01-02 05:30:00,0.0,0.0,0,0,4504.0,0.0,4504,4504,4.748133333333333,0.1849949291454332,4.522,5.0840000000000005,59.40139705850367,2.2283238187853667,56.18870126348105,64.12835093841586,50.761972258887305,4.511662783856525,43.01127532921233,56.94458135413737,97.02666666666669,0.3379489958699773,96.3,97.52,33.3852,0.3302118800320233,33.056,33.980000000000004,1.0,0.0,1,1,51.955675647385554,5.670788647016765,41.40194352908287,61.758408598337354,59.06666666666667,4.14843630896315,53,69,50.49333333333333,13.493462261759351,26.1,78.5,52.8,15.134681081164922,19.8,76.3,96.98,0.7002040518918075,95.7,98.3,33.44733333333333,0.6982372362565873,32.08,34.71,4.802666666666667,0.5979902849983275,4.02,5.95,59.86285140847008,2.0026203785664007,57.43519958243125,62.40045582225416,61.321624821356885,0.327677692853139,60.85458592300743,61.71408166999352,-0.167365195918498,1.481860501306877,-2.1237877470040303,2.603766245506314,50.25684836141202,0.0,50.25684836141202,50.25684836141202,4.6284230575538405,1.2149573251870454,2.8635116348705174,6.107359717826817,4.091806513833251,1.1433461536182046,2.1357226689839486,6.332693602977052,50.70256838994252,0.4564126255139514,49.82672118631374,51.35398940725511,540.0,0.0,540.0,540.0,0.375,0.0,0.375,0.375,0.3092592592592592,0.0,0.3092592592592592,0.3092592592592592,0.187037037037037,0.0,0.187037037037037,0.187037037037037,69.7,0.0,69.7,69.7,94.9,0.0,94.9,94.9,0.0,0.0,0,0,0.0,0.0,0.0,0.0,1.225,0.0,1.225,1.225,43.13441423405133,2.767893896497386,38.16772776627666,47.76358249158325,58.57124050586467,1.6426426098403537,56.30541453442768,60.6342488391166,0.0,0.0,0.0,0.0,0.0,0.0,0.0,0.0,0.0,0.0,0.0,0.0,0.0,0.0,0.0,0.0,0.0,0.0,0.0,0.0,62.10666666666667,1.8648886089548489,58.0,65.4,user_001,15
2024-01-02 05:45:00,0.0,0.0,0,0,4504.0,0.0,4504,4504,4.558000000000001,0.473063571686875,3.982,5.6240000000000006,59.52438517527128,1.4417803504458535,57.352207781772165,61.71154721615253,55.228645187189464,3.733061621949293,50.4950882141624,61.5628016894436,97.432,0.2729521151097008,96.84,97.84,33.54306666666667,0.1781201306769711,33.322,33.926,1.0,0.0,1,1,46.24779390046551,5.442211780497222,35.38454753725411,53.88602337775619,59.733333333333334,4.382867076415141,51,67,54.82,11.51745259533176,41.1,80.0,46.0,15.325468997717495,11.5,66.7,97.44666666666669,0.9782394292566527,95.9,99.5,33.51733333333333,0.6789326356933539,32.46,34.69,4.457333333333334,0.7036381645893486,3.53,6.24,59.25556589977802,0.8562851080023238,57.92894802442409,60.20878753551582,59.954108498371006,0.4799293676814894,59.46289111688748,60.834692125335536,0.1044740790310243,1.671068136685719,-3.5705157387175177,2.6442263919237377,50.25684836141202,0.0,50.25684836141202,50.25684836141202,4.479423449989828,0.6860854131099184,3.427311534413004,5.727419197607339,3.553995695625339,1.0507590311954242,2.042282512931403,5.198337718172148,51.94729943954783,1.14538689506007,49.87892523532027,53.28194462683635,540.0,0.0,540.0,540.0,0.375,0.0,0.375,0.375,0.3092592592592592,0.0,0.3092592592592592,0.3092592592592592,0.187037037037037,0.0,0.187037037037037,0.187037037037037,69.7,0.0,69.7,69.7,94.9,0.0,94.9,94.9,0.0,0.0,0,0,0.0,0.0,0.0,0.0,1.225,0.0,1.225,1.225,38.643404664918165,3.436264799805775,32.92692750154055,45.0520743395953,62.73429951809843,1.3466976201466498,59.86397210121064,64.34131827052848,0.0,0.0,0.0,0.0,0.0,0.0,0.0,0.0,0.0,0.0,0.0,0.0,0.0,0.0,0.0,0.0,0.0,0.0,0.0,0.0,64.26,1.584207778580285,60.6,67.5,user_001,15
2024-01-02 06:00:00,0.0,0.0,0,0,4504.0,0.0,4504,4504,4.895333333333332,0.493820480201729,4.2379999999999995,5.617999999999999,63.27475726107616,2.6557226887387104,58.51729363912195,67.55211510007852,50.45880430559349,5.284950119621462,43.01537675900004,59.95558739726107,97.71866666666666,0.2222568227031415,97.4,98.14,33.41093333333333,0.1685159876546964,32.962,33.608000000000004,1.0,0.0,1,1,50.83535537193625,6.001028481743624,39.77514649346387,59.91172839521935,63.93333333333333,5.897537823613543,55,74,49.46666666666667,9.780933834080807,34.3,69.9,52.54,12.975515404021523,23.1,73.5,97.70666666666666,0.8737984948051875,96.3,99.1,33.43866666666667,0.4700891506127422,32.41,34.34,4.950666666666666,0.8145767232711953,3.31,6.47,62.48300560942172,1.50686536718889,60.563514658721225,65.45413571763807,60.11288709760627,0.6181959319493117,59.58637185570276,61.399571218173726,0.3292880361285829,2.1246968493107703,-2.206955344012215,4.301525713958803,50.25684836141202,0.0,50.25684836141202,50.25684836141202,3.330740183314393,0.5193438568042598,2.5561227434496363,4.189697953185466,3.503769744866731,1.1002805450368016,1.9872440198564496,5.2947125690264105,53.18398897466404,0.3210194117244952,52.63087795098002,53.58298974238142,540.0,0.0,540.0,540.0,0.375,0.0,0.375,0.375,0.3092592592592592,0.0,0.3092592592592592,0.3092592592592592,0.187037037037037,0.0,0.187037037037037,0.187037037037037,69.7,0.0,69.7,69.7,94.9,0.0,94.9,94.9,0.0,0.0,0,0,0.0,0.0,0.0,0.0,1.225,0.0,1.225,1.225,45.83046106059418,5.538901923861017,38.527422201801905,57.2118481244489,60.71973805737953,1.7971069317740984,56.99627919062,63.510532566024786,0.0666666666666666,0.2581988897471611,0.0,1.0,0.0666666666666666,0.2581988897471611,0.0,1.0,0.0,0.0,0.0,0.0,0.0,0.0,0.0,0.0,0.1333333333333333,0.3518657752744984,0.0,1.0,64.10666666666667,1.5059248068245372,60.9,66.4,user_001,15
2024-01-02 06:15:00,0.0,0.0,0,0,4504.0,0.0,4504,4504,5.071066666666667,0.2164490922221888,4.716,5.392,62.98862015385081,1.6502194443629954,60.68210817780104,65.77020755388541,52.68791735283291,2.6604760146319486,47.85130653962974,56.022200428773665,97.34266666666667,0.3155826055922325,96.98,98.06,33.483333333333334,0.1113236380152589,33.288,33.744,1.0,0.0,1,1,47.058479826012366,4.174748244893241,40.643931311304605,53.26076817565305,62.86666666666667,4.085980677296221,54,72,54.02,7.682930988329166,42.7,66.8,45.34,9.448945519399055,31.5,67.0,97.4,0.6480740698407897,96.6,98.4,33.492,0.3447607866332832,32.92,33.94,5.044,0.5928478484641495,3.95,6.08,63.174985655781505,1.3245824935060757,61.20475265559511,65.63609047842537,62.277939890316915,0.4728274744512699,61.621936367671374,63.13168870746349,-0.0609767435920701,1.5620805590668472,-3.3410540889005205,3.1148962230573076,50.25684836141202,0.0,50.25684836141202,50.25684836141202,2.81136212800241,0.8620650651992596,1.688790769043043,4.208070177830967,2.5933464911272446,1.292013703243558,1.3812096542644263,5.507161185193045,52.179159633401554,0.418087521966655,51.48837457715313,52.85026094203876,540.0,0.0,540.0,540.0,0.375,0.0,0.375,0.375,0.3092592592592592,0.0,0.3092592592592592,0.3092592592592592,0.187037037037037,0.0,0.187037037037037,0.187037037037037,69.7,0.0,69.7,69.7,94.9,0.0,94.9,94.9,0.0,0.0,0,0,0.0,0.0,0.0,0.0,1.225,0.0,1.225,1.225,46.4957953933956,4.907313334378628,40.99476941515432,56.7269953630809,57.90067389683267,0.5592785395075793,57.27477964330428,59.31779163873551,0.0,0.0,0.0,0.0,0.0,0.0,0.0,0.0,0.0,0.0,0.0,0.0,0.0,0.0,0.0,0.0,0.0,0.0,0.0,0.0,64.32666666666667,0.971351537561872,62.0,65.9,user_001,15
2024-01-02 06:30:00,0.0,0.0,0,0,4504.0,0.0,4504,4504,5.117066666666667,0.2179198629466038,4.772,5.668,64.10773806710166,1.8684610315508745,60.8031915073175,67.03558288775446,50.793298851902165,4.258523448799959,41.71326568213496,57.72631304877918,97.42,0.3755377097290924,96.76,98.06000000000002,33.571466666666666,0.2009413086545678,33.298,33.962,1.0,0.0,1,1,50.67890069631125,5.932358744421256,41.55472431116737,63.83981244073447,63.86666666666667,3.5429339469401566,55,69,49.89333333333333,12.221846170261015,25.1,71.0,51.92666666666666,17.041523517852617,25.3,83.2,97.37333333333332,0.850602027697918,95.4,98.7,33.554,0.5553994701370987,32.65,34.73,5.155333333333333,0.5827872273660022,3.83,6.45,64.45915915198061,1.4162912575833206,62.29804965942219,66.19589991096825,63.724467946264966,0.3271224987139994,63.154459138308994,64.09390674678592,-0.1205357002174939,1.2305869647729677,-2.9015957536587393,1.2659574428183331,50.25684836141202,0.0,50.25684836141202,50.25684836141202,4.423593068425407,1.0249574533280177,2.3466023263920768,6.279281655910321,3.666289449108226,1.050696841178727,1.9397403898951735,5.343162042652421,51.52125591913498,0.4480407239057262,50.75120351823568,52.191613085198966,540.0,0.0,540.0,540.0,0.375,0.0,0.375,0.375,0.3092592592592592,0.0,0.3092592592592592,0.3092592592592592,0.187037037037037,0.0,0.187037037037037,0.187037037037037,69.7,0.0,69.7,69.7,94.9,0.0,94.9,94.9,0.0,0.0,0,0,0.0,0.0,0.0,0.0,1.225,0.0,1.225,1.225,49.092655233612426,1.849508612301745,46.74408358993809,52.25429584912497,57.51595608417984,1.1565046641936143,55.92705671264907,59.31421664189405,0.0,0.0,0.0,0.0,0.0666666666666666,0.2581988897471611,0.0,1.0,0.0,0.0,0.0,0.0,0.0,0.0,0.0,0.0,0.0666666666666666,0.2581988897471611,0.0,1.0,63.833333333333336,1.315113610880744,61.6,66.2,user_001,15
2024-01-02 06:45:00,0.0,0.0,0,0,4504.0,0.0,4504,4504,5.278533333333333,0.1378373092073544,4.978,5.504,65.32280447755703,1.4682150078128098,61.87470449527259,67.29745713059897,49.976715982858195,2.8887335197708306,45.57087243132752,55.48560443087951,97.59333333333332,0.3133839878001447,97.02,98.24,33.37133333333333,0.1625065566442796,33.15599999999999,33.629999999999995,1.0,0.0,1,1,51.65991832767123,4.1719506581726025,46.10568429005582,58.73198702025794,65.66666666666667,4.820590756130959,59,73,50.04,7.319718964160148,37.1,62.7,51.973333333333336,9.584918709444892,31.3,70.0,97.68,0.9351852375713776,96.2,98.9,33.35066666666667,0.4231424391496599,32.83,34.37,5.196666666666667,0.5226534862283678,4.26,6.07,64.84473014289,1.3864743158687518,61.93203310628146,66.26579057243104,64.2132766006418,0.4208162042796087,63.4765638514286,64.71527127232933,0.1719310945548163,1.895193852148448,-2.709639271923848,3.0417651682424705,50.25684836141202,0.0,50.25684836141202,50.25684836141202,2.5927578154976327,0.5473047524356408,1.652457992192778,3.3780413628809196,2.5525181301447732,1.019187938662538,0.943011641581736,4.533001433909003,50.75230231355387,0.372216242813822,50.36690003365811,51.59040540157836,540.0,0.0,540.0,540.0,0.375,0.0,0.375,0.375,0.3092592592592592,0.0,0.3092592592592592,0.3092592592592592,0.187037037037037,0.0,0.187037037037037,0.187037037037037,69.7,0.0,69.7,69.7,94.9,0.0,94.9,94.9,0.0,0.0,0,0,0.0,0.0,0.0,0.0,1.225,0.0,1.225,1.225,50.41563324179367,1.8062897708319767,46.56094956732514,52.53120819368148,55.77391797873144,0.4248363290729215,55.15746286171643,56.68701609052348,0.0,0.0,0.0,0.0,0.0,0.0,0.0,0.0,0.0,0.0,0.0,0.0,0.0,0.0,0.0,0.0,0.0,0.0,0.0,0.0,63.95333333333333,0.955335892064495,62.2,65.3,user_001,15
2024-01-02 07:00:00,4.866666666666666,1.88477610139267,2,9,4545.666666666667,20.151804834684715,4513,4577,5.672533333333333,0.1711882283447361,5.442,6.016,67.91084956671524,1.599128765943955,65.89573526751343,70.55965141086685,50.28467387534533,2.512139820187721,46.48605855094082,54.42664102271535,97.66133333333332,0.4963562468726675,97.06,98.52,33.312133333333335,0.1960196297264518,33.106,33.688,0.0,0.0,0,0,50.76793760089842,3.68388992523049,45.17608337384226,58.72132468017196,68.53333333333333,5.330058518395818,60,75,50.50666666666667,7.917112268161079,36.7,62.0,49.54666666666667,9.73505203351467,37.8,68.7,97.63333333333334,1.0307186582093824,95.4,99.4,33.346,0.4912055141616971,32.57,34.12,5.739333333333334,0.597404704494684,4.61,6.72,67.55319906554477,0.6966923999732548,66.24171572516475,68.55312897815,65.50201478891465,0.6079993842977801,64.73240307044178,66.61682702213614,0.3112418833090478,2.0504160544468593,-3.199113398640108,2.867257734239928,50.25684836141202,0.0,50.25684836141202,50.25684836141202,3.024160598946618,0.7763015278069033,1.4416438632667663,4.230641006310618,2.2504494435188453,0.5912476117895612,0.8216705929200426,2.9886970863320306,50.13946388732601,0.1891167120881926,49.91815034589043,50.53455974524432,540.0,0.0,540.0,540.0,0.375,0.0,0.375,0.375,0.3092592592592592,0.0,0.3092592592592592,0.3092592592592592,0.187037037037037,0.0,0.187037037037037,0.187037037037037,69.7,0.0,69.7,69.7,94.9,0.0,94.9,94.9,0.8666666666666667,0.5163977794943222,0,2,41.666666666666664,20.151804834685105,9.0,73.0,2.3683333333333336,0.8620711494225213,1.225,4.9,52.974154641185415,1.1228514014229125,50.450182401481584,54.51330607833447,54.61064818824784,0.4821954566308581,53.709753325151226,55.32578054990106,0.0,0.0,0.0,0.0,0.0,0.0,0.0,0.0,0.0,0.0,0.0,0.0,0.0,0.0,0.0,0.0,0.0,0.0,0.0,0.0,62.693333333333335,1.1713646904765578,60.8,64.9,user_001,15
2024-01-02 07:15:00,5.4,2.5298221281347035,2,10,4621.933333333333,23.70794522236555,4581,4658,5.589466666666667,0.2005299645107104,5.236,5.868,68.05687700941976,1.7584634876885767,65.34118866315943,72.03976760724457,51.65098503090728,3.7676464090010935,45.68121542985091,57.158974528580906,97.45333333333332,0.2497617912751145,97.18,98.04,33.31173333333333,0.1918822059295271,33.007999999999996,33.658,0.0,0.0,0,0,45.758978336536224,4.807482669435024,38.37332000400588,53.830264351370936,67.66666666666667,4.623954193215194,60,76,51.766666666666666,8.520954563114786,42.4,69.5,45.78666666666666,14.395429168745924,23.8,68.4,97.46,0.8942674575954815,96.4,99.1,33.300666666666665,0.5529720564712962,32.51,34.21,5.592,0.69599055822824,4.4,6.98,68.1975131123446,0.8621842238379726,67.33378385582196,69.9966164729367,67.57106183120915,0.3050175542446747,66.95566245920186,67.9838632880675,-0.1951051713765413,1.783085808125204,-3.0058914973695607,2.701958074853465,50.25684836141202,0.0,50.25684836141202,50.25684836141202,2.8603903414066254,0.6227306314964682,1.606229854289134,3.576105444976448,2.636996088782362,0.7232542978586016,1.551637556842906,3.9254860246187064,50.93349317457451,0.2885789763657262,50.23490773051229,51.27506778118343,540.0,0.0,540.0,540.0,0.375,0.0,0.375,0.375,0.3092592592592592,0.0,0.3092592592592592,0.3092592592592592,0.187037037037037,0.0,0.187037037037037,0.187037037037037,69.7,0.0,69.7,69.7,94.9,0.0,94.9,94.9,0.9333333333333332,0.7037315505489968,0,2,76.26666666666667,3.899938949461099,68.0,81.0,2.6133333333333337,1.298621063538809,1.225,4.9,52.44469422035828,3.5804374718532705,46.7727599962883,56.45180255916672,54.505553146072934,0.5020137968802734,53.64940669692434,55.20617256939161,0.0666666666666666,0.2581988897471611,0.0,1.0,0.0,0.0,0.0,0.0,0.0,0.0,0.0,0.0,0.0,0.0,0.0,0.0,0.0666666666666666,0.2581988897471611,0.0,1.0,62.8,1.5679832360619907,59.7,65.5,user_001,15
2024-01-02 07:30:00,4.333333333333333,1.4960264830861911,2,7,4692.666666666667,19.215569084419684,4662,4723,5.926,0.3585773477029951,5.402,6.442,69.06125193687886,1.2192359580381318,67.37907336604847,70.76578970566132,50.287753211039664,2.883691440496171,45.97223621738067,56.38129723365978,97.58666666666666,0.4326441405831741,96.86,98.22,33.284,0.2761697200739318,32.972,33.752,0.0,0.0,0,0,52.40795404988907,4.347103176953473,45.945030890710406,58.90655963923931,69.33333333333333,2.9195563916132055,66,76,50.68,9.267624136900306,35.7,65.1,52.21333333333334,13.236576308885631,29.0,75.6,97.62,0.7282071918662385,96.2,98.5,33.252,0.3362014702100955,32.76,33.84,5.9046666666666665,0.5930775264507604,4.92,6.66,68.729051983518,0.9248432669052526,67.64980600295284,70.06434237719188,68.17886206421132,0.222964099778541,67.9846927300328,68.58859670972397,0.1360406982272347,1.0981361439051025,-1.1672701283034712,2.8736422113171756,50.25684836141202,0.0,50.25684836141202,50.25684836141202,3.4599362676039527,0.8049133390689652,1.9281629063973824,4.622457109140032,2.8998932968976288,0.8028022067851863,1.6087205566425384,4.298639047483197,50.80757248873149,0.1313157383101887,50.56708472692174,51.068552968750865,540.0,0.0,540.0,540.0,0.375,0.0,0.375,0.375,0.3092592592592592,0.0,0.3092592592592592,0.3092592592592592,0.187037037037037,0.0,0.187037037037037,0.187037037037037,69.7,0.0,69.7,69.7,94.9,0.0,94.9,94.9,0.8,0.4140393356054125,0,1,70.73333333333333,5.035114790387693,62.0,81.0,2.205,0.5071981861166305,1.225,2.45,54.78781952394818,1.689174450814275,51.5019529765089,57.68803130495885,53.5519914167028,0.8035133068804515,52.63365868089582,55.056004032699306,0.0,0.0,0.0,0.0,0.0,0.0,0.0,0.0,0.0,0.0,0.0,0.0,0.0,0.0,0.0,0.0,0.0,0.0,0.0,0.0,61.70666666666667,1.169533891689129,59.5,63.8,user_001,15
2024-01-02 07:45:00,3.7333333333333334,1.869555587629877,1,8,4752.6,17.54504407029528,4724,4779,5.684266666666667,0.2523929664705604,5.458,6.212,68.04554610583237,2.801190693552268,64.47875245701279,73.1048155428186,49.73113154452945,4.180667610718681,44.62195415415021,56.92233481290568,97.46133333333334,0.3568486407161299,96.92,98.1,33.6036,0.1823359536679439,33.194,33.831999999999994,0.0,0.0,0,0,50.82676533329729,4.201350047603316,42.65342461537386,55.7230847230122,67.6,5.8651513194460705,59,80,49.21333333333334,9.315031375352934,34.1,66.9,50.94666666666667,11.640990794028946,24.8,66.8,97.40666666666668,0.849761871405888,95.9,98.6,33.62466666666667,0.5896471907198501,32.62,34.92,5.673333333333333,0.6615638039272301,4.32,6.68,68.55846118746624,1.6403318348696123,66.37588347119511,71.08561510938787,68.51186650468361,0.1863257439632537,68.23553536918176,68.76279048508592,-0.2227730529161893,2.097866231814898,-4.385898598936095,3.671388342886047,50.25684836141202,0.0,50.25684836141202,50.25684836141202,3.2765176953916875,0.506612458000813,2.5522157611672314,3.97467870122043,2.7747440573472693,0.8888441204421399,0.6931620731692238,4.535153771834133,50.55754578798075,0.5382691673752907,49.935718704200966,51.27440213089188,540.0,0.0,540.0,540.0,0.375,0.0,0.375,0.375,0.3092592592592592,0.0,0.3092592592592592,0.3092592592592592,0.187037037037037,0.0,0.187037037037037,0.187037037037037,69.7,0.0,69.7,69.7,94.9,0.0,94.9,94.9,0.6666666666666666,0.6172133998483676,0,2,59.93333333333333,2.3441924185608323,56.0,64.0,2.1233333333333335,0.9785405799795258,1.225,4.9,54.58841471091811,4.906981770745161,47.24725297240208,62.42059709441297,53.57972994344375,0.6102401427697354,52.695716860191126,54.67902382302672,0.0666666666666666,0.2581988897471611,0.0,1.0,0.0,0.0,0.0,0.0,0.0,0.0,0.0,0.0,0.0,0.0,0.0,0.0,0.0666666666666666,0.2581988897471611,0.0,1.0,62.013333333333335,2.61502981864088,57.6,65.8,user_001,15
2024-01-02 08:00:00,5.133333333333334,1.505545305418162,3,8,4821.533333333334,23.286619906432183,4784,4856,5.9688,0.2183834111962592,5.644,6.311999999999999,70.9067873012764,3.0331627138030086,64.88805901325627,76.03118376031146,47.586597710319296,4.3995579005111,37.76461111247904,52.53334375692514,97.56666666666666,0.2970970660687665,97.0,98.02,33.31173333333333,0.1366724272885808,33.056,33.547999999999995,0.0,0.0,0,0,53.520419909784174,6.078132141227463,40.446481410400345,61.81006856604455,72.2,7.494760074307155,59,85,47.419999999999995,10.694337620575531,22.6,61.9,53.85333333333333,14.392997636086127,22.9,82.1,97.58,0.7350413010747887,96.1,98.3,33.286,0.57642742078129,32.13,34.29,6.037999999999999,0.5975808373290241,5.14,6.98,69.93748484044981,2.3196767330530617,65.9172556474634,72.84474716782151,68.86807542015127,0.3352384122596037,68.42448823645931,69.47616670355438,0.6466063493618037,2.7481439665914222,-4.1788997097725655,4.484408119844261,50.25684836141202,0.0,50.25684836141202,50.25684836141202,3.672741839041054,1.4183283748271427,1.7247468142305036,5.830736474917479,3.4445160724006985,1.9356516344390948,1.4751326634041302,6.835528278325256,49.15585481115913,0.5705054982629588,48.6507105096692,50.20123364938573,540.0,0.0,540.0,540.0,0.375,0.0,0.375,0.375,0.3092592592592592,0.0,0.3092592592592592,0.3092592592592592,0.187037037037037,0.0,0.187037037037037,0.187037037037037,69.7,0.0,69.7,69.7,94.9,0.0,94.9,94.9,0.9333333333333332,0.4577377082170634,0,2,68.93333333333334,6.076496484308161,59.0,77.0,2.45,0.8019507466172721,1.225,4.9,59.26981699411578,3.9188616074864,52.016813218089894,64.14858415614776,50.395119413425,1.2711528375018588,49.11658115528148,53.0455443034108,0.0,0.0,0.0,0.0,0.1333333333333333,0.3518657752744983,0.0,1.0,0.0,0.0,0.0,0.0,0.0,0.0,0.0,0.0,0.1333333333333333,0.3518657752744983,0.0,1.0,59.306666666666665,2.519485964201733,55.0,64.9,user_001,15
2024-01-02 08:15:00,4.066666666666666,1.3870146083619752,1,6,4888.866666666667,17.959743343165353,4861,4917,5.891066666666666,0.1557504719858324,5.624,6.0600000000000005,72.86957576208569,0.8056362950883837,71.75511690724379,74.26541901438252,47.15168456527305,3.975953374034897,43.06098525619532,57.51289856844513,97.65866666666668,0.2163947011057969,97.28,97.94,33.349066666666666,0.1928357801219403,33.016000000000005,33.62,0.0,0.0,0,0,50.92985800657875,3.9872633893334,44.29263774287864,56.54648351451244,72.53333333333333,3.3352375513311676,64,78,48.419999999999995,13.372690721872583,28.2,77.8,49.940000000000005,14.58319972727914,24.7,71.4,97.63333333333334,0.5665265933320168,96.7,98.5,33.32733333333333,0.6112921521155785,32.26,34.44,5.854,0.476097228965441,4.85,6.37,72.88183940583433,0.3852931359479548,72.29464115414429,73.51254265043387,70.69617580069422,0.663830660386191,69.53966669125847,71.88818153168104,-0.1681212143761731,1.4014089917839163,-4.010394586770488,1.8679758414983496,50.25684836141202,0.0,50.25684836141202,50.25684836141202,3.927118432479809,1.3091024670468774,2.228060920131485,6.893327685215369,3.0164730164175086,1.0798098436163512,1.9483233413799907,5.89135207473011,47.43262979861709,0.3989027469296419,47.06556756004139,48.30590975161625,540.0,0.0,540.0,540.0,0.375,0.0,0.375,0.375,0.3092592592592592,0.0,0.3092592592592592,0.3092592592592592,0.187037037037037,0.0,0.187037037037037,0.187037037037037,69.7,0.0,69.7,69.7,94.9,0.0,94.9,94.9,0.6666666666666666,0.4879500364742666,0,1,67.33333333333333,5.459809869356605,61.0,77.0,2.041666666666667,0.5977387946809766,1.225,2.45,63.00957896526242,1.720031817945531,60.081545243642175,65.36835411400857,47.827441047237166,0.5403086179791725,46.66139319519298,48.62267152135518,0.0,0.0,0.0,0.0,0.0,0.0,0.0,0.0,0.0,0.0,0.0,0.0,0.0,0.0,0.0,0.0,0.0,0.0,0.0,0.0,57.62,1.175463434443746,56.0,60.1,user_001,15
2024-01-02 08:30:00,5.133333333333334,2.7740292167239504,1,12,4954.8,23.075032889622197,4922,4994,6.249733333333333,0.2364413145752987,5.859999999999999,6.632,72.78904001017212,2.2687680576691314,68.90726967979772,75.84767541324344,51.08153853622218,3.36593658617492,45.90131329747064,57.34193237896343,97.67066666666666,0.3934366288900676,97.14,98.4,33.35986666666667,0.1886560993170455,33.074,33.67,0.0,0.0,0,0,46.08017610311082,3.671284907525283,39.99509182858576,51.736251106251785,72.93333333333334,6.691857169796168,61,88,49.88666666666666,10.19788960427364,37.0,65.8,46.56666666666667,12.957990731958557,31.3,68.4,97.70666666666666,1.1689229882164822,95.6,99.5,33.40866666666667,0.5074427014334673,32.71,34.32,6.251333333333333,0.6505916721028051,5.32,7.82,72.66775969349561,1.4095470144402376,70.50542378046649,74.71429448960876,72.4722942638514,0.2733102584911179,72.05878768778736,72.87729516252668,0.0721466615806103,2.5570965720383763,-3.9536348398988537,6.364243440067426,50.25684836141202,0.0,50.25684836141202,50.25684836141202,4.5631176446882575,0.8318086325078908,3.4155949887734915,6.12724702327775,4.016862136137477,1.1839911282294446,2.400640343579784,6.818974511337275,48.59678172271759,0.6332360040292353,47.529427425197454,49.2678459756598,540.0,0.0,540.0,540.0,0.375,0.0,0.375,0.375,0.3092592592592592,0.0,0.3092592592592592,0.3092592592592592,0.187037037037037,0.0,0.187037037037037,0.187037037037037,69.7,0.0,69.7,69.7,94.9,0.0,94.9,94.9,0.8666666666666667,0.6399404734221844,0,2,65.93333333333334,5.599319686567377,59.0,77.0,2.45,1.1341296222213757,1.225,4.9,57.76793123220016,1.854499807951799,54.91631018310346,60.64941691544893,50.22803077813981,1.2644283054961691,48.1714925441539,51.80678921290967,0.0,0.0,0.0,0.0,0.0,0.0,0.0,0.0,0.0,0.0,0.0,0.0,0.0,0.0,0.0,0.0,0.0,0.0,0.0,0.0,59.34,1.7553184489268203,57.0,62.9,user_001,15
2024-01-02 08:45:00,5.0,1.889822365046136,2,9,5032.4,21.989607935178324,5000,5069,6.041066666666667,0.2568677999801978,5.728,6.49,72.35479523258368,1.5904452434505434,68.49872902604133,74.59385275400088,45.84566328488213,4.053150346553736,40.2239876694017,53.40888491016276,97.79466666666669,0.159188417860573,97.54,98.12,33.38466666666667,0.1885685425464576,33.112,33.636,0.0,0.0,0,0,52.340806946750725,4.480806549098258,46.760877979698314,61.54927910208814,72.13333333333334,5.125101625008686,57,78,46.49333333333333,8.2460784330377,34.0,58.3,52.42666666666666,11.127345124683131,37.4,76.8,97.76666666666668,0.7678045386189163,96.0,98.6,33.384,0.5066669799497789,32.6,34.08,6.0873333333333335,0.7284961679148811,4.51,7.74,72.51243909260614,0.970122218585175,70.66476993702399,74.0818359485647,72.70542981307791,0.1299400382500079,72.55366629155894,72.90191461605727,-0.1107309496251749,2.015698641495206,-5.749364513020666,2.304610434499338,50.25684836141202,0.0,50.25684836141202,50.25684836141202,2.670666490866048,0.3262138039204813,2.1534318238412418,3.0861166043902855,2.3676426115243308,0.824114233171983,1.0344958024122113,3.686349552862651,48.55440141869273,0.3052710243904146,48.187604609670295,49.19218547827619,540.0,0.0,540.0,540.0,0.375,0.0,0.375,0.375,0.3092592592592592,0.0,0.3092592592592592,0.3092592592592592,0.187037037037037,0.0,0.187037037037037,0.187037037037037,69.7,0.0,69.7,69.7,94.9,0.0,94.9,94.9,0.8666666666666667,0.5163977794943222,0,2,77.6,3.6606010435446295,71.0,83.0,2.3683333333333336,0.862071149422521,1.225,4.9,64.46301153563738,2.804411250558341,59.66466340954109,68.79235649728493,47.43267606192707,1.618004127257003,45.77668648947257,50.46412292878619,0.0,0.0,0.0,0.0,0.0,0.0,0.0,0.0,0.0,0.0,0.0,0.0,0.0,0.0,0.0,0.0,0.0,0.0,0.0,0.0,57.526666666666664,1.3781284755922003,54.5,59.4,user_001,15
2024-01-02 09:00:00,4.866666666666666,2.614975188810639,1,9,5104.733333333334,22.44188261349972,5074,5142,6.2384,0.1814626289743589,5.779999999999999,6.462000000000001,75.82359603628217,2.7288583120924104,70.6358227662224,78.88044642782633,45.62675579595383,3.387941635735904,40.69260963351661,52.60821644050912,97.44533333333334,0.1186752270855627,97.26,97.64,33.50506666666667,0.2099208921293485,33.162,33.791999999999994,0.0,0.0,0,0,57.03597899422104,4.248474999659485,49.48777150537179,62.8712288306298,76.53333333333333,3.997618338580158,68,81,45.52,9.632474834048177,23.8,57.8,57.88,14.799285697048258,30.8,89.9,97.44666666666669,0.5514483095406476,96.5,98.3,33.486000000000004,0.5632786673955069,32.45,34.38,6.1706666666666665,0.5409048855742526,5.18,7.16,75.1097345456942,2.261058914045963,71.80132169727439,78.1564516355946,73.26214070937044,0.5081002753667356,72.5690004243161,74.08919563443291,0.354868648525588,1.198365611012253,-1.8585700306530557,2.6364838297283484,50.25684836141202,0.0,50.25684836141202,50.25684836141202,3.509521433564181,0.9931855701123906,2.467039352104996,5.011832559799184,2.8996558233704803,1.1242373712824416,1.7695017926380705,4.993119983068174,46.53342996046233,0.8899285148691938,45.55554053224401,48.00351171814588,540.0,0.0,540.0,540.0,0.375,0.0,0.375,0.375,0.3092592592592592,0.0,0.3092592592592592,0.3092592592592592,0.187037037037037,0.0,0.187037037037037,0.187037037037037,69.7,0.0,69.7,69.7,94.9,0.0,94.9,94.9,1.0,0.7559289460184544,0,2,72.33333333333333,2.2572634084745395,69.0,77.0,2.776666666666667,1.424575960300702,1.225,4.9,67.10726830801282,3.78511105536182,60.736792734420064,71.69956380122291,45.61837320189515,0.9075328043640744,43.93566568802036,46.69719218797964,0.0,0.0,0.0,0.0,0.0,0.0,0.0,0.0,0.0,0.0,0.0,0.0,0.0,0.0,0.0,0.0,0.0,0.0,0.0,0.0,54.76,1.8411176729677776,52.3,58.2,user_001,15
2024-01-02 09:15:00,5.4,2.7979584393931636,2,11,5190.666666666667,23.43887694368014,5153,5223,6.079733333333333,0.3992928511160461,5.446,6.728,74.13500537671035,2.132985399043947,70.70578194541363,78.83575396792281,45.20823973611754,2.956378054511285,39.85499146541684,50.32905237404666,97.292,0.1812338662770106,96.92,97.6,33.383066666666664,0.1887081899451657,33.010000000000005,33.660000000000004,0.0,0.0,0,0,52.075557530596775,3.7273868504936414,44.65293895832536,57.3987409327836,73.86666666666666,3.758165712659504,66,80,44.24666666666667,9.975173945255053,30.5,64.6,52.406666666666666,11.655867110397155,35.0,77.7,97.3,0.8315218406202979,95.9,98.6,33.378,0.5815766747140296,32.38,34.29,6.116666666666666,0.6675827039900498,4.99,6.96,74.6494100144069,2.305915109455907,72.41822218697139,78.50430109039641,74.71020821261378,0.2004440664865172,74.25946375628861,74.97930070649628,-0.1341693550218461,1.373878243638163,-2.352890972706817,1.8794546867217432,50.25684836141202,0.0,50.25684836141202,50.25684836141202,3.8551472716985455,0.912542991334944,1.8550164429438392,4.976270249467536,3.0216827545741007,0.888237745101024,1.0694388128510062,4.612153656070752,45.911161569917645,0.1999472984876532,45.41749776603568,46.18047782750012,540.0,0.0,540.0,540.0,0.375,0.0,0.375,0.375,0.3092592592592592,0.0,0.3092592592592592,0.3092592592592592,0.187037037037037,0.0,0.187037037037037,0.187037037037037,69.7,0.0,69.7,69.7,94.9,0.0,94.9,94.9,0.8666666666666667,0.7432233529572067,0,2,85.93333333333334,3.1274514194392182,79.0,91.0,2.5316666666666667,1.347234822392395,1.225,4.9,66.4039864006394,2.1159336050184927,63.55436105664503,70.02210131441322,44.294889566698345,0.6468986747052714,43.25318894563233,45.06596924323587,0.0,0.0,0.0,0.0,0.0,0.0,0.0,0.0,0.0,0.0,0.0,0.0,0.0,0.0,0.0,0.0,0.0,0.0,0.0,0.0,55.626666666666665,1.4944978452723858,53.7,59.2,user_001,15
2024-01-02 09:30:00,5.0,2.8284271247461903,1,11,5255.533333333334,23.38456959702468,5224,5298,6.3232,0.2160447043685962,5.936,6.75,72.9134063699893,1.6997999431413366,69.39054285163678,76.62872141618276,48.26492927159352,3.9169993686508815,42.33094561308503,54.70944888267618,97.468,0.2626023609947129,97.1,97.9,33.3272,0.2268288215498981,32.896,33.606,0.0,0.0,0,0,50.03149710677122,5.448888050709735,40.65777598672269,58.45499597012605,72.0,5.732115042211108,60,82,49.50666666666667,9.600109126363892,36.0,68.4,48.266666666666666,12.310777314826144,16.1,70.6,97.49333333333334,0.5049280948336927,96.7,98.4,33.37533333333333,0.5390980121152984,32.33,34.04,6.224,0.5767371275422749,5.19,7.29,73.1724426341801,0.506203687077162,72.5479343575365,73.92391768502856,74.51401264441954,0.5142080314518549,73.52420587334983,75.10868169081371,-0.4567031849946498,2.210952225516994,-4.69527142581839,2.6856392919086147,50.25684836141202,0.0,50.25684836141202,50.25684836141202,2.957761869612845,0.9937286054245366,1.491950067281356,4.458291152817292,2.8808339495862385,1.3923942657243242,1.1429744831297226,5.460343240569201,46.23789954606846,0.5030536798635309,45.33703604416401,46.73658450385553,540.0,0.0,540.0,540.0,0.375,0.0,0.375,0.375,0.3092592592592592,0.0,0.3092592592592592,0.3092592592592592,0.187037037037037,0.0,0.187037037037037,0.187037037037037,69.7,0.0,69.7,69.7,94.9,0.0,94.9,94.9,0.8666666666666667,0.6399404734221844,0,2,64.86666666666666,4.642454194968538,59.0,75.0,2.45,1.1341296222213757,1.225,4.9,62.91779445218234,2.461681790415222,59.82153835989809,67.14353000529226,46.50657149602328,1.1321610299095082,44.44690510305784,48.41391639383015,0.0,0.0,0.0,0.0,0.0,0.0,0.0,0.0,0.0,0.0,0.0,0.0,0.0,0.0,0.0,0.0,0.0,0.0,0.0,0.0,57.65333333333333,1.6234296441557938,55.4,61.6,user_001,15
2024-01-02 09:45:00,4.533333333333333,2.445598573141631,0,10,5334.4,22.199742598250527,5302,5366,6.465599999999999,0.3092065421595824,6.006,6.894,76.43201370668385,2.3916433661976533,71.59369523442452,81.32410276075888,47.06312644224666,3.045691837674573,42.27572989401497,51.741627864495136,97.54,0.1471636601105815,97.32,97.84,33.42613333333333,0.1292029779990021,33.23,33.628,0.0,0.0,0,0,53.277642266680054,4.05437475445134,45.9083417546663,60.51481855762947,76.93333333333334,5.548058433447899,66,89,46.18,11.102457900328712,26.8,60.7,54.02,12.465334790071685,34.2,84.2,97.53333333333332,0.5420419945073621,96.7,98.6,33.408,0.4840336470004659,32.51,34.32,6.516,0.73407667952917,5.33,7.52,76.02110281804532,1.7947997829233988,73.12837118079467,78.60142845377823,73.88019944466843,0.5710637418867951,73.22186927704436,74.77573172417152,0.2506598133247432,2.253558517983643,-3.575220025753964,4.13543492185849,50.25684836141202,0.0,50.25684836141202,50.25684836141202,3.857863018933236,0.9702678929214936,2.1655599909186307,5.958024430279463,3.0865330117121896,0.8379117277648976,1.1996356867150229,4.533368726295933,47.2827853307025,0.2903098330007245,46.73550078034813,47.7115626780702,540.0,0.0,540.0,540.0,0.375,0.0,0.375,0.375,0.3092592592592592,0.0,0.3092592592592592,0.3092592592592592,0.187037037037037,0.0,0.187037037037037,0.187037037037037,69.7,0.0,69.7,69.7,94.9,0.0,94.9,94.9,0.8666666666666667,0.6399404734221844,0,2,78.86666666666666,4.155317877932643,68.0,85.0,2.45,1.1341296222213757,1.225,4.9,65.6684823760128,3.7986575161670846,58.81695590919561,68.8707338016829,47.14389272056851,1.2820458633123697,44.89800187745848,49.364810758717546,0.0666666666666666,0.2581988897471611,0.0,1.0,0.0,0.0,0.0,0.0,0.0,0.0,0.0,0.0,0.0,0.0,0.0,0.0,0.0666666666666666,0.2581988897471611,0.0,1.0,55.04,1.724528921183986,52.3,59.2,user_001,15
2024-01-02 10:00:00,5.133333333333334,2.294921930407801,2,11,5405.066666666667,22.985917013519305,5370,5443,6.443466666666667,0.2560942534823195,6.014,6.88,75.98084566477019,1.5691255267901874,73.43362670100528,78.80136892651576,46.347557134067856,4.354810752145698,41.77847463571388,54.471555807033866,97.24933333333334,0.2562216302530332,96.8,97.64,33.4732,0.1766057756699968,33.147999999999996,33.81400000000001,0.0,0.0,0,0,55.16892661732315,4.281602676036753,46.52013042126601,61.57776179281347,76.13333333333334,3.2484428504101683,71,83,45.86666666666667,8.782422922004631,34.1,59.7,55.62,8.852134528704687,40.1,73.0,97.17333333333332,1.0619837681478586,95.7,99.1,33.42666666666666,0.5546642055806215,32.51,34.41,6.492666666666667,0.5080982282234503,5.56,7.42,76.03614710749804,1.1743694067517918,74.07590827374858,77.46361054368532,75.41772626923684,0.5312885237922923,74.68180669222438,76.20642968572702,0.0762438342815717,1.212145502295525,-1.9337896421719163,2.769802357135461,50.25684836141202,0.0,50.25684836141202,50.25684836141202,3.5231839630742043,1.2309663699546585,1.7626551205847156,5.963327938653283,2.8603126701966897,1.3618234120004031,1.0021087842362255,4.9969968078447495,47.855602586946155,0.5296016324455418,46.70534178815726,48.60699590822323,540.0,0.0,540.0,540.0,0.375,0.0,0.375,0.375,0.3092592592592592,0.0,0.3092592592592592,0.3092592592592592,0.187037037037037,0.0,0.187037037037037,0.187037037037037,69.7,0.0,69.7,69.7,94.9,0.0,94.9,94.9,1.0,0.5345224838248488,0,2,70.66666666666667,3.716116764786033,66.0,77.0,2.6133333333333337,1.0214165000951705,1.225,4.9,66.9773502618684,5.146973771192433,59.07140820762908,72.87654997606036,45.53112189438791,0.7134142227732666,44.5182399276792,46.817304993265076,0.0,0.0,0.0,0.0,0.0,0.0,0.0,0.0,0.0,0.0,0.0,0.0,0.0,0.0,0.0,0.0,0.0,0.0,0.0,0.0,54.666666666666664,2.146314670934031,51.6,58.0,user_001,15
2024-01-02 10:15:00,4.266666666666667,1.6676187756655838,1,6,5478.4,19.0105234015267,5449,5507,6.316666666666666,0.1395905577377059,6.1080000000000005,6.6,76.99789340173506,2.036296053052297,73.17090255292541,79.30989705271864,47.23107409497015,4.149530623814529,38.51785311082367,52.75044012065653,97.46666666666668,0.161716977934849,97.12,97.7,33.59453333333333,0.1712616488912589,33.22,33.839999999999996,0.0,0.0,0,0,54.81013512462864,5.406259606456375,46.961442667544596,65.44953007446426,77.66666666666667,4.730851126483729,65,85,47.25333333333333,10.373721378468542,26.7,63.8,55.2,12.616712272673436,41.5,87.6,97.53333333333332,0.6768273325562728,96.0,98.3,33.644666666666666,0.6069109921404888,32.82,34.66,6.263333333333334,0.7817440818604318,4.32,7.15,76.73777718040952,1.289457352613704,74.8503032576075,78.52669983751676,76.4044969092188,0.1741136715913346,76.21054706737591,76.70677489313708,0.3343866324658089,1.7452594983608167,-4.085451276462706,3.5175772104610132,50.25684836141202,0.0,50.25684836141202,50.25684836141202,3.636544938608216,1.0661877700354792,2.15815528316167,5.374532038955559,3.9029300133388927,1.1498767840523678,2.2778009742591103,5.763695409666567,46.76102571204066,0.1557993342991612,46.4369000528353,46.97394019900163,540.0,0.0,540.0,540.0,0.375,0.0,0.375,0.375,0.3092592592592592,0.0,0.3092592592592592,0.3092592592592592,0.187037037037037,0.0,0.187037037037037,0.187037037037037,69.7,0.0,69.7,69.7,94.9,0.0,94.9,94.9,0.6,0.50709255283711,0,1,73.33333333333333,5.136239128092891,64.0,81.0,1.96,0.6211883772254597,1.225,2.45,67.37446446433266,2.825614717498812,63.60346434561562,72.54059840999341,43.724873085847776,0.93118924588912,42.258023902131455,44.89197095543618,0.0,0.0,0.0,0.0,0.0666666666666666,0.2581988897471611,0.0,1.0,0.0,0.0,0.0,0.0,0.0,0.0,0.0,0.0,0.0666666666666666,0.2581988897471611,0.0,1.0,54.43333333333333,1.7290239470648785,52.2,57.2,user_001,15
2024-01-02 10:30:00,3.7333333333333334,2.3441924185608345,0,7,5539.733333333334,18.744395987931508,5510,5563,6.247333333333333,0.3503016387275946,5.617999999999999,6.748,77.94100898679285,2.5729500357168194,72.37849447765849,81.47106535676384,48.73097824031317,2.9728547387214115,43.59045482772559,55.193468097103874,97.73066666666666,0.2354165507795773,97.4,98.16,33.36946666666667,0.1608770012270532,33.032,33.616,0.0,0.0,0,0,52.66464928753323,4.064470795721313,45.22513817058661,58.324821711507035,77.13333333333334,4.911599487316682,66,84,49.31333333333334,7.1605932183091685,38.8,66.7,52.22666666666667,10.633603519481236,29.2,69.3,97.7,0.991391518451286,95.5,99.4,33.358,0.4670148361057243,32.42,34.19,6.216666666666667,0.6808992653277058,5.1,7.62,78.38857786933278,1.3088759641562575,75.4155194565495,80.16885994598428,77.39598911186516,0.2657818370265549,76.71513524439064,77.63439778064081,-0.4038378267297541,1.5428022528481449,-3.189247238829239,1.8599806702106465,50.25684836141202,0.0,50.25684836141202,50.25684836141202,2.5670974517252554,0.6204468145858026,1.8743569612526516,3.544458037794582,2.458844713422456,0.9420813490237224,0.9843868219680352,4.561057601860587,46.87154970402809,0.7103407284523521,45.93279053359922,47.98102616764166,540.0,0.0,540.0,540.0,0.375,0.0,0.375,0.375,0.3092592592592592,0.0,0.3092592592592592,0.3092592592592592,0.187037037037037,0.0,0.187037037037037,0.187037037037037,69.7,0.0,69.7,69.7,94.9,0.0,94.9,94.9,0.4,0.50709255283711,0,1,61.333333333333336,4.402380308532233,56.0,69.0,1.715,0.6211883772254597,1.225,2.45,67.61104988330004,3.0405676667747548,63.67723766650969,71.44358195006589,44.407631211732344,0.5357245580020656,43.46370345663987,45.47530201757171,0.0,0.0,0.0,0.0,0.0,0.0,0.0,0.0,0.0,0.0,0.0,0.0,0.0,0.0,0.0,0.0,0.0,0.0,0.0,0.0,54.419999999999995,1.779727105886904,52.2,57.9,user_001,15
2024-01-02 10:45:00,4.933333333333334,2.250925735484551,2,9,5602.866666666667,21.128405614468793,5567,5637,6.509733333333333,0.2272919666315509,6.032,6.93,76.76383328587184,2.2732775987018683,72.50155310118156,79.41069903838648,48.57085265809064,3.092317245836443,42.81824579217571,53.20783097650146,97.544,0.3497917747950676,96.82,98.04,33.6,0.1103940992211863,33.448,33.768,0.0,0.0,0,0,51.196364626322215,4.023527532669658,44.47916348002567,56.721332272001,77.26666666666667,4.682286783592984,70,85,48.406666666666666,6.509494896650877,33.6,57.5,50.77333333333333,12.5177854423597,31.2,80.7,97.52,0.8299741820425145,95.8,98.7,33.61533333333333,0.3457676070646829,33.04,34.16,6.529333333333333,0.5122843332517968,5.41,7.26,76.43211029148694,2.0313907892675305,73.20459835749617,78.56458641259148,77.31782622994643,0.1089523524873532,77.20908867270215,77.54294755674776,0.2514166903974209,1.749878659133176,-2.4702330127954895,3.431945372722808,50.25684836141202,0.0,50.25684836141202,50.25684836141202,2.210355087802911,0.6135314935774153,1.4031101168908886,3.1570261360877803,2.286313564326466,0.8112950577252088,1.2145905461217736,3.729986752356267,48.46890365134752,0.3357436625257291,47.99490051895186,48.99149581593879,540.0,0.0,540.0,540.0,0.375,0.0,0.375,0.375,0.3092592592592592,0.0,0.3092592592592592,0.3092592592592592,0.187037037037037,0.0,0.187037037037037,0.187037037037037,69.7,0.0,69.7,69.7,94.9,0.0,94.9,94.9,0.8,0.6761234037828132,0,2,63.13333333333333,4.778921974472406,57.0,74.0,2.3683333333333336,1.1774088782859873,1.225,4.9,65.39933933128579,4.539442289983444,58.73411979418647,71.65702977974391,46.88121871642521,0.8079879800465454,46.04761204582284,48.28646048632764,0.0,0.0,0.0,0.0,0.0,0.0,0.0,0.0,0.0,0.0,0.0,0.0,0.0,0.0,0.0,0.0,0.0,0.0,0.0,0.0,55.193333333333335,2.1392477538567056,52.7,58.5,user_001,15
2024-01-02 11:00:00,5.0,2.7774602993176543,1,10,5682.066666666667,22.59414167644394,5647,5712,6.543866666666667,0.1597935572930929,6.346,6.864,78.39923499556062,1.1539330080399912,76.26624592821737,80.41222101576811,43.707745304914184,6.502777271659621,34.64840189827411,54.73666723473442,97.42266666666666,0.2035213806482075,97.02,97.76,33.724799999999995,0.1885232838973171,33.436,34.059999999999995,0.0,0.0,0,0,56.68326291306197,6.417118356030298,42.08641880889649,65.81449446189525,78.66666666666667,4.450789122113495,73,87,44.44666666666667,15.296865536380162,20.2,74.1,57.06666666666667,16.40878104059211,27.1,86.1,97.46,0.5025648501153122,96.4,98.1,33.7,0.5472006683371023,32.26,34.51,6.573333333333333,0.6348528138380541,5.62,7.59,78.15631563412448,0.8579059906690101,76.61472363567333,79.33328057858537,77.14722937719327,0.1658532624544962,76.97178659682841,77.58153414071623,0.133715835553022,1.763201638245055,-2.137407005256037,3.2938894921159374,50.25684836141202,0.0,50.25684836141202,50.25684836141202,4.5931915383496,1.8483353695878475,2.08974027833812,7.196677164310159,4.01143822953693,2.160860392103225,1.953178893320205,7.597590471812677,47.244659973471045,1.225067678635436,45.75342270838042,48.948925384830474,540.0,0.0,540.0,540.0,0.375,0.0,0.375,0.375,0.3092592592592592,0.0,0.3092592592592592,0.3092592592592592,0.187037037037037,0.0,0.187037037037037,0.187037037037037,69.7,0.0,69.7,69.7,94.9,0.0,94.9,94.9,0.9333333333333332,0.7037315505489968,0,2,79.2,4.074309757492673,71.0,85.0,2.6133333333333337,1.298621063538809,1.225,4.9,73.2244604631369,5.9598962446404755,63.10716691426213,80.32166741606827,42.29881474867633,2.0757983098885413,39.93177859836648,46.00163074352304,0.0,0.0,0.0,0.0,0.2,0.4140393356054125,0.0,1.0,0.0,0.0,0.0,0.0,0.0,0.0,0.0,0.0,0.2,0.4140393356054125,0.0,1.0,51.88,2.407488317728664,48.9,55.9,user_001,15
2024-01-02 11:15:00,5.266666666666667,1.6242214252050853,2,8,5754.8,23.72822309884498,5718,5791,6.575333333333333,0.2131500700937068,6.208,6.994,78.83470044552298,2.459852353109811,73.11690223032672,81.76906419960659,48.99899991115361,3.4739042548861456,45.03341034138373,57.24433477988273,97.628,0.3240634858436607,97.14,98.22,33.5116,0.1879942248353089,33.230000000000004,33.916000000000004,0.0,0.0,0,0,49.839663687680314,3.739590552950274,41.62375003418665,55.56151806166638,79.2,5.845633290878633,66,91,48.32666666666667,9.61995445984667,31.2,65.2,49.98,10.665176979309813,27.6,73.9,97.58,0.7701576832979454,96.2,99.1,33.518,0.5211141909409103,33.01,34.56,6.574,0.5573636924973546,5.41,7.49,78.48652242506687,1.3981640488283429,76.1138864216578,80.2534068264624,78.0730533004677,0.2299439234464844,77.76546720492192,78.61696772054181,0.1826497772385077,2.1144111859761496,-3.5584511151633507,5.418466171038503,50.25684836141202,0.0,50.25684836141202,50.25684836141202,3.899468393817523,1.2077066734651511,1.8183583272469224,5.489828916084577,3.1660382855760973,1.4088927039211945,1.0729866748321937,5.780074187420541,46.28279018312914,0.1353471710732712,46.04413288066773,46.481799218781084,540.0,0.0,540.0,540.0,0.375,0.0,0.375,0.375,0.3092592592592592,0.0,0.3092592592592592,0.3092592592592592,0.187037037037037,0.0,0.187037037037037,0.187037037037037,69.7,0.0,69.7,69.7,94.9,0.0,94.9,94.9,0.9333333333333332,0.4577377082170634,0,2,72.73333333333333,2.9872745979922097,68.0,79.0,2.45,0.8019507466172721,1.225,4.9,66.6026127942596,4.220741833339645,60.5459933792309,72.27806266093626,43.797722950274775,2.1047531189719635,39.95871488040949,46.24931787305334,0.0666666666666666,0.2581988897471611,0.0,1.0,0.0,0.0,0.0,0.0,0.0,0.0,0.0,0.0,0.0,0.0,0.0,0.0,0.0666666666666666,0.2581988897471611,0.0,1.0,53.986666666666665,2.3745275219253523,51.5,59.7,user_001,15
2024-01-02 11:30:00,4.4,2.3543273227945902,2,11,5828.533333333334,17.179167893812778,5802,5857,6.5233333333333325,0.1966456808819454,6.209999999999999,6.7780000000000005,79.40035475855633,1.5550448870530025,76.44487665735909,81.51270946640439,48.955133784226355,3.41360826039085,42.56649474256472,53.2807500233092,97.15066666666668,0.4710393775875831,96.52,97.84,33.49413333333333,0.137526032167767,33.138,33.68,0.0,0.0,0,0,49.99919283466803,5.496923482103487,41.67508526192956,58.91373244776738,79.0,3.6645015252516178,72,87,48.24,7.511781223042716,34.1,58.7,50.72,11.36788710107807,33.8,69.1,97.25333333333332,1.1331792612359457,95.5,99.1,33.486666666666665,0.4071796140467238,32.81,34.27,6.516,0.5978270175035105,5.63,7.38,79.67760234235898,1.2174329016821184,77.91062583223247,81.29696924967158,79.0665920158003,0.1289281810302826,78.72242292480566,79.20103801297446,-0.2001773792781648,1.3945529517363604,-2.833657493019317,2.749513760471018,50.25684836141202,0.0,50.25684836141202,50.25684836141202,2.3925702330777057,0.5121774014360654,1.4915784112698791,3.082784072889223,2.129993639500514,0.9933170087963148,1.0315724254561758,4.208750063050808,48.17661854582364,1.3176861113906209,46.14409152949654,49.74218394428702,540.0,0.0,540.0,540.0,0.375,0.0,0.375,0.375,0.3092592592592592,0.0,0.3092592592592592,0.3092592592592592,0.187037037037037,0.0,0.187037037037037,0.187037037037037,69.7,0.0,69.7,69.7,94.9,0.0,94.9,94.9,0.6,0.6324555320336759,0,2,73.73333333333333,7.045430805713395,64.0,84.0,2.041666666666667,1.0002083116364644,1.225,4.9,67.64969482611023,2.2079284544108195,64.74624289768383,71.00921696088048,44.57889050738064,0.6631607920432846,43.413812934621205,45.623032100641545,0.0,0.0,0.0,0.0,0.0666666666666666,0.2581988897471611,0.0,1.0,0.0,0.0,0.0,0.0,0.0,0.0,0.0,0.0,0.0666666666666666,0.2581988897471611,0.0,1.0,53.026666666666664,1.1221577853573397,51.4,55.3,user_001,15
2024-01-02 11:45:00,5.066666666666666,2.1201976547572383,1,9,5899.933333333333,23.45350009415788,5861,5933,6.500266666666666,0.210573186010628,6.034,6.798,78.11063696754475,1.76613640816744,75.15853873388433,81.17760234028941,44.828116543221135,2.4342580723654867,40.785594755514815,48.52027914305379,97.74933333333334,0.2495557958415205,97.2,98.24,33.6328,0.2262549762672938,33.204,33.974000000000004,0.0,0.0,0,0,59.024897614673584,5.566082568164291,50.77700033771551,68.61284631452715,78.33333333333333,5.00951475646475,71,87,45.13333333333333,7.682788432284083,33.6,60.7,57.940000000000005,13.561436923444782,33.1,82.9,97.68666666666668,0.4564876256602707,96.8,98.2,33.614,0.5975401958983889,32.7,34.79,6.537333333333334,0.6593120512719155,5.13,7.63,78.06263833523262,0.7317624849786938,76.62876394041328,79.18092617251332,79.10604867630965,0.193203086581234,78.75549586305054,79.37240418353333,0.1113481828942895,1.8813991077573735,-3.3925341134298037,3.6314358369145903,50.25684836141202,0.0,50.25684836141202,50.25684836141202,2.8779519006043532,0.7954671281324057,1.7518053344273747,3.9888633497231742,2.247537434274874,0.3825853771127647,1.6236843210751453,2.896588030873255,47.73805889119549,0.6279798584220246,46.89162516372375,48.93026678734887,540.0,0.0,540.0,540.0,0.375,0.0,0.375,0.375,0.3092592592592592,0.0,0.3092592592592592,0.3092592592592592,0.187037037037037,0.0,0.187037037037037,0.187037037037037,69.7,0.0,69.7,69.7,94.9,0.0,94.9,94.9,0.8666666666666667,0.6399404734221844,0,2,71.4,6.695414208887407,59.0,80.0,2.45,1.1341296222213757,1.225,4.9,71.84589499644385,1.8970197741876869,68.79006956744938,74.55765233243159,42.90691151729295,1.348013173922007,41.073831018002565,44.60918071268815,0.0,0.0,0.0,0.0,0.0,0.0,0.0,0.0,0.0,0.0,0.0,0.0,0.0,0.0,0.0,0.0,0.0,0.0,0.0,0.0,52.82,1.254249918135479,51.1,55.2,user_001,15
2024-01-02 12:00:00,5.333333333333333,3.1997023671109224,2,13,5976.2,26.785390474232926,5935,6013,6.6710666666666665,0.1787254345424313,6.35,6.973999999999999,79.45314762200952,1.731687734225938,76.704279274651,83.50194255194712,44.47020719949064,4.45688907149066,37.010922376455376,52.50529453080535,97.624,0.2078735879601571,97.3,97.96,33.519333333333336,0.1973360681921151,33.222,33.824,0.0,0.0,0,0,55.05162206466581,7.124573376509266,42.58491267892931,66.90319262793666,79.13333333333334,4.3730778090275875,73,87,44.54666666666667,11.931762333408772,22.4,63.1,55.906666666666666,15.399882498005654,24.2,81.6,97.66666666666669,0.6055300708194985,96.7,99.0,33.542,0.391192316605822,32.93,34.28,6.638,0.5844802330764854,5.47,7.76,79.4818435197168,0.8882153674140377,78.29779403861866,80.98258232050702,78.67870269799201,0.0939816068490718,78.53540858686253,78.80617177549905,-0.1599071443380969,1.6290265632327094,-3.16731418398237,1.7490287240264308,50.25684836141202,0.0,50.25684836141202,50.25684836141202,3.889108079856052,1.4917329892242506,1.2766068197655998,5.644963107963666,3.474989040342976,1.778136486794752,0.802066735827859,6.25852614646466,45.641439550093494,0.7756432230580963,44.55374280703383,46.83330566470472,540.0,0.0,540.0,540.0,0.375,0.0,0.375,0.375,0.3092592592592592,0.0,0.3092592592592592,0.3092592592592592,0.187037037037037,0.0,0.187037037037037,0.187037037037037,69.7,0.0,69.7,69.7,94.9,0.0,94.9,94.9,0.9333333333333332,0.8837151016885368,0,3,76.26666666666667,4.511361319200776,67.0,85.0,2.7766666666666664,1.989671245876229,1.225,8.575,72.85801981389469,3.0963266313532403,67.78823800088371,78.1243580392622,41.14933271402224,0.6586794994034216,40.24416934419558,42.04378619346435,0.0666666666666666,0.2581988897471611,0.0,1.0,0.1333333333333333,0.3518657752744983,0.0,1.0,0.0,0.0,0.0,0.0,0.0,0.0,0.0,0.0,0.2,0.560611910581388,0.0,2.0,51.71333333333334,2.028675382983637,47.5,55.3,user_001,15
2024-01-02 12:15:00,4.6,2.164651077128664,2,8,6047.666666666667,19.90214154545277,6016,6082,6.451866666666667,0.162636257891505,6.152,6.704000000000001,79.6718442555435,1.8187820118057465,77.15007758889918,82.60010253605472,49.05749089340716,2.7527008507908843,45.459228186004054,53.30410141600181,97.688,0.2823169444841403,97.28,98.24,33.59746666666667,0.1613274693936257,33.404,33.967999999999996,0.0,0.0,0,0,51.60403080772273,4.46923685017494,45.40174421118265,58.88088671274147,79.8,6.526867548832289,68,90,49.2,9.565115188612658,32.5,62.4,50.266666666666666,16.11014173328921,25.0,84.9,97.64666666666668,0.8634372064741128,96.1,99.2,33.594,0.4495362689960144,32.7,34.25,6.483333333333333,0.7058193482619702,5.35,7.65,79.776989223996,0.8656911584307122,78.09053425001908,80.92499169162356,79.36480840302231,0.3089720157176676,78.8101504187403,79.68228252891384,0.0640778722282467,2.5690444372923293,-4.575038794449597,3.987326970407665,50.25684836141202,0.0,50.25684836141202,50.25684836141202,3.868894667884711,0.5583137658999106,3.1360521666667256,4.8934683761812074,3.340792238853458,1.208182156787671,1.9393207728470645,5.8835559673892455,45.901152821098705,0.6833343269007728,44.71388569201504,46.76384904644889,540.0,0.0,540.0,540.0,0.375,0.0,0.375,0.375,0.3092592592592592,0.0,0.3092592592592592,0.3092592592592592,0.187037037037037,0.0,0.187037037037037,0.187037037037037,69.7,0.0,69.7,69.7,94.9,0.0,94.9,94.9,0.7333333333333333,0.7988086367179803,0,2,71.46666666666667,7.918032463638815,59.0,84.0,2.3683333333333336,1.424575960300702,1.225,4.9,69.24573756670695,2.4532586315089264,67.03307986768772,76.65776517798062,42.479457386576065,1.2724769549330848,40.34272143058141,44.622239788609726,0.0,0.0,0.0,0.0,0.0,0.0,0.0,0.0,0.0,0.0,0.0,0.0,0.0,0.0,0.0,0.0,0.0,0.0,0.0,0.0,53.2,1.2699831269970263,50.4,54.6,user_001,15
2024-01-02 12:30:00,3.6,2.2296700588716196,0,8,6109.533333333334,17.357035077070893,6085,6136,6.586133333333334,0.2211288786033633,6.148,6.864,79.64404688054398,1.769487647129088,76.66612478146713,82.76098006361195,47.74587140388197,4.5775927887664185,42.20122133948643,57.12214770529536,97.444,0.3087486263705666,96.94,97.98,33.6988,0.1732393884608387,33.416,34.038,0.0,0.0,0,0,48.41962405044794,6.099374473486966,37.11537946435623,56.61465281860619,79.46666666666667,5.462425764996284,72,90,48.306666666666665,11.72978301264817,26.6,69.9,47.79333333333333,12.651903677576216,20.2,61.6,97.46,0.6769680304753795,96.2,99.1,33.721333333333334,0.4709544513412044,32.84,34.42,6.532666666666667,0.6943390142190387,5.54,7.81,79.48950698076807,0.9794748627531232,77.70690411111958,80.98358071637823,79.49394004943103,0.1307823310744638,79.26831240066076,79.68871086143176,-0.0886901069386548,2.0893463105202854,-3.0986851528099493,3.851972270785083,50.25684836141202,0.0,50.25684836141202,50.25684836141202,3.723844268982325,1.4550388961750944,1.7538635412298424,5.9052834351809995,3.2795597764438695,1.3292214341003998,0.8177885953053652,4.82429641125351,47.74717794192947,0.3691655530725781,47.01923269763259,48.40168114864457,540.0,0.0,540.0,540.0,0.375,0.0,0.375,0.375,0.3092592592592592,0.0,0.3092592592592592,0.3092592592592592,0.187037037037037,0.0,0.187037037037037,0.187037037037037,69.7,0.0,69.7,69.7,94.9,0.0,94.9,94.9,0.5333333333333333,0.6399404734221844,0,2,61.86666666666667,3.943650713790579,54.0,69.0,1.96,1.0143963722332607,1.225,4.9,69.79483125970748,4.361781051088187,64.23439412295343,77.09143144050265,44.50163939890494,0.8884336985867789,42.98127876271639,45.48520722117757,0.0,0.0,0.0,0.0,0.0,0.0,0.0,0.0,0.0,0.0,0.0,0.0,0.0,0.0,0.0,0.0,0.0,0.0,0.0,0.0,52.56666666666667,2.5384659784620944,48.4,56.8,user_001,15
2024-01-02 12:45:00,4.933333333333334,1.791514389985135,3,10,6174.6,23.43318769852481,6139,6210,6.483733333333333,0.2781447379299047,6.022,7.034000000000001,79.95426254149636,1.3572464419054653,77.59095401421088,82.5177997603472,44.52711980971762,3.849741861451536,38.73809464430615,52.07053120519986,97.524,0.4462030287404447,97.0,98.2,33.57653333333334,0.2258728677396911,33.22,34.0,0.0,0.0,0,0,54.199262769460546,4.544843283532197,43.808282277627974,62.60314828347364,80.4,4.339190181194116,73,90,44.29333333333333,10.307727106168366,27.9,59.2,55.52,10.077924956486402,33.5,74.5,97.53333333333332,0.8657504314314902,95.6,99.3,33.532666666666664,0.4858639825340113,32.92,34.49,6.554666666666666,0.5936312788575877,5.75,7.79,79.75936745319667,0.3729227392686445,79.0610453018736,80.51296181872182,79.59894989204759,0.1056343473622264,79.47370496354748,79.79915471102018,0.2228687292518164,1.7061846039612754,-2.295477007105447,3.741100119826399,50.25684836141202,0.0,50.25684836141202,50.25684836141202,3.76729555388597,0.4748042187496871,3.01466284766209,4.350283997151825,3.1252377248064382,0.701536210067269,1.844857030405745,4.302527471732112,47.16046918335709,0.8594717291931081,46.05474341019968,48.511120765763046,540.0,0.0,540.0,540.0,0.375,0.0,0.375,0.375,0.3092592592592592,0.0,0.3092592592592592,0.3092592592592592,0.187037037037037,0.0,0.187037037037037,0.187037037037037,69.7,0.0,69.7,69.7,94.9,0.0,94.9,94.9,0.8666666666666667,0.5163977794943223,0,2,65.06666666666666,6.670475102662337,54.0,76.0,2.3683333333333336,0.862071149422521,1.225,4.9,73.37393520873665,3.138479287371113,68.11523799241554,76.86031775431562,41.217425448540574,0.940553935647802,40.105393409975605,43.12170562381778,0.0,0.0,0.0,0.0,0.0666666666666666,0.2581988897471611,0.0,1.0,0.0,0.0,0.0,0.0,0.0,0.0,0.0,0.0,0.0666666666666666,0.2581988897471611,0.0,1.0,51.18,1.4213675507361634,49.1,54.2,user_001,15
2024-01-02 13:00:00,4.333333333333333,1.9880595947760096,2,9,6243.466666666666,20.441088406396126,6214,6275,6.5724,0.2969629125472932,6.1259999999999994,7.023999999999999,78.9828479299243,1.680163450825553,76.19114082304809,82.53658843753222,48.6112296563953,2.4418629936233005,44.805093365341065,52.438587421882154,97.73733333333332,0.3000825283309913,97.2,98.24,33.4912,0.1782787544429056,33.192,33.836,0.0,0.0,0,0,50.14992481604555,3.899649895693405,45.09499172745024,57.65036791924452,78.4,5.500649312321489,69,86,48.24666666666667,5.952534474210684,38.3,58.5,50.42666666666666,10.190224073427762,40.1,79.4,97.72,0.7242730345466586,96.7,99.3,33.5,0.5919218095081722,32.1,34.42,6.546,0.6745665274826493,5.14,7.46,79.43226141517536,0.8120502397048501,77.85183729812859,80.32408827020558,79.79296881893019,0.1705107668266578,79.46855523571033,79.98903880597793,-0.291423964962154,2.1235403504808525,-3.5955704115240508,2.597558671850834,50.25684836141202,0.0,50.25684836141202,50.25684836141202,2.553959101290226,0.6664350654397686,1.6389472678275536,4.144409286256377,2.0482305959057814,1.0064992716574923,0.9726327763470224,4.672006384961515,46.298309449832445,0.3256562613722725,45.823627677096205,46.80647648271036,540.0,0.0,540.0,540.0,0.375,0.0,0.375,0.375,0.3092592592592592,0.0,0.3092592592592592,0.3092592592592592,0.187037037037037,0.0,0.187037037037037,0.187037037037037,69.7,0.0,69.7,69.7,94.9,0.0,94.9,94.9,0.6,0.6324555320336759,0,2,68.86666666666666,3.6029088776920752,63.0,75.0,2.041666666666667,1.0002083116364644,1.225,4.9,68.63850947791035,1.9656952659954048,65.3531853689905,72.81588725716959,42.59365243520994,1.5962070590497262,39.98664857043703,44.65974804156254,0.0,0.0,0.0,0.0,0.0,0.0,0.0,0.0,0.0,0.0,0.0,0.0,0.0,0.0,0.0,0.0,0.0,0.0,0.0,0.0,53.54666666666666,1.1179488019625614,51.8,55.8,user_001,15
2024-01-02 13:15:00,5.133333333333334,1.5976172734359606,2,9,6314.733333333334,23.762114704674367,6279,6352,6.444266666666667,0.3041652433104338,6.086,6.9,79.10737050292178,1.8263708980614664,76.50426358624317,83.07925160803403,47.537741225868096,2.135377728951698,44.18867238405576,50.73511661794212,97.42133333333332,0.4213899901629331,96.4,98.12,33.647200000000005,0.1505396008649245,33.408,33.836,0.0,0.0,0,0,53.23123809335248,3.1703445636964105,48.859832366045566,59.40822956673168,79.46666666666667,5.276181880687516,71,89,48.093333333333334,7.55394567349377,37.0,60.2,52.68,10.662162739599989,39.4,71.7,97.46666666666668,0.9423880506963314,95.8,99.1,33.68666666666667,0.476784867129621,32.46,34.21,6.417333333333334,0.7326221659868324,5.36,8.29,79.02735636812284,1.147746888427328,77.72381971321059,81.01748921961178,79.22534835812719,0.1242406805407316,79.04510921642304,79.45681460158467,0.1796480818724461,2.0532590052449367,-4.0264172026780045,2.9603741959829932,50.25684836141202,0.0,50.25684836141202,50.25684836141202,2.5327426362443175,0.5479005275353946,1.6621374685889696,3.3097182710470943,1.9038588175019813,0.5418815160455076,0.8792991174610899,2.693769865429559,47.202180794478856,0.604600462795703,46.362966548025085,48.074485441131706,540.0,0.0,540.0,540.0,0.375,0.0,0.375,0.375,0.3092592592592592,0.0,0.3092592592592592,0.3092592592592592,0.187037037037037,0.0,0.187037037037037,0.187037037037037,69.7,0.0,69.7,69.7,94.9,0.0,94.9,94.9,1.0,0.3779644730092272,0,2,71.26666666666667,3.5949700310029855,65.0,77.0,2.5316666666666667,0.7271806286382131,1.225,4.9,69.61361807981835,1.9916891651701936,67.17968173082917,73.16429460804096,43.70797526530991,0.4888119561192633,43.19950536969905,44.565607771524945,0.0,0.0,0.0,0.0,0.0,0.0,0.0,0.0,0.0,0.0,0.0,0.0,0.0,0.0,0.0,0.0,0.0,0.0,0.0,0.0,52.76,1.444595840661719,49.6,54.9,user_001,15
2024-01-02 13:30:00,4.666666666666667,2.126924898488314,1,8,6391.866666666667,19.456422614457782,6358,6422,6.709466666666667,0.1101128425536193,6.531999999999999,6.922,78.54316799530257,1.7507318534063268,74.56422480665563,81.59343478246778,45.90358081382012,3.72050495288544,40.9582605142912,53.89007774529475,97.14133333333332,0.4790148620817869,96.36,97.78,33.36293333333334,0.106058923425119,33.198,33.6,0.0,0.0,0,0,51.98221258733108,4.312834522643666,43.27612324901707,59.494415965432616,78.6,5.474616751100353,66,87,44.6,8.380760279183676,31.1,60.2,52.15333333333333,12.117452977695711,33.9,68.5,97.10666666666664,0.8404647240550562,95.5,98.8,33.342666666666666,0.3476752726871647,32.52,33.81,6.722666666666667,0.6647391181795271,5.31,7.82,78.33343892094386,0.6657162175627067,77.32982012668273,79.36230410611502,78.82931199564145,0.1895258744640304,78.55611704908691,79.12375224433617,0.0284160023487127,2.1127479152700475,-4.282112403327815,2.703282608766102,50.25684836141202,0.0,50.25684836141202,50.25684836141202,3.1777978490299663,0.5747143529476981,2.0785525211335396,4.01701044898785,2.6787594768055873,0.8359816481005127,1.6692488441272508,4.401454431889531,47.49695436728279,0.4505683944039347,46.72066101984411,48.18410140519891,540.0,0.0,540.0,540.0,0.375,0.0,0.375,0.375,0.3092592592592592,0.0,0.3092592592592592,0.3092592592592592,0.187037037037037,0.0,0.187037037037037,0.187037037037037,69.7,0.0,69.7,69.7,94.9,0.0,94.9,94.9,0.8,0.560611910581388,0,2,77.13333333333334,5.1529002466941805,70.0,85.0,2.286666666666667,0.9104486073725782,1.225,4.9,69.46131991708491,2.578827261906258,65.90294757277965,75.37435114930909,43.68979195566898,0.5012789180796399,42.369701126531325,44.29348843136477,0.0,0.0,0.0,0.0,0.0,0.0,0.0,0.0,0.0,0.0,0.0,0.0,0.0,0.0,0.0,0.0,0.0,0.0,0.0,0.0,52.486666666666665,1.346353098806799,50.1,54.9,user_001,15
2024-01-02 13:45:00,4.266666666666667,1.791514389985135,2,8,6460.533333333334,17.467793493277917,6429,6486,6.490799999999999,0.1712855593946637,6.17,6.8,78.08664938699071,1.3471897338041707,75.81496433509889,81.50764553052214,48.70247150597886,3.644076604215984,41.2388403428608,54.837709905755,97.492,0.3589508521869203,96.96,98.06000000000002,33.36066666666667,0.2066711213037615,32.989999999999995,33.662,0.0,0.0,0,0,49.11136855571844,5.900209551244519,38.91775871414799,59.757372252131205,78.0,4.140393356054125,70,85,49.333333333333336,7.946667465643936,38.7,61.4,50.2,13.20914185598098,26.9,73.7,97.44,0.8279061368467862,96.3,99.2,33.38333333333333,0.5133178723707543,32.68,34.32,6.498,0.4782736813642521,5.47,7.51,78.28020442485467,0.9697080099850152,76.94976374836592,79.96391508675214,78.65471474106207,0.2832529119385351,78.28354455507996,78.95313960476288,-0.0433246934953558,1.6111361138478992,-3.83588184350738,2.061678554967031,50.25684836141202,0.0,50.25684836141202,50.25684836141202,2.8486892965603503,0.6060112540048322,1.3220305360801414,3.8979140920283055,2.615747864476618,0.7073483092912703,1.6130730121626946,4.285345647939174,46.84968464799261,0.4675223788679065,46.17398279548015,47.4712059065159,540.0,0.0,540.0,540.0,0.375,0.0,0.375,0.375,0.3092592592592592,0.0,0.3092592592592592,0.3092592592592592,0.187037037037037,0.0,0.187037037037037,0.187037037037037,69.7,0.0,69.7,69.7,94.9,0.0,94.9,94.9,0.5333333333333333,0.6399404734221844,0,2,68.66666666666667,2.6367367999823097,64.0,74.0,1.96,1.014396372233261,1.225,4.9,68.07895996342488,5.217188496659501,62.293655088792526,76.8139730143711,42.706631713953605,1.4560644422973106,41.216221192192535,45.350056306580385,0.0,0.0,0.0,0.0,0.0,0.0,0.0,0.0,0.0,0.0,0.0,0.0,0.0,0.0,0.0,0.0,0.0,0.0,0.0,0.0,53.919999999999995,1.909076066732658,49.1,56.2,user_001,15
2024-01-02 14:00:00,5.133333333333334,1.6846647257229663,3,9,6526.8,22.104298224553375,6493,6563,6.565466666666667,0.2359727183585505,6.156000000000001,6.95,77.902546393286,2.1203943174321775,75.16071017482349,81.78093731001404,46.56919095414779,2.5826776717155053,41.48650982066551,50.562955967119144,97.74933333333334,0.2714897174234568,97.26,98.16,33.53893333333333,0.372859120593186,32.962,34.001999999999995,0.0,0.0,0,0,54.86983539848486,4.142380282347118,45.93824816808747,62.00450924019242,77.53333333333333,5.054936295580881,69,86,46.733333333333334,9.514625333563863,25.8,59.9,53.9,14.404314829740626,18.3,75.9,97.82,0.5821143726598285,96.8,98.8,33.526666666666664,0.6051406762854759,32.5,34.67,6.552666666666667,0.683702803716296,5.64,7.94,77.89046611229182,1.388974470754288,76.12929572921391,80.29876540229424,77.96493032902332,0.1424386276488291,77.74702280520248,78.2099391274311,-0.1846065299763334,1.8638862963366167,-3.3705326311176265,2.746445526234197,50.25684836141202,0.0,50.25684836141202,50.25684836141202,3.294270809990687,1.4517744391978082,0.7000486549953397,5.502179193038605,2.331645507065562,0.8600220704062377,1.075473738019341,3.829516991297683,47.24295932397816,0.1480420260324466,47.03855096095788,47.63583123006333,540.0,0.0,540.0,540.0,0.375,0.0,0.375,0.375,0.3092592592592592,0.0,0.3092592592592592,0.3092592592592592,0.187037037037037,0.0,0.187037037037037,0.187037037037037,69.7,0.0,69.7,69.7,94.9,0.0,94.9,94.9,0.8666666666666667,0.5163977794943223,0,2,66.26666666666667,5.338093114140861,60.0,77.0,2.3683333333333336,0.862071149422521,1.225,4.9,68.93413189662623,3.070841925524333,65.568409491171,73.67622555928078,45.36948163998088,1.3421167423396956,43.23392617559082,46.82117510942492,0.0,0.0,0.0,0.0,0.0,0.0,0.0,0.0,0.0,0.0,0.0,0.0,0.0,0.0,0.0,0.0,0.0,0.0,0.0,0.0,53.64666666666667,1.855827372924332,50.0,56.3,user_001,15
2024-01-02 14:15:00,4.333333333333333,2.410295378065479,0,7,6601.0,18.357559750685812,6569,6628,6.75,0.3068717740592735,6.3340000000000005,7.197999999999999,79.74435118346518,2.4491485629764673,76.66661789141735,84.75307196782737,45.269374085137784,4.450009037295864,39.71183752559018,53.45225522238841,97.52666666666666,0.4220133150686543,96.92,98.12,33.498799999999996,0.1513572878041517,33.238,33.708,0.0,0.0,0,0,56.7373322762264,7.688772681275388,43.90170010143107,68.90594958481425,80.4,5.487648468541487,70,93,45.486666666666665,11.218662173021388,28.5,63.9,56.413333333333334,17.905061800933222,29.0,84.0,97.44666666666669,0.7623897266084436,96.3,99.1,33.486000000000004,0.4777746031640569,32.78,34.52,6.771333333333333,0.6478411033873163,6.03,8.8,79.32239291305609,1.582259508304913,77.4221364590755,82.34789675360882,78.16059765801282,0.3480443683732676,77.86306526009224,78.82344878837559,0.3278244082674083,2.0498285240042335,-3.4999176917667683,4.1234640160863165,50.25684836141202,0.0,50.25684836141202,50.25684836141202,3.792582058287233,0.6403172155110558,2.837807853913236,4.7464108374517675,3.3832374967518795,1.2186136746129266,1.5891369092936238,5.560123182718207,47.0948731613894,0.8716338614891285,45.80755233586294,48.19699560779984,540.0,0.0,540.0,540.0,0.375,0.0,0.375,0.375,0.3092592592592592,0.0,0.3092592592592592,0.3092592592592592,0.187037037037037,0.0,0.187037037037037,0.187037037037037,69.7,0.0,69.7,69.7,94.9,0.0,94.9,94.9,0.6,0.50709255283711,0,1,74.2,4.55443269165953,65.0,81.0,1.96,0.6211883772254597,1.225,2.45,72.39377518514313,4.4634034585530165,66.86776316166082,79.36396657938242,42.16039044284749,0.7572701323165966,40.95556618060455,43.05372284665449,0.0666666666666666,0.2581988897471611,0.0,1.0,0.0666666666666666,0.2581988897471611,0.0,1.0,0.0,0.0,0.0,0.0,0.0,0.0,0.0,0.0,0.1333333333333333,0.3518657752744983,0.0,1.0,51.559999999999995,2.6207414436158576,46.4,55.8,user_001,15
2024-01-02 14:30:00,5.4,2.5579009251449016,1,10,6671.4,24.22749323746597,6635,6709,6.681866666666666,0.2680292805610895,6.388,7.048,79.453933044023,1.7447181646344798,75.62045255386788,81.67105158565288,48.448253240707125,3.372348627810938,43.57195348073865,52.980342997492926,97.74266666666668,0.3245979197773884,97.28,98.2,33.43546666666667,0.2966898011311464,33.034,33.922000000000004,0.0,0.0,0,0,51.65123905237944,4.389536395117412,45.85597404763978,61.50141241078426,79.26666666666667,3.9725246860091863,72,86,48.28,10.946963049174872,26.2,65.4,51.50666666666667,13.145910100900297,33.6,83.2,97.78,0.7475674838147642,96.5,99.1,33.43866666666666,0.6051784467253882,32.34,34.57,6.6593333333333335,0.6846111165854529,5.57,7.89,79.64558173694402,1.3749340233557232,77.43286382703401,81.29859783573922,79.50324088995086,0.2465579579246538,78.94896585891705,79.8219989726997,-0.0936331886781734,1.4810478321732523,-2.3230091231013574,2.3584738218402066,50.25684836141202,0.0,50.25684836141202,50.25684836141202,3.8979359312094455,1.3111224030357704,1.6212253093397089,5.614689317807952,3.278435844425986,1.179289341106252,1.2056851261566637,4.827474538609352,46.472729180896046,0.2942045385202432,45.9828550130952,46.85881366292246,540.0,0.0,540.0,540.0,0.375,0.0,0.375,0.375,0.3092592592592592,0.0,0.3092592592592592,0.3092592592592592,0.187037037037037,0.0,0.187037037037037,0.187037037037037,69.7,0.0,69.7,69.7,94.9,0.0,94.9,94.9,0.8666666666666667,0.7432233529572065,0,2,70.4,6.977514907595277,61.0,81.0,2.5316666666666667,1.3472348223923944,1.225,4.9,69.16980340401909,1.805778975521064,66.93456814736744,74.00279813752734,42.37383980685361,1.2007552038895006,41.02164210968895,44.399837521028104,0.0,0.0,0.0,0.0,0.0,0.0,0.0,0.0,0.0,0.0,0.0,0.0,0.0,0.0,0.0,0.0,0.0,0.0,0.0,0.0,53.12,1.0303952085070485,51.1,54.9,user_001,15
2024-01-02 14:45:00,4.533333333333333,2.5317037365228594,2,11,6743.533333333334,20.2409297734868,6711,6777,6.3464,0.144935847877604,6.0840000000000005,6.62,77.92025582701083,1.3463482051776754,75.27495416381831,80.23691215836426,47.71622227036931,3.710895557578742,42.26645594480867,52.916920091734646,97.49066666666668,0.4546186261451433,96.72,98.16,33.38,0.15676187583174,33.094,33.664,0.0,0.0,0,0,55.96269882074886,6.423228734796871,43.19908064333458,67.19948476921158,77.53333333333333,3.622679881497885,70,82,48.46666666666667,9.35869852571596,31.3,60.7,55.193333333333335,14.249233897535218,35.1,79.4,97.49333333333334,1.0067391963779908,95.2,98.8,33.41866666666667,0.5543447440339774,32.49,34.83,6.3580000000000005,0.6010966169070849,5.03,7.31,78.18884141040775,0.8692814534362133,76.95008515869813,79.73735581768572,79.33271746820807,0.3270513114753536,78.68709443551693,79.6883169647183,-0.1934612468387503,1.3923825851516785,-2.745637386121416,2.1611212969292666,50.25684836141202,0.0,50.25684836141202,50.25684836141202,3.518111532754352,0.7883443240232779,2.4019994043029276,4.623653159889097,2.57166379270764,0.6463447140390123,1.6738568392982576,3.5427436198652287,46.93643234320678,0.6198687882295024,46.14623143523277,48.08223775553822,540.0,0.0,540.0,540.0,0.375,0.0,0.375,0.375,0.3092592592592592,0.0,0.3092592592592592,0.3092592592592592,0.187037037037037,0.0,0.187037037037037,0.187037037037037,69.7,0.0,69.7,69.7,94.9,0.0,94.9,94.9,0.7333333333333333,0.7037315505489967,0,2,72.13333333333334,5.540328338215894,63.0,82.0,2.286666666666667,1.2132772422932303,1.225,4.9,68.94753171454836,2.9331547833410214,63.76518084273564,71.58902924349705,43.27565219794054,0.5601620029164263,42.534413413451034,44.52011783330417,0.0,0.0,0.0,0.0,0.0,0.0,0.0,0.0,0.0,0.0,0.0,0.0,0.0,0.0,0.0,0.0,0.0,0.0,0.0,0.0,53.63333333333333,1.1623047711131458,51.9,55.5,user_001,15
2024-01-02 15:00:00,5.333333333333333,2.2572634084745395,1,9,6821.8,23.586315645184964,6784,6857,5.989466666666667,0.24753120053459,5.534000000000001,6.241999999999999,75.58248590941034,1.7722388406755636,71.82926084411064,77.63563302331009,47.105426445699926,2.8668361644985323,44.18852742552783,51.911280061156425,97.58133333333332,0.2844007903009633,97.14,98.14,33.45373333333334,0.2085019584240579,33.098,33.760000000000005,0.0,0.0,0,0,49.7840251415404,3.8956806214592743,42.86126616401943,54.68784886904371,75.53333333333333,5.111145617550876,64,81,46.080000000000005,7.233967494693744,32.0,62.3,51.26,11.822242958568756,26.5,74.8,97.58666666666666,0.8007734356471207,96.2,98.9,33.40866666666667,0.6007241661607469,32.51,34.74,5.986000000000001,0.5995093231730667,4.71,6.91,75.8213065860698,1.3800089680371352,73.8517877484132,78.12648209898035,77.58031869786306,0.6091775329265245,76.75137086821059,78.62472962367794,-0.0245762880385067,1.9624249483515672,-3.9146304220553247,3.0569130519631216,50.25684836141202,0.0,50.25684836141202,50.25684836141202,2.669171355420645,0.77636769607374,1.1570761646908383,3.858581351743682,2.408981302898629,1.1174761046105717,0.5075019886681243,3.8312957064499615,47.624410675222705,0.2904305829184048,47.16215036990477,48.18877233579476,540.0,0.0,540.0,540.0,0.375,0.0,0.375,0.375,0.3092592592592592,0.0,0.3092592592592592,0.3092592592592592,0.187037037037037,0.0,0.187037037037037,0.187037037037037,69.7,0.0,69.7,69.7,94.9,0.0,94.9,94.9,0.8666666666666667,0.6399404734221844,0,2,78.26666666666667,4.742914514856671,69.0,85.0,2.45,1.1341296222213757,1.225,4.9,65.23029622735206,1.3860122856211217,62.38381353575248,67.30671094812007,46.04678709765203,0.5049613923349238,45.04977257878391,46.68993856709116,0.0666666666666666,0.2581988897471611,0.0,1.0,0.0,0.0,0.0,0.0,0.0,0.0,0.0,0.0,0.0,0.0,0.0,0.0,0.0666666666666666,0.2581988897471611,0.0,1.0,55.46,1.0622079430533893,53.7,57.6,user_001,15
2024-01-02 15:15:00,4.4,2.4436506647695313,1,10,6894.8,16.69987168470819,6867,6923,5.961333333333333,0.212048062835719,5.556,6.322,73.52219215244847,1.9847110515007949,69.70868924476196,76.38987014292502,46.45181149294317,2.0012621992657067,43.63467999180072,50.38943188843786,97.18,0.4635884874695223,96.46,97.98,33.22266666666666,0.2204614208772996,32.822,33.55,0.0,0.0,0,0,50.758794234002494,3.6261306640205073,45.001196387605965,58.10035448521658,73.26666666666667,5.522249369164533,66,83,46.45333333333333,6.007479465117589,38.3,59.4,50.58666666666667,11.05569450339421,36.9,75.9,97.18666666666668,0.79630097205468,95.7,98.3,33.20333333333333,0.5249580482104756,32.25,33.9,5.989333333333334,0.8303653814235434,4.68,7.36,73.90728180208284,1.4395371729806072,71.91916788305966,76.35328250196474,75.61542646719305,0.6954488410433711,74.5523390309294,76.62313613436261,-0.1277627428909009,2.1476130708310546,-3.168869650803714,3.76377025174601,50.25684836141202,0.0,50.25684836141202,50.25684836141202,2.248846349836103,0.5335498943431314,1.1791358447381084,2.9664902955706207,1.6101568515873408,0.4436480548449018,0.5189055984869232,2.1037792854158943,47.64784960738396,0.3800188961091378,46.77861896932155,48.134866110880246,540.0,0.0,540.0,540.0,0.375,0.0,0.375,0.375,0.3092592592592592,0.0,0.3092592592592592,0.3092592592592592,0.187037037037037,0.0,0.187037037037037,0.187037037037037,69.7,0.0,69.7,69.7,94.9,0.0,94.9,94.9,0.8666666666666667,0.6399404734221844,0,2,73.0,7.8010988237006,65.0,86.0,2.45,1.1341296222213757,1.225,4.9,64.74082419268647,2.06680303915456,61.46700314598786,68.6427997817886,45.9652792492096,0.4391638509815104,45.18230158787072,46.45261475733313,0.0,0.0,0.0,0.0,0.0,0.0,0.0,0.0,0.0,0.0,0.0,0.0,0.0,0.0,0.0,0.0,0.0,0.0,0.0,0.0,56.15333333333333,1.6426749381362558,53.6,58.6,user_001,15
2024-01-02 15:30:00,4.8,2.2740775209804465,1,9,6961.066666666667,21.681020886173357,6924,6995,6.1136,0.2872681176680968,5.542,6.518000000000001,74.70264675391546,1.8186381215745309,71.96998278122109,78.93933511734642,47.91101349385014,3.838381272388917,40.525090367940955,53.89736138692901,97.452,0.1225444525759666,97.24,97.64,33.4692,0.1465972129924122,33.132,33.712,0.0,0.0,0,0,51.68334757549545,5.3706925061690445,42.87829622309611,61.71862355117528,74.66666666666667,3.921855731787235,68,82,48.56666666666667,11.289734064099797,27.1,64.2,51.013333333333335,12.989768867770328,30.9,79.2,97.43333333333334,0.4186144947778245,96.5,98.1,33.494,0.5131666396016017,32.44,34.34,6.0840000000000005,0.6116231332633335,4.89,7.15,74.6148974801187,1.2916132969948402,73.30013788325593,76.66833091466745,74.39198927703299,0.1828283591060817,74.11241945318197,74.64657300085118,-0.017990043624394,1.417731067388584,-2.9865189149658704,1.7954986619901945,50.25684836141202,0.0,50.25684836141202,50.25684836141202,3.94839335962533,0.8356245906959617,2.5132060218036605,5.378930839868829,3.362557321310083,0.6717906493846288,2.1806335339422125,4.463588098380871,46.6185164190122,0.2927624760451138,46.159220435354534,47.18141249339666,540.0,0.0,540.0,540.0,0.375,0.0,0.375,0.375,0.3092592592592592,0.0,0.3092592592592592,0.3092592592592592,0.187037037037037,0.0,0.187037037037037,0.187037037037037,69.7,0.0,69.7,69.7,94.9,0.0,94.9,94.9,0.8666666666666667,0.6399404734221844,0,2,66.26666666666667,6.0999609678688795,53.0,72.0,2.45,1.1341296222213757,1.225,4.9,64.64230834901024,3.2898275963191166,59.52685457206064,67.53194800721892,45.72745516760158,0.6534364344769729,44.68964594585455,46.87169669338103,0.0,0.0,0.0,0.0,0.0666666666666666,0.2581988897471611,0.0,1.0,0.0,0.0,0.0,0.0,0.0,0.0,0.0,0.0,0.0666666666666666,0.2581988897471611,0.0,1.0,56.080000000000005,1.9135606302686832,52.1,59.1,user_001,15
2024-01-02 15:45:00,5.6,3.202677451312083,1,12,7042.0,24.643167699907043,6997,7079,6.242,0.2065623392586367,5.970000000000001,6.6,72.494868856248,1.7019616155655015,70.42074323829567,76.59568900960106,50.19134510269666,3.192511575228715,43.80771220613753,55.83606801261016,97.31733333333334,0.476227236676344,96.66,98.06,33.6072,0.1851421075822558,33.212,33.866,0.0,0.0,0,0,48.137990225087336,3.325064586730079,43.520316963789405,53.50285462918382,72.33333333333333,4.220133150686576,66,80,50.78,8.272432704902643,35.1,63.0,47.72,9.684907256728303,32.1,68.1,97.32,0.7930051341934339,96.1,99.2,33.60666666666666,0.3387090337204058,32.98,34.08,6.256666666666666,0.6301662667975207,5.53,7.53,72.73604994168744,1.1811581699975864,71.10971029100483,74.1211297628228,73.89071044196892,0.1748518645787229,73.59875780508173,74.10091135193028,-0.080767761457335,1.5993817485836297,-3.5318963365336913,2.5532332427991946,50.25684836141202,0.0,50.25684836141202,50.25684836141202,2.913783539808605,0.5509113995615129,2.21692085905572,3.7502670999582306,2.517284675543694,0.5738430246123736,1.7051816290225597,3.4508392308748617,47.880253314905325,0.5144396824568659,47.43649721782,49.0511792982734,540.0,0.0,540.0,540.0,0.375,0.0,0.375,0.375,0.3092592592592592,0.0,0.3092592592592592,0.3092592592592592,0.187037037037037,0.0,0.187037037037037,0.187037037037037,69.7,0.0,69.7,69.7,94.9,0.0,94.9,94.9,1.0,0.8451542547285166,0,2,80.93333333333334,3.731462116089286,73.0,86.0,2.8583333333333334,1.581468199701362,1.225,4.9,59.7441674526679,2.8480607934040663,54.55978826134204,63.44581298530286,49.05009479791729,0.7922821585231221,47.75309329288507,50.53544440661738,0.0,0.0,0.0,0.0,0.0,0.0,0.0,0.0,0.0,0.0,0.0,0.0,0.0,0.0,0.0,0.0,0.0,0.0,0.0,0.0,58.46666666666667,1.417072770924359,56.1,61.0,user_001,15
2024-01-02 16:00:00,5.4,1.9566735620873064,2,9,7122.0,25.433386382020284,7083,7160,6.109066666666666,0.2547254731405297,5.628,6.514,72.73572226762741,1.5991344359678434,70.50361998138871,75.66113553863796,46.48063638782093,5.664131728968267,36.86074672974839,55.92275975373013,97.03066666666668,0.4987909190757,96.14,97.58,33.42733333333333,0.2239829925516251,33.082,33.882,0.0,0.0,0,0,51.899709278927126,6.366746528120822,41.20512334565791,63.05550591370196,72.66666666666667,5.367450401216933,66,80,45.27333333333333,13.73054294351864,24.7,68.5,53.0,16.574119239688986,22.4,76.8,97.06666666666666,0.9309493362512632,94.9,98.5,33.446666666666665,0.435638557041214,32.53,34.21,6.068,0.6730018042854183,4.89,7.49,72.72213414753398,0.7746049832212933,71.59546971585328,74.02777629130597,72.94890607686366,0.2862123221023108,72.6152955619377,73.49917187005448,-0.034527800480374,2.0927731386128787,-3.2203785128793214,3.0041483460215233,50.25684836141202,0.0,50.25684836141202,50.25684836141202,4.28660011717071,0.913098280524806,3.13483738096453,6.336377689993733,3.8134154185977978,1.7401248833547542,1.255391062638418,6.856350483106366,49.034025140401944,0.6223559574051052,48.113135431915104,49.90788028590817,540.0,0.0,540.0,540.0,0.375,0.0,0.375,0.375,0.3092592592592592,0.0,0.3092592592592592,0.3092592592592592,0.187037037037037,0.0,0.187037037037037,0.187037037037037,69.7,0.0,69.7,69.7,94.9,0.0,94.9,94.9,0.9333333333333332,0.5936168397046637,0,2,80.0,3.4846602621858493,76.0,86.0,2.5316666666666667,1.0825509995684577,1.225,4.9,62.959435458853186,6.035726517502747,54.79566671252657,71.27700065834253,49.19901697655461,1.5807880580398563,46.829398143482955,51.11788369599018,0.0,0.0,0.0,0.0,0.1333333333333333,0.3518657752744983,0.0,1.0,0.0,0.0,0.0,0.0,0.0,0.0,0.0,0.0,0.1333333333333333,0.3518657752744983,0.0,1.0,56.76,2.9235008368148505,53.0,60.6,user_001,15
2024-01-02 16:15:00,5.133333333333334,2.8999178970315365,0,13,7197.8,22.374092160353577,7164,7237,6.0508,0.3218737995816727,5.56,6.644,72.83702408464043,1.240884154034967,69.95656383524353,74.60340294394688,44.45075571864041,3.0418220873760142,38.76005130937879,48.42921196506652,97.62533333333334,0.2797413771597543,97.04,98.16,33.4968,0.1695183091670539,33.178,33.803999999999995,0.0,0.0,0,0,58.13598325784107,3.815172692073392,49.189077955663414,64.10020779663057,72.86666666666666,4.138092498218174,64,78,43.95333333333333,9.17067271770387,26.9,55.0,59.60666666666667,11.787551949085143,39.5,73.7,97.59333333333332,0.9391992536705084,95.8,99.4,33.49333333333333,0.5605694383732441,32.57,34.3,6.082666666666666,0.6897356291328137,4.64,7.07,72.70015102323913,0.3934500306117275,71.95864803420884,73.2868540182272,72.60830076255162,0.1128449205227531,72.41057921714314,72.79622643086755,0.0148212910131197,1.6117874266851824,-2.978281917621757,2.047447792039833,50.25684836141202,0.0,50.25684836141202,50.25684836141202,4.05775365783497,1.5876642081827073,2.5597433008977064,6.986543964401039,3.194921090866664,1.4553011111008938,1.342962712149648,6.709722874481022,46.81648373671486,0.7053909695043764,45.46569605323067,48.15510494128364,540.0,0.0,540.0,540.0,0.375,0.0,0.375,0.375,0.3092592592592592,0.0,0.3092592592592592,0.3092592592592592,0.187037037037037,0.0,0.187037037037037,0.187037037037037,69.7,0.0,69.7,69.7,94.9,0.0,94.9,94.9,0.9333333333333332,0.7037315505489968,0,3,75.8,6.3493531729055475,64.0,85.0,2.6133333333333337,1.724142298845042,1.225,8.575,65.07766239113967,2.6993471432083833,61.11237819104612,68.97296611968102,45.272803804453325,0.7049417733646921,44.11595113493484,46.53857028330978,0.0,0.0,0.0,0.0,0.0,0.0,0.0,0.0,0.0,0.0,0.0,0.0,0.0,0.0,0.0,0.0,0.0,0.0,0.0,0.0,56.52,1.4001020370979094,54.8,59.1,user_001,15
2024-01-02 16:30:00,4.933333333333334,2.218965868103772,2,10,7279.866666666667,20.02807553220762,7243,7311,6.037866666666667,0.2684319191864024,5.5,6.547999999999999,72.0923801516872,1.334239729504506,69.24210050868358,75.10760022608159,49.41298266016975,3.567330540807815,42.33783173226043,54.958554488173625,97.496,0.4178995094517251,96.8,98.24,33.28773333333333,0.1719881502008911,32.97,33.6,0.0,0.0,0,0,54.46500714928273,3.96091905190241,46.12847189827281,59.8383752162637,71.93333333333334,4.697517074654084,64,81,51.03333333333333,11.862706669382392,32.3,80.2,52.82666666666667,12.473312463396551,22.4,71.3,97.52,0.9221093830374524,95.9,99.2,33.26466666666666,0.4823582940196246,32.09,33.91,6.042666666666666,0.7975629546729628,5.13,7.76,72.18781931674165,0.6151902992313203,71.27604009165292,73.21737719532113,72.61622280772936,0.1837868208966653,72.41224643253524,72.87261692368078,-0.0795234091769316,1.8412842669783465,-3.0358667420271956,3.9192998304388023,50.25684836141202,0.0,50.25684836141202,50.25684836141202,3.79176299892176,1.895050885134019,1.4956547727013787,7.257049299166509,3.0577637958778228,1.4410914620661035,1.1216767678565551,5.412837441051001,45.9387324707323,0.72286240482243,44.93548728623487,46.93186918940509,540.0,0.0,540.0,540.0,0.375,0.0,0.375,0.375,0.3092592592592592,0.0,0.3092592592592592,0.3092592592592592,0.187037037037037,0.0,0.187037037037037,0.187037037037037,69.7,0.0,69.7,69.7,94.9,0.0,94.9,94.9,0.8666666666666667,0.6399404734221844,0,2,82.06666666666666,4.620863658709378,74.0,89.0,2.45,1.1341296222213757,1.225,4.9,60.866339398879425,2.583078769187745,58.37814672092338,66.194700270178,47.511745266249,1.497491464419911,44.57246418604511,50.062948750656474,0.0,0.0,0.0,0.0,0.0,0.0,0.0,0.0,0.0,0.0,0.0,0.0,0.0,0.0,0.0,0.0,0.0,0.0,0.0,0.0,58.580000000000005,1.666561901469182,55.2,61.7,user_001,15
2024-01-02 16:45:00,4.666666666666667,2.02366946294055,1,8,7348.266666666666,20.9641417209297,7315,7381,5.897466666666667,0.2554776665292644,5.424,6.276000000000001,71.31847807730655,1.6393151824795469,68.70572207203352,73.75668584138934,54.17665302189743,3.8015555680944018,48.19335649576973,60.575888834627,97.53066666666668,0.2277676343076322,97.12,97.82,33.53946666666666,0.1976699509885364,33.142,33.834,0.0,0.0,0,0,45.217365202864194,4.051566176559031,36.87728082141665,50.732415155528734,71.53333333333333,3.3565855667131017,67,79,53.43333333333333,6.846653683856567,40.5,67.3,45.07333333333334,9.100586061714196,24.2,60.1,97.53333333333332,0.8457175032113851,96.2,98.9,33.54266666666667,0.6359185332669445,32.15,34.27,5.892666666666667,0.5137462779380872,4.56,6.55,71.26498592889602,1.204648438772035,69.37170753999484,72.93002645069913,71.9590141782667,0.2968581448405993,71.64882017398263,72.44313474544255,0.1074276280133915,1.1553243095504038,-1.5855619471297755,2.6216570793053364,50.25684836141202,0.0,50.25684836141202,50.25684836141202,2.537499348357203,1.6085380629137096,0.6115188297674681,6.112352616330245,2.177128459097503,1.4786625705775622,0.5824311161356881,5.300628718729084,49.97316240200509,1.5538944802012389,47.13235723738117,51.79481784103359,540.0,0.0,540.0,540.0,0.375,0.0,0.375,0.375,0.3092592592592592,0.0,0.3092592592592592,0.3092592592592592,0.187037037037037,0.0,0.187037037037037,0.187037037037037,69.7,0.0,69.7,69.7,94.9,0.0,94.9,94.9,0.8,0.6761234037828133,0,2,68.4,3.521363372331799,63.0,74.0,2.3683333333333336,1.1774088782859873,1.225,4.9,52.07509536696644,4.233617548664665,46.32362918994786,60.20700973398389,53.86367958366729,1.9417897125664303,50.72503493413031,56.206092770091246,0.0,0.0,0.0,0.0,0.0,0.0,0.0,0.0,0.0,0.0,0.0,0.0,0.0,0.0,0.0,0.0,0.0,0.0,0.0,0.0,61.42,2.374026116115829,57.4,64.7,user_001,15
2024-01-02 17:00:00,4.533333333333333,1.995232412766087,1,7,7416.666666666667,17.93108500687616,7388,7449,5.7676,0.2809923232301648,5.378,6.2780000000000005,70.14407816262965,1.714802373177834,67.34406462342058,73.77414540269632,51.02526075606699,3.729319481345186,44.1762594850242,57.766595464402485,97.12533333333332,0.2204497567204314,96.74,97.44,33.6048,0.1706371254194944,33.25,33.843999999999994,0.0,0.0,0,0,49.43449803781576,4.010369021195617,43.43662895801277,57.978279711798734,69.46666666666667,5.040786030920555,61,80,50.95333333333333,10.181767083978151,25.9,66.1,49.72666666666667,10.402160947656617,34.8,73.1,97.04,0.9723315131314884,95.1,99.0,33.63,0.5051025355594366,32.61,34.39,5.765333333333333,0.7069538949067398,4.89,7.12,70.67000615393572,1.072202116908572,69.45149927928348,72.55335096713277,71.30099791038161,0.2964982644423431,70.7312781199681,71.6658061573818,-0.3387057479814965,1.9634684712083883,-3.2580484675654446,3.11292729865184,50.25684836141202,0.0,50.25684836141202,50.25684836141202,3.2612782318975047,0.8060550389810767,1.275491335583165,4.601800761729726,2.805243144648608,1.0830886645028883,0.9500806972370716,4.899894746774638,52.594514793606855,0.4506555925143743,51.96321189402239,53.46822950031495,540.0,0.0,540.0,540.0,0.375,0.0,0.375,0.375,0.3092592592592592,0.0,0.3092592592592592,0.3092592592592592,0.187037037037037,0.0,0.187037037037037,0.187037037037037,69.7,0.0,69.7,69.7,94.9,0.0,94.9,94.9,0.6,0.50709255283711,0,1,68.4,4.388296122317042,62.0,77.0,1.96,0.6211883772254597,1.225,2.45,55.45312514125042,2.9323074379038245,50.76126561675568,60.00102809256492,53.40456381574498,0.8337336368976985,52.53185171983525,54.875197100082595,0.0,0.0,0.0,0.0,0.1333333333333333,0.3518657752744984,0.0,1.0,0.0,0.0,0.0,0.0,0.0,0.0,0.0,0.0,0.1333333333333333,0.3518657752744984,0.0,1.0,60.48,1.4041774409647385,58.5,63.1,user_001,15
2024-01-02 17:15:00,5.933333333333334,2.737743248596934,2,11,7495.0,28.068793042400596,7454,7538,5.4232,0.1147912390883059,5.292,5.723999999999999,69.36546445104841,1.7718893567286442,65.48839303275064,73.29777783301282,51.26102107924468,3.0454569493917054,46.4078147387332,56.920812114836785,97.56,0.4869144835448108,96.92,98.28,33.5224,0.1162194967661241,33.330000000000005,33.732,0.0,0.0,0,0,50.04173410223533,5.153835384790758,41.51620783511972,58.28245324794036,69.0,5.5549205986353085,59,78,51.99333333333333,8.298749188596922,38.7,65.1,48.70666666666667,11.954644445131931,22.6,69.0,97.63333333333334,0.8389335634062628,95.5,99.0,33.49,0.349121346075709,32.97,34.34,5.408,0.4877089295881306,4.55,6.4,69.5722458229735,0.6990086038767513,68.4131366238798,70.82900415839148,70.36131201952831,0.2330469692957201,69.75477130683903,70.64307430220096,-0.1827322255242052,2.0689369481093367,-3.244196516375311,3.026666625240381,50.25684836141202,0.0,50.25684836141202,50.25684836141202,3.178898762630974,0.7539119184932517,2.015431895751085,4.654360317471047,2.742860285582266,0.6532484668281295,1.8570294479640232,3.7883660044443057,51.56548657395463,0.5163838265560697,50.96873373139229,52.37397125932148,540.0,0.0,540.0,540.0,0.375,0.0,0.375,0.375,0.3092592592592592,0.0,0.3092592592592592,0.3092592592592592,0.187037037037037,0.0,0.187037037037037,0.187037037037037,69.7,0.0,69.7,69.7,94.9,0.0,94.9,94.9,1.0666666666666669,0.7037315505489968,0,2,78.33333333333333,10.641338977689582,63.0,96.0,2.8583333333333334,1.363054168647258,1.225,4.9,54.94681960393521,2.6367778420676684,50.589800225256496,59.235700126566755,53.16298490265752,0.4227084596495504,52.54084729915679,53.98969017155088,0.0,0.0,0.0,0.0,0.0,0.0,0.0,0.0,0.0,0.0,0.0,0.0,0.0,0.0,0.0,0.0,0.0,0.0,0.0,0.0,61.48,1.5648824693430314,59.3,64.5,user_001,15
2024-01-02 17:30:00,4.2,1.6987390281365429,2,8,7575.066666666667,18.35937544326222,7545,7601,5.618799999999999,0.2192921078639825,5.17,5.967999999999999,68.14551570182071,1.5994832604186635,65.88373023677806,70.96496028319633,48.83753158286258,3.395720854172966,41.88629897534209,54.53363702753964,97.508,0.1626213832363823,97.3,97.8,33.467866666666666,0.1963502216036684,33.11,33.732,0.0,0.0,0,0,53.67329265913625,6.092249489755031,44.80711607009709,65.07044640395914,68.26666666666667,3.954503159449396,62,76,49.0,10.350776368397272,27.0,66.7,54.20666666666667,13.261731553968502,30.4,83.1,97.48666666666666,0.3542933946940156,97.1,98.1,33.462,0.4532139198467503,32.48,34.26,5.591333333333334,0.7371457179715619,4.21,6.62,68.0671309968855,1.11347068538203,66.4705589996681,69.82172183128691,69.02434860849836,0.2279662490724535,68.75549007643457,69.56984753789268,0.0605754824229715,1.5079652090628113,-2.4272192943374904,3.3591710584937573,50.25684836141202,0.0,50.25684836141202,50.25684836141202,3.684186217665021,1.1174563019499448,1.939547176773664,5.575890714746476,2.687998099838946,1.0639183978078453,1.5455201664569855,4.572917584857398,50.3931819448803,0.6354739663760629,49.48839095063933,51.168760611770566,540.0,0.0,540.0,540.0,0.375,0.0,0.375,0.375,0.3092592592592592,0.0,0.3092592592592592,0.3092592592592592,0.187037037037037,0.0,0.187037037037037,0.187037037037037,69.7,0.0,69.7,69.7,94.9,0.0,94.9,94.9,0.6666666666666666,0.6172133998483676,0,2,80.06666666666666,10.660117036791627,62.0,91.0,2.1233333333333335,0.9785405799795258,1.225,4.9,55.64898831010495,3.205876256236083,51.7022055966935,60.32740261215473,52.96495231865667,0.868881543797453,51.88288070341303,54.12997648927956,0.0,0.0,0.0,0.0,0.0666666666666666,0.2581988897471611,0.0,1.0,0.0,0.0,0.0,0.0,0.0,0.0,0.0,0.0,0.0666666666666666,0.2581988897471611,0.0,1.0,61.473333333333336,1.8729147134371948,59.0,64.2,user_001,15
2024-01-02 17:45:00,5.533333333333333,1.9591057240729095,3,10,7647.6,25.50014005563695,7606,7684,5.540933333333333,0.1227677637229083,5.326,5.808,68.23730950786128,2.2414346058486747,65.01370891030514,72.59911859825043,51.97003617127358,3.872504053109027,45.59698438258396,59.85575801835976,97.48,0.4044043238429343,96.9,98.18,33.56293333333333,0.1241700830466455,33.309999999999995,33.742000000000004,0.0,0.0,0,0,49.167567313235395,3.595286796568174,40.64065277441585,54.63450470280616,68.06666666666666,6.169819014093257,57,83,52.626666666666665,9.52286471503992,40.5,71.2,48.846666666666664,11.421337591584988,28.1,72.1,97.46666666666668,0.92787519686237,96.0,99.4,33.57066666666667,0.3573207176166749,32.75,34.3,5.534000000000001,0.7654205193412125,4.53,7.37,68.55173716031746,0.7257800193143816,66.7716254448577,69.58301490455867,68.5352103295458,0.1997423343839252,68.19141260484099,68.80026141427514,-0.0853214205973055,2.3137315474755225,-4.0068544551525775,5.800661051312176,50.25684836141202,0.0,50.25684836141202,50.25684836141202,2.6732840880771302,1.415639170922907,0.8246612338412312,4.665189698983921,2.633408193035527,1.6592623580241317,0.5744093311033588,5.690822242040946,50.30517677164252,0.1751024576340421,50.02851372340318,50.55153022120903,540.0,0.0,540.0,540.0,0.375,0.0,0.375,0.375,0.3092592592592592,0.0,0.3092592592592592,0.3092592592592592,0.187037037037037,0.0,0.187037037037037,0.187037037037037,69.7,0.0,69.7,69.7,94.9,0.0,94.9,94.9,1.0666666666666669,0.4577377082170634,0,2,72.53333333333333,7.576907272068457,61.0,83.0,2.6950000000000003,0.9488809198208172,1.225,4.9,52.67798407555776,2.1150856386942145,49.770143007075504,56.245305990850056,53.65329242087876,0.8609548309108251,52.573616900945986,55.09965670281551,0.0,0.0,0.0,0.0,0.0,0.0,0.0,0.0,0.0,0.0,0.0,0.0,0.0,0.0,0.0,0.0,0.0,0.0,0.0,0.0,62.52,1.8131267389315529,59.7,66.3,user_001,15
2024-01-02 18:00:00,4.8,3.342368706685211,1,10,7726.133333333333,21.705386647645668,7693,7756,5.504933333333333,0.2331766548798406,5.25,5.91,66.54943779977715,2.04867405373189,62.996420461807,69.97485182277038,52.049298787142945,3.911000169636256,46.47078829491118,60.83891049532522,97.64666666666668,0.389700739884679,96.94,98.24,33.60053333333333,0.2482250898642096,33.214,33.904,0.0,0.0,0,0,50.098147593568406,5.953162489792,39.29470834079618,60.615764061339426,66.26666666666667,5.4309518590425805,59,79,51.67333333333333,9.98309046528655,30.6,68.6,51.166666666666664,12.300154857716612,26.6,76.0,97.69333333333334,0.9452638835393052,95.5,99.2,33.636,0.6054490659242714,32.38,34.43,5.524,0.6039607366613924,4.61,6.76,66.8058088635789,0.986501538671658,64.52805896801597,67.9152044286295,68.05529408235846,0.310751980655139,67.39337365381921,68.36288768538499,-0.1413855665552418,1.989344965229176,-3.6582839409234538,4.640621342192077,50.25684836141202,0.0,50.25684836141202,50.25684836141202,3.7745499915022256,1.1729809656941788,1.5281622050959147,5.29236171530531,3.585596187351631,1.794739652270278,1.2255624754856496,6.781481513914887,51.31899329749242,0.492453380363282,50.632828762870176,52.00966747920826,540.0,0.0,540.0,540.0,0.375,0.0,0.375,0.375,0.3092592592592592,0.0,0.3092592592592592,0.3092592592592592,0.187037037037037,0.0,0.187037037037037,0.187037037037037,69.7,0.0,69.7,69.7,94.9,0.0,94.9,94.9,0.8666666666666667,0.9154754164341268,0,2,78.53333333333333,4.5492019184949415,72.0,87.0,2.6950000000000003,1.6821860776977084,1.225,4.9,50.160677579637635,3.056805997721365,44.88705187865731,54.2277202846818,55.54745554147935,0.5483242586673917,54.809134062215584,56.39572057790726,0.0,0.0,0.0,0.0,0.0,0.0,0.0,0.0,0.0,0.0,0.0,0.0,0.0,0.0,0.0,0.0,0.0,0.0,0.0,0.0,63.74666666666667,1.5188654913955957,61.1,67.0,user_001,15
2024-01-02 18:15:00,3.8,1.9712215212183248,0,7,7784.466666666666,17.245565337486532,7756,7813,5.175466666666667,0.2478334310052005,4.818,5.608,64.43590958608598,2.1591027405045145,61.3495847366764,68.72709856616204,49.53993587079423,5.052702433184886,39.789105808459006,55.49898762260063,97.404,0.2383514811605565,96.88,97.68,33.435066666666664,0.1343872159452818,33.232,33.682,0.0,0.0,0,0,52.11141534801311,7.472879295041831,42.63338775590133,66.53250225049699,65.2,5.906412979610745,58,77,47.29333333333333,9.636720445897604,27.1,64.6,53.98,15.65485775817115,30.5,83.0,97.4,0.7091242083423335,96.0,98.7,33.37466666666667,0.4896043105941596,32.74,34.31,5.232,0.6364656875500605,4.36,6.79,64.0997115333018,0.8881017513762022,62.515346552437336,65.78022246825239,66.11787110589613,0.6715035653780761,65.3723438727307,67.30669354699059,0.3820452069570029,2.14385264832925,-3.0394788303984512,4.911172631603485,50.25684836141202,0.0,50.25684836141202,50.25684836141202,3.030796694875915,0.5435320241324738,2.442709630434838,4.22268926805287,2.552018504940943,0.6208311882415003,1.8213270086809483,3.7373540083449943,51.8217844644764,0.3193246653927759,50.794617328968585,52.052660007928054,540.0,0.0,540.0,540.0,0.375,0.0,0.375,0.375,0.3092592592592592,0.0,0.3092592592592592,0.3092592592592592,0.187037037037037,0.0,0.187037037037037,0.187037037037037,69.7,0.0,69.7,69.7,94.9,0.0,94.9,94.9,0.5333333333333333,0.5163977794943222,0,1,58.333333333333336,5.407226205560038,50.0,67.0,1.8783333333333336,0.6325872798805448,1.225,2.45,48.371795222733105,4.681080671243165,44.18730677242961,59.201149582987185,57.22156347111361,1.011120552012431,55.33721747090154,58.48380111989217,0.0,0.0,0.0,0.0,0.2,0.4140393356054125,0.0,1.0,0.0,0.0,0.0,0.0,0.0,0.0,0.0,0.0,0.2,0.4140393356054125,0.0,1.0,63.28666666666666,1.9331198568511945,58.5,65.7,user_001,15
2024-01-02 18:30:00,4.866666666666666,2.133630931623591,2,10,7851.133333333333,20.15960128101576,7819,7886,5.295333333333334,0.1921125662085593,4.92,5.654,63.50492275720491,1.6061227235402158,60.27346530245484,65.79794539578509,48.18954037813571,2.2236374971773247,44.93040807671244,52.05132945866172,97.48266666666667,0.1561806036368873,97.2,97.82,33.513733333333334,0.2027776638399343,33.184000000000005,33.808,0.0,0.0,0,0,53.45505824878906,3.2223357207935903,46.78210346962214,58.934732806649805,62.666666666666664,5.936168397046637,51,74,49.49333333333333,8.093512981453259,38.1,63.7,51.55333333333333,9.854720889478497,30.5,63.7,97.50666666666666,0.5035114790387704,96.9,98.5,33.584666666666664,0.4315067731080173,32.88,34.26,5.266,0.6815612329686265,4.19,6.45,63.945900438794624,0.9178272685296932,62.72271896004438,65.32014831216824,64.56518989172703,0.5239469811360348,63.970416171645454,65.4840046841766,-0.4191280452691231,2.450032405089343,-4.636732651227419,4.151540953161181,50.25684836141202,0.0,50.25684836141202,50.25684836141202,3.2934113609869073,1.0126587184288374,1.9544632893840923,5.107459737546504,2.7727486316480667,1.014834286392058,1.744657959256823,4.861539307195635,49.66442833837826,0.4725419464748868,48.86473812446498,50.325300441534615,540.0,0.0,540.0,540.0,0.375,0.0,0.375,0.375,0.3092592592592592,0.0,0.3092592592592592,0.3092592592592592,0.187037037037037,0.0,0.187037037037037,0.187037037037037,69.7,0.0,69.7,69.7,94.9,0.0,94.9,94.9,0.7333333333333333,0.5936168397046637,0,2,66.66666666666667,3.373566715058768,62.0,73.0,2.205,0.9488809198208172,1.225,4.9,52.89059347948353,2.636378118472111,49.462930036347224,58.7920313665558,53.5166481369229,0.8705743441490509,52.27871094811254,54.76318533873776,0.0,0.0,0.0,0.0,0.0,0.0,0.0,0.0,0.0,0.0,0.0,0.0,0.0,0.0,0.0,0.0,0.0,0.0,0.0,0.0,62.473333333333336,0.8258905727124101,61.2,64.1,user_001,15
2024-01-02 18:45:00,4.533333333333333,1.4573295865416047,2,7,7919.733333333334,21.184450721719102,7891,7954,5.446,0.3067134539878268,5.093999999999999,5.896,64.96938143852407,2.466434003683994,61.52896794983343,69.16981709819468,51.54153113444651,3.5326710556230982,45.745484441311675,58.99852898221061,97.56266666666669,0.2572232678507248,97.16,97.96,33.367066666666666,0.1342787434867514,33.190000000000005,33.653999999999996,0.0,0.0,0,0,47.63750476711313,4.235845081467339,41.80633390312673,58.11044375540322,65.86666666666666,5.705469389312409,57,78,51.57333333333334,10.339416028457498,39.9,74.4,47.48,12.428090302674368,31.3,75.4,97.48,0.7113367697511486,96.2,99.0,33.33866666666667,0.4371476812681215,32.76,34.07,5.501333333333333,0.6660530509401384,4.46,6.61,64.27507687744057,1.5178873882162618,62.48265296768566,67.32289259648846,63.95776854317079,0.1485190196767916,63.74308627308014,64.23715209786448,0.4486426140712993,2.0178819503376206,-2.9923495298052813,5.011475705292078,50.25684836141202,0.0,50.25684836141202,50.25684836141202,3.641752294135937,0.98184035184904,1.9630059962707005,5.05330278308978,3.06121704279231,0.941903208576364,1.657542630045023,4.647804114347637,48.97500476020096,0.3206520148488494,48.62840212939184,49.86553575629112,540.0,0.0,540.0,540.0,0.375,0.0,0.375,0.375,0.3092592592592592,0.0,0.3092592592592592,0.3092592592592592,0.187037037037037,0.0,0.187037037037037,0.187037037037037,69.7,0.0,69.7,69.7,94.9,0.0,94.9,94.9,0.7333333333333333,0.4577377082170634,0,1,68.6,2.797958439393164,63.0,73.0,2.1233333333333335,0.5607286925659027,1.225,2.45,48.21209985636238,3.331622107480434,44.18092992950896,53.68538344055056,56.722306769042305,0.843524361487581,54.983956847251015,57.698963633342466,0.0,0.0,0.0,0.0,0.0,0.0,0.0,0.0,0.0,0.0,0.0,0.0,0.0,0.0,0.0,0.0,0.0,0.0,0.0,0.0,63.833333333333336,1.7442422287001755,61.4,67.3,user_001,15
2024-01-02 19:00:00,4.533333333333333,1.8464895909600492,1,7,7991.6,21.695292445267725,7959,8022,5.024,0.2636632050823274,4.476000000000001,5.372,62.08258306766113,2.552796441708458,58.84021472104231,66.77987806546312,49.84555868626185,2.823667038582758,45.31848285710466,54.3859923809354,97.41466666666666,0.3096049710441346,96.9,98.02,33.5268,0.1327399175616948,33.384,33.778,0.0,0.0,0,0,50.574597247224155,3.596033635154068,44.95230062336117,59.38611089793983,61.13333333333333,3.888934240098375,54,67,49.580000000000005,8.52669756872914,38.5,72.0,50.86666666666667,12.014911370380355,27.1,68.8,97.48666666666666,1.156884156854502,95.4,99.6,33.489333333333335,0.5010056553240363,32.6,34.19,4.975333333333333,0.599224101492525,3.99,6.11,63.02031284095622,2.8993381532874087,59.85714058966626,67.68192839765898,64.05037820152513,0.3319284046799763,63.5259822530926,64.43503056201385,-0.4746248671638975,1.5968577834135271,-2.820241561172594,2.5910633953239284,50.25684836141202,0.0,50.25684836141202,50.25684836141202,3.318279500669284,1.1778210773324371,1.6540394254635618,4.769350280293126,2.7497329835915933,1.0951434731991772,1.1740490240274075,4.531401247711936,50.38715433501382,0.342905357125126,49.94374682113024,50.84630938163024,540.0,0.0,540.0,540.0,0.375,0.0,0.375,0.375,0.3092592592592592,0.0,0.3092592592592592,0.3092592592592592,0.187037037037037,0.0,0.187037037037037,0.187037037037037,69.7,0.0,69.7,69.7,94.9,0.0,94.9,94.9,0.8,0.4140393356054125,0,1,71.86666666666666,2.386469797679849,68.0,76.0,2.205,0.5071981861166304,1.225,2.45,48.32440368348821,3.6283385784560496,42.259407701205824,52.85569635125741,56.08936214014316,0.8123192147365155,54.701482949437555,57.21296045167168,0.0,0.0,0.0,0.0,0.0,0.0,0.0,0.0,0.0,0.0,0.0,0.0,0.0,0.0,0.0,0.0,0.0,0.0,0.0,0.0,62.626666666666665,0.5351457300408462,61.8,63.6,user_001,15
2024-01-02 19:15:00,5.0,1.9272482233188633,2,10,8064.2,21.906293942283053,8028,8097,4.868799999999999,0.1429301527720049,4.616,5.1579999999999995,58.61844113622228,1.6803846646323064,55.42730503040557,61.80008772162691,47.248336011030766,3.7720973429813034,40.7911417627168,53.602788851596536,97.38666666666668,0.2685055643655031,96.66,97.82,33.59426666666666,0.3065474716596966,33.044,33.940000000000005,0.0,0.0,0,0,52.93966676690174,4.258704297958812,45.42194928792956,60.786578846762275,58.53333333333333,5.7800972145391984,49,67,47.44666666666667,12.419562142423691,30.5,66.0,52.166666666666664,14.610889611454027,29.7,76.7,97.43333333333334,0.9454150008380056,95.6,98.8,33.626,0.6134073454308897,32.27,34.68,4.866666666666666,0.6752636169533734,3.18,6.06,58.89447183011959,0.9100542048701472,57.31451701769472,60.24703085954452,62.12339602015345,0.9781389982593056,60.3505121019417,63.37287705761729,-0.0425539014444718,2.278510224939687,-4.350148030245407,3.190898323198141,50.25684836141202,0.0,50.25684836141202,50.25684836141202,4.1142870442467405,1.5633752221828072,1.7990170471696558,5.906385389958109,2.994161122079332,1.2180540562831348,1.1066688668050773,4.663272678450266,49.32487967489438,0.79789793574791,48.50558761918862,50.683797737935194,540.0,0.0,540.0,540.0,0.375,0.0,0.375,0.375,0.3092592592592592,0.0,0.3092592592592592,0.3092592592592592,0.187037037037037,0.0,0.187037037037037,0.187037037037037,69.7,0.0,69.7,69.7,94.9,0.0,94.9,94.9,0.8666666666666667,0.5163977794943222,0,2,72.6,2.472708174105007,68.0,75.0,2.3683333333333336,0.862071149422521,1.225,4.9,47.37138763355411,2.0670652459032737,44.92212127381352,50.9669270885304,57.28706405145725,0.7234322697696544,56.33328393069694,58.3410913749561,0.0,0.0,0.0,0.0,0.2,0.4140393356054125,0.0,1.0,0.0,0.0,0.0,0.0,0.0,0.0,0.0,0.0,0.2,0.4140393356054125,0.0,1.0,60.34,1.281628428434476,58.2,62.5,user_001,15
2024-01-02 19:30:00,5.2,2.366431913239847,2,9,8141.4,23.895008444682514,8104,8175,5.199066666666667,0.2038989478942471,4.772,5.5,62.16648967147707,1.692645324559922,59.84983803069739,64.74519454948665,52.03770429676231,4.725426335889704,44.18203236574746,59.46792326953082,97.63733333333332,0.4777845699037337,97.0,98.44,33.723733333333335,0.0938140003766275,33.468,33.86,0.0,0.0,0,0,46.17811347865157,6.05519924827069,37.8346384694737,58.754199683524256,62.53333333333333,3.542933946940157,55,68,52.82666666666667,9.763888764704554,34.4,70.2,46.059999999999995,16.44887317026393,22.5,81.3,97.58666666666666,0.9898532839817866,95.8,98.8,33.71066666666666,0.2909459121718738,32.95,34.14,5.239999999999999,0.6995406656207647,3.79,6.72,61.48911650852077,1.4537645052099577,59.17467170894658,63.993633749514025,59.93218400419005,0.262729061281323,59.60800106244755,60.39246540384968,0.1834218309281307,1.233344497578416,-2.4249190153486992,2.176226296611901,50.25684836141202,0.0,50.25684836141202,50.25684836141202,3.5609690349271887,0.5627324962034388,2.843226338184287,5.152209784924276,3.2061019577352217,0.661171903907241,2.1996614883687355,4.001360647950689,48.55296807041108,0.491975456466063,48.013046127993974,49.643020153896536,540.0,0.0,540.0,540.0,0.375,0.0,0.375,0.375,0.3092592592592592,0.0,0.3092592592592592,0.3092592592592592,0.187037037037037,0.0,0.187037037037037,0.187037037037037,69.7,0.0,69.7,69.7,94.9,0.0,94.9,94.9,0.9333333333333332,0.7988086367179803,0,2,77.2,3.76449579245728,70.0,84.0,2.6950000000000003,1.4787241121994326,1.225,4.9,45.26215583223009,2.6111054182666265,42.481864057206266,50.15318084869283,57.56441530442053,1.252778225822197,55.835257985633326,59.25011695415673,0.0,0.0,0.0,0.0,0.0,0.0,0.0,0.0,0.0,0.0,0.0,0.0,0.0,0.0,0.0,0.0,0.0,0.0,0.0,0.0,63.99333333333333,2.1532257086475943,60.0,66.6,user_001,15
2024-01-02 19:45:00,5.533333333333333,2.6421491973301547,1,10,8217.8,27.959664825296027,8177,8258,5.204400000000001,0.2267814555280671,4.859999999999999,5.57,62.517682979864254,1.404388206190183,60.556505419982365,64.82800596279681,53.52097501649868,4.676930052908227,44.99759545850477,59.67938467245358,97.76266666666668,0.2471398293235969,97.34,98.22,33.388933333333334,0.3583142010396216,32.892,33.868,0.0,0.0,0,0,45.66656423766644,5.153725601250724,37.905981203541685,53.54672571988801,62.2,4.0743097574926725,55,69,53.66,11.334385105257615,30.5,71.1,45.67333333333333,12.454859445594874,23.7,69.9,97.79333333333334,0.8215548557171192,96.4,99.3,33.39066666666667,0.6623709218370312,31.99,34.88,5.146,0.618405784485975,3.87,5.98,62.76122219272529,0.8420508598481529,61.38304682820844,63.815051434167366,61.366717210423865,0.6191207731008089,60.517199158122,62.34208632567066,-0.1588414899321241,1.5749607137552974,-3.085630513006933,2.378995527902397,50.25684836141202,0.0,50.25684836141202,50.25684836141202,4.106197316745574,0.6480812420964692,3.2437019983643176,5.227617873548386,3.706485879228987,1.499537986787698,1.5368195938659364,6.39416312507082,51.077824066302135,1.07687730611386,49.90133731434993,52.77933965663049,540.0,0.0,540.0,540.0,0.375,0.0,0.375,0.375,0.3092592592592592,0.0,0.3092592592592592,0.3092592592592592,0.187037037037037,0.0,0.187037037037037,0.187037037037037,69.7,0.0,69.7,69.7,94.9,0.0,94.9,94.9,1.0666666666666669,0.7037315505489968,0,2,76.4,4.762952265739632,71.0,83.0,2.8583333333333334,1.3630541686472577,1.225,4.9,43.92195871220706,2.839419700077173,39.96176411318883,49.04714788485691,60.17887333807351,0.2388589287046584,59.80869416080421,60.57226021638781,0.0,0.0,0.0,0.0,0.0,0.0,0.0,0.0,0.0,0.0,0.0,0.0,0.0,0.0,0.0,0.0,0.0,0.0,0.0,0.0,64.84666666666666,1.5624461895496076,61.7,67.1,user_001,15
2024-01-02 20:00:00,4.533333333333333,2.8502297317601477,1,9,8293.066666666668,20.803388002461077,8265,8326,4.470266666666666,0.2545133919200847,4.114,4.878,57.23645592675113,2.8023928196851307,53.09554872963059,63.18722712267282,50.65056045890283,5.751450915138425,41.32384141475365,58.45294111307462,97.204,0.2955092456856608,96.64,97.68,33.54026666666667,0.0851548729137229,33.414,33.694,0.0,0.0,0,0,49.78412198668558,5.401704462920348,41.412258983098106,60.02295262913916,56.733333333333334,5.04928094833691,50,66,48.86666666666667,13.680939121204188,28.6,69.4,50.88666666666667,12.911228040887885,34.3,72.2,97.16666666666669,0.8909598890014807,95.8,99.2,33.576,0.3643742189405988,32.64,34.19,4.522666666666667,0.7322320735421317,3.11,5.78,57.695319173472775,2.813729670762516,54.3596731829338,62.85631153604959,61.27089113853729,0.9022974591415744,59.87706945330769,62.40389021881659,-0.2515612967089017,1.8426212377496891,-2.5971615828161845,3.237476668678461,50.25684836141202,0.0,50.25684836141202,50.25684836141202,4.611387804466824,1.083712078903142,1.9713380702527576,6.551591983224037,4.320946859888609,1.203286606026522,1.8159681930157392,6.10206092830208,53.46425403363507,0.6062949082396235,52.08576773770075,54.20900570464047,540.0,0.0,540.0,540.0,0.375,0.0,0.375,0.375,0.3092592592592592,0.0,0.3092592592592592,0.3092592592592592,0.187037037037037,0.0,0.187037037037037,0.187037037037037,69.7,0.0,69.7,69.7,94.9,0.0,94.9,94.9,0.8,0.7745966692414834,0,2,75.26666666666667,7.914423241026174,64.0,88.0,2.45,1.38901943830891,1.225,4.9,39.64356341183407,3.99063599622455,32.74882852712516,47.24209933785006,62.25176462353564,1.3307173603144355,59.73035186008754,63.758144518604645,0.2666666666666666,0.4577377082170634,0.0,1.0,0.0666666666666666,0.2581988897471611,0.0,1.0,0.0,0.0,0.0,0.0,0.0,0.0,0.0,0.0,0.3333333333333333,0.4879500364742666,0.0,1.0,61.29333333333333,1.633343051477406,58.6,65.3,user_001,15
2024-01-02 20:15:00,5.6,2.414243448488869,2,11,8374.0,26.878031390497263,8332,8410,4.461333333333333,0.1212333444623378,4.1579999999999995,4.61,56.649301384963174,1.4493411958453593,54.290658033644114,59.00494748891714,50.9465513379138,3.9980386899534,45.2550406287794,58.20939423890433,97.484,0.3093033647223511,97.16,98.04,33.51546666666666,0.1815338876930496,33.18,33.782,0.0,0.0,0,0,48.26170138505507,4.510874657034939,42.07154660093072,55.64353450183963,56.6,4.420730385678043,50,61,51.32666666666667,10.419039348825828,35.1,70.4,48.086666666666666,11.190357243542104,23.8,63.4,97.5,0.6480740698407864,96.4,98.9,33.52133333333333,0.5322709657236435,32.63,34.2,4.4126666666666665,0.6025359108049277,3.54,5.18,56.9533657361737,1.2218473643148646,55.41849358388282,58.91304900201898,58.45566988410451,0.945295486806386,56.94287865585715,59.79582407998291,-0.0246506924815861,1.710989625464024,-2.5723422214924767,2.236447322118636,50.25684836141202,0.0,50.25684836141202,50.25684836141202,3.9194547363620873,0.6217973058527001,2.719518718926683,4.550415645298126,3.608046380325767,1.4498186730844425,1.9346008007544977,6.47828048684091,51.90340602301677,0.5133134922133155,50.79855589840831,52.4743626287941,540.0,0.0,540.0,540.0,0.375,0.0,0.375,0.375,0.3092592592592592,0.0,0.3092592592592592,0.3092592592592592,0.187037037037037,0.0,0.187037037037037,0.187037037037037,69.7,0.0,69.7,69.7,94.9,0.0,94.9,94.9,1.0,0.6546536707079772,0,2,80.93333333333334,7.1360920344268015,67.0,90.0,2.6950000000000003,1.2423767544509194,1.225,4.9,41.14054217376303,4.275779895294445,36.55228691018557,50.4220305360916,60.98691682750261,0.5287641829093582,60.1698597569339,61.92122522978327,0.0,0.0,0.0,0.0,0.0,0.0,0.0,0.0,0.0,0.0,0.0,0.0,0.0,0.0,0.0,0.0,0.0,0.0,0.0,0.0,61.1,1.2654756305154882,59.5,63.9,user_001,15
2024-01-02 20:30:00,3.8,2.65114530506561,1,11,8437.8,16.84042754801654,8414,8467,4.737066666666666,0.267180908927337,4.11,5.012,55.68983892927286,1.7606060730791144,52.33170136372254,57.96386887660549,52.21094779420534,3.594023200243829,46.83707818169584,58.58314585853149,97.82666666666668,0.3186280112039955,97.28,98.26,33.428266666666666,0.1060993245344501,33.266000000000005,33.596,0.0,0.0,0,0,49.2088348836827,4.255463650723824,41.164832163717655,54.90662940875897,55.733333333333334,4.0964560757992245,47,61,53.18,8.82854137766499,42.1,72.5,48.266666666666666,12.100098386062031,24.3,64.4,97.76,0.7962411694957755,96.5,99.3,33.37466666666667,0.3778107361906924,32.67,33.94,4.729333333333333,0.7780237479543619,3.42,5.85,55.613616842623834,1.1961340623873171,53.69626910554433,57.18406528034088,56.460885577609666,0.1613891537761236,56.169570157118024,56.717474659460315,0.0217472020302376,1.4990809435346892,-2.665850681861265,2.2227662120924947,50.25684836141202,0.0,50.25684836141202,50.25684836141202,3.3544750487562713,0.7032269394470384,2.4911075536190426,4.519159511557507,2.941478613080499,1.1765998964560602,1.4911942608529456,5.190017209622622,50.7479741776465,0.3289464994715869,50.36976867797969,51.57874956605957,540.0,0.0,540.0,540.0,0.375,0.0,0.375,0.375,0.3092592592592592,0.0,0.3092592592592592,0.3092592592592592,0.187037037037037,0.0,0.187037037037037,0.187037037037037,69.7,0.0,69.7,69.7,94.9,0.0,94.9,94.9,0.6666666666666666,0.6172133998483678,0,2,63.8,11.546180568234922,50.0,82.0,2.1233333333333335,0.9785405799795256,1.225,4.9,38.09230815950265,4.329540989397019,31.433469157604765,44.62952565101683,62.72984621204348,0.6644651929494301,61.50812676642244,63.774543558138035,0.0,0.0,0.0,0.0,0.0,0.0,0.0,0.0,0.0,0.0,0.0,0.0,0.0,0.0,0.0,0.0,0.0,0.0,0.0,0.0,61.62,0.9244303265100252,59.8,62.8,user_001,15
2024-01-02 20:45:00,4.933333333333334,1.709915063331955,3,8,8506.333333333334,22.356420192183077,8474,8541,4.6273333333333335,0.1775864645206736,4.356,4.892,57.60318561606825,1.5046732774461418,55.35966485232755,60.297421551815866,56.37999943856261,3.136259613523555,51.16547374187604,62.92231591922109,97.46933333333332,0.23902978495417,97.1,97.94,33.336666666666666,0.1425716194292066,32.994,33.594,0.0,0.0,0,0,42.79574827788638,4.200384668077407,35.12418649148414,49.35169115881168,57.86666666666667,4.611579628139001,49,64,56.306666666666665,9.384901755073464,39.6,71.0,42.88,13.97662334042096,12.3,58.4,97.5,0.6403124237432839,96.3,98.9,33.36266666666667,0.6114557181334509,32.58,34.54,4.642666666666667,0.5583197581860707,3.85,5.49,57.39006872904669,0.697244992320126,56.396261021557294,58.89168869419685,56.245296606815224,0.2019705295016277,56.069207805288826,56.64651227267056,0.1317405252992065,1.7418349728832248,-3.432473850605291,2.276933836138099,50.25684836141202,0.0,50.25684836141202,50.25684836141202,3.236651510651896,1.1218813677508956,1.3252603026476424,5.0401873635684415,3.057005768092365,1.2280954607109895,1.280861541817166,4.776155496293938,52.98621457106786,0.7699736999320671,51.99138859959526,54.29547361638398,540.0,0.0,540.0,540.0,0.375,0.0,0.375,0.375,0.3092592592592592,0.0,0.3092592592592592,0.3092592592592592,0.187037037037037,0.0,0.187037037037037,0.187037037037037,69.7,0.0,69.7,69.7,94.9,0.0,94.9,94.9,0.7333333333333333,0.5936168397046637,0,2,68.53333333333333,6.5341593258228805,59.0,78.0,2.205,0.9488809198208172,1.225,4.9,34.75301608142434,2.2440739833980805,31.78090928720375,39.498075668109195,65.55241425213993,0.7153716462155927,64.29351266933416,66.5921804239422,0.0,0.0,0.0,0.0,0.0,0.0,0.0,0.0,0.0,0.0,0.0,0.0,0.0,0.0,0.0,0.0,0.0,0.0,0.0,0.0,63.78666666666666,1.2454870915581968,62.4,67.1,user_001,15
2024-01-02 21:00:00,4.8,2.007130147392398,1,9,8576.2,21.15993518758548,8545,8613,4.501466666666667,0.3270408158595728,4.186,5.13,57.144222640298246,2.0726387984706776,53.53746043078511,60.50073385365736,49.65331816062851,2.4274268494934224,46.72198474575223,54.28429177651918,97.776,0.1569713349627882,97.64,98.12,33.499066666666664,0.2240674218261318,33.128,33.86,0.0,0.0,0,0,48.78632148029833,1.9393908004124971,45.12581089443523,52.786330038631775,56.4,4.626013402488152,47,64,49.06666666666667,6.7227403709527636,38.5,61.7,48.82,6.635316764965224,38.5,62.9,97.71333333333334,0.6277700519260494,96.0,98.6,33.470666666666666,0.6175697377239103,32.55,34.49,4.490666666666667,0.6989733968641507,3.66,6.54,57.65955388045329,1.4874942820642458,55.34503459079715,59.56379035934752,57.285263308153866,0.323685696758682,56.71989707066926,57.62416762174565,-0.3721113201491235,1.6740817754873822,-3.2687302153925657,2.3953570153667556,50.25684836141202,0.0,50.25684836141202,50.25684836141202,2.6122775840143193,0.468183879535481,1.9452648662821763,4.007057853671107,2.1984829678871107,0.5902588299427136,1.236479768275327,3.4470071028471687,53.53873086446068,0.4849807266710685,53.01665879959556,54.41169197765214,540.0,0.0,540.0,540.0,0.375,0.0,0.375,0.375,0.3092592592592592,0.0,0.3092592592592592,0.3092592592592592,0.187037037037037,0.0,0.187037037037037,0.187037037037037,69.7,0.0,69.7,69.7,94.9,0.0,94.9,94.9,0.8666666666666667,0.5163977794943223,0,2,69.86666666666666,3.7199590371528615,64.0,76.0,2.3683333333333336,0.862071149422521,1.225,4.9,42.171032976867245,2.8112390444315905,38.03913755479177,46.89460480770796,62.38536341433995,1.8474503465950247,60.353015484567216,66.04251896710666,0.0,0.0,0.0,0.0,0.0,0.0,0.0,0.0,0.0,0.0,0.0,0.0,0.0,0.0,0.0,0.0,0.0,0.0,0.0,0.0,61.193333333333335,1.0074484507667767,59.2,62.5,user_001,15
2024-01-02 21:15:00,5.2,1.6987390281365429,2,8,8655.866666666667,22.74035640714139,8617,8691,4.669466666666667,0.1750762554948423,4.38,5.008,55.21659892428117,2.33853807782035,50.57220463590448,58.77608379893284,51.898862311683686,4.288301222334063,45.17242827160791,62.27969078128387,97.668,0.2636881274752997,97.28,98.14,33.42893333333333,0.0707666857322281,33.31,33.532000000000004,0.0,0.0,0,0,46.50930120430773,6.809609210498907,33.363706109537695,54.0397444166988,55.2,6.073361036997083,43,64,52.12,10.666784225542658,36.6,81.3,47.34,14.721742909238506,16.1,62.3,97.66666666666669,0.8861366120627763,96.0,99.1,33.468666666666664,0.2884160354831365,32.94,33.98,4.648666666666667,0.7462273367381004,3.5,6.07,55.07211299612493,1.5483222797166176,52.9919387115453,57.556280679790234,56.599105779452465,0.2432575146566432,56.18041078228971,57.11580275212216,-0.0082994621405873,2.2870673949583673,-3.786102317952249,3.373846608335498,50.25684836141202,0.0,50.25684836141202,50.25684836141202,3.556791895739338,1.4465810276515332,1.7705438927978945,5.782770636402301,3.043923587274006,1.4143541649214495,1.2157477294969894,5.343197820363331,51.73207580845859,0.5842303754510259,50.77609023615609,52.79999475528594,540.0,0.0,540.0,540.0,0.375,0.0,0.375,0.375,0.3092592592592592,0.0,0.3092592592592592,0.3092592592592592,0.187037037037037,0.0,0.187037037037037,0.187037037037037,69.7,0.0,69.7,69.7,94.9,0.0,94.9,94.9,1.0,0.5345224838248488,0,2,79.66666666666667,3.265986323710901,72.0,85.0,2.6133333333333337,1.0214165000951705,1.225,4.9,37.304877763991946,3.5452444950961093,31.95802938161644,43.039351060714864,63.02509732539643,1.229037774704533,60.71228929544205,64.3340902898215,0.0666666666666666,0.2581988897471611,0.0,1.0,0.0,0.0,0.0,0.0,0.0,0.0,0.0,0.0,0.0,0.0,0.0,0.0,0.0666666666666666,0.2581988897471611,0.0,1.0,61.22666666666667,1.781839605843461,58.1,64.2,user_001,15
2024-01-02 21:30:00,5.066666666666666,2.658320271650252,0,10,8734.333333333334,22.334044054078603,8696,8767,4.5524,0.221300313084796,4.247999999999999,4.956,56.08096601691573,1.8026401737088509,51.12656989487999,58.103917787443514,55.54240874143905,5.407187497216547,45.715541386984285,64.76838170960401,97.52266666666668,0.2878359321028631,96.86,97.96,33.31386666666666,0.0959031257249164,33.096000000000004,33.414,0.0,0.0,0,0,43.18358076856976,4.926615698161474,34.23645144640853,53.11155445268124,55.666666666666664,5.826867164470196,41,64,56.49333333333333,9.13849523926643,40.8,75.0,41.833333333333336,12.643895572097044,18.8,64.8,97.56,0.9582722547823874,95.6,98.7,33.3,0.4241967198633873,32.55,34.14,4.5793333333333335,0.6955107749670295,3.46,5.67,56.32604786961522,0.4768084283041154,55.35882809774595,56.94046908574289,55.75977266378106,0.1679419080184732,55.55458799374071,56.09805163263759,-0.2071496751245286,2.1444410224152355,-5.063284947439989,3.058678846304666,50.25684836141202,0.0,50.25684836141202,50.25684836141202,2.961946286590412,0.7212651640856724,0.9934070816493474,3.954258296757837,2.7769234501083138,1.243208182654758,0.9081075184268632,5.292898004733058,51.758060627945966,1.033839717094592,50.6230771419953,53.72063552656137,540.0,0.0,540.0,540.0,0.375,0.0,0.375,0.375,0.3092592592592592,0.0,0.3092592592592592,0.3092592592592592,0.187037037037037,0.0,0.187037037037037,0.187037037037037,69.7,0.0,69.7,69.7,94.9,0.0,94.9,94.9,0.9333333333333332,0.7037315505489968,0,2,78.46666666666667,3.0674947122242613,73.0,84.0,2.6133333333333337,1.298621063538809,1.225,4.9,35.933978962183375,6.1118559216995925,27.52015508576464,44.26455427681709,63.56478726181879,1.4291547864869871,62.10892941008159,66.69304516779543,0.0,0.0,0.0,0.0,0.0,0.0,0.0,0.0,0.0,0.0,0.0,0.0,0.0,0.0,0.0,0.0,0.0,0.0,0.0,0.0,62.6,2.051828452868317,59.9,66.0,user_001,15
2024-01-02 21:45:00,5.133333333333334,1.8847761013926696,2,8,8810.133333333333,23.93105175489051,8769,8844,4.552533333333333,0.260046662479384,4.116,4.952,53.73229793933263,2.021952506333583,51.07453922811258,58.138180588269144,55.152564158578265,5.287638532754792,46.15726058381575,61.72793503994785,97.44,0.4058852758389517,96.84,98.24,33.516400000000004,0.1885708658000273,33.25,33.88,0.0,0.0,0,0,44.99634607392914,5.8759808656473815,36.94942783617304,56.20154619979093,54.0,4.326001122779063,48,63,53.75333333333333,9.3947452384425,38.3,71.5,46.68666666666666,10.516712323499112,23.8,61.6,97.51333333333334,1.0126814946091414,95.9,99.3,33.522666666666666,0.5122703899123523,32.76,34.34,4.547333333333333,0.6433779900612377,3.29,6.13,53.93726914832315,1.3274955496062326,51.789398142764625,56.04131890416589,55.4322867323299,0.2570898378555483,54.90663197812418,55.676966091510074,0.1338510303336813,1.60761191081506,-2.0460601960897193,3.3963645587981333,50.25684836141202,0.0,50.25684836141202,50.25684836141202,2.861148273062906,0.3029399107307159,2.272947528110522,3.445730709336153,2.584792976212405,0.8363668039776408,1.63996317070383,4.405753067446368,55.151975432429246,0.4005096989140263,54.07375701770757,55.48767784585281,540.0,0.0,540.0,540.0,0.375,0.0,0.375,0.375,0.3092592592592592,0.0,0.3092592592592592,0.3092592592592592,0.187037037037037,0.0,0.187037037037037,0.187037037037037,69.7,0.0,69.7,69.7,94.9,0.0,94.9,94.9,0.9333333333333332,0.5936168397046636,0,2,75.8,2.4842360136324704,72.0,79.0,2.5316666666666667,1.0825509995684577,1.225,4.9,30.29034650576112,4.488176646616954,24.65873484267472,38.5238943319396,69.94868847599108,1.1940196890559132,67.76867050875312,71.40790737975513,0.0,0.0,0.0,0.0,0.0,0.0,0.0,0.0,0.0,0.0,0.0,0.0,0.0,0.0,0.0,0.0,0.0,0.0,0.0,0.0,61.940000000000005,1.8395651660107104,58.3,64.4,user_001,15
2024-01-02 22:00:00,0.0,0.0,0,0,8844.0,0.0,8844,8844,4.0652,0.242026917039053,3.67,4.462000000000001,51.4213210204008,1.6435283767702369,48.21164154531893,53.756223566590144,55.46127259837154,2.4014434359051795,51.335785486295954,59.43327601624886,97.404,0.2294340863952044,97.12,97.96,33.452533333333335,0.0752119544702713,33.336,33.606,1.0,0.0,1,1,46.17021851639876,3.325363271768749,41.35390803400085,52.02129307650191,50.8,3.488757453797638,44,56,56.74,9.465486177235093,39.6,71.9,44.66,13.124339439159812,21.6,67.6,97.36,0.6620315055083984,96.6,99.3,33.41866666666667,0.322974272895508,32.76,33.95,4.066666666666666,0.6729430740801046,2.78,4.9,51.91206752464042,0.9732781022891004,49.58880305051911,53.01953965688151,53.74842077754544,0.7018110063116344,52.57680947986671,54.82664354097167,-0.3106605102003944,1.186173217366417,-2.2520745221967218,1.4986169852021902,50.25684836141202,0.0,50.25684836141202,50.25684836141202,3.726232152416879,0.6307805984112382,2.3041205575669577,4.7928170787632185,2.984659576865186,0.6059915358593397,1.7781664491461242,4.0637500685460095,55.88163129842672,0.3385629241165568,55.3069183784749,56.28963758500304,540.0,0.0,540.0,540.0,0.375,0.0,0.375,0.375,0.3092592592592592,0.0,0.3092592592592592,0.3092592592592592,0.187037037037037,0.0,0.187037037037037,0.187037037037037,69.7,0.0,69.7,69.7,94.9,0.0,94.9,94.9,0.0,0.0,0,0,33.86666666666667,23.9310517548903,0.0,75.0,1.225,0.0,1.225,1.225,30.746275934051383,3.6663287403430416,26.55814182102738,38.404788196456856,67.22509450514954,1.0406963781802427,66.31609538637505,69.75162806519974,0.0,0.0,0.0,0.0,0.0,0.0,0.0,0.0,0.0,0.0,0.0,0.0,0.0,0.0,0.0,0.0,0.0,0.0,0.0,0.0,60.593333333333334,0.975021367287234,59.2,62.0,user_001,15
2024-01-02 22:15:00,0.0,0.0,0,0,8844.0,0.0,8844,8844,3.9876,0.160264424356392,3.75,4.382,49.42363305538625,1.4564461621972609,47.41865450833541,52.90310476351203,53.5703167105692,3.031161550848509,45.81104412162724,58.51075155352917,97.39333333333336,0.1492201952373276,97.14,97.72,33.53573333333334,0.3109587631518845,33.17,34.084,1.0,0.0,1,1,46.60940522882186,2.840954686851779,39.8630367602155,50.18155216595431,49.53333333333333,3.044120015154899,45,56,53.913333333333334,9.326066899262724,37.3,70.3,46.72666666666667,9.880100250117955,25.2,58.1,97.38666666666668,0.6435023217481342,96.1,98.4,33.528,0.5988703651757309,32.7,35.24,3.972,0.5520119046335351,3.26,4.99,49.485665516914565,0.9534001891391232,48.269467510489754,51.02129254250866,51.55391099226309,0.732144204058165,50.42247703789352,52.49565076435559,0.0548501389735406,1.1004099995539416,-2.0895788363360097,1.5484476182439837,50.25684836141202,0.0,50.25684836141202,50.25684836141202,3.369978615787502,1.2416389063200126,1.5406609568506604,5.2241673835045495,2.4090132746007695,1.025972484208949,1.0036120557661328,4.389237551122181,54.1914831632006,0.529353408539122,53.47121043825626,55.09016780787216,540.0,0.0,540.0,540.0,0.375,0.0,0.375,0.375,0.3092592592592592,0.0,0.3092592592592592,0.3092592592592592,0.187037037037037,0.0,0.187037037037037,0.187037037037037,69.7,0.0,69.7,69.7,94.9,0.0,94.9,94.9,0.0,0.0,0,0,0.0,0.0,0.0,0.0,1.225,0.0,1.225,1.225,29.193574673202946,2.3589736381032824,26.25133136808658,32.5876535136436,69.67424081505482,0.5221443458863901,68.81610650840706,70.52783417809005,0.0,0.0,0.0,0.0,0.0666666666666666,0.2581988897471611,0.0,1.0,0.0,0.0,0.0,0.0,0.0,0.0,0.0,0.0,0.0666666666666666,0.2581988897471611,0.0,1.0,59.24,1.346317729427725,57.0,61.5,user_001,15
2024-01-02 22:30:00,0.0,0.0,0,0,8844.0,0.0,8844,8844,4.241066666666667,0.1966939125598324,3.99,4.52,50.63747829768211,2.099835294642089,47.9898000341502,55.49181235242472,53.71658753088106,5.650375655518994,43.47191412841872,64.07951760788184,97.40666666666668,0.1513117249099908,97.22,97.72,33.45493333333333,0.19665323602243,33.134,33.721999999999994,1.0,0.0,1,1,44.662072713775665,6.353407833040234,32.35823413597802,56.15201605768698,50.93333333333333,5.020908663730481,43,65,53.62,11.719166230703326,37.1,70.7,43.71333333333334,14.462852251132736,21.4,70.9,97.39333333333336,0.5417783767591787,96.6,98.2,33.501333333333335,0.5422027383957119,32.68,34.61,4.258,0.3886276219872034,3.62,5.24,50.08134901013656,1.302415519779086,48.83087444910656,52.83619409763562,49.876700625959025,0.2791645659894554,49.48177144578762,50.326095803040126,0.1479275178256112,1.86635440202657,-2.8870694116499394,4.754093823787628,50.25684836141202,0.0,50.25684836141202,50.25684836141202,3.726158899532867,0.4412039052676184,3.0168451268459395,4.349403088694641,3.5310583562143525,1.1193472497501635,2.2417714275175635,6.254308268539475,53.67497900449936,0.5814931945205822,52.97746454175647,54.507642860583815,540.0,0.0,540.0,540.0,0.375,0.0,0.375,0.375,0.3092592592592592,0.0,0.3092592592592592,0.3092592592592592,0.187037037037037,0.0,0.187037037037037,0.187037037037037,69.7,0.0,69.7,69.7,94.9,0.0,94.9,94.9,0.0,0.0,0,0,0.0,0.0,0.0,0.0,1.225,0.0,1.225,1.225,30.106547437930512,3.554290903901829,25.59812500304084,35.96405235564706,68.49613068608302,0.3977516246009824,67.92171661249102,69.12575063658414,0.1333333333333333,0.3518657752744983,0.0,1.0,0.1333333333333333,0.3518657752744983,0.0,1.0,0.0,0.0,0.0,0.0,0.0,0.0,0.0,0.0,0.2666666666666666,0.4577377082170634,0.0,1.0,59.85333333333333,2.6202144586891754,55.8,64.0,user_001,15
2024-01-02 22:45:00,0.0,0.0,0,0,8844.0,0.0,8844,8844,4.116933333333333,0.1024412491324148,3.952,4.292,51.81521391760769,2.429128991434539,48.63439779225675,55.37881509447002,54.64904063286576,4.819279162586525,48.79763821649319,64.3767280962192,97.2,0.2826406097603677,96.7,97.62,33.70666666666667,0.2338799040614835,33.33,34.052,1.0,0.0,1,1,43.91440249017004,5.356045733828446,33.172980990423106,51.139207228451994,51.6,5.461553938996797,42,61,53.86,15.356515601807963,24.5,92.5,45.32,17.922260699237377,7.1,75.9,97.28,0.9405165753836676,95.4,98.8,33.664,0.5795663403417616,32.77,34.63,4.099333333333333,0.4889123010267158,3.28,4.77,51.835960041023625,1.790434186000036,49.64921074536765,54.69974068493768,50.34278349807413,0.4870140248802033,49.86923233955024,51.22634610764489,-0.1076069588038459,1.9745444221798087,-3.950994083404453,3.423249528081861,50.25684836141202,0.0,50.25684836141202,50.25684836141202,5.525597664097818,2.1846566533698057,3.1834034375054716,8.897509703271867,4.685010197149281,2.121723276987926,1.739993839692027,7.821711420182937,54.10475173851355,0.3469042877009783,53.7282009425445,54.655952767559526,540.0,0.0,540.0,540.0,0.375,0.0,0.375,0.375,0.3092592592592592,0.0,0.3092592592592592,0.3092592592592592,0.187037037037037,0.0,0.187037037037037,0.187037037037037,69.7,0.0,69.7,69.7,94.9,0.0,94.9,94.9,0.0,0.0,0,0,0.0,0.0,0.0,0.0,1.225,0.0,1.225,1.225,29.14705149489991,3.4054691274992974,24.51700910451108,35.49594595668502,69.8677834285698,0.7908316138181207,68.7107977117828,71.28812606125945,0.0,0.0,0.0,0.0,0.0,0.0,0.0,0.0,0.0,0.0,0.0,0.0,0.0,0.0,0.0,0.0,0.0,0.0,0.0,0.0,60.68,1.6174053295324584,58.1,64.3,user_001,15
2024-01-02 23:00:00,0.0,0.0,0,0,8844.0,0.0,8844,8844,3.9656,0.2863665982118526,3.608,4.446,50.422088966752106,1.9293572963564425,46.985083092067136,53.44922473038478,52.47986780201849,3.236392032004996,47.82929771543403,57.89091985972658,97.31066666666668,0.3597512368025357,96.76,97.84,33.5216,0.109320498665946,33.328,33.69199999999999,1.0,0.0,1,1,47.395205935021,3.5310163166416415,42.00503629792424,52.9692462582415,50.4,5.220837371259793,41,59,52.79333333333333,10.96901263082681,28.2,67.0,46.46666666666667,11.202083139606966,29.2,63.9,97.22,0.97482599179839,95.9,99.5,33.54866666666667,0.4711060946124063,32.74,34.34,3.986,0.5999976190428947,2.94,5.67,50.78325964980869,1.1036759186220253,49.0920464163932,52.51772747448588,51.35213706650644,0.20836287874269,51.1186514421799,51.742676055720295,-0.0110444833760562,1.9793063977221237,-3.4888123190503393,3.671638969310948,50.25684836141202,0.0,50.25684836141202,50.25684836141202,3.5355309304521945,1.0118869891993272,2.477920244579677,5.539397966057975,2.692103836648885,0.8584413577003884,1.7555394247650646,4.455202496673422,54.2017813152575,0.4463556373776056,53.564454217442126,54.81334406416089,540.0,0.0,540.0,540.0,0.375,0.0,0.375,0.375,0.3092592592592592,0.0,0.3092592592592592,0.3092592592592592,0.187037037037037,0.0,0.187037037037037,0.187037037037037,69.7,0.0,69.7,69.7,94.9,0.0,94.9,94.9,0.0,0.0,0,0,0.0,0.0,0.0,0.0,1.225,0.0,1.225,1.225,31.587718539679063,1.8110059397286065,28.42648978737454,34.56721723751909,67.32282167534372,0.4426436725691702,66.43881927195575,68.14436535647829,0.0,0.0,0.0,0.0,0.0,0.0,0.0,0.0,0.0,0.0,0.0,0.0,0.0,0.0,0.0,0.0,0.0,0.0,0.0,0.0,59.13333333333333,1.4883675941238763,57.6,61.5,user_001,15
2024-01-02 23:15:00,0.0,0.0,0,0,8844.0,0.0,8844,8844,3.922,0.1485241683074802,3.704,4.15,50.61853992163045,3.106673892497449,47.09727150393971,56.77507573652704,55.16044724949919,6.07025918675208,46.566177439045326,63.78584885677797,97.51733333333333,0.2252448403298926,97.06,97.8,33.556000000000004,0.1859277893622755,33.198,33.828,1.0,0.0,1,1,43.46939253524645,6.016024058789102,33.209472492314596,52.94631555403745,50.266666666666666,6.0055529859178405,42,61,54.14,12.55956095683967,32.2,71.4,44.9,14.708112435950827,15.5,67.2,97.57333333333332,0.6808258290662941,96.5,99.0,33.54333333333334,0.5361458579084446,32.69,34.47,3.948,0.6089710291021357,3.07,4.96,50.95806570996697,2.1845780191392263,47.50655359164099,54.34744989115113,51.36422271084293,0.4487963665359877,50.52031444419128,51.86487474938205,-0.1759366274818883,2.0284956987713216,-3.707418627633636,3.5030397964071085,50.25684836141202,0.0,50.25684836141202,50.25684836141202,4.075543523022098,0.8724530086503823,3.051573400731366,5.977473344591435,3.7508069004553666,1.4046002935517892,1.933727239631002,7.202111269107842,53.2052395588911,0.5176100392297632,52.39855638528729,54.038687766290735,540.0,0.0,540.0,540.0,0.375,0.0,0.375,0.375,0.3092592592592592,0.0,0.3092592592592592,0.3092592592592592,0.187037037037037,0.0,0.187037037037037,0.187037037037037,69.7,0.0,69.7,69.7,94.9,0.0,94.9,94.9,0.0,0.0,0,0,0.0,0.0,0.0,0.0,1.225,0.0,1.225,1.225,29.058069022688915,7.398715181566277,18.621167477567607,39.22251411614077,67.94800346565879,1.3547942276486704,66.11140036213277,70.37349977048169,0.0,0.0,0.0,0.0,0.0,0.0,0.0,0.0,0.0,0.0,0.0,0.0,0.0,0.0,0.0,0.0,0.0,0.0,0.0,0.0,60.42666666666666,1.3514366253661143,57.6,62.4,user_001,15
2024-01-02 23:30:00,0.0,0.0,0,0,8844.0,0.0,8844,8844,4.055866666666667,0.3627556963551298,3.672,4.702,49.46813009865388,1.294937396812061,47.06484766929314,51.148611885292475,54.77705251757538,4.879615579151564,47.78997850045787,62.834511144073126,97.42,0.2257685287444332,97.04,97.82,33.302533333333336,0.1529191507518442,33.04,33.486000000000004,1.0,0.0,1,1,43.97673974618844,7.488341669770989,28.14983557199955,54.07729258324773,49.93333333333333,3.990464825532174,44,56,56.333333333333336,13.267019617224117,29.3,80.2,43.193333333333335,19.5218363695144,7.6,69.1,97.33333333333331,0.7374344200059549,96.2,99.1,33.28933333333334,0.3421876399760558,32.69,34.06,4.053333333333333,0.5897295586800382,3.22,5.2,49.10802646853294,1.0101266727239164,47.27103572776066,50.21269838704835,50.14804170231766,0.1758332774352991,49.92595023326704,50.43576518501641,0.2326016173397268,1.5681939108875818,-2.1595827345400735,2.4421124063908692,50.25684836141202,0.0,50.25684836141202,50.25684836141202,5.362121049165064,1.016913905918388,2.3151823052548592,7.154223150551009,4.294195632593574,1.654255320585174,1.361630193792683,6.822907644051125,54.19707657451842,0.4195479815925783,53.62452005826179,54.968749883537285,540.0,0.0,540.0,540.0,0.375,0.0,0.375,0.375,0.3092592592592592,0.0,0.3092592592592592,0.3092592592592592,0.187037037037037,0.0,0.187037037037037,0.187037037037037,69.7,0.0,69.7,69.7,94.9,0.0,94.9,94.9,0.0,0.0,0,0,0.0,0.0,0.0,0.0,1.225,0.0,1.225,1.225,27.632239203599855,3.3763488148079066,23.09787798032015,32.905166886424475,70.8543954057042,0.7224729199682591,69.8260878844906,71.90679928944645,0.0,0.0,0.0,0.0,0.0,0.0,0.0,0.0,0.0,0.0,0.0,0.0,0.0,0.0,0.0,0.0,0.0,0.0,0.0,0.0,59.78666666666666,1.756972504324522,56.2,62.9,user_001,15
2024-01-02 23:45:00,0.0,0.0,0,0,8844.0,0.0,8844,8844,3.9256,0.2064491635799404,3.5480000000000005,4.22,48.429281121347614,1.576977848888605,46.36256981950864,51.624532775510865,61.95919039061507,4.408381143412244,56.67257046988001,69.96830036481118,97.80666666666666,0.2570899416454057,97.28,98.28,33.626,0.2619661919299633,33.294,34.024,1.0,0.0,1,1,36.528998754725336,5.613467770480146,24.500963785744123,44.96478553672182,48.13333333333333,3.8889342400983735,40,56,62.093333333333334,11.458400952181432,43.9,79.1,36.18,14.822001021647322,10.9,66.3,97.81333333333332,0.8166715257387039,96.3,99.4,33.64066666666667,0.5684247238347983,32.39,34.44,3.9493333333333336,0.6244365078860717,2.45,4.97,48.72222895755434,1.0770602095199635,47.02918526596936,49.90431342018218,49.24150614224108,0.3750409960518454,48.87625428916836,50.05111222898367,-0.1479738940071418,1.486278532546061,-3.5740048556312445,2.187733612244564,50.25684836141202,0.0,50.25684836141202,50.25684836141202,3.6707088877147926,0.6462006815737885,2.204960303791718,4.717222488525131,3.135375613516288,0.9535603611166272,1.5067399786862867,4.861115771573648,56.8083060128145,0.8579145164922106,55.266944366802626,58.36812145409522,540.0,0.0,540.0,540.0,0.375,0.0,0.375,0.375,0.3092592592592592,0.0,0.3092592592592592,0.3092592592592592,0.187037037037037,0.0,0.187037037037037,0.187037037037037,69.7,0.0,69.7,69.7,94.9,0.0,94.9,94.9,0.0,0.0,0,0,0.0,0.0,0.0,0.0,1.225,0.0,1.225,1.225,19.15941524489454,5.4221297106718565,11.059330464224372,24.890688236751178,74.15600698869427,2.271286064200284,70.92254395000948,77.9712491711911,0.0,0.0,0.0,0.0,0.0,0.0,0.0,0.0,0.0,0.0,0.0,0.0,0.0,0.0,0.0,0.0,0.0,0.0,0.0,0.0,62.46,1.228704311750504,60.7,64.6,user_001,15
2024-01-03 00:00:00,0.0,0.0,0,0,8844.0,0.0,8844,8844,4.1156,0.2297267942578751,3.714,4.556,47.27683540521827,2.230401177859521,43.71852771285711,50.29042181479142,58.90377209432883,3.13608124365954,52.52409738022615,62.808602501163115,97.38933333333333,0.2581103492325535,96.94,97.8,33.111466666666665,0.091249944553147,32.946000000000005,33.246,1.0,0.0,1,1,42.964364813607624,4.638084123129127,34.68836226907953,50.35581104269023,47.53333333333333,5.356793639411368,40,56,58.56666666666667,9.045414518391285,43.0,70.6,43.04666666666667,12.790167354353928,21.3,64.4,97.5,1.0205040771249143,96.5,100.0,33.111333333333334,0.4004259636698795,32.34,33.84,4.039333333333333,0.6164236329328195,2.75,5.15,47.06182004792986,1.4357537012367187,45.05582554916752,48.91598753651241,48.20164186845126,0.3403259958996706,47.853058263282946,48.89913707333383,0.1282489640575287,1.9389687860506248,-3.240086812460546,3.3470605119184853,50.25684836141202,0.0,50.25684836141202,50.25684836141202,3.587447415622789,0.7872424668314049,2.2663419259048867,4.730425365231863,2.9741207613876957,0.4468078123423892,2.3261717191930074,4.004948608957455,59.97377425043866,0.5398874149523838,58.647636524952375,60.561666128895226,540.0,0.0,540.0,540.0,0.375,0.0,0.375,0.375,0.3166666666666666,0.0,0.3166666666666666,0.3166666666666666,0.1962962962962963,0.0,0.1962962962962963,0.1962962962962963,70.6,0.0,70.6,70.6,94.9,0.0,94.9,94.9,0.0,0.0,0,0,0.0,0.0,0.0,0.0,1.225,0.0,1.225,1.225,18.784514281118028,2.689181903268449,14.8050649911992,23.575426430363763,78.44452822450087,1.1722720139224758,76.09877347134311,80.04061925289275,0.0666666666666666,0.2581988897471611,0.0,1.0,0.0,0.0,0.0,0.0,0.0,0.0,0.0,0.0,0.0,0.0,0.0,0.0,0.0666666666666666,0.2581988897471611,0.0,1.0,60.94666666666667,1.2466335620763769,58.9,63.4,user_001,15
2024-01-03 00:15:00,0.0,0.0,0,0,8844.0,0.0,8844,8844,3.8946666666666663,0.2186578105059089,3.56,4.442,49.97986735918107,2.6044978767802296,46.868187397100066,56.52694787652761,52.2695357193864,6.625823086366635,41.35257634415589,60.81682053712908,97.55333333333334,0.5180549704239441,96.7,98.12,33.376,0.1704196501077783,33.025999999999996,33.594,1.0,0.0,1,1,47.893614864617376,8.01504358082598,36.4276728781386,61.28089596371779,49.93333333333333,7.1360920344267935,40,69,52.27333333333333,14.713039244477118,20.5,73.4,47.72,15.138324119361997,18.1,70.6,97.50666666666666,0.8404647240550666,96.0,98.7,33.37266666666667,0.5325205115656056,32.63,34.61,3.9026666666666663,0.7447095950451967,2.79,5.77,50.12273349317342,1.7337049848878754,47.59322950656761,52.7658913628329,48.4432942508111,0.1567552515434715,48.07981661996641,48.62835138219967,-0.0232670129238712,2.7127110303596615,-5.508982625509205,6.2365260617361855,50.25684836141202,0.0,50.25684836141202,50.25684836141202,5.104729727063852,1.0395247911864822,3.3241222052186736,7.259618076075021,4.605041032368242,1.4824005519697894,2.013398971035843,6.789392864808062,57.67397697808191,1.6667753255240123,55.58665390685762,59.93543193942575,540.0,0.0,540.0,540.0,0.375,0.0,0.375,0.375,0.3166666666666666,0.0,0.3166666666666666,0.3166666666666666,0.1962962962962963,0.0,0.1962962962962963,0.1962962962962963,70.6,0.0,70.6,70.6,94.9,0.0,94.9,94.9,0.0,0.0,0,0,0.0,0.0,0.0,0.0,1.225,0.0,1.225,1.225,31.717195152866896,6.35579935487785,20.890990983554353,39.88159965209564,69.707845858597,2.769908988808675,67.12895725457473,74.75523631854266,0.0666666666666666,0.2581988897471611,0.0,1.0,0.2,0.4140393356054125,0.0,1.0,0.0,0.0,0.0,0.0,0.0,0.0,0.0,0.0,0.2666666666666666,0.5936168397046637,0.0,2.0,59.24,1.926061859264723,56.2,62.1,user_001,15
2024-01-03 00:30:00,0.0,0.0,0,0,8844.0,0.0,8844,8844,4.024533333333333,0.1543437104399818,3.709999999999999,4.244,50.91668703130436,1.4763517676334583,48.42708640620248,53.64506263887481,58.4284089364056,4.533427507314078,51.34583000384914,65.78539233139118,97.61466666666666,0.2965965674270751,97.06,98.12,33.495066666666666,0.26483835141639,33.174,33.868,1.0,0.0,1,1,40.39364904043798,6.471250427780722,30.335911480756895,50.11930187133178,50.93333333333333,3.634490859738653,46,59,58.53333333333333,10.53251202343532,41.0,72.4,40.02,14.660695754294885,7.3,60.3,97.58,0.8711240685787203,96.1,99.3,33.571999999999996,0.4607168327725792,32.7,34.33,4.036666666666666,0.3955225597081602,3.21,4.9,50.6394287117319,1.4297745471361405,48.19699089180782,52.56076102914219,49.79289878048315,0.594827636619031,48.74112314368867,50.45574912619741,0.0083231510144893,1.3578366775254052,-2.3552304618189197,2.6774686805625976,50.25684836141202,0.0,50.25684836141202,50.25684836141202,3.73076492092175,0.6876190731876213,2.86969246808868,5.038649016095773,3.3619938432361125,0.693014710920993,2.2890308720071864,4.133918556058751,55.50257976608377,0.2642888716499629,55.09592025489969,55.885737781626936,540.0,0.0,540.0,540.0,0.375,0.0,0.375,0.375,0.3166666666666666,0.0,0.3166666666666666,0.3166666666666666,0.1962962962962963,0.0,0.1962962962962963,0.1962962962962963,70.6,0.0,70.6,70.6,94.9,0.0,94.9,94.9,0.0,0.0,0,0,0.0,0.0,0.0,0.0,1.225,0.0,1.225,1.225,23.903668846297645,3.0564829320910594,19.064003269580947,29.308968861642267,72.60626014156881,2.3419605020641043,68.71287048807399,75.25917461689549,0.0,0.0,0.0,0.0,0.0,0.0,0.0,0.0,0.0,0.0,0.0,0.0,0.0,0.0,0.0,0.0,0.0,0.0,0.0,0.0,62.36,2.136017656427826,59.7,66.1,user_001,15
2024-01-03 00:45:00,0.0,0.0,0,0,8844.0,0.0,8844,8844,3.801733333333333,0.239473072350426,3.47,4.228,50.762717216066825,1.9645584999220989,47.01882714847424,53.56354162610055,51.20210773945093,5.368046357104526,43.14808927638347,61.05432000114049,97.688,0.2293842689836084,97.26,98.06,33.59373333333333,0.1688344356660298,33.314,34.006,1.0,0.0,1,1,48.91077914750512,6.6944489242646315,36.91216634287753,59.37153903069186,50.4,4.6414283515807,41,57,50.34666666666667,13.73160414448918,24.5,68.1,50.059999999999995,17.600194804116718,32.4,81.9,97.74,0.6843140465354471,96.5,98.7,33.532000000000004,0.605465582364986,32.22,34.29,3.78,0.6127222628798235,2.65,4.63,51.05333332404292,0.679400503331278,49.799771069400535,52.07616400912872,50.4722544539854,0.2995422510208784,50.10442781093612,50.92621985219505,-0.1813586080334137,1.63372571850354,-3.009413574237122,2.2403689988987026,50.25684836141202,0.0,50.25684836141202,50.25684836141202,5.001349768606933,1.1760818001860809,2.9096396889461986,6.3730200349367605,4.113591512736111,0.8839062834061194,2.999020242927402,6.012435823667439,55.97005075421792,0.583725150489175,54.81525833792826,56.58901033879741,540.0,0.0,540.0,540.0,0.375,0.0,0.375,0.375,0.3166666666666666,0.0,0.3166666666666666,0.3166666666666666,0.1962962962962963,0.0,0.1962962962962963,0.1962962962962963,70.6,0.0,70.6,70.6,94.9,0.0,94.9,94.9,0.0,0.0,0,0,0.0,0.0,0.0,0.0,1.225,0.0,1.225,1.225,32.95357532097613,5.094323605336105,24.539081813353754,38.675747167075485,69.68631933509178,2.8302125952822266,66.39713403009551,73.76471686564676,0.0,0.0,0.0,0.0,0.1333333333333333,0.3518657752744983,0.0,1.0,0.0,0.0,0.0,0.0,0.0,0.0,0.0,0.0,0.1333333333333333,0.3518657752744983,0.0,1.0,59.4,2.183705893331666,56.2,62.6,user_001,15
2024-01-03 01:00:00,0.0,0.0,0,0,8844.0,0.0,8844,8844,3.9858666666666664,0.3361338735569221,3.508,4.724,49.36856843412552,2.076178485186205,45.32293833934572,53.3724322645621,54.2735951288652,6.408266381598075,45.606965313701714,64.97056273400983,97.584,0.4761272338956672,96.78,98.22,33.619733333333336,0.0991877488594726,33.388,33.778000000000006,1.0,0.0,1,1,48.10141688128385,8.091114674642705,34.96824290592723,58.2696941632365,49.8,5.2671488627963745,40,58,55.95333333333333,11.340122616285107,37.6,77.8,46.82666666666667,16.017332873514007,0.0,64.0,97.60666666666664,1.023625675630268,95.5,99.6,33.612,0.5885963933679128,32.49,34.8,3.998,0.6335523430850615,2.74,4.99,48.920432578339394,1.0801165438062583,47.13924987002433,50.89652673185505,50.43654123981192,0.4186760273695458,49.92571120136626,50.92965309439057,0.2157157829372385,1.9877489796546772,-2.9883056317639216,3.55902055355142,50.25684836141202,0.0,50.25684836141202,50.25684836141202,3.445727983988029,0.9370982081575264,1.4233623814000893,4.598485958775525,3.35963252500705,1.603543161975758,1.4146551538507133,6.390117371569853,52.74165425383603,1.0199673082254286,51.40316349480441,54.64461666972995,540.0,0.0,540.0,540.0,0.375,0.0,0.375,0.375,0.3166666666666666,0.0,0.3166666666666666,0.3166666666666666,0.1962962962962963,0.0,0.1962962962962963,0.1962962962962963,70.6,0.0,70.6,70.6,94.9,0.0,94.9,94.9,0.0,0.0,0,0,0.0,0.0,0.0,0.0,1.225,0.0,1.225,1.225,29.555317116842296,4.521992162299614,20.081552604371687,34.09518031436242,66.48771499189294,1.9814926337341217,64.10776580382964,70.26888668098753,0.0,0.0,0.0,0.0,0.0,0.0,0.0,0.0,0.0,0.0,0.0,0.0,0.0,0.0,0.0,0.0,0.0,0.0,0.0,0.0,59.693333333333335,3.134250119171062,55.9,66.1,user_001,15
2024-01-03 01:15:00,0.0,0.0,0,0,8844.0,0.0,8844,8844,4.123066666666667,0.1940925650547281,3.866,4.492,49.94269079290263,2.3905953954796964,46.517160844407535,53.925165115425806,57.4257656413725,4.565986440486168,50.80827760604649,63.47580565955993,97.70533333333331,0.2688033446503915,97.2,98.08,33.71053333333333,0.2322627412056883,33.32,34.044,1.0,0.0,1,1,44.654936337778146,5.15832867715286,36.96885298693723,53.028028554331854,49.6,5.124172407047099,41,59,57.25333333333333,9.638084180306096,39.1,77.0,44.6,10.98245353799804,26.5,61.9,97.62,0.911983709127684,95.8,99.1,33.744,0.4516129822251414,32.77,34.42,4.1386666666666665,0.5450015290498427,3.41,5.3,50.403846966280675,1.7712897628141462,48.36702811856965,52.74005466308247,49.988001761544275,0.2867954170256769,49.63344442027111,50.399797759689775,-0.171345396451314,1.825960229595086,-3.174098535618633,3.0346866125934326,50.25684836141202,0.0,50.25684836141202,50.25684836141202,3.2637384730090697,0.790181860858617,1.843608594866108,4.65638793879668,3.08749770227722,1.1084788833791404,1.1462413150873076,4.629190233036709,53.87953391764968,1.0011417000861211,52.81856762277204,55.849680385118845,540.0,0.0,540.0,540.0,0.375,0.0,0.375,0.375,0.3166666666666666,0.0,0.3166666666666666,0.3166666666666666,0.1962962962962963,0.0,0.1962962962962963,0.1962962962962963,70.6,0.0,70.6,70.6,94.9,0.0,94.9,94.9,0.0,0.0,0,0,0.0,0.0,0.0,0.0,1.225,0.0,1.225,1.225,25.212839187831253,3.572832734260773,19.931622827083075,30.781260811501983,72.46356284475335,0.5235651255149298,70.99508888915722,73.02666154362119,0.0,0.0,0.0,0.0,0.0,0.0,0.0,0.0,0.0,0.0,0.0,0.0,0.0,0.0,0.0,0.0,0.0,0.0,0.0,0.0,61.486666666666665,2.285315441392428,58.2,65.8,user_001,15
2024-01-03 01:30:00,0.0,0.0,0,0,8844.0,0.0,8844,8844,4.0524,0.1385232316771657,3.71,4.2059999999999995,50.47080029337672,2.600411101677926,45.34096037529224,53.205986315879294,53.28304059269949,3.8056887999264126,44.94473890105001,58.7136441193641,97.22133333333332,0.4433293948983656,96.56,97.84,33.5608,0.1527028861173627,33.31,33.84400000000001,1.0,0.0,1,1,49.65418934328932,5.929676864657343,40.10837910530543,60.61383431239841,50.6,5.666946771788642,40,60,52.24,7.594622157440471,38.1,62.6,51.373333333333335,12.244092842012,32.3,70.1,97.24,0.8209750300709436,95.8,98.7,33.56733333333333,0.4697182539514925,32.62,34.27,4.054666666666667,0.4445361413342913,3.27,4.67,50.04423577378109,2.098414554365709,46.47190355103701,52.20385927208774,49.76874009827214,0.3973722451482189,49.26092729289305,50.29017747206426,0.0645998533116449,2.077256141204439,-3.4902191813065073,4.801339203660405,50.25684836141202,0.0,50.25684836141202,50.25684836141202,2.622402616955628,0.6624679749642151,1.879527024124582,3.9699801133542576,2.533775894704962,1.0610846735999433,1.3786403515656858,4.278863772633362,56.68337030241105,0.6271344601409332,55.35440311703599,57.5245820033254,540.0,0.0,540.0,540.0,0.375,0.0,0.375,0.375,0.3166666666666666,0.0,0.3166666666666666,0.3166666666666666,0.1962962962962963,0.0,0.1962962962962963,0.1962962962962963,70.6,0.0,70.6,70.6,94.9,0.0,94.9,94.9,0.0,0.0,0,0,0.0,0.0,0.0,0.0,1.225,0.0,1.225,1.225,28.17099164121361,6.472770840058956,17.96784230246404,37.26517808207035,72.13851095681846,1.5907550500760583,68.58101565491617,73.32430505062317,0.0,0.0,0.0,0.0,0.1333333333333333,0.3518657752744983,0.0,1.0,0.0,0.0,0.0,0.0,0.0,0.0,0.0,0.0,0.1333333333333333,0.3518657752744983,0.0,1.0,59.940000000000005,1.1140659123870815,58.0,62.2,user_001,15
2024-01-03 01:45:00,0.0,0.0,0,0,8844.0,0.0,8844,8844,4.201466666666667,0.3620761298532725,3.729999999999999,4.76,50.0351086474633,2.1945462377816396,47.15662980002232,54.06961324445437,55.345268497975134,4.122637370837305,44.76222199847973,61.665107822533336,97.38933333333333,0.287835932102861,96.98,97.86,33.306,0.3056973293027876,32.778,33.784000000000006,1.0,0.0,1,1,46.87344891819292,3.0847376868368035,40.58032572683919,51.857922545261864,50.06666666666667,4.97804704487135,44,62,54.93333333333333,12.749883286113793,23.7,75.8,46.1,10.74868762753322,28.3,69.4,97.43333333333334,0.899735410842439,96.1,98.7,33.233333333333334,0.5960305201517625,32.06,34.36,4.240666666666667,0.6007194099775781,3.26,5.33,50.32509905768446,1.3504619888189586,48.12561109755889,52.73588294288841,49.97161658747373,0.2557631293580135,49.49104438712224,50.252954470420015,0.015779009601681,1.827005938689696,-2.1056408142670975,4.9477900666592305,50.25684836141202,0.0,50.25684836141202,50.25684836141202,4.075180023306165,1.0276893299772516,2.686949790925009,6.420376256771345,3.4604217926840657,1.7079761969982026,1.6728622649360654,6.7911622027517184,55.31981092067094,0.3815904966898844,54.31415454533731,55.70081941198854,540.0,0.0,540.0,540.0,0.375,0.0,0.375,0.375,0.3166666666666666,0.0,0.3166666666666666,0.3166666666666666,0.1962962962962963,0.0,0.1962962962962963,0.1962962962962963,70.6,0.0,70.6,70.6,94.9,0.0,94.9,94.9,0.0,0.0,0,0,0.0,0.0,0.0,0.0,1.225,0.0,1.225,1.225,27.851372095647047,3.203814332624863,21.441868390914845,33.06784451855199,69.58592078148641,0.8639233327774922,68.66517115271152,71.28148937823467,0.0,0.0,0.0,0.0,0.0666666666666666,0.2581988897471611,0.0,1.0,0.0,0.0,0.0,0.0,0.0,0.0,0.0,0.0,0.0666666666666666,0.2581988897471611,0.0,1.0,60.373333333333335,1.6726653950535104,57.5,63.5,user_001,15
2024-01-03 02:00:00,0.0,0.0,0,0,8844.0,0.0,8844,8844,4.142933333333334,0.2448986573686191,3.637999999999999,4.545999999999999,50.05958566090273,2.0406060306428286,46.81141567109216,53.22452979330385,53.99806692301662,3.7663624394452087,48.550562370070075,59.85165614237264,97.27733333333336,0.2064484254746275,96.94,97.66,33.20666666666667,0.1463902156501422,32.79,33.37,1.0,0.0,1,1,44.02593465789076,2.7101724985908495,39.03763789931117,47.79260469897931,50.0,5.694608979427072,42,61,53.84666666666667,13.494436243274835,34.7,70.9,43.60666666666667,10.844449973977252,26.2,64.2,97.21333333333334,0.6501281924871914,95.9,98.2,33.223333333333336,0.3424839238493349,32.74,33.98,4.1066666666666665,0.7130985372369821,2.52,5.31,50.000490513964266,1.1957026500862218,47.9622705922247,51.38646488655927,50.282969864387155,0.1167925340820081,50.047347154183015,50.44853721421169,-0.0297928304513623,2.16512114568735,-2.741509931101291,4.472382863541895,50.25684836141202,0.0,50.25684836141202,50.25684836141202,5.539658983730323,0.7258669941504111,4.555932661357386,6.956895245146318,3.978096911154298,0.7849313975729137,2.3707635011014943,5.333089855172926,54.225220466867746,0.3350328228529529,53.810862601306425,54.815419015282394,540.0,0.0,540.0,540.0,0.375,0.0,0.375,0.375,0.3166666666666666,0.0,0.3166666666666666,0.3166666666666666,0.1962962962962963,0.0,0.1962962962962963,0.1962962962962963,70.6,0.0,70.6,70.6,94.9,0.0,94.9,94.9,0.0,0.0,0,0,0.0,0.0,0.0,0.0,1.225,0.0,1.225,1.225,29.199588142815045,1.5155981415902118,26.121542125688705,32.14945453724651,69.6286153077208,0.4401306841929093,69.12065926916252,70.64432772099308,0.0,0.0,0.0,0.0,0.0,0.0,0.0,0.0,0.0,0.0,0.0,0.0,0.0,0.0,0.0,0.0,0.0,0.0,0.0,0.0,59.75333333333333,1.567922495654985,56.9,62.0,user_001,15
2024-01-03 02:15:00,0.0,0.0,0,0,8844.0,0.0,8844,8844,3.933333333333333,0.1972477291800002,3.5759999999999996,4.319999999999999,50.08755285004888,1.8341582764325004,46.00599438514602,52.621925432989485,56.34511508485862,3.120432979395933,50.09895381171637,60.78963661482495,97.18666666666668,0.3057231863412782,96.7,97.76,33.31346666666666,0.278723074719249,32.858,33.672000000000004,1.0,0.0,1,1,42.17867302739759,4.197789634036046,35.24915512923925,49.46741553946682,50.4,5.369224471799576,40,58,57.586666666666666,8.90199549592808,45.2,71.0,41.89333333333333,9.92935522771218,26.4,58.8,97.21333333333334,0.7707757378740204,95.8,98.5,33.35333333333333,0.4752543178832423,32.1,33.78,3.9613333333333336,0.3266248758496659,3.48,4.8,49.89425397533727,0.9304206697272592,48.46054012721508,51.152828329509795,49.97872594204985,0.134719380180842,49.8028330343145,50.20622836482208,0.1562235749755549,2.061942867082556,-3.5406418109964974,2.888000831830219,50.25684836141202,0.0,50.25684836141202,50.25684836141202,3.2572185114866015,0.708348611915852,2.142513764726061,4.220029981005795,2.766145746001852,0.920414926332086,1.684898557458471,4.405138592367413,54.38378800531888,0.3076939625470477,54.00790154385063,55.17159100393762,540.0,0.0,540.0,540.0,0.375,0.0,0.375,0.375,0.3166666666666666,0.0,0.3166666666666666,0.3166666666666666,0.1962962962962963,0.0,0.1962962962962963,0.1962962962962963,70.6,0.0,70.6,70.6,94.9,0.0,94.9,94.9,0.0,0.0,0,0,0.0,0.0,0.0,0.0,1.225,0.0,1.225,1.225,27.264508682625305,2.516252972903162,23.419105345267425,32.04324217409845,70.29833294147782,0.8420966012567661,68.67251238289083,71.76341328296921,0.0,0.0,0.0,0.0,0.0,0.0,0.0,0.0,0.0,0.0,0.0,0.0,0.0,0.0,0.0,0.0,0.0,0.0,0.0,0.0,60.50666666666667,1.4983165156108966,58.2,62.7,user_001,15
2024-01-03 02:30:00,0.0,0.0,0,0,8844.0,0.0,8844,8844,3.9874666666666663,0.2930348264691579,3.464,4.446,50.32236863744792,1.5112054776970232,47.409056449667425,52.69581989364165,56.94650938902645,6.589289713728538,46.17398102813732,69.0833151486266,97.81066666666668,0.4097990215889217,97.22,98.56,33.400133333333336,0.1542622380728257,33.122,33.64399999999999,1.0,0.0,1,1,42.16093662588808,6.413947303192712,28.68310598660319,54.73527953791853,50.53333333333333,3.979710446514322,40,55,56.32,11.571096997013104,30.9,77.8,41.78666666666666,13.65842841130218,19.9,72.7,97.81333333333332,1.0802557016523326,96.5,100.0,33.368,0.4616925383845834,32.53,34.43,3.9853333333333336,0.6450788065551889,2.81,4.83,50.20191394793559,0.8376355058422764,48.69212570587611,51.67272496947987,50.05581446823032,0.0736771234709832,49.96674251015088,50.20496074374841,0.1054823479427009,1.46145986017379,-3.704528224833709,2.131320788962796,50.25684836141202,0.0,50.25684836141202,50.25684836141202,3.981167498435555,0.5827270050016675,2.1719789538616707,4.573356941282974,4.127387062490521,0.9797031704128616,2.154410184038263,5.557564546940238,56.48543716893268,0.6084461089847893,55.12217178040285,57.23498460046863,540.0,0.0,540.0,540.0,0.375,0.0,0.375,0.375,0.3166666666666666,0.0,0.3166666666666666,0.3166666666666666,0.1962962962962963,0.0,0.1962962962962963,0.1962962962962963,70.6,0.0,70.6,70.6,94.9,0.0,94.9,94.9,0.0,0.0,0,0,0.0,0.0,0.0,0.0,1.225,0.0,1.225,1.225,25.085461301854817,6.9912071623435725,16.113661292630102,34.668902170213144,73.53924696939153,0.8886558277304706,72.17974256509916,74.68196066244751,0.0,0.0,0.0,0.0,0.0666666666666666,0.2581988897471611,0.0,1.0,0.0,0.0,0.0,0.0,0.0,0.0,0.0,0.0,0.0666666666666666,0.2581988897471611,0.0,1.0,61.733333333333334,2.390656415137505,58.5,65.0,user_001,15
2024-01-03 02:45:00,0.0,0.0,0,0,8844.0,0.0,8844,8844,4.1608,0.1775384063077218,3.918,4.452,50.704529576748385,1.4046372982592543,48.79721326242776,53.675992743195614,53.67386556711205,4.715827736175913,45.19720615332529,59.9637950661183,97.82133333333334,0.2482471886379923,97.42,98.16,33.49333333333333,0.1133002752907172,33.338,33.674,1.0,0.0,1,1,43.29226460556825,6.622601496120073,30.642466242012052,54.807572231884365,50.266666666666666,5.147352532636374,41,60,52.8,14.262037522237636,21.1,74.9,45.126666666666665,17.169885042741328,14.7,75.3,97.84666666666666,0.6534159325822905,96.3,99.0,33.522,0.5312411343798051,32.6,34.35,4.094666666666667,0.5170640560851606,3.35,5.07,50.98653009200719,0.4248601945798277,50.17374927942594,51.80528724011894,50.51220155155337,0.1648901379705868,50.11441827361004,50.67733365075424,-0.2189314550408577,2.030897479312745,-3.8986066312138874,3.5768893667031634,50.25684836141202,0.0,50.25684836141202,50.25684836141202,4.809352695895242,1.9436403986735904,3.014791883061598,7.779064845349803,3.771483314745237,1.0822489859661393,2.116751430617535,5.422469045225255,56.42652774562755,0.4684046572184743,55.310187478069246,57.03702766086335,540.0,0.0,540.0,540.0,0.375,0.0,0.375,0.375,0.3166666666666666,0.0,0.3166666666666666,0.3166666666666666,0.1962962962962963,0.0,0.1962962962962963,0.1962962962962963,70.6,0.0,70.6,70.6,94.9,0.0,94.9,94.9,0.0,0.0,0,0,0.0,0.0,0.0,0.0,1.225,0.0,1.225,1.225,29.586161940039467,2.241864656320759,26.358647599077337,34.66295148228677,69.57148621792766,1.2236416347071355,68.27910429112498,72.3297433471636,0.0,0.0,0.0,0.0,0.0,0.0,0.0,0.0,0.0,0.0,0.0,0.0,0.0,0.0,0.0,0.0,0.0,0.0,0.0,0.0,60.54666666666667,1.4637850479720924,57.6,63.6,user_001,15
2024-01-03 03:00:00,0.0,0.0,0,0,8844.0,0.0,8844,8844,4.4532,0.2476769785714563,4.064,4.8020000000000005,53.826930861366016,2.336978200894852,49.782630198258936,57.81479991167549,55.290129225422525,2.0247558828422108,52.10825236732193,59.5278517397115,97.22533333333334,0.3890256448885567,96.66,98.08,33.4168,0.1472719544632609,33.176,33.68,1.0,0.0,1,1,40.36621000098442,5.056893669504559,31.283520307732744,47.52513981387313,54.6,4.997142040349521,46,63,56.233333333333334,6.771544101887655,47.2,68.5,39.72,12.808267419355136,15.3,53.9,97.19333333333334,0.67238027788985,96.2,98.4,33.404666666666664,0.4344597082529493,32.55,33.98,4.474666666666667,0.5764654204307323,3.42,5.49,52.97103014685287,2.0342462858299375,50.24916618628396,55.6865347670441,51.35969585173879,0.530278609695633,50.6422994047321,52.2657302190572,0.3865345693169918,1.9018101678710424,-2.6049333038918334,3.714971067053568,50.25684836141202,0.0,50.25684836141202,50.25684836141202,2.773867372135901,0.7251955408089087,1.6285029370593065,3.776098944789029,2.3570497501364804,1.1884832473701297,0.95927441757664,5.008121426461767,54.22109201090693,0.5423298563639433,53.463163846118846,55.1701249853795,540.0,0.0,540.0,540.0,0.375,0.0,0.375,0.375,0.3166666666666666,0.0,0.3166666666666666,0.3166666666666666,0.1962962962962963,0.0,0.1962962962962963,0.1962962962962963,70.6,0.0,70.6,70.6,94.9,0.0,94.9,94.9,0.0,0.0,0,0,0.0,0.0,0.0,0.0,1.225,0.0,1.225,1.225,31.879281395359044,1.5370865635290991,29.33437675437629,34.9382626251236,68.18583003478453,0.3683740526749113,67.46307958596255,68.80860179943986,0.0666666666666666,0.2581988897471611,0.0,1.0,0.0,0.0,0.0,0.0,0.0,0.0,0.0,0.0,0.0,0.0,0.0,0.0,0.0666666666666666,0.2581988897471611,0.0,1.0,61.74666666666667,1.2264156057777624,59.6,63.2,user_001,15
2024-01-03 03:15:00,0.0,0.0,0,0,8844.0,0.0,8844,8844,4.518533333333334,0.1972401968111349,4.32,4.9399999999999995,54.59571897732689,2.5641865451323267,50.81092575843038,57.871051825681626,53.60170617974308,3.327848147026472,48.531597714682896,59.84270523014157,97.51333333333334,0.4503755047047955,96.82,98.34,33.4476,0.1938028453277795,33.174,33.766,1.0,0.0,1,1,46.491115068855926,3.385935878259789,38.955583173110746,52.05009320924876,54.266666666666666,5.470265946351197,44,63,54.18,9.9503194492869,38.4,69.4,46.05333333333333,10.069463502992363,30.0,62.0,97.52,1.022042772378648,95.5,99.1,33.464666666666666,0.485090075091607,32.74,34.32,4.524666666666667,0.4923103937654817,3.58,5.66,55.022875469366326,1.991977382592422,52.078167907514114,57.25659946015686,53.52947626218366,0.4913479320129167,52.56604236826036,54.21132491934645,-0.1645261553301082,1.95165420228998,-4.10819431882279,2.5967111307387754,50.25684836141202,0.0,50.25684836141202,50.25684836141202,3.5604038486294054,0.3369827678986996,2.9375722536127284,4.189113059987514,2.9912336326419884,0.4656240619746563,2.3292435754583334,3.818641095686881,53.885921736935714,0.2741617382254626,53.52620836932542,54.4459177025828,540.0,0.0,540.0,540.0,0.375,0.0,0.375,0.375,0.3166666666666666,0.0,0.3166666666666666,0.3166666666666666,0.1962962962962963,0.0,0.1962962962962963,0.1962962962962963,70.6,0.0,70.6,70.6,94.9,0.0,94.9,94.9,0.0,0.0,0,0,0.0,0.0,0.0,0.0,1.225,0.0,1.225,1.225,35.58306886153737,2.9720270442982515,31.342515549627723,39.01242930220084,66.01062456352366,0.7742033033842067,65.09346482948497,67.79001670895943,0.0,0.0,0.0,0.0,0.0,0.0,0.0,0.0,0.0,0.0,0.0,0.0,0.0,0.0,0.0,0.0,0.0,0.0,0.0,0.0,61.54,1.053429772559274,59.9,63.2,user_001,15
2024-01-03 03:30:00,0.0,0.0,0,0,8844.0,0.0,8844,8844,4.560133333333334,0.273995272812889,4.168,4.9479999999999995,54.78581331568431,2.0971007243774618,50.16131618522136,58.02256161529963,53.98506928981406,2.0926324341901044,49.3956558775433,57.73934562996455,97.724,0.1834899763708488,97.48,98.08,33.379866666666665,0.2910448828093786,32.8,33.754,1.0,0.0,1,1,47.876908311686016,6.350042840485326,36.76950757778108,59.54775837974395,55.13333333333333,4.74893471763731,45,62,52.88,7.082493507636578,38.5,63.4,48.513333333333335,15.284205978098845,27.6,84.9,97.7,0.6324555320336759,96.3,99.3,33.33933333333333,0.6658771515470258,31.82,34.5,4.5873333333333335,0.6016698984216069,3.09,5.56,54.30508262011735,1.545531979281367,52.02798730600948,56.14700626035275,54.50496339193434,0.182949464871162,54.17421661289764,54.690766146505595,0.173760008824514,1.7626398049716543,-2.6741872050998836,2.612894604926211,50.25684836141202,0.0,50.25684836141202,50.25684836141202,2.8912503070132516,0.5132004470985826,1.9597233168144317,3.522094024050058,2.2709101327896866,0.6834012354033127,1.24439742372201,3.351821557124836,54.095670662373905,0.2472652198095,53.79338773477856,54.540611801721866,540.0,0.0,540.0,540.0,0.375,0.0,0.375,0.375,0.3166666666666666,0.0,0.3166666666666666,0.3166666666666666,0.1962962962962963,0.0,0.1962962962962963,0.1962962962962963,70.6,0.0,70.6,70.6,94.9,0.0,94.9,94.9,0.0,0.0,0,0,0.0,0.0,0.0,0.0,1.225,0.0,1.225,1.225,33.373731297932544,2.4968875682965415,28.827771853852987,36.664895560280925,67.27341438154106,0.365922266155295,66.347368724473,67.69739465249481,0.0,0.0,0.0,0.0,0.0,0.0,0.0,0.0,0.0,0.0,0.0,0.0,0.0,0.0,0.0,0.0,0.0,0.0,0.0,0.0,62.29333333333333,1.0924851529992583,60.2,64.4,user_001,15
2024-01-03 03:45:00,0.0,0.0,0,0,8844.0,0.0,8844,8844,4.187333333333333,0.126603242266464,4.0280000000000005,4.426,52.859225876744134,1.97014934516714,50.17417912401678,56.90418033461875,54.07121105023228,6.732202598826062,44.12060267979411,61.74907369017999,97.42933333333332,0.2004091053914717,97.1,97.8,33.284533333333336,0.2057425112911295,32.980000000000004,33.55800000000001,1.0,0.0,1,1,46.74678995491136,6.380198949233136,37.44847268606533,56.55857647724031,53.06666666666667,4.817626366741593,45,62,53.080000000000005,14.393708943245215,19.1,69.9,47.64,16.2457818701172,19.3,87.5,97.42,0.7857662320490562,96.3,98.9,33.256,0.5544727225030972,32.34,34.22,4.204666666666666,0.5427689151361703,3.28,5.26,53.09954158324599,1.743666523058686,50.83439743959426,56.35422500460122,53.9335439844833,0.3324779914130566,53.592335758148664,54.61606631989262,0.1037203949612669,1.7249505349787753,-3.253390907667473,2.547909832690628,50.25684836141202,0.0,50.25684836141202,50.25684836141202,3.418802472342944,1.2894134590128294,1.340985232674874,6.8369504526823395,3.671342566778774,1.758157354222626,0.7280182323375785,6.829508967399658,54.8284774530785,0.5435986035191773,53.97003626763016,55.74647826958848,540.0,0.0,540.0,540.0,0.375,0.0,0.375,0.375,0.3166666666666666,0.0,0.3166666666666666,0.3166666666666666,0.1962962962962963,0.0,0.1962962962962963,0.1962962962962963,70.6,0.0,70.6,70.6,94.9,0.0,94.9,94.9,0.0,0.0,0,0,0.0,0.0,0.0,0.0,1.225,0.0,1.225,1.225,31.77708499778787,5.939462469785316,23.504261592120535,39.64929699698213,68.17953455241322,1.1291021327286614,66.10539564335026,69.82743464917705,0.0,0.0,0.0,0.0,0.1333333333333333,0.3518657752744984,0.0,1.0,0.0,0.0,0.0,0.0,0.0,0.0,0.0,0.0,0.1333333333333333,0.3518657752744984,0.0,1.0,61.14666666666667,1.9201438438180551,58.3,64.0,user_001,15
2024-01-03 04:00:00,0.0,0.0,0,0,8844.0,0.0,8844,8844,4.3482666666666665,0.287135474911027,3.842,4.952,56.365940507770325,1.1243928784481672,53.859159684268,57.71861116792263,55.761910585735016,4.108956166383809,44.01373511986274,60.25867234288742,97.48933333333332,0.3942346412746477,96.62,97.96,33.615066666666664,0.2299401992651469,33.136,33.976,1.0,0.0,1,1,43.79556411183392,5.3655398627212465,36.847308959218985,59.84269319864893,56.4,4.7479318806041375,47,64,57.64,9.476120363464004,38.1,75.7,41.28,13.605104084234602,13.6,68.1,97.55333333333331,0.8025554423809192,96.3,99.6,33.672666666666665,0.5941195967463907,32.76,34.54,4.302666666666667,0.6465564461787062,3.38,5.45,56.138501422577555,0.6098374299073154,54.52318375503798,56.942800500885234,54.45243596497205,0.1950739981951216,54.026124175253926,54.70080160720148,0.0170297461148389,1.8810179552547053,-3.572870389307546,3.380280105244005,50.25684836141202,0.0,50.25684836141202,50.25684836141202,4.55639933496172,2.2232311625019157,1.2228591254463634,8.147701012287506,3.36224549965565,1.938197984652877,0.9106434496531658,6.550500616639963,54.14398835804971,0.3769240866851666,53.65876011334878,54.91656081798365,540.0,0.0,540.0,540.0,0.375,0.0,0.375,0.375,0.3166666666666666,0.0,0.3166666666666666,0.3166666666666666,0.1962962962962963,0.0,0.1962962962962963,0.1962962962962963,70.6,0.0,70.6,70.6,94.9,0.0,94.9,94.9,0.0,0.0,0,0,0.0,0.0,0.0,0.0,1.225,0.0,1.225,1.225,35.371105920191546,3.5599137610349136,30.148393705173465,41.2286777026098,65.26750176002135,1.2032456569699117,63.433085075133064,66.98863738207885,0.0,0.0,0.0,0.0,0.0,0.0,0.0,0.0,0.0,0.0,0.0,0.0,0.0,0.0,0.0,0.0,0.0,0.0,0.0,0.0,63.06666666666667,1.209289441110335,59.7,64.4,user_001,15
2024-01-03 04:15:00,0.0,0.0,0,0,8844.0,0.0,8844,8844,4.597466666666667,0.2049996051099565,4.194,5.012,56.29056540719272,1.5232017592189346,54.22973580035286,59.18205623392947,55.01386329096285,2.5579256068013363,49.43017186026,59.66433002837752,97.25066666666666,0.3768945791723793,96.76,98.04,33.58586666666667,0.1829089807475159,33.236000000000004,33.838,1.0,0.0,1,1,45.53764853342604,4.77603413600383,34.54324842631955,52.18273241818423,55.93333333333333,4.182730937466346,46,62,54.50666666666667,9.222679086025355,37.7,71.6,47.04,14.339446094103996,21.0,66.2,97.23333333333332,0.9439027391380836,95.7,99.2,33.586,0.3773933151046982,33.02,34.13,4.616,0.658719537110771,3.66,5.76,56.502199594804104,0.8690941593310691,55.47951800219453,57.771392260145966,55.697910697970094,0.5922081607706087,54.68616657261593,56.409046102888944,-0.178616036929687,1.5677222162270723,-4.114867900176421,1.4104095110588304,50.25684836141202,0.0,50.25684836141202,50.25684836141202,3.1104004079298724,1.2109406840447996,1.637909651740808,5.150328674397083,2.33089563321108,0.6871896831897945,1.687053802235246,3.781056207622009,54.61737873950685,0.4605324624037448,54.011248186877864,55.38788693834894,540.0,0.0,540.0,540.0,0.375,0.0,0.375,0.375,0.3166666666666666,0.0,0.3166666666666666,0.3166666666666666,0.1962962962962963,0.0,0.1962962962962963,0.1962962962962963,70.6,0.0,70.6,70.6,94.9,0.0,94.9,94.9,0.0,0.0,0,0,0.0,0.0,0.0,0.0,1.225,0.0,1.225,1.225,34.30725555339614,1.5833487187207835,31.30034530024824,36.62049878123878,67.40728653421682,0.5566267658648529,66.31718686007211,68.10787898342643,0.0,0.0,0.0,0.0,0.0,0.0,0.0,0.0,0.0,0.0,0.0,0.0,0.0,0.0,0.0,0.0,0.0,0.0,0.0,0.0,62.766666666666666,1.380821011813861,60.2,64.9,user_001,15
2024-01-03 04:30:00,0.0,0.0,0,0,8844.0,0.0,8844,8844,4.3996,0.1709372483022438,4.183999999999999,4.76,54.647781751873474,2.3933500746694087,51.17809300615761,57.64536089071337,52.75647649438746,4.587443532432828,44.55319652620758,63.497711120888745,97.58266666666668,0.1496408398545718,97.38,97.9,33.675333333333334,0.12023944365109,33.476,33.839999999999996,1.0,0.0,1,1,48.04964999033097,3.628056703047916,42.063288959620955,53.5811738547649,54.6,5.3692244717995745,42,64,52.473333333333336,13.43191650332822,33.5,76.4,47.6,12.68610038022492,29.6,70.0,97.58,0.5267148862796379,96.8,98.3,33.658,0.3514297328668369,33.13,34.29,4.367333333333334,0.554429780001382,3.58,5.54,54.582691037232955,1.6356469092155197,51.76972030374069,56.97100425163156,55.765655028170904,0.3242998327814841,55.46917357953309,56.36070501813993,-0.0238908759367366,1.960601008667149,-4.700797921836454,3.515979331964978,50.25684836141202,0.0,50.25684836141202,50.25684836141202,4.856025939219578,0.7024032217263056,3.152859048037074,5.839664039324346,4.02967626301185,0.9035051931778322,2.177111551567025,5.596154758634341,55.0543622727565,0.5756921358840399,53.88516989267516,55.67226475479611,540.0,0.0,540.0,540.0,0.375,0.0,0.375,0.375,0.3166666666666666,0.0,0.3166666666666666,0.3166666666666666,0.1962962962962963,0.0,0.1962962962962963,0.1962962962962963,70.6,0.0,70.6,70.6,94.9,0.0,94.9,94.9,0.0,0.0,0,0,0.0,0.0,0.0,0.0,1.225,0.0,1.225,1.225,35.39607278609462,4.456712321898458,28.626985993371335,41.29352871233099,66.01100402678519,0.5055935102344797,65.26688947062242,66.93687763991458,0.0666666666666666,0.2581988897471611,0.0,1.0,0.1333333333333333,0.3518657752744983,0.0,1.0,0.0,0.0,0.0,0.0,0.0,0.0,0.0,0.0,0.2,0.4140393356054125,0.0,1.0,61.486666666666665,1.2704704790333523,59.9,63.6,user_001,15
2024-01-03 04:45:00,0.0,0.0,0,0,8844.0,0.0,8844,8844,4.516666666666667,0.1334159267996495,4.306,4.831999999999999,54.69102375851894,1.499301414234099,52.08134855556331,57.43934464445292,52.47176810390051,3.4374059305228606,46.14046411740028,59.4572110651796,97.45733333333332,0.413270348503712,96.7,98.12,33.68653333333334,0.1428935001354273,33.480000000000004,33.94,1.0,0.0,1,1,47.574371212447275,5.838810716487821,34.70780890268509,54.227178906530355,55.13333333333333,4.389381125701739,48,62,51.65333333333333,8.333655231878119,40.2,67.4,48.486666666666665,12.565705407216596,25.0,69.5,97.41333333333334,1.1262242016494557,95.5,99.6,33.720666666666666,0.4559678351229033,32.55,34.4,4.536666666666666,0.3819249489974,3.87,5.07,54.64174182976038,0.4853994836274127,53.88579461194023,55.229405051778144,54.81108055435603,0.201649166952759,54.5394895325248,55.27944905302206,0.2211547874071963,1.6269178156467357,-2.04627631804118,2.920491516660306,50.25684836141202,0.0,50.25684836141202,50.25684836141202,2.8643108879626324,1.2622869131208905,0.8147043847764422,4.767974367144541,2.421766735199896,1.2004699183541077,0.7474105293926961,4.096450798027369,53.4232507902486,0.4260933835895221,52.614122299143986,54.01563106341118,540.0,0.0,540.0,540.0,0.375,0.0,0.375,0.375,0.3166666666666666,0.0,0.3166666666666666,0.3166666666666666,0.1962962962962963,0.0,0.1962962962962963,0.1962962962962963,70.6,0.0,70.6,70.6,94.9,0.0,94.9,94.9,0.0,0.0,0,0,0.0,0.0,0.0,0.0,1.225,0.0,1.225,1.225,35.464899534343246,2.0251619003181527,32.26073590924862,39.44820314832143,65.5765828566176,0.7131998783134957,64.51562492154119,66.67114447695218,0.0,0.0,0.0,0.0,0.0,0.0,0.0,0.0,0.0,0.0,0.0,0.0,0.0,0.0,0.0,0.0,0.0,0.0,0.0,0.0,61.32,1.04826387081552,59.2,62.8,user_001,15
2024-01-03 05:00:00,0.0,0.0,0,0,8844.0,0.0,8844,8844,4.766,0.1301274100915824,4.561999999999999,4.984,61.5279384555111,2.3090601316288755,58.391189418199566,66.20456401326918,48.014373430480006,3.6411123798631873,41.07349262480046,53.92370961957849,97.31333333333332,0.3768035992144352,96.8,97.86,33.3152,0.19234017483912,33.053999999999995,33.648,1.0,0.0,1,1,55.69054728437199,3.1325661220409606,49.5357422953891,60.70688660604122,61.86666666666667,5.767726299562651,53,72,47.986666666666665,7.928507936253712,30.9,58.5,56.17999999999999,9.201490562481087,41.9,74.5,97.42,1.015733373338833,95.1,100.0,33.26866666666667,0.4136227865142456,32.36,34.0,4.748666666666667,0.4696026689305189,3.52,5.37,60.61493767641054,2.3588758915043613,55.99751433316305,64.1763583899983,56.43021177531305,1.079601443529684,54.79071294790859,58.10948110701502,0.1693641055777803,2.2330524634016937,-3.489903114059821,2.8977179933654114,50.25684836141202,0.0,50.25684836141202,50.25684836141202,2.477891377313762,0.6011029513935313,1.746934325919752,3.743057933741673,2.602765464369532,0.739191783270663,1.2994979852614674,3.680066584128444,51.38325131537161,0.6688544167686905,50.24307076719026,52.35385931054043,540.0,0.0,540.0,540.0,0.375,0.0,0.375,0.375,0.3166666666666666,0.0,0.3166666666666666,0.3166666666666666,0.1962962962962963,0.0,0.1962962962962963,0.1962962962962963,70.6,0.0,70.6,70.6,94.9,0.0,94.9,94.9,0.0,0.0,0,0,0.0,0.0,0.0,0.0,1.225,0.0,1.225,1.225,47.76320676819789,4.120089117763504,42.3414868660115,54.96911103332358,59.93492293018453,2.42548333284661,56.10736229724102,63.87420881382766,0.2,0.4140393356054125,0.0,1.0,0.0666666666666666,0.2581988897471611,0.0,1.0,0.0,0.0,0.0,0.0,0.0,0.0,0.0,0.0,0.2666666666666666,0.4577377082170635,0.0,1.0,62.15333333333333,1.3125039682479709,59.9,64.2,user_001,15
2024-01-03 05:15:00,0.0,0.0,0,0,8844.0,0.0,8844,8844,4.693733333333333,0.3360993617256377,4.220000000000001,5.196,60.00136601024572,2.0187917384958363,56.54957221573915,63.27046998876174,48.16818346200422,4.611104520373755,41.42964258282818,54.88844225920013,97.524,0.2792029471805163,97.1,97.9,33.266133333333336,0.3090801714457752,32.75,33.672000000000004,1.0,0.0,1,1,49.61997601025738,5.24244539791907,41.580302802176455,58.78379184194993,60.333333333333336,4.966554808583781,51,67,48.48,10.450509215207786,35.0,72.8,50.04666666666667,13.81189273605833,20.2,70.8,97.49333333333334,0.895597698799655,96.0,99.0,33.29933333333334,0.5979663949786879,32.37,34.26,4.734,0.5877292865645836,3.82,5.58,60.124436185356416,1.2977973683154456,57.89422076400533,61.989492617777024,59.4148660721071,0.824849778716463,58.27298740467668,60.76465223287842,0.165983661543809,1.8102436366822316,-2.9932687427065403,2.33782083819564,50.25684836141202,0.0,50.25684836141202,50.25684836141202,3.439590085540551,1.251450796404549,2.202805752985053,5.32296416676899,3.1287575064526925,1.3521858233974062,1.500921580108127,5.842376190367412,49.25735008723753,0.8204495402369242,48.020251002696504,50.22315828923795,540.0,0.0,540.0,540.0,0.375,0.0,0.375,0.375,0.3166666666666666,0.0,0.3166666666666666,0.3166666666666666,0.1962962962962963,0.0,0.1962962962962963,0.1962962962962963,70.6,0.0,70.6,70.6,94.9,0.0,94.9,94.9,0.0,0.0,0,0,0.0,0.0,0.0,0.0,1.225,0.0,1.225,1.225,47.448775949968464,5.168687756299003,39.60733205958143,53.559700790852546,57.49834811028437,0.4806339523681003,56.84350238327581,58.21519565119113,0.0,0.0,0.0,0.0,0.0,0.0,0.0,0.0,0.0,0.0,0.0,0.0,0.0,0.0,0.0,0.0,0.0,0.0,0.0,0.0,61.67333333333333,1.5401607831961055,59.2,63.8,user_001,15
2024-01-03 05:30:00,0.0,0.0,0,0,8844.0,0.0,8844,8844,4.7914666666666665,0.2762726051944932,4.290000000000001,5.223999999999999,62.3596734971816,2.2072000042434623,58.90830023222416,66.49115488845227,51.75241778222896,5.743277011423345,41.892529913822294,60.138772824448104,97.53466666666668,0.1433211511988089,97.2,97.72,33.46906666666667,0.1465388620647709,33.142,33.624,1.0,0.0,1,1,47.77508299741837,3.9690289828666385,40.14192411232482,54.59448990835225,62.4,5.679537204486195,52,70,52.93333333333333,14.774672665780194,29.4,77.8,46.28666666666667,14.731495252721375,30.0,71.4,97.44,0.4672105673951672,96.8,98.5,33.44866666666667,0.4865750076763486,32.82,34.64,4.796666666666667,0.6766479002792967,3.66,6.05,62.22863884881651,1.405557241450669,60.02209457499415,64.33028067886193,61.29121766388864,0.2737980909293566,60.88058617757559,61.70087280253395,0.0201632514091921,2.1354927646308575,-4.830384962817426,2.671176125736771,50.25684836141202,0.0,50.25684836141202,50.25684836141202,5.2360649109947905,0.9547498903804116,2.94573323743086,7.023985709076678,4.952097612019049,1.236034447315167,2.618557296412923,6.235459405676568,49.159685932105624,0.4248194212250997,48.263074519716966,49.96030062211659,540.0,0.0,540.0,540.0,0.375,0.0,0.375,0.375,0.3166666666666666,0.0,0.3166666666666666,0.3166666666666666,0.1962962962962963,0.0,0.1962962962962963,0.1962962962962963,70.6,0.0,70.6,70.6,94.9,0.0,94.9,94.9,0.0,0.0,0,0,0.0,0.0,0.0,0.0,1.225,0.0,1.225,1.225,46.92749581585124,3.0633827028429015,41.56785709701559,51.67224391484864,57.22269767138909,0.7633704680073705,56.4482004606526,59.11763337918439,0.0,0.0,0.0,0.0,0.0,0.0,0.0,0.0,0.0,0.0,0.0,0.0,0.0,0.0,0.0,0.0,0.0,0.0,0.0,0.0,63.78666666666666,2.4735361231202853,59.1,67.9,user_001,15
2024-01-03 05:45:00,0.0,0.0,0,0,8844.0,0.0,8844,8844,4.7832,0.1595257256459196,4.564,5.0840000000000005,60.200047756098925,1.794351029159729,56.51251860084409,62.78212541677326,53.35213229313481,4.241423700165082,46.84197644240286,62.11251291424503,97.38,0.1456021977856107,97.12,97.6,33.361599999999996,0.1371530948559733,33.108,33.572,1.0,0.0,1,1,46.24233195459831,5.361407722044885,35.84121722103504,54.46616996179183,60.06666666666667,5.812138365606275,50,70,53.35333333333333,9.315108056015136,41.0,66.4,45.693333333333335,11.574878380519143,21.0,63.1,97.42666666666668,0.8754318662128715,96.2,99.1,33.344,0.6286925208035206,32.14,34.09,4.729333333333333,0.7320662213085318,3.09,5.99,60.450125956710934,1.0323227540601834,58.648671943622595,61.95745078024574,61.442310105832,0.1644963579198483,61.279860626640264,61.75064462401144,-0.0666905447161345,2.2782989330517505,-3.634388950633081,4.495827133051968,50.25684836141202,0.0,50.25684836141202,50.25684836141202,3.429117009405947,0.7101022778421944,2.479368890230898,5.4321417997744,3.108676463422585,1.1021699954023692,1.6292805088712987,5.283831760879652,50.9917367445913,0.7618395604514446,50.13131152585551,52.55227503768188,540.0,0.0,540.0,540.0,0.375,0.0,0.375,0.375,0.3166666666666666,0.0,0.3166666666666666,0.3166666666666666,0.1962962962962963,0.0,0.1962962962962963,0.1962962962962963,70.6,0.0,70.6,70.6,94.9,0.0,94.9,94.9,0.0,0.0,0,0,0.0,0.0,0.0,0.0,1.225,0.0,1.225,1.225,41.5850358335573,2.6418990181585538,37.341744379145354,45.45786894067378,60.79440175079163,0.8967696621381569,59.6036456208179,62.098943963461544,0.0,0.0,0.0,0.0,0.0,0.0,0.0,0.0,0.0,0.0,0.0,0.0,0.0,0.0,0.0,0.0,0.0,0.0,0.0,0.0,63.67333333333333,1.8755824492166435,59.7,65.8,user_001,15
2024-01-03 06:00:00,0.0,0.0,0,0,8844.0,0.0,8844,8844,5.4768,0.2516173966277261,5.1,5.942,65.2686934295092,1.698837411225667,61.744300011748095,68.23184522296562,53.919012265601935,3.8158007922820114,46.29185479978866,58.748047958086005,97.42666666666668,0.2390058775925977,96.92,97.68,33.470933333333335,0.1337970033118764,33.20399999999999,33.678,1.0,0.0,1,1,48.53520797647897,5.999188118335584,38.2148886186197,56.24178389637382,65.93333333333334,5.762770497731435,55,79,53.46,11.316410334427731,37.6,68.5,48.77333333333333,14.216161158879638,22.4,72.8,97.35333333333332,0.6791451208969237,95.4,98.3,33.49466666666667,0.4500296286542327,32.77,34.29,5.537333333333334,0.4986476950809297,4.71,6.18,64.51534558699717,1.3492219537237773,61.1734876633577,66.0318996099895,61.93050978228927,0.4680182006884744,61.24212930664907,62.73437059280406,0.3323199519120687,2.2919302344326864,-4.077281740988539,5.384077388517191,50.25684836141202,0.0,50.25684836141202,50.25684836141202,3.725268997482002,0.9069218032583002,2.5053457118161298,5.4541682088295405,3.1444065476585954,0.9131597616886924,1.159215176172943,4.433509083476306,53.23533814555291,0.5371234809942548,52.56995281537947,54.09922310953492,540.0,0.0,540.0,540.0,0.375,0.0,0.375,0.375,0.3166666666666666,0.0,0.3166666666666666,0.3166666666666666,0.1962962962962963,0.0,0.1962962962962963,0.1962962962962963,70.6,0.0,70.6,70.6,94.9,0.0,94.9,94.9,0.0,0.0,0,0,0.0,0.0,0.0,0.0,1.225,0.0,1.225,1.225,44.85872844584008,2.799483789669289,40.69781593144596,48.39905833098889,60.85109597714723,0.64934756273259,59.22900599113298,61.735716689640185,0.0666666666666666,0.2581988897471611,0.0,1.0,0.0,0.0,0.0,0.0,0.0,0.0,0.0,0.0,0.0,0.0,0.0,0.0,0.0666666666666666,0.2581988897471611,0.0,1.0,65.30666666666666,1.4022770597784675,62.4,67.3,user_001,15
2024-01-03 06:15:00,0.0,0.0,0,0,8844.0,0.0,8844,8844,5.1724,0.1776580986051582,4.886,5.422,65.7364984022568,1.4642939577549223,63.075985490475155,69.05310963047731,46.45025473698119,4.184223358788823,38.55441310679812,52.76765933916682,97.72266666666664,0.2880343894812037,97.26,98.14,33.5496,0.1369821677654226,33.242,33.814,1.0,0.0,1,1,55.330827968637145,5.193694825405474,46.63924726207392,62.67765682410526,65.66666666666667,4.561745697594705,60,74,46.32666666666667,9.161056291768563,34.4,63.4,57.66,10.100339456813176,42.0,71.0,97.81333333333332,0.822771159528811,96.1,99.4,33.554,0.4439079698702041,32.71,34.22,5.14,0.3773213863160007,4.3,5.8,65.83418120261899,0.4581950125904989,65.10027448741883,66.51225628905952,64.1375699569228,0.8913306802335877,62.922913728536045,65.50259591588299,-0.0349158677950697,1.7690013106640528,-3.017703210159098,2.4734451847613457,50.25684836141202,0.0,50.25684836141202,50.25684836141202,3.597027377599274,0.7052853041535957,2.549600564360453,4.98183573954456,3.159710733084855,0.895530683034913,2.091290620701939,5.036743874090501,51.68656961485468,1.0223661369724937,50.184633501291565,53.33260374180114,540.0,0.0,540.0,540.0,0.375,0.0,0.375,0.375,0.3166666666666666,0.0,0.3166666666666666,0.3166666666666666,0.1962962962962963,0.0,0.1962962962962963,0.1962962962962963,70.6,0.0,70.6,70.6,94.9,0.0,94.9,94.9,0.0,0.0,0,0,0.0,0.0,0.0,0.0,1.225,0.0,1.225,1.225,55.6734040615569,4.121428553749153,49.85678909425728,62.060277165108914,54.86524397150907,2.6455002525870093,51.66262260697792,58.75973800147463,0.0,0.0,0.0,0.0,0.3333333333333333,0.4879500364742666,0.0,1.0,0.0,0.0,0.0,0.0,0.0,0.0,0.0,0.0,0.3333333333333333,0.4879500364742666,0.0,1.0,62.379999999999995,1.788934239787953,59.0,64.5,user_001,15
2024-01-03 06:30:00,0.0,0.0,0,0,8844.0,0.0,8844,8844,5.233466666666667,0.2613103974386084,4.826,5.536,64.83727854065668,1.8998152819105243,61.01952890663059,67.61307145208905,54.03520728470037,4.395420012038901,46.4331105838067,61.38838161550984,97.29333333333334,0.1969288002831277,96.92,97.66,33.37466666666667,0.1139389978808632,33.14,33.516000000000005,1.0,0.0,1,1,47.81416888251787,5.033461120123961,40.15442145796947,55.85776866643141,64.2,5.0737419271044075,54,71,53.96,11.443201350271572,35.9,76.2,45.233333333333334,11.88610633510923,26.1,66.2,97.30666666666666,0.5311263861786931,96.1,98.2,33.39533333333333,0.4096316580027674,32.86,34.15,5.204666666666666,0.5410422041455424,4.25,6.14,65.28582215098201,0.9669580952376452,62.995114440550296,66.67540028292885,65.5220943259235,0.1309525889780213,65.28688847145675,65.7357062200831,-0.3186392703283417,1.8510401427645649,-3.5097644533152916,2.6601570311231413,50.25684836141202,0.0,50.25684836141202,50.25684836141202,4.077792330294989,0.7121068734491434,2.608498034172543,4.951601368358252,3.670492742361071,1.3026702149122409,1.8564445610650795,6.220622011631421,49.971364776504544,0.3430258986500448,49.36276711136623,50.47570074238144,540.0,0.0,540.0,540.0,0.375,0.0,0.375,0.375,0.3166666666666666,0.0,0.3166666666666666,0.3166666666666666,0.1962962962962963,0.0,0.1962962962962963,0.1962962962962963,70.6,0.0,70.6,70.6,94.9,0.0,94.9,94.9,0.0,0.0,0,0,0.0,0.0,0.0,0.0,1.225,0.0,1.225,1.225,46.22114800750128,2.6572710059631497,42.80582638946687,50.57133497115855,55.71120492502658,3.0813606731031866,52.05470767893434,59.63033347468459,0.0666666666666666,0.2581988897471611,0.0,1.0,0.0,0.0,0.0,0.0,0.0,0.0,0.0,0.0,0.0,0.0,0.0,0.0,0.0666666666666666,0.2581988897471611,0.0,1.0,64.91333333333334,1.4989837827516257,62.1,67.2,user_001,15
2024-01-03 06:45:00,0.0,0.0,0,0,8844.0,0.0,8844,8844,5.059866666666666,0.2041252649955997,4.742,5.4079999999999995,63.70272690060785,1.4378537725729676,61.30864191435223,65.96296287152835,54.84285088327436,2.857194716942176,51.19140013861522,61.02333461903453,97.38266666666668,0.4439347871456937,96.7,98.22,33.43826666666667,0.184947663124565,33.184000000000005,33.733999999999995,1.0,0.0,1,1,42.02280900832905,4.493287664281156,34.5039679771781,51.28831683581624,64.13333333333334,6.300415708128956,52,73,55.32,7.990369202984304,42.5,66.5,41.906666666666666,11.7316706072961,26.5,62.9,97.40666666666668,0.929259818093849,96.0,99.0,33.42266666666667,0.33420410074142,32.88,33.96,5.128666666666667,0.5649635470752156,4.08,5.94,63.51927553368653,0.3444934753309606,63.000821906852,64.002314573656,64.83558476677659,0.3541244515019134,64.27000272063226,65.2800657199378,0.2153032163627434,2.5203920275307694,-4.654320957176118,3.8479906558451233,50.25684836141202,0.0,50.25684836141202,50.25684836141202,2.9145748547142607,0.7900232466003888,1.43887412302873,4.4182297091663205,2.2709207250014174,0.4270545886211635,1.698586054231585,3.431396280934546,52.20004914580268,1.4706100550287131,50.257376229449406,54.43902908398737,540.0,0.0,540.0,540.0,0.375,0.0,0.375,0.375,0.3166666666666666,0.0,0.3166666666666666,0.3166666666666666,0.1962962962962963,0.0,0.1962962962962963,0.1962962962962963,70.6,0.0,70.6,70.6,94.9,0.0,94.9,94.9,0.0,0.0,0,0,0.0,0.0,0.0,0.0,1.225,0.0,1.225,1.225,44.45607636636976,2.33422492881005,39.91011533265536,48.13025563423156,60.04637397851632,0.5628272710605146,59.2998538365459,61.16526592044549,0.0,0.0,0.0,0.0,0.0,0.0,0.0,0.0,0.0,0.0,0.0,0.0,0.0,0.0,0.0,0.0,0.0,0.0,0.0,0.0,65.48,1.0725137361757735,63.6,67.2,user_001,15
2024-01-03 07:00:00,4.333333333333333,1.9518001458970664,1,7,8878.2,19.457646311925615,8846,8909,5.612799999999999,0.2518546065831296,5.167999999999999,5.964,68.95959675221806,2.2369829470718767,65.505219200779,72.54801240504085,50.17792983101383,3.3469798499122576,43.85717615285427,55.053646343922104,97.43466666666669,0.2267114801638764,97.08,98.04,33.561600000000006,0.2655497801058852,33.224000000000004,33.948,0.0,0.0,0,0,49.320104407412465,5.066469839929508,41.951862262525225,57.841690090681766,69.46666666666667,5.152900246694181,62,79,49.82,11.34738484661302,31.6,65.8,49.28666666666666,15.695079605071262,15.2,70.8,97.39333333333336,1.0443498775155136,95.2,99.3,33.56733333333333,0.4834321738017313,32.31,34.35,5.516666666666667,0.579453765771409,4.36,6.19,68.18426976730849,2.380586615714443,64.40036529193422,70.92192181219684,65.07184545256258,0.6610224784550961,64.31333514708818,66.33116182641297,0.2535349572242988,1.999650685636826,-3.114272421731087,3.3285913674033765,50.25684836141202,0.0,50.25684836141202,50.25684836141202,4.144848987540686,0.5631313682847228,2.9489448465488324,5.061623535176728,3.496981360770861,0.8600195807038435,2.1321406043099755,5.739256892890652,53.45470738580132,0.8187031935786608,52.440878303574216,54.481420333624015,540.0,0.0,540.0,540.0,0.375,0.0,0.375,0.375,0.3166666666666666,0.0,0.3166666666666666,0.3166666666666666,0.1962962962962963,0.0,0.1962962962962963,0.1962962962962963,70.6,0.0,70.6,70.6,94.9,0.0,94.9,94.9,0.6666666666666666,0.4879500364742666,0,1,34.2,19.45764631192581,2.0,65.0,2.041666666666667,0.5977387946809766,1.225,2.45,52.82421829206415,5.612970628981878,41.147768649275235,59.70645901895891,57.7897295517588,2.6693389839884487,53.17197000724423,61.25684374066178,0.1333333333333333,0.3518657752744983,0.0,1.0,0.2,0.4140393356054125,0.0,1.0,0.0,0.0,0.0,0.0,0.0,0.0,0.0,0.0,0.3333333333333333,0.6172133998483676,0.0,2.0,61.8,2.3826755669085204,57.5,65.6,user_001,15
2024-01-03 07:15:00,4.533333333333333,2.294921930407801,1,8,8938.2,21.37154316241255,8911,8977,5.765199999999999,0.2249264006609397,5.316000000000001,6.1,68.86027138743343,1.797716085317444,66.300491734836,72.78823987651795,52.59842088260586,3.289320705417756,48.08999173131428,57.45481318149418,97.3,0.3320068846102009,96.68,97.78,33.3184,0.2251224428743488,33.04599999999999,33.727999999999994,0.0,0.0,0,0,47.14553326474429,5.134243833540843,39.4674943389001,55.25283900917642,68.86666666666666,5.152900246694182,61,80,52.61333333333334,9.691297028532253,35.9,70.5,48.04666666666667,15.077460314118207,25.7,70.7,97.26666666666668,0.9317162862670374,95.5,98.3,33.324666666666666,0.5024776706718524,32.58,34.31,5.857333333333333,0.5926510255582438,4.81,7.16,69.08646578435568,0.5462066580042929,68.4184740114741,69.85732563302938,67.72505258976719,0.8154702272022406,66.46521899538642,68.90993406982575,0.0031976396166138,1.9716904970947755,-2.672331833558218,3.6058800617410327,50.25684836141202,0.0,50.25684836141202,50.25684836141202,3.828856415308916,1.1825195179652137,1.6929604621848175,5.5632570100310685,3.0494334644124077,0.7882642225183843,1.732048414019107,4.630804943168507,51.95407311115568,0.3580940995548569,51.38817535680984,52.60758089947146,540.0,0.0,540.0,540.0,0.375,0.0,0.375,0.375,0.3166666666666666,0.0,0.3166666666666666,0.3166666666666666,0.1962962962962963,0.0,0.1962962962962963,0.1962962962962963,70.6,0.0,70.6,70.6,94.9,0.0,94.9,94.9,0.6666666666666666,0.6172133998483678,0,2,60.0,4.292851200376206,54.0,68.0,2.1233333333333335,0.978540579979526,1.225,4.9,52.71487130552923,2.745101905697261,48.13840285812908,56.1460138546111,53.60861927846426,1.0940206615940613,52.42180806301557,55.55053012895308,0.0,0.0,0.0,0.0,0.0,0.0,0.0,0.0,0.0,0.0,0.0,0.0,0.0,0.0,0.0,0.0,0.0,0.0,0.0,0.0,62.24,1.1824913167908322,59.8,64.3,user_001,15
2024-01-03 07:30:00,5.066666666666666,2.282438128301359,2,10,9020.0,22.3957904207776,8983,9053,5.806933333333333,0.2217744886354689,5.362,6.214,69.19563502916913,1.7533437585702552,66.39703183723792,71.89332163378533,49.019490788309845,4.7985525157728794,42.00965846928249,56.273061818139155,97.58533333333334,0.1308142994950496,97.32,97.84,33.56466666666667,0.2928789771186971,33.03,33.94,0.0,0.0,0,0,49.3253595148875,6.205558396272046,39.95760252384062,57.93907621608478,69.13333333333334,5.642525608102744,61,77,48.13333333333333,11.004393062166884,32.5,67.2,50.38666666666666,14.385501960886408,25.4,69.4,97.63333333333334,0.4820590756130926,96.7,98.4,33.525333333333336,0.682316083714313,32.36,35.26,5.750666666666667,0.6844650326732411,4.8,6.85,69.0693207227669,0.6590716456257611,67.96445835574221,70.0751888195023,69.15759744820326,0.1506890401321236,69.01289471867788,69.4628994111156,-0.0311508479178958,2.1848811933237102,-3.2977738779284493,2.9950131619915084,50.25684836141202,0.0,50.25684836141202,50.25684836141202,3.497409939628976,1.1089930046597536,1.849171795932422,5.170119529376977,2.9100797265284273,1.2592922485892668,1.3280430848916784,5.23604772007474,51.4392292695136,0.3726566663052882,50.80895583545785,51.96752156767604,540.0,0.0,540.0,540.0,0.375,0.0,0.375,0.375,0.3166666666666666,0.0,0.3166666666666666,0.3166666666666666,0.1962962962962963,0.0,0.1962962962962963,0.1962962962962963,70.6,0.0,70.6,70.6,94.9,0.0,94.9,94.9,0.8666666666666667,0.6399404734221844,0,2,81.8,5.115801850289802,72.0,91.0,2.45,1.1341296222213757,1.225,4.9,55.37031527578714,5.0958140231049,48.5301223744936,63.166343937946046,54.87803094072455,1.615405149317116,51.90673214636637,56.447705559280266,0.0,0.0,0.0,0.0,0.1333333333333333,0.3518657752744983,0.0,1.0,0.0,0.0,0.0,0.0,0.0,0.0,0.0,0.0,0.1333333333333333,0.3518657752744983,0.0,1.0,61.166666666666664,1.9970215917949496,57.8,64.8,user_001,15
2024-01-03 07:45:00,4.8,2.1447610589527217,2,9,9089.466666666667,21.290060278605967,9058,9125,5.517733333333334,0.1196037903524243,5.286,5.762,68.79715665929369,2.071021643907865,64.82237785944402,71.86496759264966,46.784585041505345,4.398541263649834,37.98450779094757,53.97902400359485,97.852,0.4382302069525914,97.16,98.5,33.849333333333334,0.120481573378711,33.668,34.104,0.0,0.0,0,0,52.69519717522158,5.875387388401026,43.60645262524185,61.64677761019126,68.46666666666667,4.76395194090349,58,77,47.77333333333333,10.273924459987224,23.0,62.3,51.27333333333333,14.46925146976298,21.8,77.6,97.77333333333334,0.8795020236041573,96.2,99.4,33.85466666666667,0.4479934098154736,32.59,34.44,5.522,0.5369118044095189,4.38,6.22,69.15666735555376,1.3125321933219338,66.67512071301493,70.99590135040899,69.21309653743154,0.1155833871373724,68.9963958442314,69.38782614814181,-0.1652449963135107,1.6808919813015937,-3.411188929722016,2.977867187403703,50.25684836141202,0.0,50.25684836141202,50.25684836141202,3.660575673834952,0.6206748013816323,2.357697990753773,4.539169987886812,3.505851105269392,0.7565438451644294,2.102499185215161,4.90306848032337,49.39470016718448,1.019926298660936,47.876390205694726,50.64485944586079,540.0,0.0,540.0,540.0,0.375,0.0,0.375,0.375,0.3166666666666666,0.0,0.3166666666666666,0.3166666666666666,0.1962962962962963,0.0,0.1962962962962963,0.1962962962962963,70.6,0.0,70.6,70.6,94.9,0.0,94.9,94.9,0.7333333333333333,0.5936168397046636,0,2,69.46666666666667,3.27035748737628,63.0,75.0,2.205,0.948880919820817,1.225,4.9,59.70604509400096,2.345948005996992,54.35265616910376,63.24967689067684,49.62862323451607,0.6218285455665566,48.93297283553422,51.13520174732688,0.0,0.0,0.0,0.0,0.0666666666666666,0.2581988897471611,0.0,1.0,0.0,0.0,0.0,0.0,0.0,0.0,0.0,0.0,0.0666666666666666,0.2581988897471611,0.0,1.0,60.52,1.4895828754578058,58.7,64.1,user_001,15
2024-01-03 08:00:00,5.0,2.0354009783964297,1,8,9166.666666666666,22.48385664257319,9133,9200,5.796,0.3117224039796581,5.292,6.258,69.76649867218075,3.6338203811142185,64.43339955350703,75.75847517759591,49.3370599616152,4.172121548890722,42.5253454009328,59.25268266906323,97.35466666666666,0.340207219766062,96.74,97.74,33.2372,0.1916869471672099,32.966,33.55,0.0,0.0,0,0,50.94742362892432,6.6188091813533,39.170791734083345,61.77133381997496,70.6,6.333583954940973,63,82,49.586666666666666,11.75365394047234,28.9,70.4,50.973333333333336,14.65656686884594,24.1,72.2,97.39333333333336,0.9176574731866134,95.7,99.3,33.244,0.523392777940238,32.17,34.14,5.795333333333333,0.6750964657700692,4.82,6.92,68.82997358121006,3.0547963576813313,65.10372754824986,72.77547828090921,68.70638686824368,0.2985076480785963,68.2096762702966,69.28182766573723,0.4167506639096255,2.176329359278983,-3.9194917258652993,5.417274140221181,50.25684836141202,0.0,50.25684836141202,50.25684836141202,3.83584325171412,1.3503128606021888,1.4467169712362644,5.667942985252289,3.3340070151487895,1.3268018281348806,1.628452496207714,5.621486035180799,47.72549538844631,0.1792897442653549,47.43470566056802,48.060822501560274,540.0,0.0,540.0,540.0,0.375,0.0,0.375,0.375,0.3166666666666666,0.0,0.3166666666666666,0.3166666666666666,0.1962962962962963,0.0,0.1962962962962963,0.1962962962962963,70.6,0.0,70.6,70.6,94.9,0.0,94.9,94.9,0.9333333333333332,0.5936168397046637,0,2,77.2,2.3052734575936342,73.0,81.0,2.5316666666666667,1.0825509995684577,1.225,4.9,55.795739827715785,6.1043927399850935,48.269395989028894,64.23541931469411,52.371713259935056,0.5592673562478356,51.19451074254744,53.168962448283175,0.0,0.0,0.0,0.0,0.0,0.0,0.0,0.0,0.0,0.0,0.0,0.0,0.0,0.0,0.0,0.0,0.0,0.0,0.0,0.0,60.57333333333334,3.466053059248194,55.2,65.9,user_001,15
2024-01-03 08:15:00,5.266666666666667,1.5796322658258457,2,8,9242.533333333333,23.064712276136778,9205,9279,6.015333333333333,0.201458491529952,5.746,6.412000000000001,72.81852424684031,2.2498382648317903,69.32266176347574,76.33164184075211,47.47967744587251,4.851151820701917,39.81626158844066,57.45349344743702,97.42,0.218305159941635,97.04,97.76,33.3272,0.17950535208893,32.984,33.668,0.0,0.0,0,0,55.10348010461512,7.3019006359541105,41.4744095995792,66.22607715087189,73.0,4.795831523312722,67,83,47.693333333333335,11.181264090730831,25.0,67.4,54.473333333333336,15.947120952280589,29.9,87.5,97.42666666666668,0.9129752513205432,96.1,98.8,33.336,0.5008963394327637,32.43,34.13,6.046666666666667,0.6522342553174618,4.98,7.48,72.85302436770799,1.5839566926542703,70.27823128940767,75.3247053549837,69.94746438305245,0.745256781070454,69.16221598890367,71.29251145951052,0.0907378765798436,1.733823404315182,-2.4438806135840423,4.285531590596193,50.25684836141202,0.0,50.25684836141202,50.25684836141202,3.6800998356737935,1.2573121314130091,1.6602992748152487,5.434986781132534,3.56981988829755,1.7553083498006827,1.0010422684277906,7.359314702064345,47.99610495081996,0.3676474783529327,47.441528815790186,48.521476667360126,540.0,0.0,540.0,540.0,0.375,0.0,0.375,0.375,0.3166666666666666,0.0,0.3166666666666666,0.3166666666666666,0.1962962962962963,0.0,0.1962962962962963,0.1962962962962963,70.6,0.0,70.6,70.6,94.9,0.0,94.9,94.9,0.9333333333333332,0.4577377082170634,0,2,75.86666666666666,1.99523241276609,72.0,79.0,2.45,0.8019507466172721,1.225,4.9,62.80216514257895,3.702077554383353,57.62543654604733,67.45680518672116,48.474958897725614,1.3884682115453206,47.052109670999315,51.28099066436079,0.0,0.0,0.0,0.0,0.0,0.0,0.0,0.0,0.0,0.0,0.0,0.0,0.0,0.0,0.0,0.0,0.0,0.0,0.0,0.0,57.513333333333335,2.004946264569084,54.5,60.7,user_001,15
2024-01-03 08:30:00,5.4,2.32379000772445,2,9,9320.733333333334,25.7306561647127,9284,9360,6.231733333333334,0.2861197218614878,5.882000000000001,6.782000000000001,73.14182599430887,2.2818734967470866,69.4222451557459,77.48287488794489,48.64153065669367,7.336951957552512,36.13554563754152,61.05748018714805,97.62533333333332,0.4502359169950634,96.8,98.24,33.42693333333333,0.1178397620661625,33.206,33.646,0.0,0.0,0,0,54.40160010115995,7.328646806485573,44.455438933250214,67.66062983796861,73.2,5.401058097394305,64,83,47.513333333333335,13.093611673891456,20.0,70.4,55.53333333333333,13.153254169143665,37.6,76.6,97.64,0.9825622481189557,95.9,99.2,33.468666666666664,0.4866337236077891,32.48,34.3,6.227333333333333,0.8520518651774556,5.17,7.75,73.01489939332298,1.6596916516065778,70.77829848812436,75.32550593094953,72.41497817852479,0.5212483427053087,71.43945208411813,72.99706068795949,0.0290870028455666,1.9970067617173797,-3.1898513734070093,3.7152229398895,50.25684836141202,0.0,50.25684836141202,50.25684836141202,4.495646011026211,0.511599573630614,3.5550989829970976,5.308750125165742,4.284413984384903,1.4177030063513645,1.4275935753657587,7.399189683427106,48.79125750921698,0.4254117234670864,48.060604051283086,49.35624910430672,540.0,0.0,540.0,540.0,0.375,0.0,0.375,0.375,0.3166666666666666,0.0,0.3166666666666666,0.3166666666666666,0.1962962962962963,0.0,0.1962962962962963,0.1962962962962963,70.6,0.0,70.6,70.6,94.9,0.0,94.9,94.9,1.0,0.6546536707079771,0,2,78.2,4.6934604961128,70.0,85.0,2.6950000000000003,1.2423767544509194,1.225,4.9,60.01593168582339,9.033650558441124,47.90261605065581,71.65138736718819,50.569135249404646,1.4045429783304353,47.97660328556431,52.16531880400773,0.0,0.0,0.0,0.0,0.0666666666666666,0.2581988897471611,0.0,1.0,0.0,0.0,0.0,0.0,0.0,0.0,0.0,0.0,0.0666666666666666,0.2581988897471611,0.0,1.0,58.233333333333334,3.4966650778515653,53.1,63.6,user_001,15
2024-01-03 08:45:00,4.6,2.4727081741050063,0,8,9394.933333333332,19.535559762598695,9368,9429,6.127066666666666,0.2531435128444696,5.744,6.547999999999999,72.00632623940264,1.7190623683392627,68.75757109540784,75.30817059909108,46.22428950325104,2.7562434848119297,40.94868157122499,50.30953353525621,97.38266666666668,0.3860323203838657,96.94,98.24,33.6536,0.1690548516226103,33.418,33.962,0.0,0.0,0,0,53.546823629989014,3.66689487751481,48.69502768835011,61.72527113591442,71.53333333333333,5.841558826529912,59,82,46.026666666666664,8.330706252573467,26.1,63.0,54.27333333333333,9.01462832342653,40.8,73.0,97.42,0.7830343907791362,96.3,98.9,33.586666666666666,0.4099941927579446,33.1,34.37,6.066666666666666,0.6447443199402675,4.93,6.88,72.36585212309112,0.6965651850650888,71.2327685227076,73.60019997006849,72.89636875605139,0.1793636101045329,72.57407611685576,73.1818886304186,-0.2364964530346526,2.2694765160817103,-4.878785547703927,3.542462114033796,50.25684836141202,0.0,50.25684836141202,50.25684836141202,3.1924681703267956,1.4934816924346357,1.2048659843441551,5.039589537546486,2.4062678696665274,1.476225614113696,0.7325279269742192,5.683373983063531,48.23924808506366,0.3709369858395881,47.43291007997235,48.66807680236375,540.0,0.0,540.0,540.0,0.375,0.0,0.375,0.375,0.3166666666666666,0.0,0.3166666666666666,0.3166666666666666,0.1962962962962963,0.0,0.1962962962962963,0.1962962962962963,70.6,0.0,70.6,70.6,94.9,0.0,94.9,94.9,0.8,0.560611910581388,0,2,74.2,6.548718522406819,64.0,84.0,2.286666666666667,0.910448607372578,1.225,4.9,63.52682377462621,2.6528371583109016,58.60491961863876,66.52163868401269,46.77257704122135,0.9073548272209008,45.48011258975959,48.69217566329167,0.0,0.0,0.0,0.0,0.0,0.0,0.0,0.0,0.0,0.0,0.0,0.0,0.0,0.0,0.0,0.0,0.0,0.0,0.0,0.0,57.559999999999995,1.3189822916606175,55.4,59.6,user_001,15
2024-01-03 09:00:00,4.733333333333333,2.491891612715892,1,9,9469.8,21.331398721803815,9438,9500,6.337866666666667,0.1654594756888768,6.018,6.68,76.02583287341766,2.9719500411127964,70.72593989839466,80.39516329695955,48.4164421158891,3.0671698366458395,42.40661992528943,54.03627552235085,97.624,0.4641551464758284,96.7,98.22,33.43933333333334,0.119631975340251,33.251999999999995,33.61,0.0,0.0,0,0,52.00548012402901,4.305145665609186,46.30544106438717,58.610735293618355,77.4,4.702582876918357,66,86,48.07333333333334,9.49890720531778,33.1,67.0,51.46,10.751398580118376,36.3,73.0,97.59333333333332,0.7487767802667682,96.0,98.8,33.46933333333333,0.5191127962573208,32.35,34.4,6.398666666666667,0.4901729529559173,5.5,6.96,74.95396753697241,2.801300865688861,71.30977765467726,78.84224319573079,73.17439954139276,0.4149361481618979,72.59382852234829,74.01607955641015,0.6870835632911716,1.558749040494791,-2.9482409776192213,2.802418351520231,50.25684836141202,0.0,50.25684836141202,50.25684836141202,3.2319642340225916,1.2713128383375203,1.4973150622905067,4.960716904956258,2.6648946614388764,1.148231459372408,0.9408005571451398,4.567714504360365,46.563005902720306,0.5849961802388967,45.84638716751473,47.455548714355096,540.0,0.0,540.0,540.0,0.375,0.0,0.375,0.375,0.3166666666666666,0.0,0.3166666666666666,0.3166666666666666,0.1962962962962963,0.0,0.1962962962962963,0.1962962962962963,70.6,0.0,70.6,70.6,94.9,0.0,94.9,94.9,0.8666666666666667,0.7432233529572067,0,2,74.86666666666666,4.485956923980602,66.0,81.0,2.5316666666666667,1.3472348223923944,1.225,4.9,64.04562112909404,2.191616121527151,61.28901826349719,67.6107072255543,46.99307032039975,0.3697146044223843,46.18865622163741,47.43108440621801,0.0,0.0,0.0,0.0,0.0,0.0,0.0,0.0,0.0,0.0,0.0,0.0,0.0,0.0,0.0,0.0,0.0,0.0,0.0,0.0,55.913333333333334,1.7224843630501805,52.7,59.5,user_001,15
2024-01-03 09:15:00,4.8,1.740279123753264,2,8,9536.133333333331,20.517820361356456,9504,9572,6.1944,0.161898027871162,5.914,6.498,75.61318415576389,2.2109261136048133,73.29628212873043,80.26344219797303,46.75875248165268,4.080384091892414,39.82360433622375,52.81418064229869,97.57333333333332,0.2023669462940488,97.14,97.92,33.6144,0.0805381896990492,33.524,33.784000000000006,0.0,0.0,0,0,52.898137897149304,5.7644816735487945,41.62865344840554,63.60882554279555,74.66666666666667,4.303929544475551,69,83,47.526666666666664,11.378203892070305,25.5,62.9,52.89333333333333,17.640475644165065,22.5,90.6,97.56666666666666,0.8346656017032595,95.5,98.6,33.62533333333333,0.4075162865573885,32.96,34.31,6.194,0.6081682098141694,5.1,7.4,76.35477321082725,1.7171161306747174,74.08144411452648,79.32988586476924,75.17954280557592,0.4153356562448027,74.39960859316233,75.81950851459078,-0.4732587445486084,1.6153209073955936,-3.5029871551051173,2.7500806887150446,50.25684836141202,0.0,50.25684836141202,50.25684836141202,3.768849774071426,1.165546777752342,2.2132447994383315,5.65638668150705,3.367801939291707,1.0758376512177577,1.8205706531659216,5.08521561581239,47.28748024588433,0.1782881197871091,47.0018418060056,47.58759729877088,540.0,0.0,540.0,540.0,0.375,0.0,0.375,0.375,0.3166666666666666,0.0,0.3166666666666666,0.3166666666666666,0.1962962962962963,0.0,0.1962962962962963,0.1962962962962963,70.6,0.0,70.6,70.6,94.9,0.0,94.9,94.9,0.8666666666666667,0.5163977794943222,0,2,66.33333333333333,3.579039509354959,60.0,72.0,2.3683333333333336,0.862071149422521,1.225,4.9,67.51170877475026,3.1526529057209607,62.283584043743375,71.75671114344702,45.45737217692589,0.6700303048252033,44.303782236255714,46.43440907606861,0.0,0.0,0.0,0.0,0.0666666666666666,0.2581988897471611,0.0,1.0,0.0,0.0,0.0,0.0,0.0,0.0,0.0,0.0,0.0666666666666666,0.2581988897471611,0.0,1.0,55.193333333333335,2.091980151048511,52.1,57.9,user_001,15
2024-01-03 09:30:00,5.2,2.177810171446801,2,9,9612.866666666669,22.46224345323422,9577,9650,6.1792,0.5216719275560081,5.496,6.92,74.85045061748718,3.1179047154605435,68.23654744082047,79.472920929321,49.51138105975497,2.490089413376044,45.12515689176424,53.41029783037798,97.49333333333334,0.1762573875520268,97.2,97.86,33.32906666666666,0.1894682282700991,32.994,33.742000000000004,0.0,0.0,0,0,51.81833515932239,4.452723652793641,44.65675344291353,59.66731121496508,75.46666666666667,6.843836295389838,60,85,49.54666666666667,6.822846773542412,36.2,61.6,52.126666666666665,10.87102746272118,29.0,70.3,97.48,0.7437357441610967,96.1,99.2,33.32733333333333,0.67353509471261,32.33,34.39,6.193333333333333,0.8548990472286077,4.37,8.16,74.20306350362243,2.0321334601944225,71.62389387516399,78.25846783735827,75.54280326150648,0.242340028602045,75.23181738662555,75.90189456528273,0.3081080245897444,2.446569893780156,-4.1182737204102295,5.587817519726514,50.25684836141202,0.0,50.25684836141202,50.25684836141202,2.6697224205952454,0.9530973414841214,1.4407413558283886,4.962249413749823,2.0535479761948165,1.0358783577978732,0.3112017567877673,4.811522133838706,48.09144851485338,0.1669915886780469,47.78284264362504,48.25960769687655,540.0,0.0,540.0,540.0,0.375,0.0,0.375,0.375,0.3166666666666666,0.0,0.3166666666666666,0.3166666666666666,0.1962962962962963,0.0,0.1962962962962963,0.1962962962962963,70.6,0.0,70.6,70.6,94.9,0.0,94.9,94.9,0.9333333333333332,0.7037315505489968,0,2,76.73333333333333,3.150207854064472,73.0,82.0,2.6133333333333337,1.298621063538809,1.225,4.9,61.69215828286084,4.083855949826227,56.28048941166581,67.79955839109678,48.03977521202203,0.9687625902673708,45.989907610922515,49.24582315347052,0.0666666666666666,0.2581988897471611,0.0,1.0,0.0,0.0,0.0,0.0,0.0,0.0,0.0,0.0,0.0,0.0,0.0,0.0,0.0666666666666666,0.2581988897471611,0.0,1.0,57.04,2.605159715421904,53.1,62.1,user_001,15
2024-01-03 09:45:00,5.133333333333334,2.6421491973301547,1,11,9692.933333333332,18.858369368481913,9661,9727,6.2456,0.1895350702565172,5.962,6.640000000000001,73.99035090959661,1.3980430885158175,71.22810902010455,76.99027067560202,47.06813998965678,2.6157218705863943,43.561318515326,52.14034987875084,97.46,0.2604391895022163,96.98,97.86,33.4648,0.1866621087878928,33.152,33.804,0.0,0.0,0,0,53.82784014093669,2.9289092077213335,49.36228795302849,59.85876325498785,73.86666666666666,4.778921974472405,65,82,46.57333333333334,5.368089134168785,39.4,57.1,53.45333333333333,9.564806522325677,35.8,67.6,97.46666666666668,0.6564696344480692,96.5,98.5,33.442,0.5177727024752954,32.53,34.37,6.27,0.6682600007268346,5.1,7.21,74.4728838573944,1.4421428334962372,72.60163754052576,77.83897855823884,74.63929999418893,0.2509663778173643,74.26256838463593,75.04343381330591,-0.0618421214649714,1.9058417180518283,-3.3059674991921923,3.257296993298482,50.25684836141202,0.0,50.25684836141202,50.25684836141202,1.945511700918055,0.4237926788180903,1.4087166058326963,2.6475024633123025,1.6680156894754263,0.63277692674016,0.8786782632185585,2.8154823269347142,48.42581861057751,0.1317070012364561,48.2338234476376,48.63544177088232,540.0,0.0,540.0,540.0,0.375,0.0,0.375,0.375,0.3166666666666666,0.0,0.3166666666666666,0.3166666666666666,0.1962962962962963,0.0,0.1962962962962963,0.1962962962962963,70.6,0.0,70.6,70.6,94.9,0.0,94.9,94.9,1.0,0.6546536707079771,0,2,80.06666666666666,4.479583313955287,73.0,86.0,2.6950000000000003,1.2423767544509197,1.225,4.9,64.27726879651168,1.795979101794516,61.043894330250886,66.17028678425713,47.31222483402815,0.6661812702202727,46.55787980633044,48.57998451647117,0.0,0.0,0.0,0.0,0.0,0.0,0.0,0.0,0.0,0.0,0.0,0.0,0.0,0.0,0.0,0.0,0.0,0.0,0.0,0.0,56.580000000000005,0.8768449936317932,54.4,57.8,user_001,15
2024-01-03 10:00:00,4.733333333333333,1.830950832868254,2,7,9762.0,21.4176162472449,9730,9798,6.210533333333333,0.2135836626532588,5.86,6.586,75.66258161814036,1.7980512398244963,72.44012030026757,78.8767732499549,47.88517851507303,3.3075421990804,42.951648464151695,55.31095552465198,97.41733333333332,0.3181074990508458,96.94,97.9,33.424933333333335,0.2098446590990099,33.117999999999995,33.763999999999996,0.0,0.0,0,0,52.73998413670613,6.681436151496402,38.333416801535286,60.74678739773304,75.73333333333333,4.963677592077799,64,85,47.99333333333333,9.8239842562306,30.9,65.0,53.49333333333333,16.339586752366024,23.1,84.3,97.45333333333332,0.6197541755367537,96.1,98.6,33.48733333333333,0.4667435310848181,32.7,34.42,6.158666666666666,0.6153380797423091,5.25,7.38,75.39672568451189,0.9149645339917464,73.77497625520112,76.65925613237216,74.868080155512,0.2033272604317121,74.53582273125015,75.16347819125134,0.0353758575964832,1.8779824302919792,-4.220060150133776,3.5924200625338187,50.25684836141202,0.0,50.25684836141202,50.25684836141202,3.4799585063829626,1.1807638420381736,1.5259567644659862,5.232298929683438,2.7836095390497886,1.089833503301193,1.125079585773347,4.599284535659004,47.92819128075657,0.2561526162445088,47.476659252364904,48.32696608139433,540.0,0.0,540.0,540.0,0.375,0.0,0.375,0.375,0.3166666666666666,0.0,0.3166666666666666,0.3166666666666666,0.1962962962962963,0.0,0.1962962962962963,0.1962962962962963,70.6,0.0,70.6,70.6,94.9,0.0,94.9,94.9,0.6666666666666666,0.4879500364742666,0,1,69.06666666666666,3.3904628143128326,63.0,73.0,2.041666666666667,0.5977387946809766,1.225,2.45,64.88534336470141,3.103525572762815,59.18591849760685,68.79589135283652,46.7812974434137,0.2395311123768531,46.41598611650821,47.20183021828612,0.0,0.0,0.0,0.0,0.0,0.0,0.0,0.0,0.0,0.0,0.0,0.0,0.0,0.0,0.0,0.0,0.0,0.0,0.0,0.0,55.666666666666664,1.6451950239004094,52.9,58.4,user_001,15
2024-01-03 10:15:00,4.266666666666667,2.016597794967223,1,8,9833.733333333334,17.657320079245984,9804,9862,6.390666666666666,0.1202774570177913,6.180000000000001,6.601999999999999,78.03054141622982,1.6992478548822632,74.94623008399238,81.12040379535523,44.40392697712669,5.645237523745223,35.061495001683625,53.61583823673453,97.68,0.3177600172637095,97.12,98.08,33.349333333333334,0.1799883594119653,32.994,33.598,0.0,0.0,0,0,57.8220274775534,5.911015727800004,45.858600453257075,67.08284426904362,77.93333333333334,3.9363991280405113,71,87,43.67333333333333,12.723177201282631,21.9,61.3,57.61333333333334,13.88142987008526,24.7,76.4,97.68666666666668,0.641278484933098,96.7,98.7,33.3,0.4915136969461934,32.37,34.21,6.414,0.5535186149921761,5.58,7.25,78.01138631863948,1.1700673388554543,76.45099888326516,79.65335259562946,76.07732063289112,0.5848821708432566,75.02875528702343,76.85317560911098,-0.0486040414482412,1.438786629617216,-1.9731150419961807,3.1596971534835774,50.25684836141202,0.0,50.25684836141202,50.25684836141202,4.078733179283917,1.182477802527679,2.2436487253870103,5.477328838567662,4.110446621201592,1.2437993408657568,2.219075051469958,7.082330571560731,47.001169756390894,0.527901370141059,46.14455274609986,47.69271385255256,540.0,0.0,540.0,540.0,0.375,0.0,0.375,0.375,0.3166666666666666,0.0,0.3166666666666666,0.3166666666666666,0.1962962962962963,0.0,0.1962962962962963,0.1962962962962963,70.6,0.0,70.6,70.6,94.9,0.0,94.9,94.9,0.6666666666666666,0.6172133998483676,0,2,71.73333333333333,4.4795833139552865,64.0,77.0,2.1233333333333335,0.978540579979526,1.225,4.9,71.40942560106312,3.624680541876218,65.96789947571094,75.39947087573609,43.913798664827056,1.697359403664824,41.55245565752853,46.51176730834523,0.0666666666666666,0.2581988897471611,0.0,1.0,0.1333333333333333,0.3518657752744983,0.0,1.0,0.0,0.0,0.0,0.0,0.0,0.0,0.0,0.0,0.2,0.4140393356054125,0.0,1.0,52.81333333333334,1.2523501716297034,50.5,54.8,user_001,15
2024-01-03 10:30:00,3.8666666666666663,2.0998866182543785,1,9,9895.8,17.712787955115097,9866,9920,6.286933333333334,0.2339192371820018,5.938,6.598000000000001,77.0347927625749,2.1218876187568037,72.91679491998437,80.08647345713352,47.262686044717775,1.4889523191380956,45.53625712974789,51.09975449476502,97.59333333333332,0.4520851163010669,96.86,98.2,33.44426666666667,0.1860013312804374,33.11,33.75599999999999,0.0,0.0,0,0,52.1725147030166,3.7521083606567784,42.22231584893595,57.11512973215677,77.0,6.917885721601857,65,86,47.77333333333333,6.8042493725472415,39.7,61.5,51.75333333333333,10.7832453812561,24.6,63.8,97.54,1.1102123349032988,95.4,99.3,33.434666666666665,0.5825665708945296,32.5,34.92,6.306666666666667,0.5502034255834924,5.34,7.16,77.20509924462463,1.0562392154958704,75.06913182287057,78.17807374318967,77.48851925703771,0.229043191596405,76.93104101145673,77.74662714009943,-0.0173963812874509,2.687199496020672,-4.656394284982412,4.351823351114589,50.25684836141202,0.0,50.25684836141202,50.25684836141202,2.844982310177996,1.4107020587502024,1.0870921515692975,5.484288172608161,1.903386334677928,1.1027593069800985,0.7580486460889815,5.246305248730291,45.74994394246813,0.1836968648736434,45.51064203349391,46.19414627517769,540.0,0.0,540.0,540.0,0.375,0.0,0.375,0.375,0.3166666666666666,0.0,0.3166666666666666,0.3166666666666666,0.1962962962962963,0.0,0.1962962962962963,0.1962962962962963,70.6,0.0,70.6,70.6,94.9,0.0,94.9,94.9,0.6,0.6324555320336758,0,2,62.06666666666667,2.25092573548455,58.0,66.0,2.041666666666667,1.0002083116364644,1.225,4.9,68.28362257997996,2.1505470517904484,64.27914728468345,72.37073393981282,42.49175586331019,1.4738877204179983,40.76535862936834,44.952905708257056,0.0666666666666666,0.2581988897471611,0.0,1.0,0.0,0.0,0.0,0.0,0.0,0.0,0.0,0.0,0.0,0.0,0.0,0.0,0.0666666666666666,0.2581988897471611,0.0,1.0,54.4,1.7996031308517486,51.7,58.0,user_001,15
2024-01-03 10:45:00,5.0,2.6726124191242437,1,11,9953.8,24.390279094051024,9921,9995,6.373466666666667,0.2754626930059592,6.061999999999999,6.932,78.36494560103037,2.4211767360903513,74.5719706598866,82.01866409085424,45.71324498209608,3.502957033617135,38.45851635763111,50.767551504648,97.19333333333334,0.5144021032320153,96.32,97.86,33.29986666666667,0.2120572249810579,32.964,33.624,0.0,0.0,0,0,52.48570240844513,4.988320467089451,45.24508545275308,62.08966340304166,78.53333333333333,6.728050733062784,68,88,45.95333333333333,11.49806608997895,24.9,67.2,52.24666666666666,15.751365776005706,23.9,74.3,97.22666666666667,1.0236256756302669,95.4,99.3,33.32733333333333,0.5008345416354972,32.6,34.65,6.298666666666667,0.7166476187944876,5.19,7.4,77.9892106893843,1.8049395743587455,74.94183636572026,80.2405115672972,77.25770638767996,0.2759937111286943,76.9029136173595,77.69986918180264,0.0841938661514764,2.5762799851261526,-3.928977994914959,4.106533007627576,50.25684836141202,0.0,50.25684836141202,50.25684836141202,3.8066264688756304,1.2375356601923737,1.5550206135600864,5.409147239062135,3.3134768811901707,1.056573095915018,1.6613131369010463,4.84970767846226,45.56115657744648,0.5329196749244153,44.84308112149904,46.48796551340693,540.0,0.0,540.0,540.0,0.375,0.0,0.375,0.375,0.3166666666666666,0.0,0.3166666666666666,0.3166666666666666,0.1962962962962963,0.0,0.1962962962962963,0.1962962962962963,70.6,0.0,70.6,70.6,94.9,0.0,94.9,94.9,0.8666666666666667,0.7432233529572065,0,2,58.0,7.819389819088007,49.0,75.0,2.5316666666666667,1.347234822392395,1.225,4.9,70.37717127098819,2.271039434367329,65.03507225696394,73.69171667245753,43.863879745881654,0.8761854798706908,42.35620307192998,44.84644559310256,0.0,0.0,0.0,0.0,0.0,0.0,0.0,0.0,0.0,0.0,0.0,0.0,0.0,0.0,0.0,0.0,0.0,0.0,0.0,0.0,52.580000000000005,1.998642396370955,49.3,55.4,user_001,15
2024-01-03 11:00:00,5.266666666666667,1.907379154257285,2,9,10041.266666666666,23.134595821182938,10003,10074,6.5672,0.3147686678907461,6.106,7.036,80.00479303899509,2.0212540593653943,75.87028559433965,83.0308208213445,46.87482002995582,4.61800031740188,40.20601501295776,55.16373925146748,97.24133333333334,0.3883640903413542,96.64,97.88,33.581199999999995,0.1731073985379343,33.33,33.815999999999995,0.0,0.0,0,0,49.41848292392723,5.871408160174227,38.21825547432843,60.44643693489098,80.06666666666666,6.273147611237989,70,92,47.74666666666667,14.463642431315575,27.5,68.1,49.15333333333333,17.85492595762808,18.9,75.0,97.18,0.6919950453992779,96.1,98.4,33.56666666666667,0.5761530881218816,32.8,34.8,6.592666666666667,1.0026142020215143,4.77,8.15,79.9218083070162,1.109622425914004,78.18025217004723,81.41252661086408,78.43533331490534,0.4776388447714256,77.68880167675732,79.18486932001272,0.0309368138357882,2.433353129669114,-4.128931199161428,4.8066032012578574,50.25684836141202,0.0,50.25684836141202,50.25684836141202,5.09335393006485,0.6219740276179815,4.074349448930982,6.098819633736948,3.9292612526277506,1.192271724460552,2.4775437846893125,6.157248706877769,46.11874662320635,0.211517416035236,45.70360970783758,46.39131800595863,540.0,0.0,540.0,540.0,0.375,0.0,0.375,0.375,0.3166666666666666,0.0,0.3166666666666666,0.3166666666666666,0.1962962962962963,0.0,0.1962962962962963,0.1962962962962963,70.6,0.0,70.6,70.6,94.9,0.0,94.9,94.9,1.0,0.5345224838248488,0,2,87.46666666666667,4.657814733889498,79.0,95.0,2.6133333333333337,1.02141650009517,1.225,4.9,71.9539653323768,2.465387101092476,66.0187472561552,75.65907018675384,41.97166608953965,0.4687870606268617,41.062650702660655,42.60659072258217,0.0,0.0,0.0,0.0,0.0,0.0,0.0,0.0,0.0,0.0,0.0,0.0,0.0,0.0,0.0,0.0,0.0,0.0,0.0,0.0,51.72666666666667,1.9425559990702483,49.5,55.5,user_001,15
2024-01-03 11:15:00,4.2,2.808151400069855,0,10,10112.666666666666,20.879472717297645,10078,10137,6.440133333333334,0.4307597717433473,5.828,7.1579999999999995,78.85742207344678,1.9971314492400856,73.93812113610282,81.82719684747195,50.301838465889766,3.5129002369972953,44.30036718561999,56.68676228425675,97.296,0.3988698319717141,96.66,98.06,33.568533333333335,0.1167328247792884,33.372,33.739999999999995,0.0,0.0,0,0,51.04652005910865,4.502956470247153,45.44854388950307,58.43162955521198,79.33333333333333,4.700557211144021,68,85,50.559999999999995,10.804615415909735,23.4,66.7,50.71333333333334,11.268912145916348,35.9,79.4,97.40666666666668,0.8344944292090604,96.3,98.9,33.54666666666667,0.343712227361924,33.06,34.34,6.468666666666667,0.7250208535588739,5.19,7.7,78.58811738538256,1.1754944202533522,76.62452966431414,80.56923168520728,79.37161267961669,0.1491809392844089,79.13415466891233,79.6187207883693,0.237955629943273,1.6721635176943488,-2.969060568051418,3.687292954632398,50.25684836141202,0.0,50.25684836141202,50.25684836141202,3.952012499917064,1.908304200038576,2.1406808676926983,7.668929821084165,3.179459087560073,1.0043724872490674,1.647650065814442,4.6814637883891885,47.51387154552487,0.681328724749512,46.298243892906186,48.5883292479228,540.0,0.0,540.0,540.0,0.375,0.0,0.375,0.375,0.3166666666666666,0.0,0.3166666666666666,0.3166666666666666,0.1962962962962963,0.0,0.1962962962962963,0.1962962962962963,70.6,0.0,70.6,70.6,94.9,0.0,94.9,94.9,0.8,0.6761234037828133,0,2,71.4,3.521363372331802,63.0,75.0,2.3683333333333336,1.1774088782859873,1.225,4.9,65.73168473315687,1.9601814699468492,62.10721633550041,68.33068458570833,45.268447578766434,1.5386203072770908,42.61823612690374,46.912913457307035,0.0,0.0,0.0,0.0,0.0,0.0,0.0,0.0,0.0,0.0,0.0,0.0,0.0,0.0,0.0,0.0,0.0,0.0,0.0,0.0,54.12,1.301757054358236,51.9,56.9,user_001,15
2024-01-03 11:30:00,6.133333333333334,1.9223002094465096,4,9,10185.866666666669,27.622109846659196,10141,10229,6.7387999999999995,0.2355780731974615,6.468000000000001,7.159999999999999,79.89469517595795,2.482319632389496,75.60708986725959,84.51321181252136,47.28679195770918,4.732764676210669,40.60215127985292,57.4245081895045,97.47733333333332,0.2429422819950298,97.16,98.06,33.82013333333334,0.2184209130053611,33.486000000000004,34.14,0.0,0.0,0,0,50.91382659849726,5.046503353609775,40.332362593002046,58.27504363364636,79.66666666666667,5.715476066494081,73,90,46.46,9.681336979688586,25.0,60.8,50.733333333333334,12.113844893147595,30.1,71.9,97.36666666666666,0.8260635280539563,96.1,98.9,33.846,0.41126633706152,33.41,34.94,6.730666666666666,0.65034569561851,5.99,8.35,79.86309185992245,1.5847987609021368,77.16369952489715,81.59604273578893,79.29400652420249,0.2379007946223493,78.85673684800031,79.59626815925351,-0.1140142546456454,2.1214519591692036,-3.83773727084045,4.797636710913466,50.25684836141202,0.0,50.25684836141202,50.25684836141202,3.6489384303099057,0.5717770988015608,2.5798032577945933,4.777685076806781,3.4352522334885847,0.8039749213214454,2.079014143348093,4.462847975445439,49.33453520481645,0.2836120059731727,48.79431521179947,49.658111292736706,540.0,0.0,540.0,540.0,0.375,0.0,0.375,0.375,0.3166666666666666,0.0,0.3166666666666666,0.3166666666666666,0.1962962962962963,0.0,0.1962962962962963,0.1962962962962963,70.6,0.0,70.6,70.6,94.9,0.0,94.9,94.9,1.2666666666666666,0.4577377082170634,1,2,73.2,8.299741820425162,63.0,92.0,3.1033333333333335,1.1214573851318057,2.45,4.9,69.57627181555034,4.224225705512147,63.77825704684901,76.84032906631637,45.55381015820411,1.456794919037251,43.051133175555954,47.57095033106062,0.0,0.0,0.0,0.0,0.1333333333333333,0.3518657752744983,0.0,1.0,0.0,0.0,0.0,0.0,0.0,0.0,0.0,0.0,0.1333333333333333,0.3518657752744983,0.0,1.0,52.45333333333333,2.15203115573128,48.1,55.7,user_001,15
2024-01-03 11:45:00,4.866666666666666,1.7265434778633235,3,8,10267.533333333333,19.766012195058924,10235,10302,6.563466666666667,0.1723492578071245,6.2780000000000005,6.886,80.06661453063003,2.1469995045820824,76.10873571193697,84.22419564930857,43.523159127883645,6.334179204907783,33.815831517446746,53.93814337841684,97.25066666666666,0.2332217420232966,96.92,97.68,33.4964,0.0779787516845828,33.372,33.63,0.0,0.0,0,0,54.88557850271426,5.481640893383183,46.69656293384907,62.69050758266988,80.06666666666666,5.650115885874334,72,91,42.27333333333333,14.082789225893867,12.7,68.8,56.440000000000005,14.49033175209299,29.6,86.2,97.3,0.8150372471769085,95.5,99.0,33.472,0.3034845253762667,33.11,34.42,6.5633333333333335,0.5749244256753189,5.79,7.64,80.16486249120341,1.4980509071467194,77.69412908454834,81.96409363705224,79.62160939174333,0.370024717482985,79.14094985179305,80.03764894660767,2.606801831272302e-05,2.1336274667282296,-4.0747318831028565,3.3879021753457152,50.25684836141202,0.0,50.25684836141202,50.25684836141202,4.753688208344201,1.7545815140575955,2.28543540949301,7.164886784894417,4.619703136777636,1.3128922447900666,2.559746671778992,6.726125804779383,47.72880084475596,1.2387329021433855,45.40497554279641,49.28498228497762,540.0,0.0,540.0,540.0,0.375,0.0,0.375,0.375,0.3166666666666666,0.0,0.3166666666666666,0.3166666666666666,0.1962962962962963,0.0,0.1962962962962963,0.1962962962962963,70.6,0.0,70.6,70.6,94.9,0.0,94.9,94.9,0.9333333333333332,0.5936168397046637,0,2,81.66666666666667,8.182443458550813,71.0,95.0,2.5316666666666667,1.0825509995684577,1.225,4.9,74.17045244043189,6.836632049519725,64.14354994856163,81.16500320310296,41.76033406311873,1.4685239038300577,39.34093583634568,43.55122431225928,0.0,0.0,0.0,0.0,0.1333333333333333,0.3518657752744983,0.0,1.0,0.0,0.0,0.0,0.0,0.0,0.0,0.0,0.0,0.1333333333333333,0.3518657752744983,0.0,1.0,50.64,3.191014169284023,45.8,56.5,user_001,15
2024-01-03 12:00:00,4.666666666666667,2.350278605572013,1,9,10337.0,20.301301858324273,10309,10372,6.4399999999999995,0.2919618370364762,5.976000000000001,6.953999999999999,79.51176733007884,1.418505910822803,77.60772179913864,81.7726583108559,42.62933382718994,3.026228876530382,37.74020254774384,47.68818815757903,97.404,0.3208203769801973,96.8,97.78,33.45213333333333,0.1624165133523189,33.138,33.75,0.0,0.0,0,0,56.68719966032095,3.541358274030534,50.052902600782,63.26665618703246,79.6,4.420730385678046,73,90,43.22666666666667,8.386593610098942,30.2,60.2,56.72666666666667,11.024418783945462,41.4,75.0,97.36666666666666,0.9271050693011084,95.3,98.9,33.45933333333333,0.4457812831209402,32.89,34.25,6.450666666666667,0.6164583946877134,5.35,7.32,79.60895299974963,0.6960604294661732,78.48295974569272,80.61683835328108,79.89886185639195,0.1401687053297928,79.74103470353133,80.15646029404573,0.0441163349605763,1.7004640274229146,-2.5701390924302103,4.130759400287118,50.25684836141202,0.0,50.25684836141202,50.25684836141202,3.0937840949085684,0.9197610857049004,1.1320533044188,4.155277409071694,2.3798473136994747,1.038299921439213,0.6086542582736588,4.002922074352566,43.6056083198124,0.6141762675884717,42.94597585546168,44.8088725840865,540.0,0.0,540.0,540.0,0.375,0.0,0.375,0.375,0.3166666666666666,0.0,0.3166666666666666,0.3166666666666666,0.1962962962962963,0.0,0.1962962962962963,0.1962962962962963,70.6,0.0,70.6,70.6,94.9,0.0,94.9,94.9,0.8,0.560611910581388,0,2,69.46666666666667,2.166849809109551,66.0,74.0,2.286666666666667,0.910448607372578,1.225,4.9,76.92705027640741,2.245760749212487,72.14163577124856,80.81143110961467,37.304829842081595,0.9170287362582258,35.98102970631167,38.86070792936432,0.0,0.0,0.0,0.0,0.0,0.0,0.0,0.0,0.0,0.0,0.0,0.0,0.0,0.0,0.0,0.0,0.0,0.0,0.0,0.0,50.48,1.166925141435512,48.8,52.6,user_001,15
2024-01-03 12:15:00,5.933333333333334,1.7099150633319549,3,9,10417.933333333332,26.79143430988711,10376,10461,6.5132,0.2012870019222734,6.228,6.914,79.1443543348079,1.7772666211011476,76.43094870942728,81.95445189431712,48.009477700579055,4.39869828678358,39.061416958924006,56.27726905864552,97.31733333333334,0.2054773768105612,96.84,97.56,33.331066666666665,0.2395100554604483,32.946,33.692,0.0,0.0,0,0,48.81936027776443,4.706963423225783,41.931768354804554,56.95856371324646,78.6,5.474616751100352,70,89,48.92666666666666,10.700832188377198,26.0,62.6,47.76,12.20595873216965,35.2,83.1,97.34666666666666,0.5792441709018826,96.7,98.5,33.302,0.7412845992888686,32.51,35.49,6.476,0.4891362649756057,5.91,7.33,79.46740122472248,0.7387089073512866,78.08691736822252,80.5298668712614,79.8703729019437,0.2871631022080843,79.32806083244337,80.26181389480662,-0.2721771674039483,2.0888498433761966,-3.215474354713649,3.7931225090161576,50.25684836141202,0.0,50.25684836141202,50.25684836141202,3.1679882429019446,1.4717391512970943,0.4596648932128991,5.008037041052036,2.556888011095992,1.087492943448245,0.2577400661505003,3.4027629823110175,43.17335653959808,1.1100763361662045,42.052240202874735,45.31940576388449,540.0,0.0,540.0,540.0,0.375,0.0,0.375,0.375,0.3166666666666666,0.0,0.3166666666666666,0.3166666666666666,0.1962962962962963,0.0,0.1962962962962963,0.1962962962962963,70.6,0.0,70.6,70.6,94.9,0.0,94.9,94.9,1.1333333333333333,0.5163977794943222,0,2,80.93333333333334,6.8605150438335665,67.0,89.0,2.8583333333333334,1.1021758782819857,1.225,4.9,70.12080622063499,4.5364333560754915,62.74797852968045,75.4214601103394,40.97303004819066,1.991880258191007,38.51379394535849,44.24634115215869,0.0,0.0,0.0,0.0,0.0,0.0,0.0,0.0,0.0,0.0,0.0,0.0,0.0,0.0,0.0,0.0,0.0,0.0,0.0,0.0,52.84,2.3880057429938115,48.7,56.4,user_001,15
2024-01-03 12:30:00,4.933333333333334,2.8900486072695997,0,10,10500.533333333333,20.06014765173748,10465,10535,6.5576,0.1593866816447164,6.314,6.814,79.0741093057594,1.144494705312013,77.14064176821581,80.55908578865613,46.01849056739718,3.7386622852138935,40.75685422740571,53.53157452624139,96.948,0.1823340732987464,96.66,97.18,33.440933333333334,0.1040628015511135,33.260000000000005,33.586,0.0,0.0,0,0,54.02959755268572,4.794634119581457,43.12391381990053,60.88182444963325,79.13333333333334,2.6421491973301574,75,83,44.68,7.028940176157428,31.6,57.1,55.733333333333334,10.964205831879005,30.7,70.7,96.97333333333331,0.8404647240550618,95.8,98.3,33.473333333333336,0.5024748276092577,32.59,34.31,6.569999999999999,0.4880427381753716,5.51,7.33,79.03212996060711,0.9069758608961472,77.52204959058444,80.13325210223813,79.21584386828796,0.0867936165770148,79.09560197519144,79.33098999960445,0.0296120137869621,0.9952189129882149,-1.40822198924279,1.7678461461962058,50.25684836141202,0.0,50.25684836141202,50.25684836141202,2.9023259118993874,1.055704389185687,1.6294278897252752,4.804011553145981,2.2202438219792935,1.2989380180709802,1.0960199705354232,5.059965652810327,46.79694510620841,0.4932662818230202,45.72627050925633,47.33516967831482,540.0,0.0,540.0,540.0,0.375,0.0,0.375,0.375,0.3166666666666666,0.0,0.3166666666666666,0.3166666666666666,0.1962962962962963,0.0,0.1962962962962963,0.1962962962962963,70.6,0.0,70.6,70.6,94.9,0.0,94.9,94.9,0.8666666666666667,0.7432233529572065,0,2,82.6,7.423899629863384,74.0,94.0,2.5316666666666667,1.347234822392395,1.225,4.9,69.88940190287683,4.935284406519311,62.339919446776186,75.36585484439519,45.10734338985985,1.3716323499109866,42.39210820351229,46.70172517423936,0.0,0.0,0.0,0.0,0.0,0.0,0.0,0.0,0.0,0.0,0.0,0.0,0.0,0.0,0.0,0.0,0.0,0.0,0.0,0.0,52.126666666666665,1.8367154949865832,49.9,55.7,user_001,15
2024-01-03 12:45:00,4.8,2.210365192839022,1,9,10572.266666666666,21.505702455284663,10538,10607,6.647733333333333,0.1946482052563648,6.3100000000000005,6.948,79.21554498985401,1.6951473530276184,76.09376117881054,82.02405434431076,45.90394103970747,3.00886280707108,41.76974275857085,51.67920844613746,97.82266666666666,0.231746988473776,97.34,98.1,33.46573333333333,0.054510112648502,33.37,33.614,0.0,0.0,0,0,55.143181950091375,3.8598914751901434,47.455409603882906,63.97450741310479,79.86666666666666,4.897035060212698,69,91,46.77333333333333,8.174915173580585,31.8,61.1,54.34,11.228585968729226,38.9,77.5,97.78,0.6847314384904063,97.0,99.1,33.47533333333333,0.3935709532448956,32.86,34.13,6.679333333333333,0.5540431477094627,5.67,7.68,79.01266657740662,1.0102113358476827,77.39819673940855,80.26650835572312,78.93303173410804,0.1059859603669167,78.75416495850101,79.14482714780671,0.3255608384063294,1.842485675591196,-3.652061137349591,4.487972827844629,50.25684836141202,0.0,50.25684836141202,50.25684836141202,2.8104104713876645,0.624551268492326,1.1822365260223873,3.726951868648471,2.293515764535552,0.7614385074309229,0.99275722557218,4.178915329448214,46.78192466628033,0.5528484026222594,45.96121580355233,47.297106410070555,540.0,0.0,540.0,540.0,0.375,0.0,0.375,0.375,0.3166666666666666,0.0,0.3166666666666666,0.3166666666666666,0.1962962962962963,0.0,0.1962962962962963,0.1962962962962963,70.6,0.0,70.6,70.6,94.9,0.0,94.9,94.9,0.8666666666666667,0.6399404734221844,0,2,71.73333333333333,3.239635488019922,65.0,77.0,2.45,1.1341296222213757,1.225,4.9,72.2734714380195,2.0010277623277903,68.39966626147391,75.05196568651525,41.325020348479114,0.4275876360372408,40.91601159152882,42.18751645586981,0.0,0.0,0.0,0.0,0.0,0.0,0.0,0.0,0.0,0.0,0.0,0.0,0.0,0.0,0.0,0.0,0.0,0.0,0.0,0.0,52.57333333333334,1.5059248068245394,50.1,55.6,user_001,15
2024-01-03 13:00:00,5.4,1.9198214202665531,3,10,10650.266666666666,24.01328997114078,10610,10688,6.519866666666667,0.1457502103241151,6.2379999999999995,6.7379999999999995,80.15165590277323,1.015218474585386,78.56624637524922,81.99239337310124,45.98277471633594,6.243874357992973,31.34765149225044,52.45680250255925,97.65733333333334,0.3587172915236931,97.1,98.22,33.5604,0.1490832940722338,33.32000000000001,33.822,0.0,0.0,0,0,55.32576394096131,7.515604350294347,44.41473026673817,72.46185796304295,79.86666666666666,3.888934240098375,73,85,46.279999999999994,13.564354547331558,11.6,69.5,53.93333333333333,16.593960461852493,32.2,96.1,97.66666666666669,0.8243323416704036,95.9,98.8,33.57,0.5296629656138478,32.6,34.44,6.497333333333333,0.4977731363162291,5.63,7.42,80.05499244356442,0.5335282087308242,78.95597481471982,80.86743752155452,79.37483022686574,0.1350464377872777,79.20766254298225,79.68360044631363,-0.1424946180532856,1.5567292937591302,-2.997464457700417,1.6938894258890116,50.25684836141202,0.0,50.25684836141202,50.25684836141202,4.161350134845873,1.9108271997327495,2.343465332818985,7.284593162755715,4.182576492737939,2.6821767076930283,1.3079620870936657,8.580468310237796,45.82504772340408,0.2918456422515654,45.31449925748489,46.24986082435057,540.0,0.0,540.0,540.0,0.375,0.0,0.375,0.375,0.3166666666666666,0.0,0.3166666666666666,0.3166666666666666,0.1962962962962963,0.0,0.1962962962962963,0.1962962962962963,70.6,0.0,70.6,70.6,94.9,0.0,94.9,94.9,1.0,0.5345224838248488,0,2,78.0,2.927700218845597,72.0,81.0,2.6133333333333337,1.02141650009517,1.225,4.9,72.2996675913728,5.6424633521063265,65.20620776226166,81.55673905222721,42.68491012036903,0.7993255584394495,41.394941453292795,43.75041910386408,0.0,0.0,0.0,0.0,0.1333333333333333,0.3518657752744983,0.0,1.0,0.0,0.0,0.0,0.0,0.0,0.0,0.0,0.0,0.1333333333333333,0.3518657752744983,0.0,1.0,51.88,2.522527077583677,46.8,55.8,user_001,15
2024-01-03 13:15:00,5.466666666666667,2.1995670569671746,2,9,10729.8,25.579567739003515,10692,10770,6.7438666666666665,0.2481583212003019,6.238,7.128,80.2060474613587,1.7228639800118468,77.578641650393,83.02681700745917,43.86885355346148,4.627209284045431,33.435085616374785,51.43387093289734,97.524,0.3850936806247867,96.96,98.06,33.2796,0.1097847244123034,33.116,33.501999999999995,0.0,0.0,0,0,55.28434675799006,4.585023541766276,46.9612885178362,65.99729155907876,80.4,4.563832975533988,73,91,42.7,10.029883918997838,19.9,59.3,56.166666666666664,13.839574036935153,36.1,81.8,97.6,0.8952254305081866,96.2,99.3,33.23733333333333,0.3765153509802895,32.57,33.67,6.749333333333333,0.703404645448191,5.95,8.16,79.9267835126669,0.9131357214602152,78.94496326796067,81.68762366138476,79.8650776130108,0.1611896148744519,79.65116116154898,80.2016108564323,0.0969762693206509,1.716130651608344,-2.4339812377947396,3.986591496270421,50.25684836141202,0.0,50.25684836141202,50.25684836141202,3.330539188429457,1.362136332405662,1.7690192257800177,5.81633091585151,3.304566639330814,1.3858163872724725,1.5791811136920997,6.6075139353226415,45.92345027686085,0.4202853046422743,44.92581413489871,46.4009219202204,540.0,0.0,540.0,540.0,0.375,0.0,0.375,0.375,0.3166666666666666,0.0,0.3166666666666666,0.3166666666666666,0.1962962962962963,0.0,0.1962962962962963,0.1962962962962963,70.6,0.0,70.6,70.6,94.9,0.0,94.9,94.9,1.0,0.6546536707079771,0,2,79.53333333333333,3.020564437950219,75.0,84.0,2.6950000000000003,1.2423767544509194,1.225,4.9,73.05048580982094,4.151601268464752,68.43759461877305,81.8112057774301,40.8530801288506,0.8842092434214986,39.57725204869486,42.56109767361706,0.0,0.0,0.0,0.0,0.0666666666666666,0.2581988897471611,0.0,1.0,0.0,0.0,0.0,0.0,0.0,0.0,0.0,0.0,0.0666666666666666,0.2581988897471611,0.0,1.0,51.14666666666667,2.513070593820202,46.4,53.9,user_001,15
2024-01-03 13:30:00,4.666666666666667,2.0586634591635513,1,8,10805.8,21.587694907714557,10771,10840,6.759733333333333,0.3121463637157295,6.226,7.206,81.08335410935577,1.6961538835030892,78.21612329315295,83.35136377547086,45.86583056627517,3.305082076629815,40.9203641693388,52.43629221572181,97.04533333333332,0.3691276718091474,96.28,97.68,33.623866666666665,0.1574755612180905,33.374,33.876,0.0,0.0,0,0,54.98200167310531,4.0649623109357655,48.688300222438066,63.505911209972474,80.66666666666667,3.958114029012645,74,86,46.29333333333333,9.2341343988074,30.5,60.6,55.086666666666666,10.835580719269714,40.8,79.8,96.98666666666666,1.032242127373131,94.8,98.6,33.663333333333334,0.4996665554814203,32.83,34.81,6.746666666666667,0.5981837589936807,5.71,7.67,81.49234646342585,0.8329298059946229,80.19502518569088,82.64281463853627,80.61344234178338,0.1568802006835899,80.21923445471064,80.76724343372045,-0.2083437213445525,1.38634932425263,-2.9931387047970617,1.5102919428044146,50.25684836141202,0.0,50.25684836141202,50.25684836141202,3.6714840550724945,0.7225627002033044,1.8866281466364505,4.656399487562538,3.261503529774075,0.8204284624629076,1.7688338823768652,4.972384016454975,44.4175740544485,0.5475204640417116,43.744877143987445,45.22269611872227,540.0,0.0,540.0,540.0,0.375,0.0,0.375,0.375,0.3166666666666666,0.0,0.3166666666666666,0.3166666666666666,0.1962962962962963,0.0,0.1962962962962963,0.1962962962962963,70.6,0.0,70.6,70.6,94.9,0.0,94.9,94.9,0.8666666666666667,0.6399404734221844,0,2,76.0,4.375255094603862,69.0,84.0,2.45,1.1341296222213757,1.225,4.9,75.35542757146479,4.144850796677313,69.52235900899925,82.58207885644825,38.80116816370974,0.9594000583588363,37.49704359247961,40.894030421007734,0.0,0.0,0.0,0.0,0.0,0.0,0.0,0.0,0.0,0.0,0.0,0.0,0.0,0.0,0.0,0.0,0.0,0.0,0.0,0.0,50.26,2.0342776885877,47.2,53.2,user_001,15
2024-01-03 13:45:00,4.933333333333334,2.250925735484551,1,9,10877.333333333334,24.22710013502284,10843,10914,6.462000000000001,0.2823705771803122,5.916,6.864,79.49241385057799,3.196866907916504,74.06689301052148,85.92679368109066,42.62878355096982,3.523054193445857,37.107708581798235,49.30598772794021,97.29066666666668,0.4606124287552488,96.56,98.22,33.54333333333333,0.2653511599658762,33.118,33.976,0.0,0.0,0,0,58.04865186438876,4.260602343472286,50.74474468901531,63.96912888894801,79.93333333333334,7.075780286771672,68,95,43.12,11.707885010904892,21.7,58.2,58.38,11.547491997337405,40.9,77.6,97.26,0.9955615787799652,94.8,99.1,33.50333333333334,0.5391483584144107,32.68,34.33,6.432666666666666,0.7022663990524501,5.09,7.47,78.95374153089942,1.685750753335494,76.3342868768336,82.34196370394515,80.42979779627427,0.2040416470079526,80.13032931524899,80.6465780104762,0.2204597413776743,2.5621023809890557,-3.0334465052607413,5.804904739182007,50.25684836141202,0.0,50.25684836141202,50.25684836141202,3.9611439402846407,1.3050456039495957,2.2180219357860773,5.862229169899363,2.7608249992320406,0.8632692170915797,1.149127766345838,4.738237113697533,44.24156022238834,0.4431187933518927,43.5663279895176,44.83156137324555,540.0,0.0,540.0,540.0,0.375,0.0,0.375,0.375,0.3166666666666666,0.0,0.3166666666666666,0.3166666666666666,0.1962962962962963,0.0,0.1962962962962963,0.1962962962962963,70.6,0.0,70.6,70.6,94.9,0.0,94.9,94.9,0.8,0.6761234037828133,0,2,71.53333333333333,3.583028779970273,66.0,76.0,2.3683333333333336,1.1774088782859873,1.225,4.9,74.81475807688344,2.9068908805395313,69.94557946009165,79.57897908483376,40.764068932441795,1.0506286975657195,38.78701315105412,41.68787933535315,0.1333333333333333,0.3518657752744983,0.0,1.0,0.0,0.0,0.0,0.0,0.0,0.0,0.0,0.0,0.0,0.0,0.0,0.0,0.1333333333333333,0.3518657752744983,0.0,1.0,50.77333333333333,2.067941235233957,45.8,53.0,user_001,15
2024-01-03 14:00:00,5.0,1.8516401995451024,1,7,10950.8,21.597618916378003,10917,10989,6.4088,0.2533014014963204,6.048,6.864,76.73712134429861,2.9780021884667476,72.36287099605161,83.12134196169691,45.94615206715035,3.7102949519320982,38.79403030915298,51.770658485293474,97.91333333333334,0.2550816862627881,97.24,98.32,33.6768,0.3657944778150739,33.19199999999999,34.274,0.0,0.0,0,0,51.35202343920404,7.96790102435028,36.91726454892063,62.46216850382365,76.06666666666666,6.540714974752562,66,86,45.04,11.013031242253748,26.7,69.3,51.22,17.57031587650034,15.0,78.4,97.96666666666668,0.6725927091345492,96.6,99.2,33.68666666666667,0.6991184925795227,32.23,35.39,6.454,0.9968220933116833,4.58,7.88,77.83999087892091,2.899817178447038,74.16304816805743,83.16130913596344,79.25641551767049,0.747312104300657,78.11476759743829,80.32794843554083,-0.3352273388159706,2.4811073523839235,-4.7071139872323045,2.966770129441926,50.25684836141202,0.0,50.25684836141202,50.25684836141202,4.107257905356365,0.7704246357143358,2.880810263971042,5.242850636023378,3.5728117966614263,1.413990481705018,1.050702119201939,6.231979034718405,44.52553412216387,0.1814225460661115,44.269370522244465,44.8425260324112,540.0,0.0,540.0,540.0,0.375,0.0,0.375,0.375,0.3166666666666666,0.0,0.3166666666666666,0.3166666666666666,0.1962962962962963,0.0,0.1962962962962963,0.1962962962962963,70.6,0.0,70.6,70.6,94.9,0.0,94.9,94.9,0.8,0.4140393356054126,0,1,73.46666666666667,4.421807430495018,66.0,81.0,2.205,0.5071981861166303,1.225,2.45,70.09254502039383,3.847056199941428,62.4954059139166,77.59036833567734,40.92303055099382,1.7266210055355964,38.90909793303869,44.10297638136536,0.0,0.0,0.0,0.0,0.0,0.0,0.0,0.0,0.0,0.0,0.0,0.0,0.0,0.0,0.0,0.0,0.0,0.0,0.0,0.0,54.42666666666666,2.332829877658302,50.2,58.1,user_001,15
2024-01-03 14:15:00,5.266666666666667,2.4630604269214884,1,10,11034.133333333331,21.892159936074833,10997,11068,6.302666666666667,0.1351901658863577,6.068,6.516,75.93694426520037,1.2958022799792792,73.2029047811933,78.2012910138637,43.04740694866884,4.086742502720983,38.62486899081211,48.784835848469136,97.468,0.191952375045776,97.12,97.88,33.33573333333333,0.1613635941710827,33.05,33.617999999999995,0.0,0.0,0,0,56.71875364007789,4.410690946419827,45.9606499009836,62.336462277213094,75.8,4.4110251480968525,67,85,42.84,10.906472521266574,26.1,65.1,57.75333333333333,14.460580242589888,24.4,82.7,97.45333333333332,0.8122866020128144,95.5,98.5,33.35,0.5135729187341793,32.35,34.5,6.293333333333334,0.5062560993165792,5.38,7.12,75.79285716613262,0.4377106797322508,74.96135474135886,76.61524204059597,77.34592019458073,0.492969824158496,76.33703280474948,78.03206728718108,-0.0684721326001806,1.721479061898266,-3.1014523905966485,3.3993544930681594,50.25684836141202,0.0,50.25684836141202,50.25684836141202,3.884923572045113,0.663973374966635,3.124166857308843,4.909071002672445,4.105981875700679,0.52327380060634,3.2550525900430416,5.0232044842250465,44.3067584401534,0.3170543311369079,43.77529910391903,44.8277538927966,540.0,0.0,540.0,540.0,0.375,0.0,0.375,0.375,0.3166666666666666,0.0,0.3166666666666666,0.3166666666666666,0.1962962962962963,0.0,0.1962962962962963,0.1962962962962963,70.6,0.0,70.6,70.6,94.9,0.0,94.9,94.9,1.0666666666666669,0.7037315505489968,0,2,83.33333333333333,4.253849796976628,76.0,90.0,2.8583333333333334,1.3630541686472577,1.225,4.9,70.73517024938671,2.384106559573749,67.08490912521522,74.73277358475374,42.91781626252514,0.7262235258111206,41.66594924258806,43.87250979917616,0.0,0.0,0.0,0.0,0.0,0.0,0.0,0.0,0.0,0.0,0.0,0.0,0.0,0.0,0.0,0.0,0.0,0.0,0.0,0.0,53.72,1.4477568856683074,51.8,55.8,user_001,15
2024-01-03 14:30:00,6.0,3.295017884191656,1,12,11118.4,25.83961521164139,11080,11158,6.624933333333333,0.2189492657041372,6.272,6.970000000000001,77.39359725840782,1.731965211526975,73.63775274338114,79.39455677483606,42.95808968382706,3.536719157133677,38.78802630800317,50.398059193007136,97.69333333333334,0.2307338190168442,97.22,98.12,33.480666666666664,0.1180258244542062,33.298,33.642,0.0,0.0,0,0,51.37250797889656,6.2304040609969995,38.44161239533955,62.88093330399514,77.8,4.7539457296018846,68,88,42.72666666666667,8.136466999754578,27.5,55.6,50.89333333333333,12.373212232576508,23.7,66.5,97.66,0.752899158491457,96.3,99.0,33.472,0.4952950058875461,32.66,34.17,6.6626666666666665,0.6031994063404937,5.47,7.82,77.11977943571728,0.9326715085665944,75.39706891069576,78.79074439380346,76.14067938350382,0.2626133988681729,75.87198299009539,76.6652707618041,0.2032013707960904,1.8194300890427255,-2.818876371690564,4.302721612581962,50.25684836141202,0.0,50.25684836141202,50.25684836141202,3.115315511732878,0.8357061623855693,2.13569175252042,4.601230885870902,2.8533119816584858,1.2058138006406884,1.156671445370729,4.884962841353954,43.75631526999933,0.372191996375177,43.00274831624795,44.39208628976188,540.0,0.0,540.0,540.0,0.375,0.0,0.375,0.375,0.3166666666666666,0.0,0.3166666666666666,0.3166666666666666,0.1962962962962963,0.0,0.1962962962962963,0.1962962962962963,70.6,0.0,70.6,70.6,94.9,0.0,94.9,94.9,1.0666666666666669,0.7037315505489968,0,2,84.26666666666667,6.65975832537345,75.0,97.0,2.8583333333333334,1.3630541686472577,1.225,4.9,72.0606294765099,2.69030969823246,68.21892394861634,77.20698919718154,41.49394154552486,0.5161471943898044,40.600277395019056,42.294003548072325,0.0,0.0,0.0,0.0,0.0,0.0,0.0,0.0,0.0,0.0,0.0,0.0,0.0,0.0,0.0,0.0,0.0,0.0,0.0,0.0,52.919999999999995,1.2633289357883004,51.0,55.3,user_001,15
2024-01-03 14:45:00,5.2,2.2103651928390216,2,10,11197.866666666669,24.295404229333233,11163,11236,6.216933333333333,0.2344231420397939,5.9,6.6259999999999994,75.97047617598771,2.884798970954302,70.60546487691381,79.69442921570709,44.63182153568164,3.1992269285515444,40.09518034395487,50.71994144447143,97.608,0.1793320941716805,97.3,97.92,33.51786666666666,0.1730688825157137,33.124,33.85,0.0,0.0,0,0,55.6195526062103,7.662363057854221,44.14641835153691,69.81186435698346,75.2,5.171349644228008,67,84,45.94666666666667,9.393984904232727,32.3,63.3,54.14666666666666,16.321146084874353,29.4,90.6,97.68,0.7802929852671635,95.8,98.6,33.50266666666666,0.5708573335239677,32.8,34.62,6.199333333333333,0.4632411693193739,5.44,7.09,76.75879758083428,2.0703197118574272,72.9062757419068,78.8463872759785,77.00665342816974,0.2118659281093341,76.68203671719779,77.2854540424528,-0.3852380879938626,1.7095062571060886,-2.556147986528046,2.479178088219683,50.25684836141202,0.0,50.25684836141202,50.25684836141202,3.2893276803044587,0.9492677203766632,2.1384705428614628,4.69436785744089,2.6387071318981428,0.6942897071612476,1.6951587477352332,3.6862733014060263,43.30103902753248,0.1966409848398562,43.009532899472525,43.794955609754346,540.0,0.0,540.0,540.0,0.375,0.0,0.375,0.375,0.3166666666666666,0.0,0.3166666666666666,0.3166666666666666,0.1962962962962963,0.0,0.1962962962962963,0.1962962962962963,70.6,0.0,70.6,70.6,94.9,0.0,94.9,94.9,0.8,0.560611910581388,0,2,79.46666666666667,2.924445409369259,73.0,85.0,2.286666666666667,0.910448607372578,1.225,4.9,71.62480973347591,3.619463351207726,63.39265464163251,75.98133992893759,40.88253509350864,0.8798603477956145,39.67779938815089,43.15659045745577,0.0666666666666666,0.2581988897471611,0.0,1.0,0.0,0.0,0.0,0.0,0.0,0.0,0.0,0.0,0.0,0.0,0.0,0.0,0.0666666666666666,0.2581988897471611,0.0,1.0,54.093333333333334,2.5044151489110713,51.8,59.5,user_001,15
2024-01-03 15:00:00,5.466666666666667,1.9223002094465096,2,10,11277.4,24.619388410647183,11240,11318,6.064666666666667,0.1756809879406689,5.8,6.506,74.14489271528961,1.7646272288135088,71.04681018955243,77.13579867593174,49.85371446350685,2.9850970039826263,42.0289708925438,54.11999771525449,97.75066666666666,0.2782462082058904,97.34,98.18,33.67333333333333,0.1829530254568336,33.476,34.034000000000006,0.0,0.0,0,0,49.592212413563416,3.855367549554283,41.98935246596568,55.27656457263415,74.46666666666667,3.3777986632604073,69,82,50.406666666666666,10.138855011902525,27.8,68.9,49.0,11.530642405595374,31.5,69.6,97.70666666666666,0.5775152028508065,96.9,98.8,33.687333333333335,0.4346832453747499,33.03,34.71,6.038666666666667,0.533892266642768,4.84,6.78,73.70465453657634,1.513884323930993,72.33519281241682,76.13205007637627,75.72102474731899,0.4848506590884478,75.05768444563866,76.61024670035407,0.1608869756885279,1.1817305144770096,-1.3785995586439128,2.648150993051189,50.25684836141202,0.0,50.25684836141202,50.25684836141202,3.381707898593929,1.0784784630511437,1.9513024824539271,5.345591903790425,2.525809436556433,0.937380833392986,1.388484273479372,4.301519431346961,45.481847236910234,0.9215625426961256,44.03774818428068,47.24276799959424,540.0,0.0,540.0,540.0,0.375,0.0,0.375,0.375,0.3166666666666666,0.0,0.3166666666666666,0.3166666666666666,0.1962962962962963,0.0,0.1962962962962963,0.1962962962962963,70.6,0.0,70.6,70.6,94.9,0.0,94.9,94.9,1.0,0.3779644730092272,0,2,79.53333333333333,2.9487689118067695,76.0,87.0,2.5316666666666667,0.727180628638213,1.225,4.9,61.02068241508394,2.448177216881902,57.79868278227555,65.0180187378583,47.39007063439444,2.160641757885046,43.555290747999216,49.46984158616988,0.0,0.0,0.0,0.0,0.0,0.0,0.0,0.0,0.0,0.0,0.0,0.0,0.0,0.0,0.0,0.0,0.0,0.0,0.0,0.0,58.026666666666664,1.2702455705586255,55.3,59.5,user_001,15
2024-01-03 15:15:00,4.266666666666667,1.8309508328682536,0,7,11351.4,19.43781292811957,11320,11382,5.989066666666667,0.2293280453432427,5.618,6.394,72.58821411585528,1.9089816017503975,69.34361713036182,75.23867535102255,48.57423234876869,2.173708700001251,44.12387209613425,52.49580970955753,97.552,0.1878905456452184,97.18,97.84,33.675866666666664,0.2595759912590096,33.339999999999996,34.1,0.0,0.0,0,0,48.876272018700405,2.683961514045097,44.82717909928025,54.010242462412975,72.6,4.38829612231705,65,79,47.666666666666664,7.951160442410427,34.3,61.9,50.17999999999999,9.744097114224004,36.3,67.4,97.56666666666666,0.822597511950206,96.1,99.0,33.681333333333335,0.4786866954292254,32.75,34.37,6.044666666666667,0.4721208481290519,5.32,6.78,72.8089147305683,1.609580583340961,70.51390674725748,75.28091114505612,73.82770635956439,0.6576838262279548,73.19141185170467,74.92734518598132,0.0058929420723615,1.6097119447609052,-3.018509769900362,2.3209934867330873,50.25684836141202,0.0,50.25684836141202,50.25684836141202,3.2134218059643547,1.067936945321028,2.172646866029976,5.927049230690279,2.4290272419913035,0.7659363229332823,1.5822203578993943,4.431722765402317,48.380950390238645,0.7393914597250344,47.35295644417394,49.35560683047664,540.0,0.0,540.0,540.0,0.375,0.0,0.375,0.375,0.3166666666666666,0.0,0.3166666666666666,0.3166666666666666,0.1962962962962963,0.0,0.1962962962962963,0.1962962962962963,70.6,0.0,70.6,70.6,94.9,0.0,94.9,94.9,0.6666666666666666,0.4879500364742666,0,1,74.0,5.631543812693428,64.0,81.0,2.041666666666667,0.5977387946809766,1.225,2.45,60.759930380348145,2.3010865464766694,57.06237155251263,63.91609082600935,48.9686767084337,0.4201800531722198,48.44327791176929,49.67018464803069,0.0,0.0,0.0,0.0,0.0,0.0,0.0,0.0,0.0,0.0,0.0,0.0,0.0,0.0,0.0,0.0,0.0,0.0,0.0,0.0,58.473333333333336,1.6718111080359483,56.5,61.6,user_001,15
2024-01-03 15:30:00,5.4,2.0632844828435215,2,9,11426.933333333332,23.377237606167597,11391,11463,6.007066666666666,0.1408380359879829,5.787999999999999,6.306,72.87169065909679,1.3052202818635612,70.35291525715424,74.66163348934336,47.25917506926516,4.183215049343772,39.78597897952081,52.25267905588274,97.50133333333332,0.2307090519825054,97.08,97.82,33.40613333333333,0.1484827390962477,33.136,33.64,0.0,0.0,0,0,54.941429158902174,6.176204144898126,46.32079833095805,66.75788290778048,72.66666666666667,3.177300441449957,66,77,47.61333333333334,9.654670717671664,32.7,60.2,54.63333333333333,14.22440893407559,33.1,79.3,97.5,0.6959063976467784,96.3,99.0,33.388,0.434990968707561,32.38,34.0,5.935333333333333,0.5776042474451402,4.79,7.02,72.84241744670108,0.8746905338486024,71.49497560310998,74.2255814791747,73.21599124819063,0.3084317073144323,72.72995238747603,73.5835167240637,-0.102511996215055,1.2295828396580497,-2.1764576285771255,1.3795702493430184,50.25684836141202,0.0,50.25684836141202,50.25684836141202,3.4363868067311296,0.4951056498824493,2.7327295008119648,4.3558897416607145,3.677727388017388,1.222064593198993,2.081474521734257,5.519101478034051,48.48919151517167,0.5236753758349728,47.75664586023154,49.18153782631406,540.0,0.0,540.0,540.0,0.375,0.0,0.375,0.375,0.3166666666666666,0.0,0.3166666666666666,0.3166666666666666,0.1962962962962963,0.0,0.1962962962962963,0.1962962962962963,70.6,0.0,70.6,70.6,94.9,0.0,94.9,94.9,1.1333333333333333,0.5163977794943222,0,2,75.53333333333333,4.290632099064637,70.0,81.0,2.8583333333333334,1.102175878281986,1.225,4.9,63.0145966260644,2.2074211259999927,59.11665273637042,66.24258775872883,48.42022701193702,0.8173692302693596,47.37367865625257,49.4893295406846,0.0,0.0,0.0,0.0,0.1333333333333333,0.3518657752744983,0.0,1.0,0.0,0.0,0.0,0.0,0.0,0.0,0.0,0.0,0.1333333333333333,0.3518657752744983,0.0,1.0,57.65333333333333,1.1236844159579082,55.7,60.2,user_001,15
2024-01-03 15:45:00,5.266666666666667,2.3744673588186544,2,11,11502.4,25.96921254100762,11467,11542,6.294133333333334,0.2482435056456424,5.836,6.732000000000001,75.0294570561728,1.558131947605354,72.4736374756149,77.4091845804506,45.696724029828175,4.614606433083762,33.2011166277144,50.42993518052854,97.676,0.2214497685706544,97.28,97.92,33.8436,0.2172808584035205,33.553999999999995,34.168,0.0,0.0,0,0,50.76408417709765,6.119645436014415,42.411178989421515,63.3759623057141,75.06666666666666,4.667006790326368,68,81,43.580000000000005,9.752303757134952,17.3,57.0,52.62,13.012093276201616,34.1,81.1,97.64666666666668,0.6621034302742684,96.2,98.6,33.88066666666667,0.585472540123015,32.93,34.71,6.314666666666667,0.6249556174717722,5.1,7.2,74.95185965232243,0.8646560579430316,74.04421299020275,76.44199239435213,73.45058380397883,0.4725326347061095,72.76886772776712,73.99252745311884,0.0186048052469326,1.8003348914935555,-2.8552281067111664,2.783636116530019,50.25684836141202,0.0,50.25684836141202,50.25684836141202,2.3510644281747775,0.8766568764072269,1.1320758047523367,4.293072644526277,2.0974808236059608,1.0399047758645532,1.0046819295206382,4.725416408712114,47.72694499904048,0.4968764447046963,46.477949549546665,48.22292912770705,540.0,0.0,540.0,540.0,0.375,0.0,0.375,0.375,0.3166666666666666,0.0,0.3166666666666666,0.3166666666666666,0.1962962962962963,0.0,0.1962962962962963,0.1962962962962963,70.6,0.0,70.6,70.6,94.9,0.0,94.9,94.9,1.0,0.5345224838248488,0,2,75.46666666666667,3.925496632214048,68.0,82.0,2.6133333333333337,1.0214165000951705,1.225,4.9,65.02050843672366,2.735763880239966,61.598705215173254,72.3078721575263,47.19692134888222,0.919407544351075,44.8069674302662,48.092091229316345,0.0,0.0,0.0,0.0,0.0666666666666666,0.2581988897471611,0.0,1.0,0.0,0.0,0.0,0.0,0.0,0.0,0.0,0.0,0.0666666666666666,0.2581988897471611,0.0,1.0,55.93333333333333,1.4926805546047808,52.8,58.2,user_001,15
2024-01-03 16:00:00,4.466666666666667,1.4074631010979934,2,6,11575.133333333331,21.34367308952181,11545,11609,5.8152,0.2020336605617986,5.459999999999999,6.058,72.11208773709966,1.696630788036381,69.73701038240758,75.23111506093831,45.360963963759936,3.8584689242938097,40.91518719365394,53.99388689951485,97.40666666666668,0.331633762426187,96.76,97.8,33.68306666666667,0.1667108132008691,33.446,34.034,0.0,0.0,0,0,53.20885201060832,4.752043678065429,43.63722712211637,59.15177099914558,71.66666666666667,4.966554808583779,65,80,48.13333333333333,13.406164182764511,30.5,71.4,51.28666666666666,13.313358847771056,24.2,68.7,97.42666666666668,0.71360920344268,96.0,98.6,33.738,0.3759407248110115,33.07,34.74,5.828666666666667,0.510739892797927,4.55,6.38,72.534798073267,1.0164967134132723,71.07966366921481,74.33161866376376,73.80841797257759,0.1301669470275682,73.57077239663622,73.98530849710116,-0.2227105352164907,1.90920914656664,-2.6400066653334022,3.2399955564443985,50.25684836141202,0.0,50.25684836141202,50.25684836141202,4.938122207002607,2.006735743550107,1.030373897667281,7.736715296474879,3.531390674705204,1.5645911987644898,0.70914040363506,6.362414763095904,45.86543629592257,0.396422681653619,45.36493266185775,46.53390350350222,540.0,0.0,540.0,540.0,0.375,0.0,0.375,0.375,0.3166666666666666,0.0,0.3166666666666666,0.3166666666666666,0.1962962962962963,0.0,0.1962962962962963,0.1962962962962963,70.6,0.0,70.6,70.6,94.9,0.0,94.9,94.9,0.7333333333333333,0.4577377082170634,0,1,72.73333333333333,4.920317450076152,65.0,78.0,2.1233333333333335,0.5607286925659027,1.225,2.45,66.57476945293328,3.3594213259104233,59.65875556182882,72.32426424319969,44.38286136897873,0.806612087743137,43.29629193187418,46.449768763509866,0.0,0.0,0.0,0.0,0.0,0.0,0.0,0.0,0.0,0.0,0.0,0.0,0.0,0.0,0.0,0.0,0.0,0.0,0.0,0.0,57.013333333333335,1.923117508729238,54.3,61.0,user_001,15
2024-01-03 16:15:00,5.266666666666667,2.9632671801497046,2,12,11652.266666666666,22.30460127631099,11619,11688,5.739199999999999,0.1492912780918088,5.576,6.008,70.97964352901369,1.7598392427785132,68.83973753700148,74.79208299065066,46.92984277807114,4.57991567047759,35.930099095971904,51.519505288673265,97.54933333333334,0.3001777251340757,96.94,97.92,33.51573333333333,0.145950807107181,33.284000000000006,33.736000000000004,0.0,0.0,0,0,52.159217315252675,5.769223042410817,40.733367970928704,61.665442361756654,71.53333333333333,3.8520248231410976,65,80,44.96,11.887015725451986,13.9,60.9,53.85333333333333,16.38757659529519,31.0,88.1,97.50666666666666,0.7722570507162437,96.1,98.6,33.42,0.4810256898396532,32.51,34.07,5.714666666666667,0.4519144461805428,5.27,6.88,70.63464314110696,0.7729948127247803,70.02761634643781,72.62661888784109,72.23220979069949,0.6569256693319435,71.51879844958499,73.39162604220193,0.2768449021598201,1.2594296292198264,-1.9198687685007485,2.983906635518025,50.25684836141202,0.0,50.25684836141202,50.25684836141202,4.064715354582166,0.941083667519692,2.889294122265343,5.66212296559443,3.4053304506055864,1.3937193832623689,2.0021279485829555,6.916975984496088,45.70845875011714,0.2330309552371298,45.39821443850151,46.145403370915545,540.0,0.0,540.0,540.0,0.375,0.0,0.375,0.375,0.3166666666666666,0.0,0.3166666666666666,0.3166666666666666,0.1962962962962963,0.0,0.1962962962962963,0.1962962962962963,70.6,0.0,70.6,70.6,94.9,0.0,94.9,94.9,0.8,0.6761234037828133,0,2,77.13333333333334,2.503331114069149,74.0,81.0,2.3683333333333336,1.1774088782859873,1.225,4.9,59.207924494131426,2.351709552824222,55.73186722773786,65.41941826891434,49.01874101507644,1.299737069841464,46.786892975034974,50.781770156761546,0.0,0.0,0.0,0.0,0.0666666666666666,0.2581988897471611,0.0,1.0,0.0,0.0,0.0,0.0,0.0,0.0,0.0,0.0,0.0666666666666666,0.2581988897471611,0.0,1.0,59.25333333333333,2.1957317903692397,54.3,62.0,user_001,15
2024-01-03 16:30:00,4.266666666666667,2.250925735484551,1,9,11724.733333333334,20.789649439312537,11692,11752,5.675733333333333,0.2254948420907316,5.4079999999999995,6.054,70.73175221586509,1.6404403163342214,68.37591216337786,73.38929429483461,47.8463570478331,3.444924176490887,42.220414100347384,52.86889758867242,97.40933333333334,0.2172380743617132,97.1,97.8,33.416000000000004,0.159978569993432,33.176,33.668,0.0,0.0,0,0,49.727117399231375,4.87942852185875,41.90087181089086,58.97696157450443,70.06666666666666,4.727830469928143,63,78,49.093333333333334,9.509428904789084,33.1,65.1,48.18666666666666,13.513953987673348,11.2,70.8,97.44666666666669,0.5012365661422694,96.6,98.3,33.414,0.507568433106034,32.66,34.44,5.653333333333333,0.6686304410260325,4.6,7.12,71.3158298026775,1.005233104507647,70.16646833090911,73.21183061681828,71.1609112569712,0.2291893818042242,70.85569787243939,71.55742176284001,-0.3325427745992101,1.8998498576670964,-3.2640276635502232,3.2080292788740508,50.25684836141202,0.0,50.25684836141202,50.25684836141202,4.269640010017359,1.0212859109551564,2.825191606606584,6.225618941997042,3.803756946490983,1.3896020130833937,2.016004450758462,6.159228736406158,46.98341823883957,0.5556891748372876,46.02693558061036,47.56881653609485,540.0,0.0,540.0,540.0,0.375,0.0,0.375,0.375,0.3166666666666666,0.0,0.3166666666666666,0.3166666666666666,0.1962962962962963,0.0,0.1962962962962963,0.1962962962962963,70.6,0.0,70.6,70.6,94.9,0.0,94.9,94.9,0.7333333333333333,0.7037315505489968,0,2,72.46666666666667,4.373077809027587,64.0,79.0,2.286666666666667,1.2132772422932308,1.225,4.9,61.56282296075551,4.164825519301364,55.914469660149656,69.60223013516216,48.26021233873784,0.5746133234631791,47.43776987766394,49.75247015969765,0.0,0.0,0.0,0.0,0.0,0.0,0.0,0.0,0.0,0.0,0.0,0.0,0.0,0.0,0.0,0.0,0.0,0.0,0.0,0.0,59.10666666666667,1.763303177345886,56.3,61.9,user_001,15
2024-01-03 16:45:00,4.466666666666667,2.1995670569671746,1,8,11791.466666666667,19.642761904530477,11759,11819,6.062133333333334,0.1420994956594382,5.832,6.27,71.7958827519018,2.3307981485350973,68.02397394296112,74.75334664789798,48.444253255508826,4.135053788940174,41.55809949389104,56.30858579188227,97.67466666666664,0.1982014367349822,97.34,98.14,33.553333333333335,0.1430777344496277,33.32600000000001,33.776,0.0,0.0,0,0,51.628081975600736,4.68494276412123,44.934489839671606,61.19170069323602,72.4,5.22083737125979,61,79,47.88666666666666,9.116849915456129,32.8,67.5,52.44666666666667,11.305363244727618,31.5,76.1,97.66,0.8304903886947032,96.4,99.5,33.605333333333334,0.4383877387927378,32.75,34.16,6.126666666666666,0.5483047466857234,4.85,7.05,71.14330742480765,1.272869272847154,69.41715418303995,73.88308968170263,71.0500284962519,0.1747102635038951,70.79181171529068,71.2790595591585,0.302058624049107,1.8830363849983325,-3.511986971480553,2.652485021114771,50.25684836141202,0.0,50.25684836141202,50.25684836141202,3.0972310221932684,1.007946391065973,1.9656049950249723,4.726690956407772,2.7355194606208904,1.5686576396513816,1.216774406948463,6.250491961754544,47.789039301504154,0.3413948139615013,47.35721478902285,48.35985607658544,540.0,0.0,540.0,540.0,0.375,0.0,0.375,0.375,0.3166666666666666,0.0,0.3166666666666666,0.3166666666666666,0.1962962962962963,0.0,0.1962962962962963,0.1962962962962963,70.6,0.0,70.6,70.6,94.9,0.0,94.9,94.9,0.7333333333333333,0.5936168397046636,0,2,66.73333333333333,2.0862360730226457,61.0,69.0,2.205,0.9488809198208172,1.225,4.9,58.786224768051646,3.9811946846934942,55.47658450893069,67.89640753027099,50.70682648960244,0.6358919617373812,49.607306305355216,51.7309361619338,0.0,0.0,0.0,0.0,0.0,0.0,0.0,0.0,0.0,0.0,0.0,0.0,0.0,0.0,0.0,0.0,0.0,0.0,0.0,0.0,59.306666666666665,2.382515677258172,55.7,62.9,user_001,15
2024-01-03 17:00:00,4.733333333333333,2.313521331732421,2,11,11856.466666666667,21.29676926090901,11822,11890,5.486533333333333,0.2000463755756452,5.11,5.892,69.09471944350983,2.3463019251343944,65.12442490607538,72.58068762441455,49.496212976872954,4.546931847142502,39.976123063553594,57.406883906185215,97.592,0.2418736387927745,97.26,98.04,33.69173333333333,0.1905403844208282,33.42,33.989999999999995,0.0,0.0,0,0,53.95993869197446,7.139596333163526,39.067309800229225,66.47984612786648,67.86666666666666,5.4885161495443855,61,77,50.766666666666666,12.372473287022896,32.3,72.5,53.413333333333334,16.003966770177712,23.7,77.3,97.58,0.873580481205285,96.0,98.9,33.68533333333333,0.3566484196489519,33.09,34.23,5.430666666666667,0.6140435846171863,4.65,6.75,70.13732253225719,2.275237147179486,66.65317068977379,73.85539312113511,71.05357996260146,0.3265629790262163,70.44530109770581,71.43748488127957,-0.6140263884215822,2.0608062125462507,-3.602020584323597,2.209656187792717,50.25684836141202,0.0,50.25684836141202,50.25684836141202,4.449222527849502,0.941831106713235,2.1748971895872855,5.647459626328657,4.038662585271344,1.185958156794539,1.8450144639250303,5.986396871629636,48.71134293806401,0.1752115792579895,48.39916575577853,48.97023311619089,540.0,0.0,540.0,540.0,0.375,0.0,0.375,0.375,0.3166666666666666,0.0,0.3166666666666666,0.3166666666666666,0.1962962962962963,0.0,0.1962962962962963,0.1962962962962963,70.6,0.0,70.6,70.6,94.9,0.0,94.9,94.9,0.7333333333333333,0.5936168397046636,0,2,65.0,3.338091841585118,59.0,71.0,2.205,0.948880919820817,1.225,4.9,58.22819412386785,3.559806142248968,51.3970181713609,64.95187891613782,50.01714032404432,1.0244528362819176,48.35094225229911,52.42994892021259,0.0,0.0,0.0,0.0,0.0,0.0,0.0,0.0,0.0,0.0,0.0,0.0,0.0,0.0,0.0,0.0,0.0,0.0,0.0,0.0,61.080000000000005,2.011111988073123,58.1,65.4,user_001,15
2024-01-03 17:15:00,5.466666666666667,2.0307165050320353,3,10,11934.666666666666,23.795757925272277,11894,11972,5.7914666666666665,0.3307864798296557,5.264,6.209999999999999,68.45551782910886,1.855135267566722,66.08294993738359,72.117919333318,50.954828583586625,5.637929575311971,40.31300487773914,60.43651562820488,97.56666666666666,0.3594970031002998,97.0,98.14,33.78093333333333,0.2879056062240527,33.372,34.31400000000001,0.0,0.0,0,0,49.65094135632714,7.084253564679287,38.02977003238069,63.196861292061435,68.8,4.36217507999982,60,78,51.413333333333334,11.945283986737593,26.5,75.0,48.00666666666667,17.01094045719093,18.1,84.3,97.62,1.1040186333831288,95.8,99.3,33.78666666666667,0.5467653801699434,32.83,34.84,5.788666666666667,0.7022602963357134,4.89,7.58,68.27142827427461,1.2547455812031234,66.65279131548854,70.48267210738943,69.76046877263065,0.4645647376548587,68.77511863630934,70.26353406513721,0.1722410854455698,1.6846772040180484,-3.313765827158221,2.941040333340993,50.25684836141202,0.0,50.25684836141202,50.25684836141202,3.6813591876797127,1.0503946505290798,1.8626814134008145,5.132008854977248,3.289076606403701,1.501621283867358,1.1343759402287192,5.194158374413267,48.650183867017034,0.7003369857877927,47.91075999762407,50.225520780229786,540.0,0.0,540.0,540.0,0.375,0.0,0.375,0.375,0.3166666666666666,0.0,0.3166666666666666,0.3166666666666666,0.1962962962962963,0.0,0.1962962962962963,0.1962962962962963,70.6,0.0,70.6,70.6,94.9,0.0,94.9,94.9,1.0666666666666669,0.5936168397046637,0,2,78.2,2.9808915253182677,72.0,83.0,2.776666666666667,1.1774088782859873,1.225,4.9,53.95565276567393,5.021517783421653,47.083834749275866,61.58961536719137,52.33060617374938,1.271393712799476,50.58140750551957,54.25321337120759,0.0,0.0,0.0,0.0,0.0,0.0,0.0,0.0,0.0,0.0,0.0,0.0,0.0,0.0,0.0,0.0,0.0,0.0,0.0,0.0,62.38,2.389022513796923,59.0,66.4,user_001,15
2024-01-03 17:30:00,4.0,1.851640199545103,2,8,12001.066666666668,19.793457312479585,11976,12032,5.456,0.4075789143571732,4.928,6.2379999999999995,69.23743362995461,2.4491240534766305,64.39093344464918,72.10133940193559,46.3972034136835,4.10902046164172,37.46204054272527,52.605118056979954,97.556,0.3374865076668167,97.12,98.24,33.446266666666666,0.220562743475691,33.054,33.78,0.0,0.0,0,0,51.811956435870975,6.3920468456291335,41.14095737051927,59.489913294968666,68.86666666666666,5.475486497193869,56,76,45.32666666666667,8.106211610035025,24.9,55.4,53.526666666666664,10.50309251510965,37.7,78.1,97.48666666666666,0.956083279895241,95.8,99.5,33.43666666666667,0.5182341812990205,32.17,34.16,5.4479999999999995,0.7514576311599821,4.18,6.81,69.49956453233858,1.3498203463490717,67.2707246401748,71.52978267260514,68.79715238757035,0.0768525990790311,68.69452353531734,68.95268892050291,-0.1853834816439644,1.896898439216421,-4.195466722324596,2.3101998747696655,50.25684836141202,0.0,50.25684836141202,50.25684836141202,3.406470967440093,0.8697250782907164,1.9969922478877535,4.530093616493423,3.5781927435951,1.407716546251148,1.2141872741007322,5.453852298046977,49.362822859768194,0.4348788045028399,48.67601599863506,50.18701385348652,540.0,0.0,540.0,540.0,0.375,0.0,0.375,0.375,0.3166666666666666,0.0,0.3166666666666666,0.3166666666666666,0.1962962962962963,0.0,0.1962962962962963,0.1962962962962963,70.6,0.0,70.6,70.6,94.9,0.0,94.9,94.9,0.6666666666666666,0.6172133998483676,0,2,66.4,6.967270422687575,59.0,82.0,2.1233333333333335,0.9785405799795258,1.225,4.9,58.606916928774325,5.680464281414106,48.23782671034956,65.53039604345497,52.67504291489977,2.005946479397246,49.37416180189436,55.13414635470713,0.0,0.0,0.0,0.0,0.0666666666666666,0.2581988897471611,0.0,1.0,0.0,0.0,0.0,0.0,0.0,0.0,0.0,0.0,0.0666666666666666,0.2581988897471611,0.0,1.0,60.14,2.25540620351571,55.5,63.9,user_001,15
2024-01-03 17:45:00,5.0,2.138089935299395,3,10,12069.733333333334,22.47686641437218,12036,12107,5.8562666666666665,0.1630317526770548,5.482,6.048,68.53181426003525,1.3422124066428684,66.4430997811489,70.84061230244916,53.58952177018033,3.88545361450837,45.7238451034861,60.19128596460532,97.55333333333331,0.2884110822783162,97.14,98.06,33.4592,0.142210708859373,33.184000000000005,33.721999999999994,0.0,0.0,0,0,47.828326776050424,5.321594967114441,37.53987584739747,58.45785485298732,69.13333333333334,4.4056241112382475,62,79,54.279999999999994,8.981425276647355,37.8,70.9,46.873333333333335,10.90808786875046,27.7,69.4,97.56666666666666,0.6477065767180459,96.6,98.8,33.44866666666667,0.4275322321460799,32.28,33.97,5.917333333333334,0.4836242146050803,5.29,6.66,68.14516011084298,0.6971255888616289,66.85365539563325,69.16433035487694,68.82380246016046,0.1227388390851405,68.58470456944676,69.01006688282422,0.3007595366490392,1.7866520743901209,-2.221549890574451,4.1195407731631235,50.25684836141202,0.0,50.25684836141202,50.25684836141202,3.0404209849881507,0.626137857318083,1.701951860361136,4.312640801567951,2.611260441546635,0.8133277980537801,1.3884014533403717,4.204509514211021,49.639687120893754,0.5040484859247704,48.66971081420817,50.290899165180136,540.0,0.0,540.0,540.0,0.375,0.0,0.375,0.375,0.3166666666666666,0.0,0.3166666666666666,0.3166666666666666,0.1962962962962963,0.0,0.1962962962962963,0.1962962962962963,70.6,0.0,70.6,70.6,94.9,0.0,94.9,94.9,0.8666666666666667,0.6399404734221844,0,2,68.66666666666667,4.608480795022939,60.0,75.0,2.45,1.1341296222213757,1.225,4.9,51.14044431115613,3.3420865592734756,45.51455582915061,55.387737336286634,52.823576983926095,2.8266288856109623,49.20403849668004,56.71815070415992,0.0,0.0,0.0,0.0,0.0,0.0,0.0,0.0,0.0,0.0,0.0,0.0,0.0,0.0,0.0,0.0,0.0,0.0,0.0,0.0,63.3,1.6608947674586223,60.7,66.3,user_001,15
2024-01-03 18:00:00,5.333333333333333,2.0236694629405503,3,8,12148.666666666666,24.809752306781444,12110,12187,5.291733333333334,0.240729684402196,4.866,5.708,65.97192800977845,1.773364576237528,62.19803423186797,69.08385867237114,51.95676682756152,4.314016543636977,46.60170392795194,61.0381588043275,97.55333333333331,0.32816952645735,97.18,98.36,33.584266666666664,0.1385163562630114,33.388,33.896,0.0,0.0,0,0,47.05032232850889,4.248078628064603,37.545148399228886,52.8694120294773,65.4,5.342551557341971,55,75,51.60666666666667,8.369798313551156,42.0,74.1,46.88,11.605922133610434,21.6,59.5,97.52666666666669,1.020830660832264,95.9,99.2,33.54066666666667,0.5950806267901468,31.99,34.23,5.252666666666666,0.5907678619108072,4.55,6.75,66.52679345912402,1.312288761914043,64.93107286542234,68.50578483225259,67.89325593023396,0.5541864323215214,67.23337672020709,68.80086040777441,-0.2859640048892288,2.115144672618488,-3.5990171159339823,4.2673219227106856,50.25684836141202,0.0,50.25684836141202,50.25684836141202,2.9133922212040004,0.8617168305658685,1.9804506755820976,4.278650262888228,2.692573058608786,1.07516497202126,1.1964774882164788,4.549370199845899,51.71202910574146,0.7793110565907875,50.27446395017683,52.773144298870925,540.0,0.0,540.0,540.0,0.375,0.0,0.375,0.375,0.3166666666666666,0.0,0.3166666666666666,0.3166666666666666,0.1962962962962963,0.0,0.1962962962962963,0.1962962962962963,70.6,0.0,70.6,70.6,94.9,0.0,94.9,94.9,0.8666666666666667,0.7432233529572065,0,2,78.93333333333334,4.2839678981501415,74.0,87.0,2.5316666666666667,1.3472348223923944,1.225,4.9,49.475292548743035,3.090688305049039,45.13891161285215,53.18176238471627,57.88602812067467,0.7881841038126622,56.66290837568223,59.046314484284125,0.0666666666666666,0.2581988897471611,0.0,1.0,0.0,0.0,0.0,0.0,0.0,0.0,0.0,0.0,0.0,0.0,0.0,0.0,0.0666666666666666,0.2581988897471611,0.0,1.0,64.3,1.48948696824491,62.1,67.7,user_001,15
2024-01-03 18:15:00,4.933333333333334,1.8309508328682536,2,8,12224.733333333334,24.745754806681695,12189,12261,5.6386666666666665,0.1596937545369108,5.369999999999999,5.93,66.48559326530523,2.4442232830332853,62.91181677664363,72.57738162117225,51.82668940768373,4.665463941771373,41.983898898330075,60.58131644215192,97.49333333333334,0.1657307052620795,97.26,97.9,33.500933333333336,0.1852841318726698,33.228,33.8,0.0,0.0,0,0,44.565711240263376,5.827339207876178,32.89747083305122,54.747753707724115,66.46666666666667,6.83339140509587,54,80,52.986666666666665,11.823334474472004,26.3,74.4,43.053333333333335,14.333520486042833,9.0,68.9,97.55333333333331,0.4517690096667043,96.9,98.3,33.548,0.4783035497613273,32.71,34.39,5.650666666666666,0.6524182123527238,4.52,6.8,66.42491890390922,1.3878262699415571,64.54418108610322,68.73237512259637,66.80974806631534,0.2744086561794461,66.22876063754184,67.16791408993791,-0.0094632993192827,2.6033229088330834,-4.5257938737240835,3.711309189413868,50.25684836141202,0.0,50.25684836141202,50.25684836141202,3.678095841797736,1.2217162107324535,1.831168397113856,5.579576648147743,3.294128744860605,1.5820657805624478,1.0758114764588642,6.109674462710439,52.50063326861088,0.5844079472560172,51.6892588431006,53.202020273028005,540.0,0.0,540.0,540.0,0.375,0.0,0.375,0.375,0.3166666666666666,0.0,0.3166666666666666,0.3166666666666666,0.1962962962962963,0.0,0.1962962962962963,0.1962962962962963,70.6,0.0,70.6,70.6,94.9,0.0,94.9,94.9,0.8666666666666667,0.5163977794943222,0,2,76.06666666666666,2.1536237457121508,72.0,79.0,2.3683333333333336,0.8620711494225212,1.225,4.9,50.80971837906664,4.220480718713468,43.07457887209118,58.505851626907905,55.7883665071887,0.4715663722744069,54.84351845512533,56.46514306223284,0.0666666666666666,0.2581988897471611,0.0,1.0,0.0666666666666666,0.2581988897471611,0.0,1.0,0.0,0.0,0.0,0.0,0.0,0.0,0.0,0.0,0.1333333333333333,0.5163977794943222,0.0,2.0,63.75333333333333,2.4651475373600595,57.7,68.0,user_001,15
2024-01-03 18:30:00,4.266666666666667,2.1536237457121516,0,9,12292.666666666666,21.891507377020258,12264,12325,5.123333333333333,0.3454443653091038,4.562,5.529999999999999,62.30951178279879,1.99980274280014,58.94692769710221,65.02890111807456,54.558210295170525,4.375236179742368,45.98779732825477,61.45421096143462,97.508,0.5019277124959611,96.62,98.06,33.42706666666667,0.1706707216780205,33.117999999999995,33.82,0.0,0.0,0,0,46.26244725255061,5.642615962245817,34.89831388870081,55.74833763143385,62.0,5.694608979427071,54,73,52.986666666666665,11.178478472152682,36.9,72.0,48.593333333333334,12.40354020124132,30.2,67.8,97.44,0.9295160030897796,95.7,98.8,33.424,0.4825349728258045,32.32,34.32,5.1146666666666665,0.6956175741913149,3.67,6.25,62.508003993798496,1.422015924968404,60.422521801107074,64.36278739073548,64.95527219290975,0.5425262443457152,64.39755252405202,66.07472931391679,-0.1547558913994,2.2135002501502337,-3.00242414990246,4.23401606731062,50.25684836141202,0.0,50.25684836141202,50.25684836141202,4.122450848040418,1.3384342266718297,1.8381506748843464,5.76168823896896,3.795511887021545,1.1097849871935614,1.617094556956265,5.388952713604362,52.39012599104829,0.7157392065635795,51.58098390424488,53.38801216571103,540.0,0.0,540.0,540.0,0.375,0.0,0.375,0.375,0.3166666666666666,0.0,0.3166666666666666,0.3166666666666666,0.1962962962962963,0.0,0.1962962962962963,0.1962962962962963,70.6,0.0,70.6,70.6,94.9,0.0,94.9,94.9,0.6,0.6324555320336759,0,2,67.93333333333334,3.1728010758108796,64.0,75.0,2.041666666666667,1.0002083116364646,1.225,4.9,41.56171236631646,1.8443043872640037,38.53824364782576,44.808303361912245,60.17117549795218,2.173501311954132,57.062038131743975,62.60469134428728,0.0,0.0,0.0,0.0,0.0,0.0,0.0,0.0,0.0,0.0,0.0,0.0,0.0,0.0,0.0,0.0,0.0,0.0,0.0,0.0,65.42,1.6027654672025915,63.1,68.3,user_001,15
2024-01-03 18:45:00,6.066666666666666,2.4630604269214893,3,10,12375.466666666667,24.327722771317188,12334,12416,5.475466666666667,0.2585845721468721,5.05,5.85,62.40163774254248,1.450796766645172,59.74930403498505,64.2657147717074,56.04971916734044,3.9695321314606646,47.02982615224869,61.220706400444186,97.60266666666666,0.1906180424179106,97.26,97.86,33.47853333333333,0.2069153956388411,33.14,33.722,0.0,0.0,0,0,45.14602756606512,4.567571386962416,37.49354282300525,51.51047135176182,62.53333333333333,4.389381125701739,51,68,56.82,10.998454436874304,43.5,78.2,44.54666666666667,13.045572136972469,25.4,63.7,97.62666666666668,0.590963700440306,96.1,98.6,33.480666666666664,0.3375852625986664,33.03,33.99,5.473333333333333,0.6812872969257399,3.63,6.22,62.4193195459558,0.7087962395071459,61.50057306323248,63.88943408840962,63.13893036818418,0.6942360782945867,62.355574762670635,64.36503501603467,0.0658477953954242,1.6799288217107209,-4.374652017492529,2.407510513335545,50.25684836141202,0.0,50.25684836141202,50.25684836141202,4.133545606030106,0.9902505859182372,2.2006616753939863,5.4385398314453335,3.883931454457033,0.7854435825673974,2.502727501079839,5.263681692628498,54.38513134935622,0.921696862990671,52.97941101206253,55.50428043021656,540.0,0.0,540.0,540.0,0.375,0.0,0.375,0.375,0.3166666666666666,0.0,0.3166666666666666,0.3166666666666666,0.1962962962962963,0.0,0.1962962962962963,0.1962962962962963,70.6,0.0,70.6,70.6,94.9,0.0,94.9,94.9,1.0666666666666669,0.7988086367179803,0,2,82.8,4.828486896977739,70.0,91.0,2.94,1.521594558349891,1.225,4.9,41.24344019128101,3.1511107434235175,37.28919142376712,47.85656669001478,62.0439601598376,0.7139881534343681,60.81760017670105,63.193565879494464,0.0,0.0,0.0,0.0,0.0,0.0,0.0,0.0,0.0,0.0,0.0,0.0,0.0,0.0,0.0,0.0,0.0,0.0,0.0,0.0,65.97333333333333,1.5294567974408786,63.6,68.1,user_001,15
2024-01-03 19:00:00,6.0,2.6186146828319083,2,11,12466.4,27.84343985317155,12419,12506,4.860533333333334,0.2188756550668721,4.49,5.256,59.98472766361561,3.0721977711598303,54.43229029879601,66.11576733976516,50.84429218924773,3.3494894728941977,45.25699864818122,58.41422162141387,97.292,0.3781005157362253,96.88,98.0,33.602,0.0728246426110601,33.477999999999994,33.722,0.0,0.0,0,0,48.74027740821082,5.1090220181602986,42.49774369777793,61.46738498000051,58.86666666666667,6.937132658657286,46,71,50.36,9.749417565021147,38.0,70.3,49.77333333333333,14.774614651328072,29.9,76.0,97.28666666666666,0.7670599405398204,96.2,98.4,33.59733333333333,0.3927643180379419,32.76,34.3,4.813999999999999,0.8099894179202941,3.07,5.74,60.97055254611951,1.6831766927923857,58.510110442049665,63.9928363586306,62.10387449683443,0.3773326081945958,61.193182703079046,62.49260539733598,-0.559030498474471,2.4768493272988725,-4.3719224465883855,3.452397771758889,50.25684836141202,0.0,50.25684836141202,50.25684836141202,3.025142588304845,1.401152534965571,1.5644004456725262,5.437534565333828,2.9433552376649295,1.1954401334998082,1.4245955510413857,5.046544529013562,54.07159454039485,0.6603580379155783,53.13822749757587,55.02930982083699,540.0,0.0,540.0,540.0,0.375,0.0,0.375,0.375,0.3166666666666666,0.0,0.3166666666666666,0.3166666666666666,0.1962962962962963,0.0,0.1962962962962963,0.1962962962962963,70.6,0.0,70.6,70.6,94.9,0.0,94.9,94.9,1.1333333333333333,0.6399404734221844,0,2,90.93333333333334,4.589843860815601,85.0,101.0,2.94,1.293106724133782,1.225,4.9,44.823683916289205,1.601136027447022,40.69622714788295,46.695975390109545,60.96552697353006,1.4258604530901486,58.95178686252139,63.49798207219519,0.0666666666666666,0.2581988897471611,0.0,1.0,0.0,0.0,0.0,0.0,0.0,0.0,0.0,0.0,0.0,0.0,0.0,0.0,0.0666666666666666,0.2581988897471611,0.0,1.0,62.526666666666664,1.56682876567683,60.3,66.1,user_001,15
2024-01-03 19:15:00,5.733333333333333,2.6040261866871424,1,10,12549.666666666666,24.878753605283755,12516,12592,5.221866666666667,0.2864127557680808,4.516,5.587999999999999,61.071912782119774,2.1522592718148403,58.52546235502045,66.18490724992269,50.70214783001408,2.4033241972404618,44.873545328856075,54.68571548488925,97.56133333333334,0.3423838002398247,97.14,98.14,33.56013333333333,0.1404309014969215,33.358,33.782000000000004,0.0,0.0,0,0,49.67847015595768,4.342855936091796,38.446147497321554,54.943302962169355,62.2,4.783901575671712,53,75,49.89333333333333,7.936845961055551,35.5,62.7,49.85333333333333,12.155120418200402,24.5,70.7,97.64666666666668,0.8542888995003557,96.3,99.0,33.55866666666667,0.5343736876898407,32.46,34.27,5.317333333333334,0.6769624031200664,4.1,6.37,60.01466996284092,1.7664004893266685,57.382271307577625,63.30008572074271,60.70642610847263,0.2197183460192834,60.4414140855118,61.015488608775875,0.5640436089401092,1.8853300221305465,-2.8114447145502055,4.407546375038649,50.25684836141202,0.0,50.25684836141202,50.25684836141202,2.8622850108859503,0.8282568903020314,2.0819773417310996,4.869936121063779,1.9818246833672208,0.7137029094927814,1.1652482112745428,3.5339355292010226,52.31317142248842,0.9019912000930328,50.77322000963091,53.63355934108495,540.0,0.0,540.0,540.0,0.375,0.0,0.375,0.375,0.3166666666666666,0.0,0.3166666666666666,0.3166666666666666,0.1962962962962963,0.0,0.1962962962962963,0.1962962962962963,70.6,0.0,70.6,70.6,94.9,0.0,94.9,94.9,1.1333333333333333,0.6399404734221844,0,2,83.26666666666667,5.147352532636373,76.0,97.0,2.94,1.2931067241337817,1.225,4.9,43.36235726715392,3.219131305118704,37.71621190397033,49.10225034183342,60.566209585303994,0.6202212875531308,58.98126312200647,61.428848376894926,0.0,0.0,0.0,0.0,0.0666666666666666,0.2581988897471611,0.0,1.0,0.0,0.0,0.0,0.0,0.0,0.0,0.0,0.0,0.0666666666666666,0.2581988897471611,0.0,1.0,63.62,0.7475674838147676,61.9,64.5,user_001,15
2024-01-03 19:30:00,5.0,1.8516401995451028,1,8,12632.4,22.05447800334475,12595,12667,4.871066666666667,0.3805859142102317,4.182,5.366,61.73149710320872,1.270102030114581,59.26261939256699,63.72577401845837,48.19921647830696,4.469240299703519,42.40231952488819,56.10782839649766,97.23466666666668,0.2638686541949744,96.84,97.76,33.5004,0.1887253484375028,33.2,33.848,0.0,0.0,0,0,52.83181713492675,3.6932163116602776,46.53035687207527,62.52043240952247,61.13333333333333,3.602908877692078,56,68,48.15333333333333,12.0529111282987,31.2,69.2,52.32,14.437906456863573,23.2,80.5,97.2,0.6447590912226703,96.0,98.6,33.544666666666664,0.5299173340742691,32.53,34.29,4.812,0.651187925475983,3.8,6.18,62.24599027637964,0.7352406441510416,61.15515864789544,63.466723813828466,60.823548704027125,0.3118316985616279,60.37184602497824,61.401704942664246,-0.2990818849376879,1.3470174198641367,-2.249615888877429,2.4335042292343587,50.25684836141202,0.0,50.25684836141202,50.25684836141202,4.5501999865489315,0.7019391829773822,2.658704814427679,5.4838917921181425,3.8028359110747982,0.8316635876711619,2.637741950176202,5.74634104237035,50.51189393628495,0.4704876972245715,49.45068215416052,51.11388911502794,540.0,0.0,540.0,540.0,0.375,0.0,0.375,0.375,0.3166666666666666,0.0,0.3166666666666666,0.3166666666666666,0.1962962962962963,0.0,0.1962962962962963,0.1962962962962963,70.6,0.0,70.6,70.6,94.9,0.0,94.9,94.9,0.8,0.560611910581388,0,2,82.73333333333333,4.558612988722821,75.0,88.0,2.286666666666667,0.910448607372578,1.225,4.9,49.05384093722311,2.9543253758192436,44.31979154307891,52.437205472173346,57.36722141575788,0.8496563130922435,55.96751755834517,58.41419063142927,0.0,0.0,0.0,0.0,0.0666666666666666,0.2581988897471611,0.0,1.0,0.0,0.0,0.0,0.0,0.0,0.0,0.0,0.0,0.0666666666666666,0.2581988897471611,0.0,1.0,62.35333333333333,1.3484735638420766,59.8,64.3,user_001,15
2024-01-03 19:45:00,6.0,2.1044171232366047,2,9,12717.733333333334,26.722025871304357,12675,12757,4.852133333333333,0.2605976281732504,4.458,5.206,58.98705643784653,1.442021113387406,56.43431624461537,61.72538771073291,54.8888201992594,5.539682006142635,42.763537083991274,62.798109731558725,97.56533333333331,0.3191476744318257,96.92,98.2,33.5384,0.2721514284364457,33.148,34.007999999999996,0.0,0.0,0,0,45.81878968508732,8.16514214785861,34.09485424858847,61.75891236571528,58.8,3.895051806000604,51,66,56.080000000000005,13.044221490212225,26.0,76.8,45.39333333333333,17.983304426473968,21.9,81.4,97.56666666666666,0.7907199853539154,96.1,98.7,33.507333333333335,0.5501099457208054,32.46,34.05,4.873333333333333,0.6792713182591504,3.29,5.91,59.35502802148691,0.81218323094673,57.992448486743555,60.40880672470536,61.18787931184044,0.3445852635853522,60.35927677052763,61.4617409003162,-0.0935282189232703,1.466432393146484,-2.71715812230768,2.455959216950326,50.25684836141202,0.0,50.25684836141202,50.25684836141202,4.4645359445754265,1.2238045752025597,2.219233306662175,5.983948193128738,4.466814952265209,1.5978879341022156,2.1073156510010564,7.051157214340091,50.8799996198281,0.7384728590847157,49.53934365832924,51.57332347353538,540.0,0.0,540.0,540.0,0.375,0.0,0.375,0.375,0.3166666666666666,0.0,0.3166666666666666,0.3166666666666666,0.1962962962962963,0.0,0.1962962962962963,0.1962962962962963,70.6,0.0,70.6,70.6,94.9,0.0,94.9,94.9,1.1333333333333333,0.7432233529572064,0,2,85.33333333333333,5.665265933320183,78.0,93.0,3.021666666666667,1.454361257276426,1.225,4.9,39.630489134898625,5.536858914927176,32.167505807592434,50.09254754541207,60.7789251723907,2.382668855347377,56.884088940756946,64.38294872968837,0.0,0.0,0.0,0.0,0.0,0.0,0.0,0.0,0.0,0.0,0.0,0.0,0.0,0.0,0.0,0.0,0.0,0.0,0.0,0.0,64.04,2.19049896468492,61.2,67.5,user_001,15
2024-01-03 20:00:00,5.533333333333333,2.133630931623591,2,9,12800.333333333334,25.33114025594983,12761,12840,5.001466666666667,0.1647083425186414,4.78,5.246,58.102614203671074,1.2239765439393169,55.4661128115986,59.75273913568376,52.507515502072,4.0727208237517765,44.60303395852931,58.360239610036395,97.468,0.3132137563116504,96.9,97.92,33.629866666666665,0.1130751119936701,33.495999999999995,33.82,0.0,0.0,0,0,49.550408774252574,4.940147474557873,41.213827518432346,56.96779351163122,58.333333333333336,5.163977794943222,47,65,51.85333333333333,10.852640670537724,34.0,68.8,50.18666666666666,14.133539980519828,24.4,70.4,97.42666666666668,0.6227435457790953,96.4,98.7,33.632,0.3635774627621621,32.87,34.27,5.037333333333334,0.5542364975694899,4.29,5.75,57.95481162884913,0.3038858821940209,57.44108821633047,58.48534947036594,59.330814415524735,0.5929296436288747,58.53391964780488,60.261740069240645,0.1153595648311276,2.0343867999148504,-4.233056405799303,2.844629062800472,50.25684836141202,0.0,50.25684836141202,50.25684836141202,4.100118227955698,0.980080791804074,2.598155931938474,6.016205024727776,3.2364634689873717,0.9429849421636448,2.1251121787016203,5.048733439802005,52.67389117619345,0.6716644404565847,51.62823444807768,53.698167850665705,540.0,0.0,540.0,540.0,0.375,0.0,0.375,0.375,0.3166666666666666,0.0,0.3166666666666666,0.3166666666666666,0.1962962962962963,0.0,0.1962962962962963,0.1962962962962963,70.6,0.0,70.6,70.6,94.9,0.0,94.9,94.9,1.1333333333333333,0.6399404734221844,0,2,82.6,3.521363372331803,77.0,87.0,2.94,1.2931067241337817,1.225,4.9,39.29448889029298,2.654446980613252,35.84104121424129,44.644406602144706,63.293479599296994,0.5165474792355866,62.51138351257887,63.93790993831039,0.0,0.0,0.0,0.0,0.0,0.0,0.0,0.0,0.0,0.0,0.0,0.0,0.0,0.0,0.0,0.0,0.0,0.0,0.0,0.0,62.96,1.2580029525288985,60.7,65.1,user_001,15
2024-01-03 20:15:00,4.733333333333333,1.9073791542572855,2,9,12877.933333333332,22.320607603949515,12844,12911,4.583866666666667,0.2106336924163661,4.13,4.908,57.17984681775593,1.56189239572557,53.729552568080315,59.54278650803449,54.40614378697777,3.7893057761647304,49.90460265437906,62.01988226796416,97.72133333333332,0.2425420925667698,97.22,98.18,33.47893333333334,0.1954465460962471,33.048,33.712,0.0,0.0,0,0,44.73574084270308,4.820391493750799,34.761489515084044,51.92379067011296,57.0,4.157609203101502,49,64,54.93333333333333,9.116050732218472,41.7,81.3,44.57333333333334,12.457554602194872,17.6,57.7,97.75333333333332,0.8166715257387039,96.6,99.0,33.47866666666667,0.3804108055147489,32.82,33.96,4.534000000000001,0.7223256092056309,3.65,6.48,57.206012648497946,1.0125529034834184,55.52419489831184,58.28626640664042,57.85159175245048,0.3602085495380305,57.48915297365808,58.49655688050587,-0.0899234088779688,1.6071630558751349,-2.547164426060249,3.423482477306564,50.25684836141202,0.0,50.25684836141202,50.25684836141202,3.392920110394377,1.1062980476787163,1.8965497090508217,5.2001500550496775,3.191906548111953,1.559103040161784,0.9647643513264572,5.638428287303913,53.20106731637433,0.2591532080645753,52.7775335029996,53.518778567110466,540.0,0.0,540.0,540.0,0.375,0.0,0.375,0.375,0.3166666666666666,0.0,0.3166666666666666,0.3166666666666666,0.1962962962962963,0.0,0.1962962962962963,0.1962962962962963,70.6,0.0,70.6,70.6,94.9,0.0,94.9,94.9,0.8666666666666667,0.6399404734221844,0,2,77.6,4.9684720272649505,69.0,85.0,2.45,1.1341296222213757,1.225,4.9,37.47645263509076,4.63369617978925,30.18153805058467,45.14407182918629,63.77701088631972,0.7778002144694415,62.59538743295948,65.13826747741552,0.1333333333333333,0.3518657752744983,0.0,1.0,0.0,0.0,0.0,0.0,0.0,0.0,0.0,0.0,0.0,0.0,0.0,0.0,0.1333333333333333,0.3518657752744983,0.0,1.0,63.38,1.035926086717993,61.0,65.1,user_001,15
2024-01-03 20:30:00,4.6,1.8047556225547152,0,7,12950.866666666669,19.82014367349876,12917,12980,4.693466666666667,0.2111214500392287,4.343999999999999,5.13,56.71373866691432,2.177143753147872,53.619756950511736,60.034441021634166,52.94650366049565,6.321664370218904,39.898173179727095,60.249255812993454,97.55333333333331,0.2859237327547045,97.1,97.98,33.17026666666667,0.3262994826550469,32.682,33.692,0.0,0.0,0,0,44.68510534560347,6.664055095116443,34.4078354155095,56.68107130003896,56.666666666666664,5.327377627027427,48,65,52.266666666666666,14.575942344771237,25.4,75.0,44.440000000000005,14.702273876610285,15.8,79.2,97.58,0.8453232686797567,96.2,99.0,33.178000000000004,0.525155759207278,32.36,33.98,4.744,0.7650751597065478,3.2,6.02,56.87915240065319,1.732966994353851,54.08760398087766,58.80333819456011,57.441480591339335,0.3250494422244146,56.94679274233512,57.781031668064465,-0.0235360001238262,1.9906482126388,-3.678147007211386,2.8812353285257473,50.25684836141202,0.0,50.25684836141202,50.25684836141202,4.200243747731257,1.5034382489325178,0.8298161579117217,5.948727656377275,4.416144987373414,2.1326907095467265,0.5886535863697142,8.275438014377023,53.61473412277176,0.4218176078335076,52.916805518083784,54.15466126863246,540.0,0.0,540.0,540.0,0.375,0.0,0.375,0.375,0.3166666666666666,0.0,0.3166666666666666,0.3166666666666666,0.1962962962962963,0.0,0.1962962962962963,0.1962962962962963,70.6,0.0,70.6,70.6,94.9,0.0,94.9,94.9,0.8,0.4140393356054125,0,1,72.93333333333334,3.2616093018777166,67.0,77.0,2.205,0.5071981861166305,1.225,2.45,38.04373815052028,3.3072877216223495,32.638954759536674,42.99228381325091,64.63566465831506,0.83732269101651,63.577336335856515,65.94739222604134,0.0,0.0,0.0,0.0,0.1333333333333333,0.3518657752744983,0.0,1.0,0.0,0.0,0.0,0.0,0.0,0.0,0.0,0.0,0.1333333333333333,0.3518657752744983,0.0,1.0,62.54,2.7325550576076476,57.8,65.9,user_001,15
2024-01-03 20:45:00,5.066666666666666,2.1865389045137933,1,9,13022.866666666669,21.679044083653302,12986,13056,4.9278666666666675,0.1623179713079357,4.706,5.276000000000001,58.07609576966182,1.4194133818435404,54.95031042051463,60.50692260348692,53.93986258270035,3.107389811994961,49.52132700506004,59.93447864207761,97.51333333333334,0.1555940995331212,97.28,97.78,33.43546666666666,0.2675021673254472,33.078,33.839999999999996,0.0,0.0,0,0,46.420403293804746,5.048792112834219,33.02631488933472,54.79668745673863,58.13333333333333,4.38938112570174,52,66,55.24,10.41727960101457,32.9,70.9,44.20666666666667,15.213408872564017,12.9,66.0,97.46,0.5679537204486194,96.8,98.6,33.406666666666666,0.5599192118596416,32.58,34.69,4.8693333333333335,0.6240016788744203,3.64,5.81,57.922369259149704,0.9009856709022932,56.52841560116102,59.099508366696725,57.198027847650714,0.2421786823293572,56.805981959556355,57.43015262637501,0.0286187818357599,1.6954299895695395,-1.962732815385969,3.683229859828451,50.25684836141202,0.0,50.25684836141202,50.25684836141202,4.329148123798526,1.1990423404468658,2.4093957694878383,6.323885479000807,3.485524440638524,0.9632940164017522,2.1512781986633778,4.892068960925908,53.50619652472961,0.2775234801090465,53.14316846668418,54.02854036258866,540.0,0.0,540.0,540.0,0.375,0.0,0.375,0.375,0.3166666666666666,0.0,0.3166666666666666,0.3166666666666666,0.1962962962962963,0.0,0.1962962962962963,0.1962962962962963,70.6,0.0,70.6,70.6,94.9,0.0,94.9,94.9,0.8666666666666667,0.5163977794943222,0,2,72.0,2.878491668515694,68.0,79.0,2.3683333333333336,0.862071149422521,1.225,4.9,38.14129730116545,1.8184956866397837,35.47717689779517,41.42833414196669,63.897392448941986,0.4605471727386075,63.01804357354293,64.51267560634004,0.0,0.0,0.0,0.0,0.0,0.0,0.0,0.0,0.0,0.0,0.0,0.0,0.0,0.0,0.0,0.0,0.0,0.0,0.0,0.0,63.50666666666667,0.88597538394268,62.2,65.1,user_001,15
2024-01-03 21:00:00,4.6,1.5491933384829668,3,7,13093.0,19.899748742133113,13060,13125,4.583466666666666,0.2586022502019729,4.34,5.25,54.34766500144205,2.84451299344335,49.27204215516658,59.25221341053081,54.51800999038532,3.692217638498536,49.43097851955858,61.87444984619702,97.44266666666668,0.3018861343209384,96.84,97.94,33.4388,0.2115612710979263,33.006,33.862,0.0,0.0,0,0,47.48304348118394,4.908064614727117,41.66711792658095,59.23482763246117,53.93333333333333,5.364788195348664,41,62,53.88,10.792603287172458,34.1,71.9,49.25333333333333,19.00676070194373,26.6,93.2,97.55333333333331,1.259175845354335,95.2,99.5,33.438,0.4671065953597423,32.4,34.19,4.636666666666667,0.6915269508916655,3.68,5.94,54.84613310797009,2.598595881589848,51.4503725796053,58.51847524685,56.7755160221426,0.4205976669054634,56.211880385551936,57.3866298747947,-0.2071658340543626,1.9469141990887595,-4.136021077583294,2.270637381391865,50.25684836141202,0.0,50.25684836141202,50.25684836141202,4.237457912960533,0.6077407965266706,3.451847663109135,5.5709292666239145,3.4133681687820316,0.7749837194890532,2.5760883994974515,4.954035549323186,53.47923291134069,0.7239456147121723,52.51855850002951,54.408493300415415,540.0,0.0,540.0,540.0,0.375,0.0,0.375,0.375,0.3166666666666666,0.0,0.3166666666666666,0.3166666666666666,0.1962962962962963,0.0,0.1962962962962963,0.1962962962962963,70.6,0.0,70.6,70.6,94.9,0.0,94.9,94.9,0.6666666666666666,0.4879500364742666,0,1,70.13333333333334,2.531703736522855,67.0,76.0,2.041666666666667,0.5977387946809766,1.225,2.45,33.701720760800036,4.871113759554383,26.597112034630943,40.02842761273333,65.15288576784575,1.611506676929151,62.85950739014723,67.31648471474435,0.0666666666666666,0.2581988897471611,0.0,1.0,0.0,0.0,0.0,0.0,0.0,0.0,0.0,0.0,0.0,0.0,0.0,0.0,0.0666666666666666,0.2581988897471611,0.0,1.0,62.080000000000005,1.521371561641478,59.0,64.6,user_001,15
2024-01-03 21:15:00,4.666666666666667,2.0236694629405503,2,9,13160.333333333334,22.983430884836967,13129,13195,4.404666666666667,0.1664961032005025,4.138,4.720000000000001,53.51588292776822,1.1935623618800582,50.96085536978072,55.31555229461283,53.216570952619016,2.835823416847857,48.46232174367908,57.680582524099094,97.61066666666667,0.3028310860309206,97.2,98.14,33.4464,0.2530693863068285,33.06,33.8,0.0,0.0,0,0,45.860719224267385,3.2446202733218503,40.508968356977874,51.47040230720045,53.266666666666666,3.453086955726647,45,59,53.65333333333333,7.820656408938233,42.4,68.3,45.2,10.892526927079082,32.5,66.9,97.52,0.745654075292289,96.4,98.8,33.46933333333333,0.5445636085982289,32.37,34.54,4.418,0.6924923929442939,3.34,5.94,53.63230788865535,0.7709756039972373,52.369729587712925,54.68590376556206,55.135125300570685,0.7848054954842751,53.931773964605135,56.17565054172678,-0.1246081305507762,1.3460789583448165,-2.9804276848903655,2.2309210289376225,50.25684836141202,0.0,50.25684836141202,50.25684836141202,2.577280821088253,0.7749811182944784,1.0774417250623074,3.350769299878956,1.9868187779887487,0.6118804711453113,0.8147476349040877,2.7318752710136955,53.69066388644987,0.2177092830884198,53.40481045989324,54.197068635473,540.0,0.0,540.0,540.0,0.375,0.0,0.375,0.375,0.3166666666666666,0.0,0.3166666666666666,0.3166666666666666,0.1962962962962963,0.0,0.1962962962962963,0.1962962962962963,70.6,0.0,70.6,70.6,94.9,0.0,94.9,94.9,0.8,0.6761234037828133,0,2,67.33333333333333,4.287301293465663,62.0,75.0,2.3683333333333336,1.1774088782859873,1.225,4.9,34.536249000879096,2.832790853959319,30.573404373995384,38.022407999330184,66.50930905915162,0.6131265068321953,65.66873701918755,67.27937884195163,0.0,0.0,0.0,0.0,0.0,0.0,0.0,0.0,0.0,0.0,0.0,0.0,0.0,0.0,0.0,0.0,0.0,0.0,0.0,0.0,61.34666666666667,1.1338094238115215,59.3,64.2,user_001,15
2024-01-03 21:30:00,5.2,1.9712215212183248,3,10,13236.8,22.84169120583737,13202,13273,4.226133333333333,0.1768396637258359,3.924,4.486,52.88843436310355,1.825895670763249,50.59819668239353,56.905935365582685,54.98394344207835,2.3075882502646956,51.57414586714513,59.33581445515515,97.47066666666666,0.1912166559790417,97.1,97.84,33.44786666666667,0.1904707951616864,33.198,33.824,0.0,0.0,0,0,42.7893535849716,3.7299976895443314,37.64758358472585,49.62794271116274,52.666666666666664,3.848314411469498,46,63,54.440000000000005,6.5528401694009215,45.3,66.7,43.89333333333333,10.402092280379163,25.9,62.4,97.47333333333331,0.7075780286771661,96.2,98.4,33.47266666666666,0.4116251183968693,32.64,34.16,4.122,0.6443956193874336,3.02,5.04,53.09991229935228,1.2777319143657102,51.17682916654196,55.00056430421462,53.28394870922257,0.2088728627011526,52.933951029632496,53.698960420847875,-0.1108838482184433,1.3704672775469753,-2.4469569015390817,3.0470323172086538,50.25684836141202,0.0,50.25684836141202,50.25684836141202,2.614574504827518,0.521792090437651,1.8734472931221515,3.73263118769951,2.0009727794358287,0.4615505058342576,1.4210832443369523,3.1043323405983236,54.24827110322046,0.1628864896601149,53.99838539491102,54.47724272840373,540.0,0.0,540.0,540.0,0.375,0.0,0.375,0.375,0.3166666666666666,0.0,0.3166666666666666,0.3166666666666666,0.1962962962962963,0.0,0.1962962962962963,0.1962962962962963,70.6,0.0,70.6,70.6,94.9,0.0,94.9,94.9,0.9333333333333332,0.5936168397046636,0,2,76.46666666666667,2.7740292167239504,71.0,82.0,2.5316666666666667,1.0825509995684577,1.225,4.9,30.92133235994066,2.1375740484351007,27.428610290935808,33.38757769785529,68.70976941641128,0.5927231828971017,67.14128847327386,69.37158461991565,0.0,0.0,0.0,0.0,0.0,0.0,0.0,0.0,0.0,0.0,0.0,0.0,0.0,0.0,0.0,0.0,0.0,0.0,0.0,0.0,61.77333333333333,1.0450336062037593,59.9,63.9,user_001,15
2024-01-03 21:45:00,6.066666666666666,2.2824381283013584,3,11,13324.866666666669,28.266251120035793,13280,13364,4.106133333333333,0.1997190407499874,3.648000000000001,4.392,52.5878100924721,3.032441318270877,46.903555931699806,57.412272436151376,58.18370481542903,3.533790869637924,49.582763911430085,61.69603529360253,97.232,0.221398154592908,96.86,97.68,33.3756,0.2924812081875688,33.01,33.89,0.0,0.0,0,0,40.513739947226576,4.273279055008879,33.06870429650538,47.1186284741085,52.4,7.375635565834313,40,66,58.88,7.232584995303251,45.6,67.9,39.74666666666667,11.46297559640644,18.1,63.9,97.24666666666668,0.7259148579223206,96.0,98.3,33.346,0.5631518445321811,32.52,34.98,4.163333333333333,0.7377055807092172,2.87,5.35,52.94201578556182,1.833890913804361,49.50812876985824,54.987628355624544,53.2152048556864,0.197575501092476,52.73812222778783,53.45246516756235,-0.0939050462360479,2.7244465434220424,-4.8369389281726995,4.2938637819243155,50.25684836141202,0.0,50.25684836141202,50.25684836141202,2.431991426670335,0.7596231819097071,1.0067544715228045,3.534155326332474,2.121616901273504,1.024297472988912,0.7644576760487749,4.093030900002028,55.38463552025711,0.875660010081453,54.043504798232455,56.58382412875369,540.0,0.0,540.0,540.0,0.375,0.0,0.375,0.375,0.3166666666666666,0.0,0.3166666666666666,0.3166666666666666,0.1962962962962963,0.0,0.1962962962962963,0.1962962962962963,70.6,0.0,70.6,70.6,94.9,0.0,94.9,94.9,1.0,0.6546536707079771,0,2,88.06666666666666,6.363586889108856,78.0,95.0,2.6950000000000003,1.2423767544509197,1.225,4.9,28.466954762700784,5.199801323259977,20.830405239239628,35.628557760140495,68.77243190483095,1.5964738111061068,67.11615674784862,71.83663089543504,0.0666666666666666,0.2581988897471611,0.0,1.0,0.0,0.0,0.0,0.0,0.0,0.0,0.0,0.0,0.0,0.0,0.0,0.0,0.0666666666666666,0.2581988897471611,0.0,1.0,62.45333333333333,1.3211827313145623,59.9,64.8,user_001,15
2024-01-03 22:00:00,0.0,0.0,0,0,13364.0,0.0,13364,13364,3.7788,0.233289274751939,3.436,4.156000000000001,48.689663356317666,1.3650346414910195,46.70201856395039,51.179358191866584,51.19969249035661,4.192707369688575,44.2242454975607,60.14799911062928,97.41866666666668,0.1754124391527691,97.1,97.66,33.610800000000005,0.3070865862074918,33.01,33.988,1.0,0.0,1,1,50.117739821617825,4.572657223519732,40.58776666724465,59.15681875292605,48.53333333333333,4.257206774847744,40,55,50.77333333333333,13.835434149141763,27.4,88.6,50.14666666666667,13.384312067633868,19.3,72.9,97.40666666666668,0.662750401914701,96.3,98.4,33.593333333333334,0.4941611458777779,32.5,34.52,3.7786666666666666,0.6837696632499518,2.48,4.91,48.777320435621185,0.7783344804149771,47.36736620551962,50.24805723104811,51.7843625115635,0.7742456646711523,50.63873672439489,52.74763704074744,-0.0781650114921679,1.6623322581995783,-3.539770884444195,2.2663676201555063,50.25684836141202,0.0,50.25684836141202,50.25684836141202,4.053436310322672,1.3874508694394512,2.659762575828176,7.455570863050444,3.4477161853615153,1.4260817699055928,1.5064639448919173,6.508353972981484,55.470283396781454,0.6813561502562189,54.372988635675505,56.366993863613565,540.0,0.0,540.0,540.0,0.375,0.0,0.375,0.375,0.3166666666666666,0.0,0.3166666666666666,0.3166666666666666,0.1962962962962963,0.0,0.1962962962962963,0.1962962962962963,70.6,0.0,70.6,70.6,94.9,0.0,94.9,94.9,0.0,0.0,0,0,39.13333333333333,28.266251120036284,0.0,84.0,1.225,0.0,1.225,1.225,30.090389280906052,3.03335359505029,24.048437020571235,35.099868367079225,70.7993615565094,1.8258660038396848,67.79005112291904,72.64242260279124,0.0,0.0,0.0,0.0,0.0666666666666666,0.2581988897471611,0.0,1.0,0.0,0.0,0.0,0.0,0.0,0.0,0.0,0.0,0.0666666666666666,0.2581988897471611,0.0,1.0,58.64666666666667,1.4706007842601856,55.8,61.6,user_001,15
2024-01-03 22:15:00,0.0,0.0,0,0,13364.0,0.0,13364,13364,3.7648,0.406853992764691,3.224,4.454,51.5787390976093,2.4099163168851225,46.05511656431647,54.48906373129802,52.88479031168419,3.376495002830924,46.570106878766005,59.29782527945156,97.49333333333334,0.2054495651237085,97.2,97.9,33.42786666666667,0.2948292161008907,32.872,33.85,1.0,0.0,1,1,46.72284501101546,3.4458570984337857,41.420506862213834,53.09962359404045,52.13333333333333,6.0929311110342885,40,61,52.70666666666667,9.786321844191267,40.6,70.0,46.36666666666667,12.656600009857458,28.5,64.8,97.54,0.6009516262918841,96.3,98.4,33.424,0.5774302678988292,32.47,34.64,3.786666666666666,0.7295367088254089,2.59,5.19,50.92059103661121,1.3387704811659638,49.22812171960882,53.437749804829195,49.945049177435294,0.3698430812783055,49.473162109654794,50.55915781626325,0.2772971178620144,2.2959971368594316,-3.5413374232373585,3.4229861965739232,50.25684836141202,0.0,50.25684836141202,50.25684836141202,4.553325422167185,1.5561023303254955,2.5499440026083744,7.269579314376686,3.623507409288767,1.2841987155846213,2.1809601642607066,6.033895078158237,53.6290387446941,0.9031001586407308,52.0422414010204,54.87224354637299,540.0,0.0,540.0,540.0,0.375,0.0,0.375,0.375,0.3166666666666666,0.0,0.3166666666666666,0.3166666666666666,0.1962962962962963,0.0,0.1962962962962963,0.1962962962962963,70.6,0.0,70.6,70.6,94.9,0.0,94.9,94.9,0.0,0.0,0,0,0.0,0.0,0.0,0.0,1.225,0.0,1.225,1.225,31.091449825296067,3.0591557360770643,26.08900986191843,35.60682158945516,67.73125763220709,0.5932688864664282,66.52874845560422,68.58945398884069,0.0,0.0,0.0,0.0,0.0,0.0,0.0,0.0,0.0,0.0,0.0,0.0,0.0,0.0,0.0,0.0,0.0,0.0,0.0,0.0,60.60666666666667,1.1247010184721895,58.5,62.1,user_001,15
2024-01-03 22:30:00,0.0,0.0,0,0,13364.0,0.0,13364,13364,3.9165333333333336,0.193639527645227,3.601999999999999,4.192,51.290803082730775,1.5095439961093349,48.27762031349005,53.822998611404465,55.09518854564555,2.315150696366043,50.17515915741433,59.301266006402834,97.44933333333331,0.2929521332589194,96.88,97.96,33.59133333333333,0.1906090489032689,33.28,33.962,1.0,0.0,1,1,43.55308748826566,3.261100739591391,37.20599267321334,48.191307194708806,51.13333333333333,5.642525608102744,42,59,55.406666666666666,8.015205787097662,46.0,74.9,44.28,7.955339626403676,27.4,56.0,97.41333333333334,0.7927048330753091,96.2,98.5,33.61666666666667,0.4031424184129102,32.93,34.15,3.9753333333333334,0.8027796946206588,2.81,5.05,51.561993130702405,0.7866672774848935,50.57148238455333,53.2251665365528,50.73103512935024,0.4401873840679069,50.10057859575343,51.43477109017003,-0.0787348746987187,2.2364392000366604,-3.6273330247565454,3.5741265621699867,50.25684836141202,0.0,50.25684836141202,50.25684836141202,2.934171228538846,1.0977112930679,1.2321119358497905,4.629581614149564,2.138166378495104,0.9950514911841424,0.7557546482242389,3.702072753396459,53.03741137409185,0.7438348450093328,51.95371648956916,54.15664288116262,540.0,0.0,540.0,540.0,0.375,0.0,0.375,0.375,0.3166666666666666,0.0,0.3166666666666666,0.3166666666666666,0.1962962962962963,0.0,0.1962962962962963,0.1962962962962963,70.6,0.0,70.6,70.6,94.9,0.0,94.9,94.9,0.0,0.0,0,0,0.0,0.0,0.0,0.0,1.225,0.0,1.225,1.225,30.026142825550952,2.820590109171156,26.2159644982648,36.60813917863265,68.61130218145978,0.6843325885437779,67.17298790365113,69.75983851733291,0.0,0.0,0.0,0.0,0.0,0.0,0.0,0.0,0.0,0.0,0.0,0.0,0.0,0.0,0.0,0.0,0.0,0.0,0.0,0.0,61.026666666666664,1.025020325001736,58.5,62.0,user_001,15
2024-01-03 22:45:00,0.0,0.0,0,0,13364.0,0.0,13364,13364,4.2492,0.1652786391867642,3.987999999999999,4.554,52.550482679185826,1.6198790912847776,49.38333050857786,54.38381307108843,56.799266044324064,4.172880220817503,48.09947761945772,62.40162570805993,97.42933333333332,0.3046184186033082,96.96,98.0,33.517466666666664,0.1134056352005416,33.318,33.727999999999994,1.0,0.0,1,1,44.26384725499642,4.203839293202738,32.838982854364716,50.287711422320605,52.4,5.039841267341661,44,62,56.653333333333336,9.65977422589359,36.1,73.7,44.43333333333333,12.955951013594744,6.0,63.5,97.42666666666668,0.7205817755384167,96.3,98.6,33.48066666666667,0.3797643379530941,32.81,34.13,4.167333333333334,0.7839776478835047,2.47,5.53,52.49523139968595,0.8760563978037927,50.899022810916065,53.93320464999717,51.7885504278949,0.3228583310208572,51.2598982622978,52.15033791818472,-0.0752413395929124,1.9334151361611125,-2.691665254288921,3.9148154425382486,50.25684836141202,0.0,50.25684836141202,50.25684836141202,3.1131106062488447,1.077344717953702,1.062596995781874,4.861421264214186,2.949924487316651,1.1111869184266483,0.764654652229554,4.533124815803348,54.759701617824014,0.7314297782746572,53.85555085718439,55.947227294984806,540.0,0.0,540.0,540.0,0.375,0.0,0.375,0.375,0.3166666666666666,0.0,0.3166666666666666,0.3166666666666666,0.1962962962962963,0.0,0.1962962962962963,0.1962962962962963,70.6,0.0,70.6,70.6,94.9,0.0,94.9,94.9,0.0,0.0,0,0,0.0,0.0,0.0,0.0,1.225,0.0,1.225,1.225,28.718445291689257,3.2554110306406057,23.21911012130892,32.59723364906297,69.59755930650452,0.7487218936270026,68.44018170023061,70.59108324096157,0.0,0.0,0.0,0.0,0.0,0.0,0.0,0.0,0.0,0.0,0.0,0.0,0.0,0.0,0.0,0.0,0.0,0.0,0.0,0.0,62.306666666666665,1.548486203945492,58.6,64.5,user_001,15
2024-01-03 23:00:00,0.0,0.0,0,0,13364.0,0.0,13364,13364,3.797066666666667,0.2753801182435096,3.414,4.244000000000001,49.11976872870978,2.5482517023318705,44.04811020364972,52.2975837793154,56.116222609597166,5.431050043665836,46.524438427832024,63.998989609056046,97.56933333333332,0.191813401388904,97.26,97.94,33.35133333333333,0.1466086465325135,33.142,33.618,1.0,0.0,1,1,43.75813226704434,8.598988455552362,29.811256427373554,57.47585075192541,48.2,4.959838707054899,40,55,57.05333333333333,10.90732824865052,34.9,73.0,41.74,14.493239803439398,20.3,71.7,97.53333333333332,0.6965903353033954,96.1,98.4,33.37266666666667,0.4466616915145814,32.46,34.11,3.7666666666666666,0.5561560246994759,2.93,4.63,49.99422335530539,1.8398510116060431,46.85189066212614,52.27237721794436,51.68695784582362,0.3814964044493559,50.83512570394781,52.07515474766529,-0.4598843643548918,1.5521663902098053,-3.7000664663357057,2.9110815705174673,50.25684836141202,0.0,50.25684836141202,50.25684836141202,3.6152710743096943,0.8760799049450861,2.437681277312671,5.111483143662977,3.1928152249927857,0.9401135194397658,1.7436146587252828,5.08368219140018,55.54548661795879,0.4875687273799786,54.90005415047617,56.45774432696062,540.0,0.0,540.0,540.0,0.375,0.0,0.375,0.375,0.3166666666666666,0.0,0.3166666666666666,0.3166666666666666,0.1962962962962963,0.0,0.1962962962962963,0.1962962962962963,70.6,0.0,70.6,70.6,94.9,0.0,94.9,94.9,0.0,0.0,0,0,0.0,0.0,0.0,0.0,1.225,0.0,1.225,1.225,27.60908781187882,6.3470332788729715,16.1385751581576,34.771471603061585,70.24899333750494,0.750317113260892,69.5036082444219,72.19615355112043,0.1333333333333333,0.3518657752744983,0.0,1.0,0.1333333333333333,0.3518657752744984,0.0,1.0,0.0,0.0,0.0,0.0,0.0,0.0,0.0,0.0,0.2666666666666666,0.4577377082170634,0.0,1.0,60.49333333333333,1.360392100339703,58.1,62.8,user_001,15
2024-01-03 23:15:00,0.0,0.0,0,0,13364.0,0.0,13364,13364,4.004,0.2738132836180786,3.588,4.462,49.76045819018613,2.4793411242490704,45.90314376404435,52.84467377725379,55.2556416124567,3.414810201251173,50.14802146891813,60.92449177462836,97.34933333333332,0.5757413440409598,96.36,98.22,33.4944,0.154836688158847,33.19,33.708,1.0,0.0,1,1,43.61107547017064,2.7979799056668124,39.848718684344114,50.00181126385721,50.93333333333333,4.963677592077798,42,60,53.99333333333333,7.9061880526464545,42.3,66.5,45.46666666666667,8.873851367655318,28.1,60.2,97.42666666666668,1.0545592624861024,95.5,99.3,33.49066666666667,0.3951395172533855,32.71,34.19,4.051333333333334,0.6790315232180385,2.88,5.28,48.911541809949235,2.2350244227816765,45.682041677666994,51.21532708750685,49.837112743711096,0.4250886058075104,49.3768368558386,50.7234171359652,0.586437571573605,1.873350945596311,-3.521298149535255,3.718052775697131,50.25684836141202,0.0,50.25684836141202,50.25684836141202,2.941536765777276,0.5073528931657897,1.995083959862116,3.879699322176495,3.066223960381803,0.6743759342125886,1.9402929824833564,4.3003248536832555,56.51224162879116,0.4668273044541315,55.685932111026936,57.175010664778455,540.0,0.0,540.0,540.0,0.375,0.0,0.375,0.375,0.3166666666666666,0.0,0.3166666666666666,0.3166666666666666,0.1962962962962963,0.0,0.1962962962962963,0.1962962962962963,70.6,0.0,70.6,70.6,94.9,0.0,94.9,94.9,0.0,0.0,0,0,0.0,0.0,0.0,0.0,1.225,0.0,1.225,1.225,24.59875916632567,5.108987927524743,16.136528953988808,31.4388086840472,73.9341711203602,1.287768857018985,70.94304597009723,75.2177924883753,0.0,0.0,0.0,0.0,0.0,0.0,0.0,0.0,0.0,0.0,0.0,0.0,0.0,0.0,0.0,0.0,0.0,0.0,0.0,0.0,60.906666666666666,0.8786895003897768,59.4,62.4,user_001,15
2024-01-03 23:30:00,0.0,0.0,0,0,13364.0,0.0,13364,13364,3.796666666666667,0.2064262810879698,3.56,4.258,48.23604695655978,2.0837266834090493,45.54222360687468,52.896449184835866,53.39021859047222,3.4302866873526643,48.60806232610563,60.85662859991839,97.612,0.4131965979669114,96.94,98.22,33.31133333333334,0.1980485750901462,32.984,33.582,1.0,0.0,1,1,48.68715274464272,3.723490428259322,40.13426067540255,53.55618901072315,47.4,4.404543109109048,42,56,53.14666666666667,7.601021234644976,45.0,75.7,49.24,9.680746724445234,24.3,61.4,97.55333333333331,0.7651952754191645,96.6,99.2,33.33933333333333,0.3836007348917951,32.64,33.97,3.752666666666667,0.509488071732887,2.67,4.31,48.9217405145931,1.9737665982426729,46.53011476313197,51.984589816669725,49.11891478481,0.2019235779128209,48.83773495675582,49.462272648643534,-0.4180234782798924,1.699184239554988,-3.0384493290426917,2.819258797708436,50.25684836141202,0.0,50.25684836141202,50.25684836141202,2.4671496999081897,1.0642048359723792,1.35638347663997,4.0635894478510926,2.255864155587334,1.009475944730895,0.7183058869536425,3.890532874269861,55.69506693460833,0.5840268893880453,54.32293010146445,56.351540608235695,540.0,0.0,540.0,540.0,0.375,0.0,0.375,0.375,0.3166666666666666,0.0,0.3166666666666666,0.3166666666666666,0.1962962962962963,0.0,0.1962962962962963,0.1962962962962963,70.6,0.0,70.6,70.6,94.9,0.0,94.9,94.9,0.0,0.0,0,0,0.0,0.0,0.0,0.0,1.225,0.0,1.225,1.225,28.328326642167116,4.214814676817968,22.60848329284788,34.919228608158875,69.65482854823343,0.5274241466573443,68.6208453694113,70.28625065679427,0.0,0.0,0.0,0.0,0.0,0.0,0.0,0.0,0.0,0.0,0.0,0.0,0.0,0.0,0.0,0.0,0.0,0.0,0.0,0.0,59.32666666666667,1.1871133455732414,57.5,60.7,user_001,15
2024-01-03 23:45:00,0.0,0.0,0,0,13364.0,0.0,13364,13364,4.174666666666667,0.2957853146810242,3.694,4.658,48.67037153793938,1.844147783144175,45.049547735370275,51.10470390414755,55.239170343504625,3.319340543097358,48.492472144935824,60.91455712599534,97.652,0.3186399670026207,97.26,98.34,33.3868,0.1840245325260423,33.128,33.756,1.0,0.0,1,1,44.4827179980424,3.253221143340455,37.31516886518774,50.71386178254363,49.13333333333333,4.4539976692961165,41,56,56.24,9.697628576100447,42.0,70.9,43.88,8.90202224216498,25.1,55.3,97.62,0.6961116495013064,96.6,98.9,33.385999999999996,0.46934300585271,32.62,34.33,4.232,0.4449109060089605,3.33,4.9,48.19060493131512,1.331508615173046,46.24545476802607,50.37273624319518,48.77489466570534,0.2140094801731435,48.45320924724958,49.074963471283546,0.2314808976969743,1.6673071211417052,-2.6510089540903223,2.7667671699177134,50.25684836141202,0.0,50.25684836141202,50.25684836141202,3.528354152211975,0.6983579358244433,1.4824852841778178,4.196642202866829,3.252867367040607,0.7135462517955709,1.7529626506648237,4.578616805500782,53.96420919570791,0.1893254339678288,53.63209382608593,54.31469446698841,540.0,0.0,540.0,540.0,0.375,0.0,0.375,0.375,0.3166666666666666,0.0,0.3166666666666666,0.3166666666666666,0.1962962962962963,0.0,0.1962962962962963,0.1962962962962963,70.6,0.0,70.6,70.6,94.9,0.0,94.9,94.9,0.0,0.0,0,0,0.0,0.0,0.0,0.0,1.225,0.0,1.225,1.225,26.758547986811273,1.7944968057226671,24.047535527931533,29.787014838054866,71.09109970763265,0.3742900846147131,70.4195256166156,71.66097404404641,0.0,0.0,0.0,0.0,0.0,0.0,0.0,0.0,0.0,0.0,0.0,0.0,0.0,0.0,0.0,0.0,0.0,0.0,0.0,0.0,60.266666666666666,1.7261297197846426,56.0,62.9,user_001,15
2024-01-04 00:00:00,0.0,0.0,0,0,13364.0,0.0,13364,13364,3.982666666666667,0.1573815503194463,3.716,4.214,50.35723569290365,1.3003511217670207,48.06374124358979,53.222467406141185,53.94475772130117,2.688100750260087,48.25775722699823,59.7686916400109,97.53066666666668,0.4290765277507741,96.9,98.28,33.47333333333333,0.2821445087353706,33.029999999999994,34.072,1.0,0.0,1,1,45.39677496852965,4.727345859030559,36.5057643366585,53.72234301881408,50.46666666666667,4.373077809027588,44,58,53.61333333333334,8.323191924347523,35.0,66.6,44.92666666666666,13.609737410433471,18.2,70.7,97.6,0.9211793682944872,96.3,99.5,33.45666666666667,0.687330931592496,31.99,34.69,3.9653333333333336,0.6202633849153655,3.12,5.39,50.3547091400334,0.5943170759282266,49.523886675546095,51.24411457053217,48.738587417577065,0.432660065340786,48.28661151729611,49.51380361542152,0.0547154868815027,1.7030908259796969,-2.5885136897986953,2.388766296929404,50.25684836141202,0.0,50.25684836141202,50.25684836141202,3.153600673713837,0.5900112310828055,2.186377010066922,3.864563303266007,2.5710747448957387,0.6485828644207361,1.6586767744338398,3.956395065407208,54.21347516905585,0.2736129422753671,53.81877780658934,54.598753096439296,540.0,0.0,540.0,540.0,0.375,0.0,0.375,0.375,0.2796296296296296,0.0,0.2796296296296296,0.2796296296296296,0.2111111111111111,0.0,0.2111111111111111,0.2111111111111111,72.0,0.0,72.0,72.0,94.9,0.0,94.9,94.9,0.0,0.0,0,0,0.0,0.0,0.0,0.0,1.225,0.0,1.225,1.225,29.068477659552613,1.6448546615232156,26.079422001420255,31.926412603308943,70.40382749162357,0.7189605872401188,69.56542497640746,71.91576511879722,0.0,0.0,0.0,0.0,0.0,0.0,0.0,0.0,0.0,0.0,0.0,0.0,0.0,0.0,0.0,0.0,0.0,0.0,0.0,0.0,60.74,1.27436258576592,58.7,62.9,user_001,15
2024-01-04 00:15:00,0.0,0.0,0,0,13364.0,0.0,13364,13364,3.7948,0.3946135903821429,3.2840000000000003,4.4079999999999995,48.81923838281562,2.350439262814881,45.55402812281138,53.3445633741974,57.075958314293786,4.620876330489594,48.926332325048975,66.50149774321956,97.81066666666668,0.4009892529138178,96.98,98.28,33.38453333333334,0.2627464466707271,33.08800000000001,33.802,1.0,0.0,1,1,41.381287497519416,6.070211088881302,31.20956667650152,50.210931299788946,48.266666666666666,5.3246953858771064,40,59,56.92666666666666,12.514132962755502,39.2,73.6,40.82666666666667,14.84710008561877,20.6,67.0,97.82666666666668,0.7176018261908049,96.5,98.8,33.35933333333333,0.4670189146776237,32.59,34.27,3.771333333333333,0.8177396255765617,1.98,5.11,49.25907456800954,1.4417158289848726,47.13277741062889,51.48408471094685,49.7189644325638,0.1582529328313158,49.502675031623646,49.97280000277628,-0.2762858580744781,1.9423220447815035,-2.77701406140568,3.2415774693519666,50.25684836141202,0.0,50.25684836141202,50.25684836141202,4.074097994892029,1.0189717007894137,1.9124268804084112,5.659790240055991,3.787629311641848,1.4850554593376388,1.3331117495027882,7.044864187710228,55.07443635750294,0.4624042590647809,54.36302170187382,55.68704164339984,540.0,0.0,540.0,540.0,0.375,0.0,0.375,0.375,0.2796296296296296,0.0,0.2796296296296296,0.2796296296296296,0.2111111111111111,0.0,0.2111111111111111,0.2111111111111111,72.0,0.0,72.0,72.0,94.9,0.0,94.9,94.9,0.0,0.0,0,0,0.0,0.0,0.0,0.0,1.225,0.0,1.225,1.225,24.84523077722684,3.392230088841838,19.66136913745897,29.94211375814117,71.83599403348626,1.4846153167642169,69.24847077111687,73.73502301884017,0.0,0.0,0.0,0.0,0.0,0.0,0.0,0.0,0.0,0.0,0.0,0.0,0.0,0.0,0.0,0.0,0.0,0.0,0.0,0.0,61.48,2.345573338378976,56.8,64.4,user_001,15
2024-01-04 00:30:00,0.0,0.0,0,0,13364.0,0.0,13364,13364,3.742266666666666,0.2376550521439084,3.2980000000000005,4.16,48.69982013751952,2.2099607309827283,44.4819863337436,51.46149270382855,55.286002631562305,3.5711647089814957,48.61479296555635,61.30431418493535,97.60933333333332,0.3337977716836201,97.1,98.26,33.56946666666666,0.2087889798223061,33.098,33.775999999999996,1.0,0.0,1,1,43.99521834859747,4.35024289532438,35.61553753870505,52.22866173179304,49.13333333333333,4.356713483917937,40,55,55.666666666666664,11.649688326098603,36.0,76.1,44.26,13.623655897005031,25.1,72.7,97.60666666666664,0.743031115159545,96.5,98.6,33.608666666666664,0.3302134951526857,33.09,34.19,3.7646666666666664,0.6498666529886471,2.91,4.68,48.283275612707726,1.8136861850506876,45.86555228303667,50.46718700634777,48.94382770369228,0.2060676199474465,48.75060750204371,49.41438024746198,0.2167565979069095,1.545022404787218,-2.240993166871796,2.3598038188895174,50.25684836141202,0.0,50.25684836141202,50.25684836141202,4.706003668527015,0.602122435611993,3.689378520960784,5.675033205523518,3.667763288884367,0.9131654389350338,1.7152782331882137,5.234805969489001,56.043694783760365,0.3446427952861893,55.338677637539625,56.56240334083567,540.0,0.0,540.0,540.0,0.375,0.0,0.375,0.375,0.2796296296296296,0.0,0.2796296296296296,0.2796296296296296,0.2111111111111111,0.0,0.2111111111111111,0.2111111111111111,72.0,0.0,72.0,72.0,94.9,0.0,94.9,94.9,0.0,0.0,0,0,0.0,0.0,0.0,0.0,1.225,0.0,1.225,1.225,25.45137447839225,2.808587215971329,22.22287713634423,30.30122830313298,73.49460294616688,0.8448877122280443,72.06998693373322,74.79124804064001,0.0,0.0,0.0,0.0,0.0,0.0,0.0,0.0,0.0,0.0,0.0,0.0,0.0,0.0,0.0,0.0,0.0,0.0,0.0,0.0,60.72,1.3883186130815113,57.5,62.7,user_001,15
2024-01-04 00:45:00,0.0,0.0,0,0,13364.0,0.0,13364,13364,4.016133333333333,0.1749701471135929,3.756,4.268,49.39413626229043,2.142066937828446,45.94168999971348,53.316218979479366,52.789170182850704,5.296175970339476,42.54201806108423,59.8636463990889,97.448,0.2704282318313499,96.86,97.82,33.71306666666667,0.2063199549474662,33.349999999999994,34.032,1.0,0.0,1,1,51.19702943377593,5.237997629160401,41.92731883035032,60.38587224602973,49.333333333333336,5.899959644736886,40,60,52.72,14.01133214835151,27.1,76.6,52.13333333333333,16.063875473810647,25.7,80.8,97.44666666666669,0.6885457414691017,96.4,98.5,33.684,0.558771611918246,32.67,34.49,4.034000000000001,0.5644187908181046,3.16,5.22,49.40536772512434,1.4351792660640694,47.30942549966414,51.354012248167464,49.00167347470168,0.2222021161546162,48.66271809134595,49.371076555522755,-0.0304014644785463,2.2459214479574774,-3.562142222193927,4.291905185204051,50.25684836141202,0.0,50.25684836141202,50.25684836141202,4.863762605246831,1.477327718985307,2.3873084326952254,6.769640935725522,4.529554994391301,1.5108637001384444,2.0959182886370864,6.736321143492502,54.66756365320733,0.7854794458138512,53.82361451981626,56.00509809306315,540.0,0.0,540.0,540.0,0.375,0.0,0.375,0.375,0.2796296296296296,0.0,0.2796296296296296,0.2796296296296296,0.2111111111111111,0.0,0.2111111111111111,0.2111111111111111,72.0,0.0,72.0,72.0,94.9,0.0,94.9,94.9,0.0,0.0,0,0,0.0,0.0,0.0,0.0,1.225,0.0,1.225,1.225,30.27686171294168,3.4892181721622046,25.765003927191465,36.052973538980865,69.12955798987592,0.8917090720180078,67.9180914206624,71.40409526231055,0.0,0.0,0.0,0.0,0.1333333333333333,0.3518657752744983,0.0,1.0,0.0,0.0,0.0,0.0,0.0,0.0,0.0,0.0,0.1333333333333333,0.3518657752744983,0.0,1.0,59.67333333333333,1.9721151323485415,56.4,63.1,user_001,15
2024-01-04 01:00:00,0.0,0.0,0,0,13364.0,0.0,13364,13364,3.845466666666667,0.1502844287469916,3.554,4.090000000000001,49.668555339467744,1.548239678287226,46.37154190893498,51.884318276073735,53.69394439928781,3.2017675030496715,49.24773563148403,59.97118127140069,97.31733333333334,0.15285224736264,97.08,97.62,33.52986666666667,0.298737789150731,32.976000000000006,33.948,1.0,0.0,1,1,47.29553840166962,3.2877850528297894,42.50654281280688,53.91104451103892,49.93333333333333,3.2396354880199243,43,54,54.29333333333333,8.772478609400022,35.7,69.1,46.58,10.258042141238674,32.6,73.1,97.28666666666666,0.8288259050924875,96.1,99.3,33.556666666666665,0.5690049794744051,32.46,34.36,3.829333333333333,0.4494991922234385,3.12,4.5,49.52831470784617,1.0090443833034368,47.96162785654401,51.24217309028644,49.47541765320345,0.1193015647057983,49.23131879993665,49.6600958946377,0.1323889969327955,1.1241678359367175,-1.6857709544675004,1.6952129091255657,50.25684836141202,0.0,50.25684836141202,50.25684836141202,3.043889905437923,0.5617445006480485,2.084230497480986,3.996671517366801,2.419110630585769,0.5431500402245564,1.7052214171428366,3.5583670484084213,53.56480388215164,0.484345641059171,52.99775585735874,54.338556921721406,540.0,0.0,540.0,540.0,0.375,0.0,0.375,0.375,0.2796296296296296,0.0,0.2796296296296296,0.2796296296296296,0.2111111111111111,0.0,0.2111111111111111,0.2111111111111111,72.0,0.0,72.0,72.0,94.9,0.0,94.9,94.9,0.0,0.0,0,0,0.0,0.0,0.0,0.0,1.225,0.0,1.225,1.225,28.759924301735047,2.2408160872684504,24.2581915527975,31.520902366349123,70.7505156134599,0.585232071597483,69.7362621625766,71.50801403024315,0.0,0.0,0.0,0.0,0.0,0.0,0.0,0.0,0.0,0.0,0.0,0.0,0.0,0.0,0.0,0.0,0.0,0.0,0.0,0.0,60.14,1.4271850415615843,57.1,62.3,user_001,15
2024-01-04 01:15:00,0.0,0.0,0,0,13364.0,0.0,13364,13364,3.9869333333333334,0.233040605495102,3.5420000000000003,4.328,50.34572598605341,1.592153174731577,46.85307894993565,52.72406497776507,60.98540508370492,3.782019343634082,53.58064314361374,68.37294259893353,97.47333333333331,0.3356585566713075,96.96,98.0,33.436,0.1874795226913376,33.152,33.824,1.0,0.0,1,1,37.58872624809303,4.6460926084765575,30.069710205788255,46.9410959521091,50.4,4.084815085865491,43,55,60.13333333333333,9.832066100750332,40.8,77.1,38.18,12.59893419528584,12.8,63.1,97.45333333333332,0.8279636522962863,95.9,98.8,33.392,0.4940532070825691,32.53,34.38,3.974666666666667,0.6489207156795777,2.97,5.01,50.37018562154921,0.9059489345011048,48.84999810242456,51.43209839060239,49.607671796193586,0.3340242597612254,49.13027529902591,50.00714066276058,0.0271370069732948,1.5270226235682445,-2.834713818677585,2.7156403500214523,50.25684836141202,0.0,50.25684836141202,50.25684836141202,3.079405774004617,1.0578255672176065,1.179112738202398,4.4764031019462935,2.8741183940112314,1.239492193262882,0.7264701384313234,5.040195521582095,56.27558433994305,1.2548915723621146,53.64659374960172,57.53835337882536,540.0,0.0,540.0,540.0,0.375,0.0,0.375,0.375,0.2796296296296296,0.0,0.2796296296296296,0.2796296296296296,0.2111111111111111,0.0,0.2111111111111111,0.2111111111111111,72.0,0.0,72.0,72.0,94.9,0.0,94.9,94.9,0.0,0.0,0,0,0.0,0.0,0.0,0.0,1.225,0.0,1.225,1.225,21.04896915704989,3.3651516330522067,16.126720028532507,27.60220306684489,74.12944605451455,2.2484638865156596,70.01254155953224,76.86655869230223,0.0,0.0,0.0,0.0,0.0,0.0,0.0,0.0,0.0,0.0,0.0,0.0,0.0,0.0,0.0,0.0,0.0,0.0,0.0,0.0,63.43333333333333,1.521121140412404,60.4,65.7,user_001,15
2024-01-04 01:30:00,0.0,0.0,0,0,13364.0,0.0,13364,13364,3.8973333333333335,0.3297294706414999,3.3840000000000003,4.534000000000001,48.53008978424472,2.0030960061177785,44.69787913898773,51.903284768195114,56.310155191178175,3.736039998667543,50.68171881466616,62.9720424129226,97.444,0.4204895106556516,96.76,98.22,33.68213333333333,0.2655016455872237,33.142,34.120000000000005,1.0,0.0,1,1,41.77248365293822,4.981822348893919,33.32940414018289,52.99746855507243,48.266666666666666,5.700459463520295,40,57,55.94666666666667,8.314004249858588,48.1,74.2,42.580000000000005,11.406777433989472,22.5,66.3,97.46,0.976729235765984,96.0,98.9,33.70733333333333,0.5265720228402706,32.53,34.51,3.865333333333333,0.7559938271352926,2.93,5.42,48.62144513927879,1.223886370380504,46.929180546257854,50.71052061911161,49.75145325923709,0.2084586426744132,49.4352927415854,50.015871552951495,-0.1317115587890308,2.228475521968966,-3.2851140313612177,4.100706953670759,50.25684836141202,0.0,50.25684836141202,50.25684836141202,3.1599703187329515,0.8535592171217474,1.3196267449599195,4.491915846563024,2.7604558258899616,0.5606265198896802,1.7386198888262303,3.6776778994094497,58.40958594720731,0.676785956817604,57.25867204988647,59.208757963865224,540.0,0.0,540.0,540.0,0.375,0.0,0.375,0.375,0.2796296296296296,0.0,0.2796296296296296,0.2796296296296296,0.2111111111111111,0.0,0.2111111111111111,0.2111111111111111,72.0,0.0,72.0,72.0,94.9,0.0,94.9,94.9,0.0,0.0,0,0,0.0,0.0,0.0,0.0,1.225,0.0,1.225,1.225,24.00132565584877,2.9928873232475315,21.006818304678713,30.708501037399166,74.63317178864126,0.8148857436132163,73.19824115930535,76.19577336925967,0.0,0.0,0.0,0.0,0.0,0.0,0.0,0.0,0.0,0.0,0.0,0.0,0.0,0.0,0.0,0.0,0.0,0.0,0.0,0.0,60.913333333333334,0.9605553948974852,58.8,62.1,user_001,15
2024-01-04 01:45:00,0.0,0.0,0,0,13364.0,0.0,13364,13364,3.7612,0.458724816358192,3.054,4.35,48.289015563953186,1.9716054269075187,44.11419614398079,51.216684265874015,55.608808713581546,4.496338557731597,48.869652806518296,61.76714677046605,97.63333333333334,0.2722044049886785,96.98,97.94,33.48293333333333,0.1666593903173567,33.20399999999999,33.76,1.0,0.0,1,1,42.659114689665174,5.604913089626465,35.63478553957442,52.764979036714955,48.4,4.484895284651106,40,56,56.78,10.743715771157976,36.3,75.9,40.57333333333334,14.198413727630012,13.3,63.3,97.62,0.7232861516321573,96.0,98.6,33.49466666666667,0.4848691526980181,32.55,34.22,3.808,0.9367283490959372,1.55,5.07,48.28227854992653,1.3592753418717445,46.0077606902961,50.18785325962747,48.91489180591779,0.4534876956157685,48.409552674098954,49.509997398068855,0.0554922180234081,1.6191510179517874,-2.5856471079855865,2.391657867062996,50.25684836141202,0.0,50.25684836141202,50.25684836141202,3.5630855393983287,1.4022436630605626,1.3731448259664485,5.886367203897757,2.8987489418875256,1.039717865403179,0.9446448972372616,4.592941535412512,56.374217535786,0.892769490381894,55.337585717256374,58.32629786940548,540.0,0.0,540.0,540.0,0.375,0.0,0.375,0.375,0.2796296296296296,0.0,0.2796296296296296,0.2796296296296296,0.2111111111111111,0.0,0.2111111111111111,0.2111111111111111,72.0,0.0,72.0,72.0,94.9,0.0,94.9,94.9,0.0,0.0,0,0,0.0,0.0,0.0,0.0,1.225,0.0,1.225,1.225,26.716722512769817,4.115989553993913,21.69506934280291,33.0544514647507,71.36771188799604,0.8354516801010393,70.38265971635784,72.86176913217031,0.0,0.0,0.0,0.0,0.0,0.0,0.0,0.0,0.0,0.0,0.0,0.0,0.0,0.0,0.0,0.0,0.0,0.0,0.0,0.0,60.39333333333333,2.2638357672217277,57.3,64.0,user_001,15
2024-01-04 02:00:00,0.0,0.0,0,0,13364.0,0.0,13364,13364,4.136266666666667,0.2813060018319314,3.788,4.702,51.14438481820715,2.0205965243058857,48.15788387082347,54.68502031259425,53.37686216080849,5.455308776977173,45.211947651852235,63.09485060351816,97.632,0.2113629241714015,97.24,98.0,33.604,0.2176130248202717,33.228,33.971999999999994,1.0,0.0,1,1,40.95318380627535,5.539685792295882,28.64627039225938,49.50522983551852,51.666666666666664,4.894116973712515,42,59,51.45333333333333,8.913061576510435,36.7,67.0,42.57333333333334,12.410045853873308,18.2,62.0,97.68666666666668,0.7558029473600186,95.9,98.8,33.57733333333333,0.4279931018580731,33.08,34.58,4.153333333333333,0.6992921591220108,2.73,5.49,50.73414829135469,1.0542818790331578,49.27951942635417,52.78174107446732,48.96571366440251,0.4540710124892815,48.36192400495486,49.71670019108016,0.2611409242297592,1.7297791766033928,-3.552619354676402,2.6803135006187517,50.25684836141202,0.0,50.25684836141202,50.25684836141202,2.6799917122954806,0.6419000397084738,1.3897537635477304,3.4276091989770316,2.3482302354698277,1.0057816599599785,0.948471357715882,4.559324802092168,55.525775090913534,0.6225581897614996,54.49283543719502,56.35421420105772,540.0,0.0,540.0,540.0,0.375,0.0,0.375,0.375,0.2796296296296296,0.0,0.2796296296296296,0.2796296296296296,0.2111111111111111,0.0,0.2111111111111111,0.2111111111111111,72.0,0.0,72.0,72.0,94.9,0.0,94.9,94.9,0.0,0.0,0,0,0.0,0.0,0.0,0.0,1.225,0.0,1.225,1.225,28.42123985567545,6.38069269157222,20.12457900013938,39.35551971054476,72.94413780300223,1.9015022565838224,68.63727936219901,74.74581242892476,0.0,0.0,0.0,0.0,0.0,0.0,0.0,0.0,0.0,0.0,0.0,0.0,0.0,0.0,0.0,0.0,0.0,0.0,0.0,0.0,61.27333333333333,1.75273935258362,59.5,64.4,user_001,15
2024-01-04 02:15:00,0.0,0.0,0,0,13364.0,0.0,13364,13364,4.5061333333333335,0.0773100129041388,4.318,4.5920000000000005,52.51157164805117,2.356373783216555,47.518028703722315,55.99002847127207,51.94489256540251,6.39893751771271,42.69972039487541,61.37358449905673,97.53066666666668,0.1275856388395451,97.34,97.84,33.544266666666665,0.120820685709185,33.292,33.692,1.0,0.0,1,1,47.478619164068085,6.023234944295197,34.439740716033036,55.34140465660238,52.266666666666666,5.147352532636375,44,61,52.32666666666667,12.079940081844462,29.1,79.4,47.82666666666667,14.395210843822166,22.9,67.9,97.46,0.8398979529851062,96.1,99.4,33.553333333333335,0.4917848929688482,32.47,34.44,4.470666666666667,0.4435967709960198,3.88,5.42,52.594270221734966,1.3688771250328438,50.112800313807824,54.54080006198673,50.84071848328235,0.7583283298606776,49.92224457183122,51.82797823312915,-0.1224524906922534,1.896015897434291,-2.7077822916876144,2.886217969818915,50.25684836141202,0.0,50.25684836141202,50.25684836141202,4.0935318858948175,0.9388969084496448,1.9867286187612216,5.0970601717563335,4.005193001862048,2.181558076291725,0.834271061811601,7.771968823088062,54.367816632100826,0.7571734056774547,52.660877363105506,55.266816630790224,540.0,0.0,540.0,540.0,0.375,0.0,0.375,0.375,0.2796296296296296,0.0,0.2796296296296296,0.2796296296296296,0.2111111111111111,0.0,0.2111111111111111,0.2111111111111111,72.0,0.0,72.0,72.0,94.9,0.0,94.9,94.9,0.0,0.0,0,0,0.0,0.0,0.0,0.0,1.225,0.0,1.225,1.225,34.4818870953362,6.250105598605319,24.122151073126073,41.46593638740226,66.63201259246004,0.4629922058026389,65.9465118664166,67.55676221784351,0.0,0.0,0.0,0.0,0.0,0.0,0.0,0.0,0.0,0.0,0.0,0.0,0.0,0.0,0.0,0.0,0.0,0.0,0.0,0.0,60.72666666666667,2.767532853506547,57.5,65.7,user_001,15
2024-01-04 02:30:00,0.0,0.0,0,0,13364.0,0.0,13364,13364,4.356800000000001,0.2386303776614726,3.9940000000000007,4.758,52.88841023545766,1.9649545778526136,49.91660141912555,55.73280976361792,53.97986138639338,5.472976328737646,45.712379050052135,64.91355635556585,97.472,0.1509588401802683,97.24,97.76,33.615066666666664,0.2182958237499445,33.260000000000005,33.896,1.0,0.0,1,1,50.582734508821346,4.321517102199607,40.85564599328172,57.962957840988686,52.666666666666664,4.220133150686576,45,58,54.25333333333333,12.368789446867966,32.8,79.2,50.586666666666666,9.687832329169169,31.9,64.7,97.52666666666669,0.494926641990893,96.7,98.4,33.626,0.6333786951173607,32.5,34.58,4.376666666666667,0.6168661196109003,3.14,5.37,53.14151532935291,1.4414294279052664,50.86334944130829,55.17638096341993,52.68817608329441,0.3625245528232468,51.96309659986388,53.052709814715406,-0.1108717843954944,1.5004403542906055,-2.8826473421615546,2.078235105225623,50.25684836141202,0.0,50.25684836141202,50.25684836141202,3.5226319244833024,1.8338672194556704,0.8982595053691486,6.084232152045333,3.125448781240217,2.0606231567573805,0.8400880858251518,7.710377824029464,51.694911162738784,0.7061115293181577,50.74139846992056,52.96237697589795,540.0,0.0,540.0,540.0,0.375,0.0,0.375,0.375,0.2796296296296296,0.0,0.2796296296296296,0.2796296296296296,0.2111111111111111,0.0,0.2111111111111111,0.2111111111111111,72.0,0.0,72.0,72.0,94.9,0.0,94.9,94.9,0.0,0.0,0,0,0.0,0.0,0.0,0.0,1.225,0.0,1.225,1.225,33.78932212296209,6.85985406441786,24.859361062865833,41.160871412246046,65.35179158861547,1.6735135967367818,62.99977682351555,68.03940073252812,0.0,0.0,0.0,0.0,0.0,0.0,0.0,0.0,0.0,0.0,0.0,0.0,0.0,0.0,0.0,0.0,0.0,0.0,0.0,0.0,61.43333333333333,1.2821113539039897,58.9,63.5,user_001,15
2024-01-04 02:45:00,0.0,0.0,0,0,13364.0,0.0,13364,13364,4.0992,0.3824274347600377,3.624,4.788,51.051052912480515,1.7663229459916878,48.30225934267412,54.53018792228769,54.03538186552531,3.784595004522957,47.29313544905797,58.471775211638914,97.65733333333333,0.4231086767970567,97.02,98.24,33.398,0.2129815552040643,33.098,33.868,1.0,0.0,1,1,45.3736015807837,4.769427310205199,37.84306543296998,55.00304219742367,50.666666666666664,5.3273776270274285,41,60,55.080000000000005,9.37521047382785,34.0,70.4,43.46666666666667,12.557505818471771,24.1,73.6,97.62666666666668,0.9946044918650288,96.1,99.6,33.39,0.4745975738906127,32.3,34.25,4.065333333333333,0.8090458813288885,2.57,5.38,51.16881872333404,0.6438541909836929,50.33926641835924,52.34372028668169,52.381812360149155,0.2436344536479135,51.96973157396909,52.73360648890045,-0.1921931229069272,2.004372803404458,-4.226694507005583,2.7349060388561597,50.25684836141202,0.0,50.25684836141202,50.25684836141202,3.648877027207941,1.0720767872967394,1.5310971706204302,5.186766413255369,2.971797242222673,1.147527821742947,0.7689895819530342,4.1301870494272785,53.33818960221403,0.2795767451283931,52.9398359165266,54.007621625959345,540.0,0.0,540.0,540.0,0.375,0.0,0.375,0.375,0.2796296296296296,0.0,0.2796296296296296,0.2796296296296296,0.2111111111111111,0.0,0.2111111111111111,0.2111111111111111,72.0,0.0,72.0,72.0,94.9,0.0,94.9,94.9,0.0,0.0,0,0,0.0,0.0,0.0,0.0,1.225,0.0,1.225,1.225,30.306768221160592,3.3111763985524933,26.616383680828527,36.814090838508136,70.18325062895549,1.2354944013645652,68.40207471861554,72.02201760910961,0.0,0.0,0.0,0.0,0.0,0.0,0.0,0.0,0.0,0.0,0.0,0.0,0.0,0.0,0.0,0.0,0.0,0.0,0.0,0.0,61.11333333333334,1.5819818793736775,58.7,63.5,user_001,15
2024-01-04 03:00:00,0.0,0.0,0,0,13364.0,0.0,13364,13364,4.076133333333334,0.1580496606706107,3.788,4.303999999999999,52.13040776568111,2.585075365809327,47.34881758301456,55.302228155436126,55.36075077771681,3.1989520522017463,51.50529818906702,62.62057208215177,97.676,0.2337520053389893,97.26,98.12,33.49426666666667,0.2075763084013297,33.186,33.83,1.0,0.0,1,1,42.4819217898106,4.803220108198644,32.348175797539454,49.62833496256527,52.666666666666664,4.0999419275794375,46,59,54.5,11.262770529492288,33.1,81.1,43.79333333333333,15.012445630526818,6.3,66.7,97.70666666666666,0.6111659427060805,96.6,98.7,33.547999999999995,0.5926719159872506,32.63,34.65,4.097333333333333,0.4137194816827091,3.58,4.81,51.78395048198395,2.304680569543601,48.332506375200886,54.384333854803785,51.310533497985105,0.2682883864004205,50.94585663566624,51.824265493757174,0.268129450492773,1.4178045368427812,-2.2893840345413636,2.8837274723284736,50.25684836141202,0.0,50.25684836141202,50.25684836141202,3.7646169597252737,1.6473103346330804,1.532121262109311,6.615452857535691,2.981543045633154,1.3299685089905853,0.7802190285023574,4.500715472331645,54.96038515168955,0.3914410354676521,54.279525528417345,55.64076056341298,540.0,0.0,540.0,540.0,0.375,0.0,0.375,0.375,0.2796296296296296,0.0,0.2796296296296296,0.2796296296296296,0.2111111111111111,0.0,0.2111111111111111,0.2111111111111111,72.0,0.0,72.0,72.0,94.9,0.0,94.9,94.9,0.0,0.0,0,0,0.0,0.0,0.0,0.0,1.225,0.0,1.225,1.225,29.3245290051126,3.966254049970501,22.863495453113085,35.05018764444486,69.8923778094955,0.4608421749768817,69.1171262361906,70.45988091377902,0.0,0.0,0.0,0.0,0.0,0.0,0.0,0.0,0.0,0.0,0.0,0.0,0.0,0.0,0.0,0.0,0.0,0.0,0.0,0.0,62.18,0.932125068248434,60.0,63.7,user_001,15
2024-01-04 03:15:00,0.0,0.0,0,0,13364.0,0.0,13364,13364,4.453333333333333,0.2239140991753843,4.1579999999999995,4.89,54.58971648978787,2.4913291150036043,51.21613406671048,59.06297009744977,52.512387403548175,3.162502207342735,48.59363914845768,57.86239266245571,97.59866666666667,0.2612570345373323,97.1,98.06,33.58906666666667,0.3124363859061479,33.056,33.936,1.0,0.0,1,1,45.96528544925932,5.292159486058863,37.28351670991843,53.43186889597471,54.8,4.901894677425396,47,64,53.36,9.138052308889462,37.3,73.1,44.593333333333334,12.844201953002912,18.1,62.7,97.56666666666666,0.6488084316286148,96.2,98.5,33.55533333333333,0.5155422480493801,32.46,34.32,4.458666666666667,0.5466112050843903,3.56,5.45,54.298710575148824,2.0556106598292168,51.99780160042174,57.32381494756612,52.3463113170684,0.5811263936810989,51.671598003831654,53.360062127734494,0.1051417551060694,1.7542181363378235,-4.020990032483255,3.0541586403690104,50.25684836141202,0.0,50.25684836141202,50.25684836141202,3.3262849483361037,1.6351633141424018,0.7899890093758342,5.285639815812567,2.422182864332199,1.0829871045848118,0.4565619632970397,3.6561251583153735,53.97864407524291,0.4361300994963168,53.49259236532383,54.803155325525154,540.0,0.0,540.0,540.0,0.375,0.0,0.375,0.375,0.2796296296296296,0.0,0.2796296296296296,0.2796296296296296,0.2111111111111111,0.0,0.2111111111111111,0.2111111111111111,72.0,0.0,72.0,72.0,94.9,0.0,94.9,94.9,0.0,0.0,0,0,0.0,0.0,0.0,0.0,1.225,0.0,1.225,1.225,36.160168731805705,3.264479212186049,31.401639264992937,41.366205220123746,66.9137942136733,1.452236530134008,65.15885301548929,69.60776830399755,0.0,0.0,0.0,0.0,0.0,0.0,0.0,0.0,0.0,0.0,0.0,0.0,0.0,0.0,0.0,0.0,0.0,0.0,0.0,0.0,61.85333333333333,1.2188206633971286,59.9,63.5,user_001,15
2024-01-04 03:30:00,0.0,0.0,0,0,13364.0,0.0,13364,13364,4.0982666666666665,0.2056902896057451,3.792,4.562,54.19461389149274,1.2818421774880755,52.16258486069184,56.61581593655662,53.724352911603155,4.3611186411848575,47.05993570699201,62.62974582543209,97.744,0.2284356739715948,97.38,98.22,33.46946666666666,0.2748105494613322,33.08,33.89,1.0,0.0,1,1,44.58369890335675,5.728467957068727,33.261269364769994,55.051298646030894,54.13333333333333,4.718756898449704,45,64,54.36,12.249944606288754,36.5,73.2,44.03333333333333,14.378936314060564,21.5,68.3,97.76,0.8862440811811212,96.2,99.1,33.476,0.5409753097085728,32.69,34.7,4.068,0.514645509064249,3.27,5.01,54.4132941388121,0.5295777248285246,53.57754504671648,55.078778261247635,54.23794181383479,0.2440595886031357,53.55115252960077,54.39607740543363,-0.0306402790797013,1.8508036948481457,-3.871938645518867,3.692092031721699,50.25684836141202,0.0,50.25684836141202,50.25684836141202,4.1057927264503595,0.977954103937045,1.7665219096940263,5.478303113907123,3.247609326116236,0.4708037530319106,2.325187653482245,3.8630806153580273,53.04442652440758,0.4348226695086479,52.45299892272679,53.96993494931055,540.0,0.0,540.0,540.0,0.375,0.0,0.375,0.375,0.2796296296296296,0.0,0.2796296296296296,0.2796296296296296,0.2111111111111111,0.0,0.2111111111111111,0.2111111111111111,72.0,0.0,72.0,72.0,94.9,0.0,94.9,94.9,0.0,0.0,0,0,0.0,0.0,0.0,0.0,1.225,0.0,1.225,1.225,34.82221497950181,2.7963543986227215,28.35239777706412,38.19295186555176,65.56167087090368,0.680726172974585,64.69876195040418,66.91626315595494,0.0,0.0,0.0,0.0,0.0,0.0,0.0,0.0,0.0,0.0,0.0,0.0,0.0,0.0,0.0,0.0,0.0,0.0,0.0,0.0,62.25333333333333,1.2472064021339098,60.0,64.9,user_001,15
2024-01-04 03:45:00,0.0,0.0,0,0,13364.0,0.0,13364,13364,4.4344,0.2556305369641339,4.05,4.852,54.391293523239305,1.511148375758198,51.89869862956177,57.29966181215639,56.38652542823465,4.0383663345127285,49.46840762032707,62.93080511367227,97.67733333333334,0.2923663715923813,97.24,98.08,33.41266666666667,0.1453560489019295,33.11,33.644,1.0,0.0,1,1,42.41748338641161,5.346744880537369,35.921979133781726,52.68754628168077,54.46666666666667,3.48192612268117,49,61,56.42666666666666,11.13825240630983,31.4,73.3,43.04,11.841380228431388,29.4,72.4,97.66666666666669,0.6365831408685655,96.1,98.6,33.378,0.5414557098362577,32.75,34.33,4.451333333333333,0.6723186602738176,3.18,5.26,54.396203334210334,1.023781043407058,53.00602004013901,55.902858029562466,54.64433930888102,0.2341921661572756,54.28943056104903,55.03585748444911,0.0376865717136813,1.2874337299961498,-2.76655393738546,2.2878804613240646,50.25684836141202,0.0,50.25684836141202,50.25684836141202,3.9330196006884246,1.08280073929888,1.9992183084938184,5.555363739795727,3.2398500787187134,1.447229663794108,1.1901826972527545,6.2006909204200715,54.29861302057646,0.5645355540109963,53.21558010505044,55.0554391699189,540.0,0.0,540.0,540.0,0.375,0.0,0.375,0.375,0.2796296296296296,0.0,0.2796296296296296,0.2796296296296296,0.2111111111111111,0.0,0.2111111111111111,0.2111111111111111,72.0,0.0,72.0,72.0,94.9,0.0,94.9,94.9,0.0,0.0,0,0,0.0,0.0,0.0,0.0,1.225,0.0,1.225,1.225,31.15713077626458,3.47632440359136,26.677519460279193,37.14386357750391,68.76240399842436,0.7762175632777116,66.88173405256576,69.43528546796215,0.0,0.0,0.0,0.0,0.0,0.0,0.0,0.0,0.0,0.0,0.0,0.0,0.0,0.0,0.0,0.0,0.0,0.0,0.0,0.0,63.43333333333333,1.5641824275533374,60.7,66.1,user_001,15
2024-01-04 04:00:00,0.0,0.0,0,0,13364.0,0.0,13364,13364,4.895333333333332,0.1481054965058286,4.596,5.128,56.810313582735105,1.3538218952809415,53.33801454411097,58.519209224705435,54.11265412888701,4.108727659270384,48.42520099763377,63.353870075781515,97.536,0.2914201679460755,96.92,98.0,33.4628,0.1817058848013143,33.194,33.8,1.0,0.0,1,1,45.61662591737981,4.437093358761619,39.22009597778864,53.14338712464706,57.0,4.6291004988627575,51,66,53.20666666666667,8.92952299691204,37.6,64.2,46.64666666666667,11.589395809881344,23.1,67.4,97.58,1.0136215129073436,95.7,99.0,33.455999999999996,0.4037113537452927,32.8,34.29,4.910666666666667,0.5372877210937312,4.16,5.79,56.38303540779717,1.4006451420892183,53.00401336009268,57.52482258373543,54.86784224280607,0.4580058115869903,54.26196913824402,55.60080355298721,0.0948432086324463,1.8451190650286124,-2.389406918529083,4.220661818629672,50.25684836141202,0.0,50.25684836141202,50.25684836141202,3.476512593231156,0.557934257773452,2.48558339757187,4.627001550296774,3.0804495959677323,0.8456341041720673,1.9026268359611913,4.649052065977875,55.73500214106996,0.2655128977989313,55.249589778560825,56.12292654761295,540.0,0.0,540.0,540.0,0.375,0.0,0.375,0.375,0.2796296296296296,0.0,0.2796296296296296,0.2796296296296296,0.2111111111111111,0.0,0.2111111111111111,0.2111111111111111,72.0,0.0,72.0,72.0,94.9,0.0,94.9,94.9,0.0,0.0,0,0,0.0,0.0,0.0,0.0,1.225,0.0,1.225,1.225,35.1732425461761,5.573368344684085,26.200687293771296,40.61843396576807,68.00449551560999,1.2990204657576072,65.52667389271069,69.79395415233593,0.0,0.0,0.0,0.0,0.0,0.0,0.0,0.0,0.0,0.0,0.0,0.0,0.0,0.0,0.0,0.0,0.0,0.0,0.0,0.0,63.55333333333333,1.554655068158974,61.4,67.0,user_001,15
2024-01-04 04:15:00,0.0,0.0,0,0,13364.0,0.0,13364,13364,4.584133333333333,0.1140086880565731,4.42,4.764,57.583289753159995,1.7592530550163528,54.07985330917918,60.748742793144665,55.15855712102871,3.3965917118274103,48.65768249515222,62.35451763170813,97.396,0.4231311853314533,96.66,97.84,33.61986666666667,0.2458808848280211,33.122,33.958000000000006,1.0,0.0,1,1,44.41024391646885,4.589553238603429,33.88431566744423,51.92159321826059,57.733333333333334,4.574255078568479,51,66,55.18666666666666,10.581511279225712,38.8,75.2,43.56666666666667,14.948658165614097,12.0,61.3,97.36,0.8822050296193715,95.8,99.0,33.614666666666665,0.5150570934603385,32.69,34.6,4.5873333333333335,0.4063156174113678,3.95,5.4,57.312593390626155,1.123717392606454,55.948113102960086,59.23320607794604,56.22053358467196,0.5148392384076125,55.633690467994306,57.19680166794755,0.0750217900866687,1.7477750163201389,-2.277498398476588,3.9733822302736144,50.25684836141202,0.0,50.25684836141202,50.25684836141202,3.8293148112828166,0.852815920733816,2.1714711293209965,4.905167772798389,3.240314016213447,0.7430798735452905,2.4466524425729057,5.1283279846906895,54.949420109369285,0.2884114823533439,54.35382800924807,55.282128476349165,540.0,0.0,540.0,540.0,0.375,0.0,0.375,0.375,0.2796296296296296,0.0,0.2796296296296296,0.2796296296296296,0.2111111111111111,0.0,0.2111111111111111,0.2111111111111111,72.0,0.0,72.0,72.0,94.9,0.0,94.9,94.9,0.0,0.0,0,0,0.0,0.0,0.0,0.0,1.225,0.0,1.225,1.225,36.01300744813633,2.453557470996189,31.96605671490921,40.21621168411396,65.44105093460941,0.7566059403814092,64.26292018570088,66.35572660159485,0.0,0.0,0.0,0.0,0.0,0.0,0.0,0.0,0.0,0.0,0.0,0.0,0.0,0.0,0.0,0.0,0.0,0.0,0.0,0.0,63.99333333333333,1.1080656676431788,62.6,65.6,user_001,15
2024-01-04 04:30:00,0.0,0.0,0,0,13364.0,0.0,13364,13364,4.7716,0.2050452214930709,4.516,5.2,57.94824445085828,2.510786738781464,53.76394998458335,62.41474512327412,51.337335934117384,4.812141042632125,42.94795622068174,60.8978138262029,97.73866666666666,0.2377834148567829,97.42,98.08,33.4984,0.0998175478417663,33.358,33.696000000000005,1.0,0.0,1,1,50.05737305979623,5.7788815927847805,40.55241347521197,61.998017095217506,58.266666666666666,5.147352532636375,46,65,50.74666666666667,10.873484568741828,34.3,70.0,51.25333333333333,12.885920703657629,23.0,74.3,97.76666666666668,0.4670066788550691,97.2,99.0,33.54266666666667,0.544917643406082,32.92,34.81,4.774,0.6080037593868739,3.77,6.15,57.65682807247205,1.7732736608653452,55.61553128424847,60.6438902626355,57.255249053236234,0.2228511842854906,56.98254410005973,57.76576710200914,0.1592111079041927,1.8381497488018708,-3.881974992291667,2.3566469151028855,50.25684836141202,0.0,50.25684836141202,50.25684836141202,3.7839931237533913,0.55309681719987,2.84782792043864,4.737670568071058,3.516608463468273,1.1788403826479883,2.1484159331407935,5.934059539719021,53.962354546317975,0.4377208068655695,53.24794652757304,54.55373708330523,540.0,0.0,540.0,540.0,0.375,0.0,0.375,0.375,0.2796296296296296,0.0,0.2796296296296296,0.2796296296296296,0.2111111111111111,0.0,0.2111111111111111,0.2111111111111111,72.0,0.0,72.0,72.0,94.9,0.0,94.9,94.9,0.0,0.0,0,0,0.0,0.0,0.0,0.0,1.225,0.0,1.225,1.225,40.11149870772497,5.175785490510458,31.858726642255892,45.92551175990006,64.72629868826692,1.701151127433915,62.11022213809933,66.95300795035082,0.0,0.0,0.0,0.0,0.1333333333333333,0.3518657752744983,0.0,1.0,0.0,0.0,0.0,0.0,0.0,0.0,0.0,0.0,0.1333333333333333,0.3518657752744983,0.0,1.0,63.05333333333333,1.370019117002525,59.9,64.6,user_001,15
2024-01-04 04:45:00,0.0,0.0,0,0,13364.0,0.0,13364,13364,4.471066666666667,0.2243490477762167,3.996,4.884,56.26366753050707,1.632227018621632,53.17272810760424,58.4332174647933,56.929469468572705,3.1468529577504656,49.55144715721954,61.00413249102801,97.78,0.2487683948690305,97.24,98.24,33.587066666666665,0.2077620433733413,33.212,33.918,1.0,0.0,1,1,43.99048120160582,4.2790417671246646,36.96274202658058,53.51971325230264,55.733333333333334,5.378086046523385,43,64,57.14,10.28638489877344,37.8,83.4,44.68666666666666,11.33098575125916,17.0,62.5,97.75333333333332,0.6749250399294806,96.3,99.0,33.60133333333333,0.5576592234723712,32.6,34.37,4.465999999999999,0.582443130271102,3.35,5.48,57.042089778379086,1.4979357428607776,55.34692017058052,60.17506233894911,57.69241925928797,0.2878713234890322,57.10595599068268,57.984595970767245,-0.2651670985868729,2.1171503434705916,-5.086364053802114,3.500422966440169,50.25684836141202,0.0,50.25684836141202,50.25684836141202,3.747407141445181,1.5494485714223445,1.6092334455274533,5.920301425466536,2.8693925790690353,1.2684400860229788,1.28222541829737,4.946521490119614,53.64216139905262,0.3595218920531974,53.14649475299542,54.228437385350894,540.0,0.0,540.0,540.0,0.375,0.0,0.375,0.375,0.2796296296296296,0.0,0.2796296296296296,0.2796296296296296,0.2111111111111111,0.0,0.2111111111111111,0.2111111111111111,72.0,0.0,72.0,72.0,94.9,0.0,94.9,94.9,0.0,0.0,0,0,0.0,0.0,0.0,0.0,1.225,0.0,1.225,1.225,34.37186317287014,4.932368536526805,28.577062359981227,44.71446531885357,64.24098855922195,2.696955475257667,60.80461648436837,68.58480648087676,0.0,0.0,0.0,0.0,0.0,0.0,0.0,0.0,0.0,0.0,0.0,0.0,0.0,0.0,0.0,0.0,0.0,0.0,0.0,0.0,64.24,1.1980937239751184,62.7,66.1,user_001,15
2024-01-04 05:00:00,0.0,0.0,0,0,13364.0,0.0,13364,13364,4.9042666666666666,0.1285898611125787,4.702,5.1659999999999995,60.30397127281585,1.722766952650001,55.97710462447532,63.0381372344988,53.96558387586917,3.504745755627162,47.24252454183497,60.42444929221431,97.46533333333332,0.520355190047647,96.84,98.58,33.36586666666667,0.1066595830981273,33.224000000000004,33.568,1.0,0.0,1,1,48.08137842378384,4.351576955649482,39.850839023521765,55.81987255657896,61.0,4.735881272643078,53,69,54.46,10.925840928734043,32.4,69.5,46.76,12.66963749622357,26.7,67.8,97.42666666666668,0.9035380193334156,95.8,99.3,33.32533333333333,0.4013524754175675,32.79,34.06,4.88,0.6165804315508471,3.79,6.32,59.53922423205181,2.0218192026425212,55.36461344705367,61.54579495426975,57.94739598964727,0.4487185390887906,57.11508177156623,58.3514190542445,0.348014363592074,1.969357284775093,-3.064239488691286,4.340965125174897,50.25684836141202,0.0,50.25684836141202,50.25684836141202,3.545310170510659,1.014520858542021,1.536531670282418,4.874649590354444,3.0524324380838173,1.0739813210995928,1.3371709986850375,5.272320699025997,54.50345013721655,0.6918970349207951,53.4702674670652,55.44752667222094,540.0,0.0,540.0,540.0,0.375,0.0,0.375,0.375,0.2796296296296296,0.0,0.2796296296296296,0.2796296296296296,0.2111111111111111,0.0,0.2111111111111111,0.2111111111111111,72.0,0.0,72.0,72.0,94.9,0.0,94.9,94.9,0.0,0.0,0,0,0.0,0.0,0.0,0.0,1.225,0.0,1.225,1.225,39.59947692871216,2.763389641045875,33.22539693146443,43.08509133381301,66.0282484313308,1.9521771609734972,63.03300810483611,68.62628670041717,0.0,0.0,0.0,0.0,0.0,0.0,0.0,0.0,0.0,0.0,0.0,0.0,0.0,0.0,0.0,0.0,0.0,0.0,0.0,0.0,64.78666666666666,1.1795075647227065,62.7,67.1,user_001,15
2024-01-04 05:15:00,0.0,0.0,0,0,13364.0,0.0,13364,13364,4.59,0.4136941589421554,3.812,5.144,58.43561274253626,3.2012305924072595,51.99155521193008,64.55755765920922,52.48139921684937,4.942594496229545,44.07244080341417,61.59951627656492,97.36533333333334,0.4513134271477064,96.76,98.16,33.51546666666667,0.1761257126789448,33.2,33.814,1.0,0.0,1,1,50.71243621656041,9.16108593509968,32.7055555701578,62.06123276187171,58.2,7.23286151632158,46,69,51.82,10.649963111941483,30.0,69.9,52.486666666666665,17.107970851818365,17.6,86.7,97.42666666666668,0.9938860718460266,95.9,99.5,33.554,0.5786289213057266,32.88,35.07,4.593999999999999,0.9287841514582388,2.78,6.7,58.63142860843936,2.3458513515689843,55.4777268714656,62.025803700517486,58.46853698586472,0.4894471045905426,57.92802621175995,59.369792007676054,-0.117806371268126,2.660647115746942,-4.728624130198035,4.336148262689974,50.25684836141202,0.0,50.25684836141202,50.25684836141202,3.959946564952429,1.059418742571425,1.8599338372105965,5.172155400988354,3.34613719513014,1.0894465137016511,1.3339516416177457,4.708690873591009,54.81831579455933,0.9560614486620044,53.22349154635926,56.09012872537698,540.0,0.0,540.0,540.0,0.375,0.0,0.375,0.375,0.2796296296296296,0.0,0.2796296296296296,0.2796296296296296,0.2111111111111111,0.0,0.2111111111111111,0.2111111111111111,72.0,0.0,72.0,72.0,94.9,0.0,94.9,94.9,0.0,0.0,0,0,0.0,0.0,0.0,0.0,1.225,0.0,1.225,1.225,39.75337006274207,6.383004413339946,31.544536414953892,49.6785387448799,64.14093379177858,0.7417442361289629,62.87485725033237,64.96917933989606,0.0,0.0,0.0,0.0,0.2,0.4140393356054125,0.0,1.0,0.0,0.0,0.0,0.0,0.0,0.0,0.0,0.0,0.2,0.4140393356054125,0.0,1.0,63.27333333333333,1.6099985211469088,60.2,65.5,user_001,15
2024-01-04 05:30:00,0.0,0.0,0,0,13364.0,0.0,13364,13364,5.050133333333333,0.0849889628688563,4.882,5.1899999999999995,61.25650944876946,1.657960104774361,58.61251788104814,65.32757437116685,54.43336996768263,2.353057727247086,49.540760539112334,57.79171121300275,97.424,0.3720368645328366,96.88,98.02,33.40266666666667,0.0897446111925104,33.188,33.542,1.0,0.0,1,1,46.345037681031094,4.151447970653538,40.42881001114594,54.69321501671891,61.6,4.239272174728649,56,71,54.766666666666666,9.092199691938978,34.1,72.8,44.35333333333333,13.383404791364711,11.9,67.4,97.38666666666668,0.7642612368131987,96.4,98.6,33.364,0.455675323009704,32.54,34.05,5.080666666666667,0.3654638279280311,4.26,5.56,61.072377004462766,1.2249866363391784,59.23467373833976,62.717323290645574,59.703164121603095,0.1506318465575267,59.457639116228485,59.89530413188558,0.1717452756152747,1.6482317196892426,-2.406127638037077,2.836212814416591,50.25684836141202,0.0,50.25684836141202,50.25684836141202,3.384849325948151,1.548946185296607,0.5622815140730625,5.539690337795539,2.6404865471394268,1.3196659632676395,0.6859340159546782,4.805890921689493,53.31748092721243,0.150000878660025,53.00948037704647,53.53941022173233,540.0,0.0,540.0,540.0,0.375,0.0,0.375,0.375,0.2796296296296296,0.0,0.2796296296296296,0.2796296296296296,0.2111111111111111,0.0,0.2111111111111111,0.2111111111111111,72.0,0.0,72.0,72.0,94.9,0.0,94.9,94.9,0.0,0.0,0,0,0.0,0.0,0.0,0.0,1.225,0.0,1.225,1.225,41.76040997954414,1.2914377435230646,40.087467930119416,45.34836400822683,61.499599388761915,0.9099848369243068,60.337565455805816,62.84056099197415,0.0,0.0,0.0,0.0,0.0,0.0,0.0,0.0,0.0,0.0,0.0,0.0,0.0,0.0,0.0,0.0,0.0,0.0,0.0,0.0,65.06,1.3521411591567316,63.4,68.3,user_001,15
2024-01-04 05:45:00,0.0,0.0,0,0,13364.0,0.0,13364,13364,4.772933333333333,0.2629490626030248,4.244,5.1739999999999995,60.74982122110652,1.5768063490536202,58.33086508405072,63.306945196253594,51.758029625097414,3.551128574927996,47.675245631044824,59.474681007164406,97.20133333333334,0.3141852653330186,96.78,97.7,33.535066666666665,0.0912574589254125,33.38199999999999,33.69,1.0,0.0,1,1,46.1701441609036,5.141751564807512,36.05335945281584,53.99645066376845,61.0,4.840306956027835,52,69,51.940000000000005,9.365727795684496,35.1,65.1,45.54666666666666,15.971799552723574,10.2,76.6,97.18666666666668,0.851776854301531,95.7,98.6,33.525333333333336,0.5185813983037441,32.64,34.72,4.766666666666667,0.7043098614618291,3.29,6.21,60.44682013733512,0.6309344915198232,59.28229184852611,61.673045303412565,60.65460832365088,0.3210151999481545,60.019596285990794,61.00316533493799,0.1250893894467381,1.8382218002455584,-3.247223219557057,3.1859324509924036,50.25684836141202,0.0,50.25684836141202,50.25684836141202,3.0924812554391585,1.082047390919918,1.156144781218774,4.678908737172002,2.4573324596455843,0.8977614328119748,1.3557183181102015,4.3620719935534105,52.91733575056124,0.3156021033246903,52.4615119955034,53.486615374340445,540.0,0.0,540.0,540.0,0.375,0.0,0.375,0.375,0.2796296296296296,0.0,0.2796296296296296,0.2796296296296296,0.2111111111111111,0.0,0.2111111111111111,0.2111111111111111,72.0,0.0,72.0,72.0,94.9,0.0,94.9,94.9,0.0,0.0,0,0,0.0,0.0,0.0,0.0,1.225,0.0,1.225,1.225,43.3447392607496,2.775575535078644,38.65631349911581,46.64605594208992,62.0959117851459,0.983945309683802,60.623761554423965,63.37154785236355,0.0,0.0,0.0,0.0,0.0,0.0,0.0,0.0,0.0,0.0,0.0,0.0,0.0,0.0,0.0,0.0,0.0,0.0,0.0,0.0,63.72666666666667,1.4350045627934818,62.0,65.9,user_001,15
2024-01-04 06:00:00,0.0,0.0,0,0,13364.0,0.0,13364,13364,5.442666666666667,0.1922389386253718,5.074,5.779999999999999,63.35578995262658,1.6800674449592523,60.42021561552209,65.80430822920455,53.049406573017855,3.556854926852733,45.82133675557466,58.55951155006449,97.244,0.2723653009156228,96.62,97.68,33.456266666666664,0.1238798188722024,33.174,33.686,1.0,0.0,1,1,46.084518283555056,5.553239405466558,38.06815975680704,54.15379314423216,63.666666666666664,4.082482904638631,57,72,52.82,11.5439037715027,30.7,74.2,47.32000000000001,12.702541927841509,20.6,66.4,97.26,0.6915820372780896,96.0,98.6,33.458666666666666,0.4444879343801405,32.45,34.17,5.4093333333333335,0.624081801720011,4.75,6.58,63.02339600005261,0.8183477239439845,61.73147497152867,64.29757530301802,61.51115907752064,0.2306867061985019,61.14655466773643,62.05280558686655,0.1554383570200428,1.4909958724515715,-1.719920776790282,3.1301782522218673,50.25684836141202,0.0,50.25684836141202,50.25684836141202,4.037239621708774,1.2626013527630209,1.987495644893427,5.540681124699802,3.0618560700303674,0.9292934842743138,1.5229756265844734,4.807930852038982,52.95448644853321,0.2969462851168897,52.403718099057635,53.27675055695507,540.0,0.0,540.0,540.0,0.375,0.0,0.375,0.375,0.2796296296296296,0.0,0.2796296296296296,0.2796296296296296,0.2111111111111111,0.0,0.2111111111111111,0.2111111111111111,72.0,0.0,72.0,72.0,94.9,0.0,94.9,94.9,0.0,0.0,0,0,0.0,0.0,0.0,0.0,1.225,0.0,1.225,1.225,44.45770650527152,2.0989772410963714,42.408788608246184,49.96904301921141,60.41759589426492,0.4172305647434176,59.69181519078031,61.144132194861434,0.0,0.0,0.0,0.0,0.0,0.0,0.0,0.0,0.0,0.0,0.0,0.0,0.0,0.0,0.0,0.0,0.0,0.0,0.0,0.0,65.22,0.938235425831766,63.9,67.0,user_001,15
2024-01-04 06:15:00,0.0,0.0,0,0,13364.0,0.0,13364,13364,5.362133333333333,0.1653247309590027,5.1,5.668,65.18773102777104,1.6100463334714736,61.24324080272464,67.3564065637935,43.98584580655409,5.140704917384674,35.71563709866351,52.758173853503614,97.56666666666666,0.2036336579906769,97.2,97.92,33.62586666666667,0.2780292550554101,33.152,34.013999999999996,1.0,0.0,1,1,58.67256966553496,5.982684477073711,47.87890167236509,68.80317012936295,65.26666666666667,4.0614330100640705,57,72,42.693333333333335,10.8141750010059,16.8,54.3,60.63333333333333,11.998313373533955,45.7,92.0,97.56,0.6208289389425802,96.2,98.3,33.644,0.6353716572661562,31.66,34.4,5.394666666666667,0.3854286420275977,4.86,6.34,65.05847391907945,0.8918081331725441,63.56291005208277,66.05902090992222,63.273028235111255,0.6670036184249745,62.190759280133264,64.27176049019882,0.039467819447816,1.519156600083544,-2.121620401362321,2.3461240623720414,50.25684836141202,0.0,50.25684836141202,50.25684836141202,4.189926460489972,0.9728137028620306,3.230385473891046,5.942731825327618,4.079847345744037,1.170886113989385,1.722193288277632,5.838102108473484,50.48614558790289,1.217071708204904,48.517626189785965,52.27358984381621,540.0,0.0,540.0,540.0,0.375,0.0,0.375,0.375,0.2796296296296296,0.0,0.2796296296296296,0.2796296296296296,0.2111111111111111,0.0,0.2111111111111111,0.2111111111111111,72.0,0.0,72.0,72.0,94.9,0.0,94.9,94.9,0.0,0.0,0,0,0.0,0.0,0.0,0.0,1.225,0.0,1.225,1.225,56.87710749430206,4.841435087918504,49.68706806435832,63.77868485240303,55.00951491964541,3.450957524942536,50.216737661554625,59.871783381625235,0.0,0.0,0.0,0.0,0.2666666666666666,0.4577377082170634,0.0,1.0,0.0,0.0,0.0,0.0,0.0,0.0,0.0,0.0,0.2666666666666666,0.4577377082170634,0.0,1.0,62.093333333333334,1.6623849763288336,60.1,65.7,user_001,15
2024-01-04 06:30:00,0.0,0.0,0,0,13364.0,0.0,13364,13364,5.141866666666667,0.1690738919892154,4.708,5.35,66.62886912828863,1.6260596774113931,64.19659296301352,69.12810420634007,48.237127327448874,3.5805645987429324,41.76826893578268,53.79561148739981,97.328,0.2449256446935887,96.86,97.66,33.229733333333336,0.270217760510368,32.762,33.722,1.0,0.0,1,1,51.28297818708191,3.5713084025812956,44.56304629272086,56.24185415862195,66.53333333333333,3.58302877997027,61,76,48.986666666666665,12.570649867657522,31.5,72.0,50.18,13.38625094213142,20.4,72.2,97.26666666666668,0.7970182527634444,95.7,98.3,33.227333333333334,0.5593039892410493,32.42,34.28,5.156000000000001,0.6072278932046141,4.26,6.35,66.66530899252794,1.1489055850907677,65.29501509924901,68.48159254643613,65.10401694384475,0.6447143488402962,64.31450699346587,65.91867517556713,-0.0477678974776504,1.2874432689960786,-1.5982964815067646,3.653921845244952,50.25684836141202,0.0,50.25684836141202,50.25684836141202,4.472856534127939,0.9657497204523008,3.154156695051288,6.113423424138366,3.3910860795383813,0.928508468361447,1.6419586719825487,4.628447135060056,46.98881861637127,0.9226300848265604,45.97210049696334,48.509315343608584,540.0,0.0,540.0,540.0,0.375,0.0,0.375,0.375,0.2796296296296296,0.0,0.2796296296296296,0.2796296296296296,0.2111111111111111,0.0,0.2111111111111111,0.2111111111111111,72.0,0.0,72.0,72.0,94.9,0.0,94.9,94.9,0.0,0.0,0,0,0.0,0.0,0.0,0.0,1.225,0.0,1.225,1.225,55.632972315226645,2.479013348723454,52.01721605016628,58.64688301696361,51.272675671216255,1.0008051627786556,50.25667844038524,53.30703496229123,0.0,0.0,0.0,0.0,0.0,0.0,0.0,0.0,0.0,0.0,0.0,0.0,0.0,0.0,0.0,0.0,0.0,0.0,0.0,0.0,62.67333333333333,1.6585133905599538,60.3,64.7,user_001,15
2024-01-04 06:45:00,0.0,0.0,0,0,13364.0,0.0,13364,13364,5.137866666666667,0.1935229283819463,4.802,5.35,63.44565141560462,1.6597045327108373,59.71891398823701,65.94467591193677,53.87967021935997,4.341508700475933,42.767435630033354,58.79646431556571,97.43333333333334,0.2850229731760125,96.94,97.9,33.56506666666667,0.1363982963166871,33.374,33.81400000000001,1.0,0.0,1,1,49.34372177494548,3.1574589291089676,43.94189885452175,55.47383030183003,63.333333333333336,5.6146068004633705,49,72,52.873333333333335,10.447588010545555,32.5,65.4,49.67333333333333,11.07490513772122,35.9,64.4,97.45333333333332,0.824505623879862,96.3,99.6,33.54866666666667,0.3878303507364804,32.89,34.37,5.069333333333334,0.5888180250864156,3.78,5.95,63.7329056086572,0.6685101842596053,62.7470031537704,65.04613564397513,65.3672497519222,0.1750636751559285,65.03726027194662,65.73886671868655,-0.0561590411356453,2.2005311619525534,-5.35945699411851,3.3749757054463743,50.25684836141202,0.0,50.25684836141202,50.25684836141202,3.1278141244340034,1.039912946054833,2.1208155112707856,4.948153976038121,2.3544921560923258,1.484414402613479,1.2649429130441023,6.256417128386827,48.6539672613685,1.9263361358747608,46.14991995570436,51.12259816010665,540.0,0.0,540.0,540.0,0.375,0.0,0.375,0.375,0.2796296296296296,0.0,0.2796296296296296,0.2796296296296296,0.2111111111111111,0.0,0.2111111111111111,0.2111111111111111,72.0,0.0,72.0,72.0,94.9,0.0,94.9,94.9,0.0,0.0,0,0,0.0,0.0,0.0,0.0,1.225,0.0,1.225,1.225,44.085830273176114,2.697367311661267,40.49848627154796,49.832872101499184,57.83581851606941,3.000061306844135,53.5343246824598,61.50854608656984,0.0666666666666666,0.2581988897471611,0.0,1.0,0.0,0.0,0.0,0.0,0.0,0.0,0.0,0.0,0.0,0.0,0.0,0.0,0.0666666666666666,0.2581988897471611,0.0,1.0,65.76,1.4739645275824749,63.0,67.9,user_001,15
2024-01-04 07:00:00,4.933333333333334,2.604026186687142,2,11,13402.266666666666,23.17778082150121,13369,13438,5.7110666666666665,0.2570512641107843,5.246,6.076,68.17485322788603,1.3497374995715277,66.21911418518744,71.1092655625114,52.315597476547495,4.8600645065722325,43.6449570866889,59.518458926107655,97.716,0.1906679986633434,97.46,98.06,33.65906666666667,0.1196300647034539,33.466,33.868,0.0,0.0,0,0,48.09478297604512,5.289762507754136,39.38209889283687,56.949220201220015,68.53333333333333,3.5023801430836525,63,76,54.086666666666666,9.693728949809818,33.8,67.1,46.833333333333336,13.76359933544517,26.6,86.7,97.72666666666667,0.6839660253327834,96.7,99.0,33.66,0.4015505661094978,32.86,34.33,5.728666666666667,0.6675420443330748,4.36,7.06,67.67784205521609,1.491550220185092,64.38160760068915,69.4003057427217,65.56137883780461,0.2135676914491081,65.11372907018664,65.81025232174532,0.179240052723649,1.4357985564955638,-2.1643356388905772,2.445367218744309,50.25684836141202,0.0,50.25684836141202,50.25684836141202,3.929368715512432,0.974900160743275,1.381474171621238,5.351562144216654,3.607177629767595,1.2904853754668744,1.8537702448612003,6.5810068944508515,51.66476865672677,0.9605669414830066,50.48705642668774,53.09763384795374,540.0,0.0,540.0,540.0,0.375,0.0,0.375,0.375,0.2796296296296296,0.0,0.2796296296296296,0.2796296296296296,0.2111111111111111,0.0,0.2111111111111111,0.2111111111111111,72.0,0.0,72.0,72.0,94.9,0.0,94.9,94.9,0.7333333333333333,0.7037315505489967,0,2,38.266666666666666,23.177780821500654,5.0,74.0,2.286666666666667,1.2132772422932308,1.225,4.9,52.288864026504285,4.125853289439831,47.646735398010115,58.542558443789254,56.762351857367186,1.5306951909165638,54.964601918181856,59.861871605420795,0.0,0.0,0.0,0.0,0.0,0.0,0.0,0.0,0.0,0.0,0.0,0.0,0.0,0.0,0.0,0.0,0.0,0.0,0.0,0.0,63.65333333333333,1.8909055527772392,59.4,66.8,user_001,15
2024-01-04 07:15:00,5.266666666666667,2.1536237457121516,1,8,13477.0,24.556058315617733,13443,13517,5.7964,0.1698776029969815,5.484,6.122,68.05766716985747,1.3587441002563725,65.6331494027447,69.99208238224456,47.35933092405191,5.562424017674675,40.14897368790083,57.889090913745406,97.732,0.3250318665695964,97.34,98.28,33.575066666666665,0.1167044292626582,33.424,33.788,0.0,0.0,0,0,53.71470495663717,7.012916366544762,43.605759102885145,64.07809393847563,68.46666666666667,4.733869855575226,61,75,46.24666666666667,9.670637936312064,21.7,63.6,53.74666666666667,13.080512586432135,32.4,76.9,97.76,0.7632636691022486,96.2,98.7,33.60066666666667,0.3841589452792885,33.09,34.34,5.894666666666667,0.6111332174933788,5.01,6.88,67.9045971604991,0.4936972473991147,67.19493154973915,68.73334374604818,67.10808783860537,0.6426353537994087,66.08461265894134,68.11626019887176,0.2044997484045988,1.8313277522579388,-2.3341382126167645,3.122283532418436,50.25684836141202,0.0,50.25684836141202,50.25684836141202,3.0314581446870843,1.2707346057334197,1.291505374472182,5.087460669928517,2.8237685117645572,1.546737155711604,1.03596367515824,5.910976654678314,51.61446706413165,1.4858676096461103,49.582627784007656,53.331170599090555,540.0,0.0,540.0,540.0,0.375,0.0,0.375,0.375,0.2796296296296296,0.0,0.2796296296296296,0.2796296296296296,0.2111111111111111,0.0,0.2111111111111111,0.2111111111111111,72.0,0.0,72.0,72.0,94.9,0.0,94.9,94.9,1.0,0.6546536707079771,0,2,74.73333333333333,3.614784456460257,67.0,81.0,2.6950000000000003,1.2423767544509194,1.225,4.9,55.61510899118248,7.01862488048796,45.59818289872177,64.4814525772078,55.65777887211406,2.4488247957576883,51.50706632224942,58.5191103060951,0.0,0.0,0.0,0.0,0.1333333333333333,0.3518657752744983,0.0,1.0,0.0,0.0,0.0,0.0,0.0,0.0,0.0,0.0,0.1333333333333333,0.3518657752744983,0.0,1.0,62.16,2.2930952257343593,59.6,67.0,user_001,15
2024-01-04 07:30:00,5.466666666666667,2.065591117977289,2,9,13559.0,23.74868417407521,13523,13599,5.541333333333333,0.3998454463319312,5.154,6.424000000000001,66.87266900337114,2.342096149119536,62.28552375754743,69.94706485696098,52.77177390183002,4.193216998165514,44.958642315547905,60.175752542719145,97.66,0.3936641062777147,97.08,98.4,33.5396,0.1443650135692773,33.338,33.80200000000001,0.0,0.0,0,0,48.02792967845466,6.2654992062524375,37.814797327454386,60.35345806807904,66.86666666666666,7.366591251499343,52,82,53.94666666666667,9.825758179882296,37.9,69.9,47.46666666666667,13.879515567229008,26.2,81.1,97.7,0.8088792952509787,96.3,99.4,33.52133333333333,0.452877572019298,32.88,34.45,5.515333333333333,0.891001576611293,4.43,8.13,67.1291644963914,1.3412578757539193,64.40307534035188,68.97899771353187,67.86903450385655,0.2944831061663865,67.36441879658813,68.23160695286356,-0.0030011683522388,2.852515435136968,-5.142761878773719,6.026467571519518,50.25684836141202,0.0,50.25684836141202,50.25684836141202,3.4483970787060794,0.3902717583136549,2.8477546270433005,4.07365149311377,3.4342132324677475,0.7175760861770648,2.2631782987937297,4.694316075141628,50.193588238314504,0.3345612254280835,49.78538087032228,50.78703232267321,540.0,0.0,540.0,540.0,0.375,0.0,0.375,0.375,0.2796296296296296,0.0,0.2796296296296296,0.2796296296296296,0.2111111111111111,0.0,0.2111111111111111,0.2111111111111111,72.0,0.0,72.0,72.0,94.9,0.0,94.9,94.9,1.0,0.6546536707079771,0,2,82.0,2.420153478013918,78.0,87.0,2.6950000000000003,1.2423767544509194,1.225,4.9,51.45165375459258,4.226514557257549,43.40687029736165,57.66052840628161,53.02402893137359,2.3628121145673053,50.76540737100245,57.47380500146264,0.0666666666666666,0.2581988897471611,0.0,1.0,0.0,0.0,0.0,0.0,0.0,0.0,0.0,0.0,0.0,0.0,0.0,0.0,0.0666666666666666,0.2581988897471611,0.0,1.0,64.22,1.6120971257517775,61.9,67.4,user_001,15
2024-01-04 07:45:00,4.133333333333334,1.9591057240729093,1,8,13630.733333333334,18.088933738878495,13603,13661,5.9206666666666665,0.2913198209790028,5.578,6.652000000000001,66.63737285480369,1.881261332455486,62.50015266890011,69.97647326976043,52.70390876419242,3.449148756517113,47.06525262749767,58.56141597270376,97.044,0.1612805895680859,96.7,97.28,33.486,0.1908432415809972,33.196000000000005,33.745999999999995,0.0,0.0,0,0,46.893796960263494,5.72484092937353,37.51279947208976,54.45187228673509,66.06666666666666,4.787881527754161,58,72,52.373333333333335,5.995172661241313,42.8,61.2,46.5,13.631476180412117,21.0,61.6,97.02666666666669,0.811054575111643,96.0,98.9,33.486000000000004,0.4276647552197207,32.13,34.06,5.8533333333333335,0.8474218604236083,4.74,7.94,66.8985709045447,0.8516286255569168,65.29610177614934,68.4168658884414,67.28357517655914,0.2561113588069811,66.75502092908741,67.64377840886561,-0.2853530940685042,1.854744557344308,-3.439216282168985,3.166615777033307,50.25684836141202,0.0,50.25684836141202,50.25684836141202,2.172294274079321,0.5366262793346391,1.4994493431958764,3.3583352397453865,1.9414507725625103,0.5141800517773532,1.194247973975087,2.9716485298351456,51.37058369954619,0.9762080684553218,50.04172699834414,52.73784133301122,540.0,0.0,540.0,540.0,0.375,0.0,0.375,0.375,0.2796296296296296,0.0,0.2796296296296296,0.2796296296296296,0.2111111111111111,0.0,0.2111111111111111,0.2111111111111111,72.0,0.0,72.0,72.0,94.9,0.0,94.9,94.9,0.7333333333333333,0.5936168397046636,0,2,71.73333333333333,6.385996584790223,62.0,80.0,2.205,0.9488809198208172,1.225,4.9,48.57831443919289,3.4019675003426757,44.59127696038156,53.95325249162306,58.69404000799031,0.9182380585552392,57.53315955628637,60.2165238059615,0.0,0.0,0.0,0.0,0.0,0.0,0.0,0.0,0.0,0.0,0.0,0.0,0.0,0.0,0.0,0.0,0.0,0.0,0.0,0.0,64.30666666666667,1.3002563849743969,62.2,67.1,user_001,15
2024-01-04 08:00:00,4.733333333333333,1.9073791542572855,1,7,13701.6,19.11170172583183,13668,13732,5.790133333333333,0.3006711223405466,5.384,6.568,70.02198003190809,1.896916444587994,67.40284386905314,73.35346092102758,53.3475977217209,3.479944439031341,46.76565294465612,60.055660038628055,97.36533333333334,0.5257085921016741,96.58,98.12,33.4124,0.3613934934982378,32.80800000000001,33.988,0.0,0.0,0,0,44.642549707244406,5.5001038553779935,35.95623663773505,54.55740344821779,70.8,4.930951806120775,62,79,52.64666666666667,8.834580325279152,33.0,68.2,46.4,12.065416930810375,30.1,74.4,97.36666666666666,0.8616153157766844,95.6,99.3,33.379333333333335,0.7246917242787411,31.96,34.8,5.807333333333333,0.7131666471917109,4.7,6.66,69.1979723341576,1.965272462281478,65.86406785076625,71.87544585742677,67.30782370920865,0.5852837232569446,66.7366806193916,68.3296764433559,0.3890099840459546,1.948868264123224,-3.784486973675854,3.1110771846888667,50.25684836141202,0.0,50.25684836141202,50.25684836141202,2.9025483815231685,0.80159917585266,1.4624720712839383,4.174120698413178,2.5282089794488107,0.8813906083613171,0.5872972282445054,3.6410834228233937,53.51027841200728,0.4883102238647803,52.784225777634624,54.1931693412464,540.0,0.0,540.0,540.0,0.375,0.0,0.375,0.375,0.2796296296296296,0.0,0.2796296296296296,0.2796296296296296,0.2111111111111111,0.0,0.2111111111111111,0.2111111111111111,72.0,0.0,72.0,72.0,94.9,0.0,94.9,94.9,0.6666666666666666,0.4879500364742666,0,1,70.86666666666666,2.72204404988674,65.0,75.0,2.041666666666667,0.5977387946809767,1.225,2.45,51.2700273208451,4.338953341906897,46.85161293007079,58.15626611822525,57.07845768365778,0.4524771234841347,55.90417535418912,57.636897735824526,0.0,0.0,0.0,0.0,0.0666666666666666,0.2581988897471611,0.0,1.0,0.0,0.0,0.0,0.0,0.0,0.0,0.0,0.0,0.0666666666666666,0.2581988897471611,0.0,1.0,62.63333333333333,2.527750741177577,58.5,65.9,user_001,15
2024-01-04 08:15:00,4.4,1.992844341996778,1,8,13766.0,19.026297590440393,13737,13798,6.011333333333334,0.2692600088779477,5.662,6.453999999999999,72.13247164923565,1.1077844097455287,70.38538196325186,74.51257125603308,49.12552435820689,3.5327553319837137,44.224830985539086,56.9510374534824,97.20133333333334,0.2678450155984853,96.76,97.56,33.458533333333335,0.2519392972995857,33.192,33.902,0.0,0.0,0,0,47.94376907933176,4.336314714895201,41.07431746001562,55.74911414489346,72.2,3.384840152376899,67,79,49.56666666666667,10.4224117490467,34.1,73.8,47.65333333333333,11.177392148354429,29.8,70.4,97.15333333333334,0.8683865718073018,95.3,99.0,33.50266666666666,0.4951978921410636,32.85,34.62,6.031333333333333,0.5682286595410423,5.33,7.25,71.85356064152569,0.5958038124949117,70.80753951331164,72.70960445852484,69.6225489692601,0.8153049353844347,68.40867318445949,71.07722584057187,0.033764175382177,1.3090781446715587,-2.5041904186776947,2.5551292874171736,50.25684836141202,0.0,50.25684836141202,50.25684836141202,3.752724746862138,1.2148487552730824,2.3260572204173755,5.621887053198916,3.3059582399018703,0.8913307099365332,1.9603603741961433,4.651207997432462,51.590781182621264,0.4335543041822481,51.236561039963895,52.74383549530444,540.0,0.0,540.0,540.0,0.375,0.0,0.375,0.375,0.2796296296296296,0.0,0.2796296296296296,0.2796296296296296,0.2111111111111111,0.0,0.2111111111111111,0.2111111111111111,72.0,0.0,72.0,72.0,94.9,0.0,94.9,94.9,0.7333333333333333,0.7037315505489968,0,2,64.4,2.693908472302439,61.0,69.0,2.286666666666667,1.2132772422932308,1.225,4.9,59.207843077597346,2.363554124915024,55.1805700103201,62.961843506193034,51.911823509426334,1.4905272158909688,50.26349226732207,55.42411583789383,0.0,0.0,0.0,0.0,0.0666666666666666,0.2581988897471611,0.0,1.0,0.0,0.0,0.0,0.0,0.0,0.0,0.0,0.0,0.0666666666666666,0.2581988897471611,0.0,1.0,59.126666666666665,1.4606586902914065,57.2,62.0,user_001,15
2024-01-04 08:30:00,4.466666666666667,1.88477610139267,1,7,13830.533333333333,21.390474070305444,13802,13865,5.8052,0.2277577660585912,5.516,6.228,71.4832865920962,1.4175862613313783,69.44966332014556,73.88373139663379,46.64382364702085,4.470606697535752,39.27701880674784,55.067563914110146,97.344,0.3367237103960173,96.7,97.82,33.556666666666665,0.152846639603542,33.36,33.89,0.0,0.0,0,0,55.901157692256625,4.730710273116918,46.32606005964774,63.75863513420742,71.73333333333333,4.697517074654086,62,79,46.28,12.002273594139211,29.8,80.1,56.82666666666667,15.456504255798716,27.7,85.4,97.35333333333332,0.8675636383958624,96.0,98.4,33.546,0.4244290282249799,32.73,34.3,5.84,0.6924697002138689,4.95,7.38,71.53216838665375,0.8362538667642436,70.4120468161746,73.00640297234989,71.60702400709857,0.1768746832535224,71.22926167149235,71.80787912066593,0.1250233706185601,1.7907097360385635,-3.724831660072781,3.1778110301090834,50.25684836141202,0.0,50.25684836141202,50.25684836141202,4.069178368231856,1.385860271310141,2.520255833326893,6.207757805694257,3.994519805616764,1.4799815758507249,2.3538223831995024,6.904221180276342,48.94847382720222,1.1620102230944638,47.71095380489939,51.143262915531494,540.0,0.0,540.0,540.0,0.375,0.0,0.375,0.375,0.2796296296296296,0.0,0.2796296296296296,0.2796296296296296,0.2111111111111111,0.0,0.2111111111111111,0.2111111111111111,72.0,0.0,72.0,72.0,94.9,0.0,94.9,94.9,0.8,0.4140393356054125,0,1,64.53333333333333,3.7007077830109902,59.0,71.0,2.205,0.5071981861166304,1.225,2.45,62.21618633838034,1.676467243500969,58.599062806964454,65.17318441205282,49.36012425592555,1.0982064880068303,47.49772715426566,50.84273425308347,0.0,0.0,0.0,0.0,0.1333333333333333,0.3518657752744983,0.0,1.0,0.0,0.0,0.0,0.0,0.0,0.0,0.0,0.0,0.1333333333333333,0.3518657752744983,0.0,1.0,58.62,1.1917574058027558,56.3,60.0,user_001,15
2024-01-04 08:45:00,5.0,2.0354009783964297,2,8,13908.733333333334,21.552151588536223,13872,13940,6.2569333333333335,0.3200605895020207,5.732,6.708,73.22402811598936,3.2903590802302887,66.94315337364138,77.96782266648775,46.73335321730537,5.001374365939993,37.48581060106791,55.28961077860421,97.59866666666667,0.3405429837913631,97.1,98.1,33.251333333333335,0.1415499238868769,33.038,33.48,0.0,0.0,0,0,52.49344137050021,7.280684649160453,40.353240929861414,61.85576495005389,73.26666666666667,7.065678277689237,59,85,46.46,11.340370364322322,26.0,64.6,51.81333333333334,15.498979997160488,28.8,75.0,97.66,0.7707139547199098,96.6,99.3,33.25866666666666,0.4236552956399922,32.37,33.97,6.186000000000001,0.6734643908287103,5.22,7.57,72.82920748925525,2.438619669817338,69.32506702297913,76.6489280838108,71.7983406799942,0.3231542638893404,71.36159706957834,72.35365735404278,0.021319275338656,2.5502119981530607,-4.418606977029725,6.018948875452878,50.25684836141202,0.0,50.25684836141202,50.25684836141202,3.8123270965934704,1.4183290880136574,2.1853360284484795,6.185992156361878,3.954642309592242,1.6463314676930767,2.696112564322322,8.065421655833823,47.47970029828232,0.3713933461301658,46.68858843216311,47.93579636010795,540.0,0.0,540.0,540.0,0.375,0.0,0.375,0.375,0.2796296296296296,0.0,0.2796296296296296,0.2796296296296296,0.2111111111111111,0.0,0.2111111111111111,0.2111111111111111,72.0,0.0,72.0,72.0,94.9,0.0,94.9,94.9,0.8,0.560611910581388,0,2,78.2,3.9315573068623624,70.0,84.0,2.286666666666667,0.910448607372578,1.225,4.9,62.32678684453792,5.386956450633811,55.68958440263933,72.60466858627298,48.84877021178307,1.0542567375815464,47.43211395497538,50.8168968956844,0.1333333333333333,0.3518657752744983,0.0,1.0,0.0666666666666666,0.2581988897471611,0.0,1.0,0.0,0.0,0.0,0.0,0.0,0.0,0.0,0.0,0.2,0.4140393356054125,0.0,1.0,57.88,2.7171939307202293,53.3,62.1,user_001,15
2024-01-04 09:00:00,5.6,2.164651077128664,2,9,13985.533333333333,24.242426406924693,13946,14024,6.210933333333333,0.115049968440218,6.032000000000001,6.386,74.18607930810605,2.681373728282848,70.57890989534934,79.97674929122408,49.17953036875152,3.976990491001634,43.76019814204495,59.01413278282812,97.79866666666666,0.2027618823950414,97.56,98.34,33.2964,0.1588551901216034,33.022000000000006,33.598,0.0,0.0,0,0,50.50634463425183,5.212890772350996,41.0852523894406,59.46272681436202,74.26666666666667,5.7627704977314345,67,90,50.74,10.241079742181206,32.0,70.0,49.059999999999995,13.355031154694368,24.4,66.5,97.76,0.5949789912257413,96.8,99.0,33.303333333333335,0.3677279014758164,32.88,33.91,6.250666666666667,0.5391192111300838,5.41,7.15,74.1257841751297,1.9629543480528455,71.79291656598926,77.25590407573438,72.84870270782156,0.494625127141761,72.3691049026952,73.7050537120477,0.0402936792803075,2.0801074188376085,-3.658916430408027,5.517438031581932,50.25684836141202,0.0,50.25684836141202,50.25684836141202,3.2502496850678795,0.8469690762029243,2.3349155129259165,5.05614802530196,2.8999972317403797,1.3812381106305889,1.3949730668334903,6.6868084846949465,47.29606399632906,0.4708383646763721,46.51017006588651,47.967403243873186,540.0,0.0,540.0,540.0,0.375,0.0,0.375,0.375,0.2796296296296296,0.0,0.2796296296296296,0.2796296296296296,0.2111111111111111,0.0,0.2111111111111111,0.2111111111111111,72.0,0.0,72.0,72.0,94.9,0.0,94.9,94.9,0.9333333333333332,0.5936168397046637,0,2,76.8,3.4682230938293777,72.0,84.0,2.5316666666666667,1.0825509995684577,1.225,4.9,63.48177305212168,3.1479039061005616,59.60922017171602,70.53722995791851,47.59551069229578,0.6447747247925618,46.619313606966,49.12086941337221,0.0,0.0,0.0,0.0,0.0,0.0,0.0,0.0,0.0,0.0,0.0,0.0,0.0,0.0,0.0,0.0,0.0,0.0,0.0,0.0,57.906666666666666,2.093686655047459,52.9,60.1,user_001,15
2024-01-04 09:15:00,6.533333333333333,3.1137177288954914,2,13,14075.133333333331,30.300557907797543,14029,14122,6.2316,0.0924220134569065,6.084,6.412000000000001,75.42351328316747,1.9965740272589376,71.47018920707477,78.55574508076704,52.76862328104781,3.6141272644529816,43.83416049209054,57.06600701078331,97.65466666666666,0.169784176726414,97.3,97.98,33.49413333333334,0.1266095610622709,33.314,33.762,0.0,0.0,0,0,48.16685772844174,2.979089281400727,44.42572913919128,55.093512714151075,75.73333333333333,4.636295729916081,68,83,52.39333333333333,9.385662825110792,32.9,64.2,48.63333333333333,10.603346282233378,35.3,67.8,97.70666666666666,0.6974101751343694,96.4,98.7,33.50533333333333,0.4715607318358088,32.75,34.73,6.242,0.3989665220470079,5.68,6.96,75.33951628435419,1.2866810623743723,73.13449957051543,76.93800819274757,74.42892321107702,0.4351484270988727,73.67003580803181,74.86975520332497,0.1549100250829326,1.6879405914972003,-2.518581693589013,2.9769768963174954,50.25684836141202,0.0,50.25684836141202,50.25684836141202,3.8165824403806377,0.8123359079908301,2.1908936112803947,5.042898513490155,3.466363025177969,1.3310722602595275,1.7325269562396848,6.103202677778064,49.27831532908384,0.8061920933896909,48.26318341757452,50.97407682489968,540.0,0.0,540.0,540.0,0.375,0.0,0.375,0.375,0.2796296296296296,0.0,0.2796296296296296,0.2796296296296296,0.2111111111111111,0.0,0.2111111111111111,0.2111111111111111,72.0,0.0,72.0,72.0,94.9,0.0,94.9,94.9,1.3333333333333333,0.8164965809277259,0,3,89.6,6.522488569775897,78.0,98.0,3.511666666666667,2.26194974892606,1.225,8.575,59.159957438229746,3.3529112560858256,54.22465409572387,64.85973232328641,50.508037420349766,0.8859351137442941,49.64242939597705,51.99930707848544,0.0,0.0,0.0,0.0,0.0,0.0,0.0,0.0,0.0,0.0,0.0,0.0,0.0,0.0,0.0,0.0,0.0,0.0,0.0,0.0,58.53333333333333,1.8641990492536216,54.4,61.3,user_001,15
2024-01-04 09:30:00,5.533333333333333,2.722044049886741,1,11,14167.4,25.20430802178723,14128,14205,6.0716,0.2470259674030821,5.694,6.612,72.92997757134135,1.2570866535726868,70.69374843462789,75.08771739477483,52.93247708003172,5.913653005517827,39.80588007473164,61.70069988404028,97.56666666666666,0.2836161053926518,97.14,98.2,33.44893333333333,0.1125442558454662,33.256,33.638,0.0,0.0,0,0,47.43613082543818,4.551896102788344,40.194068992475685,53.96283823534122,72.53333333333333,3.4819261226811684,67,78,50.74666666666667,12.890908571917029,30.0,74.7,48.68666666666666,11.444828318419423,25.1,66.2,97.56666666666666,0.8925618559330566,96.2,99.4,33.458,0.6019397217092658,32.68,34.7,6.033333333333333,0.5010085067237123,5.16,6.94,73.4228158444128,1.262393852168113,72.00317433088738,76.00635462871858,74.72374011578431,0.2813840640922758,74.17674542725442,75.00119839449577,-0.1983221190040069,1.458662933480635,-2.0438586973874067,2.4354171884573645,50.25684836141202,0.0,50.25684836141202,50.25684836141202,3.7883590149424977,1.020719281849987,1.486329533664407,5.002133208644355,3.557689818481279,1.302391672282856,1.3000901230079664,5.851425583551396,52.65535910813688,0.8991324498915935,51.32271788326645,53.842904572881146,540.0,0.0,540.0,540.0,0.375,0.0,0.375,0.375,0.2796296296296296,0.0,0.2796296296296296,0.2796296296296296,0.2111111111111111,0.0,0.2111111111111111,0.2111111111111111,72.0,0.0,72.0,72.0,94.9,0.0,94.9,94.9,0.9333333333333332,0.7988086367179803,0,2,92.26666666666668,6.0529410403617225,83.0,100.0,2.6950000000000003,1.4787241121994326,1.225,4.9,54.89839555662515,3.8863373918617072,48.93627700092483,63.15633046569974,53.649221429935295,1.5340905755036829,51.674733600244664,55.59041860723547,0.0,0.0,0.0,0.0,0.1333333333333333,0.3518657752744984,0.0,1.0,0.0,0.0,0.0,0.0,0.0,0.0,0.0,0.0,0.1333333333333333,0.3518657752744984,0.0,1.0,60.57333333333334,2.063792163769914,55.9,64.3,user_001,15
2024-01-04 09:45:00,4.933333333333334,1.8309508328682536,2,8,14240.6,23.258792500286212,14207,14279,6.2678666666666665,0.4613288053727697,5.686,7.036,75.41615710788223,1.79445013004172,73.01376081708442,79.03556599798543,44.15280554416387,3.69207905877831,35.139757740253884,50.55674140901815,97.68133333333334,0.3300620432296847,97.06,98.16,33.7564,0.1812562511237301,33.482,34.038,0.0,0.0,0,0,54.210698756001975,4.476822654708942,47.17410026169773,62.77389634798968,76.06666666666666,4.620863658709376,69,82,44.8,12.00505845764312,23.4,63.7,54.12,13.32345943922116,34.3,80.3,97.61333333333332,1.030164110828026,96.0,99.5,33.76466666666667,0.4105721907405858,33.04,34.36,6.284000000000001,0.7750188937789102,4.85,7.31,74.8009477053727,0.9531495261619416,73.42560873998792,76.63130531968658,74.2116015227968,0.1232501757721609,74.05740340678467,74.42297852060993,0.32525477939222,1.6462471578488522,-2.556914648600923,2.995413060971856,50.25684836141202,0.0,50.25684836141202,50.25684836141202,4.022801152797756,0.7415156649171816,2.8007061537565443,5.842127220566319,3.465299191014417,0.977913223139809,1.874814169399457,5.552479522786552,50.86549896023671,1.1598550073629093,48.54264131209779,52.41814456480429,540.0,0.0,540.0,540.0,0.375,0.0,0.375,0.375,0.2796296296296296,0.0,0.2796296296296296,0.2796296296296296,0.2111111111111111,0.0,0.2111111111111111,0.2111111111111111,72.0,0.0,72.0,72.0,94.9,0.0,94.9,94.9,0.8666666666666667,0.6399404734221844,0,2,73.2,3.7454734585325022,67.0,79.0,2.45,1.1341296222213757,1.225,4.9,68.1107666195555,2.220872406854316,64.71328247258454,73.09766625942727,47.77856142682974,3.2180295890985655,43.40202565865624,52.52467038226541,0.0,0.0,0.0,0.0,0.1333333333333333,0.3518657752744984,0.0,1.0,0.0,0.0,0.0,0.0,0.0,0.0,0.0,0.0,0.1333333333333333,0.3518657752744984,0.0,1.0,55.306666666666665,1.9509948622128537,51.8,58.8,user_001,15
2024-01-04 10:00:00,5.533333333333333,3.067494712224262,1,9,14325.133333333331,22.58908290893291,14288,14362,6.3768,0.3232608853542291,5.786,6.953999999999999,78.78426618158286,2.1474796702465175,74.64329752188436,81.92060562923169,47.10128118739203,4.580565789850417,40.11675822093878,54.425344382093535,97.17466666666668,0.3852618157391993,96.42,97.66,33.63106666666666,0.1931156081088184,33.331999999999994,33.980000000000004,0.0,0.0,0,0,54.53885552375778,5.864765155561348,44.84429469060896,68.16199458080523,78.66666666666667,5.433581647846061,67,86,48.3,10.758119856979793,25.8,63.1,54.18,16.031896777540528,26.9,88.6,97.16666666666669,0.8147450667598547,96.2,98.7,33.60466666666667,0.4269303500683927,32.91,34.62,6.354,0.8442054590814116,5.15,7.84,78.6951687205915,1.5259298055591777,76.63946480931334,81.10206489806572,75.90971409265056,0.8426513159582459,74.38204489307454,77.10021164473254,-0.0587997574581028,2.0353921841637956,-3.821648760942182,3.4522341593718835,50.25684836141202,0.0,50.25684836141202,50.25684836141202,4.399895933893791,0.9425499206229632,3.1448167966912113,6.142193323388947,4.112705433778319,0.7488457155913926,3.0061191380027075,5.407245384676157,46.14163528173153,1.2095647852168991,44.81085469283392,48.258427541398525,540.0,0.0,540.0,540.0,0.375,0.0,0.375,0.375,0.2796296296296296,0.0,0.2796296296296296,0.2796296296296296,0.2111111111111111,0.0,0.2111111111111111,0.2111111111111111,72.0,0.0,72.0,72.0,94.9,0.0,94.9,94.9,1.0666666666666669,0.7988086367179801,0,2,84.53333333333333,3.4406533155921477,80.0,92.0,2.94,1.521594558349891,1.225,4.9,71.35893710935369,4.199607956691919,64.01556618767634,76.67330714683175,42.34033057686906,0.980337741402656,41.03037365085238,44.0413095523057,0.0666666666666666,0.2581988897471611,0.0,1.0,0.0,0.0,0.0,0.0,0.0,0.0,0.0,0.0,0.0,0.0,0.0,0.0,0.0666666666666666,0.2581988897471611,0.0,1.0,53.080000000000005,2.289791007306744,49.3,56.7,user_001,15
2024-01-04 10:15:00,4.533333333333333,2.065591117977289,1,9,14398.466666666667,18.909055527772228,14369,14430,6.4952,0.1061852828112925,6.264000000000001,6.6259999999999994,78.24287580238025,1.6074904866223814,75.9970025160893,80.89453227380027,49.79299177435246,3.169630399440186,43.37192057141376,53.92229024831477,97.296,0.4492660681600595,96.68,98.0,33.61226666666666,0.1813471283268106,33.324,33.965999999999994,0.0,0.0,0,0,51.404692661106694,4.363475225747745,46.73846890239648,61.111555030392104,78.13333333333334,4.6731247830648845,70,86,49.333333333333336,5.96006551577925,39.3,58.7,50.940000000000005,10.97717111619773,31.8,71.4,97.3,0.940364670904706,95.9,99.0,33.63,0.557737777608286,32.6,34.45,6.521333333333334,0.5285812096907108,5.6,7.2,78.44058492877794,0.5820576370958277,77.38888281443926,79.33432887214823,78.0959965314779,0.4684641355541896,77.18902998537725,78.6222013986252,-0.0547712345234648,1.7856022833032963,-3.6315107579334263,3.1925582540992963,50.25684836141202,0.0,50.25684836141202,50.25684836141202,2.014951138577373,0.5211886447234995,1.1868246856799851,2.7623307577417058,1.8358555798753715,0.6778140448190427,0.7839474468818112,2.869344266457617,47.2910986957652,0.7076189798979339,45.96914002162975,48.44713648087224,540.0,0.0,540.0,540.0,0.375,0.0,0.375,0.375,0.2796296296296296,0.0,0.2796296296296296,0.2796296296296296,0.2111111111111111,0.0,0.2111111111111111,0.2111111111111111,72.0,0.0,72.0,72.0,94.9,0.0,94.9,94.9,0.8,0.5606119105813882,0,2,73.33333333333333,5.0803074522634795,63.0,81.0,2.286666666666667,0.910448607372578,1.225,4.9,65.33270334319262,3.003650143691611,62.72530940750054,70.30370057886444,47.03131212899907,1.2016018546618208,44.37350138089309,48.106275337598795,0.0,0.0,0.0,0.0,0.0,0.0,0.0,0.0,0.0,0.0,0.0,0.0,0.0,0.0,0.0,0.0,0.0,0.0,0.0,0.0,55.013333333333335,1.3627004002906766,51.9,56.5,user_001,15
2024-01-04 10:30:00,4.6,2.164651077128664,1,9,14467.466666666667,18.92415941392953,14434,14499,6.2432,0.4769598964872652,5.522,6.880000000000001,78.22591634477519,1.6052498535906308,75.96449629701209,80.85570392459495,49.018740237691645,3.7901713490638858,44.143359246597335,55.803263918272705,97.596,0.321265355386215,97.18,98.12,33.400666666666666,0.1469454061240187,33.04,33.596,0.0,0.0,0,0,52.9021317509261,5.368988170803197,43.33374011241664,58.558216079485724,78.06666666666666,3.7884536360342302,71,84,48.373333333333335,10.737016522736836,32.1,71.1,54.22666666666667,12.435976994571991,29.8,79.2,97.65333333333334,0.7347173087722446,96.4,98.7,33.38466666666667,0.5408705504840828,32.33,34.46,6.203333333333333,0.7419536630378197,5.05,7.73,78.26668769267788,0.9502907851789736,76.71299525433167,79.83794606741279,78.33277887800939,0.0752017234975254,78.21239312009158,78.44525341499148,-0.0796248390542587,1.3694968987574143,-3.0790453165766536,2.037333084830692,50.25684836141202,0.0,50.25684836141202,50.25684836141202,3.797278623549846,0.948893585695028,2.472973854387309,5.828385889600682,3.1261798075652107,1.1223104363514764,1.427317171045719,4.567136152505799,49.397947174424466,0.5597043361324134,48.46909769520248,50.255946655486646,540.0,0.0,540.0,540.0,0.375,0.0,0.375,0.375,0.2796296296296296,0.0,0.2796296296296296,0.2796296296296296,0.2111111111111111,0.0,0.2111111111111111,0.2111111111111111,72.0,0.0,72.0,72.0,94.9,0.0,94.9,94.9,0.8666666666666667,0.6399404734221844,0,2,69.0,3.5657097069567687,64.0,76.0,2.45,1.1341296222213757,1.225,4.9,66.1829384960722,2.5437808825962147,61.923616476045616,70.24688112015116,46.0459366392035,0.7149708967579059,44.83600408130952,47.03139339455992,0.0,0.0,0.0,0.0,0.0,0.0,0.0,0.0,0.0,0.0,0.0,0.0,0.0,0.0,0.0,0.0,0.0,0.0,0.0,0.0,55.04,1.565612614008607,52.4,57.7,user_001,15
2024-01-04 10:45:00,4.466666666666667,1.9591057240729093,1,7,14535.8,18.150954323592433,14506,14566,6.223466666666667,0.2345725189928831,5.872,6.580000000000001,76.46608692170437,2.7234831565253135,72.0625066370554,81.50590977513947,48.23034861866311,4.208422309886516,37.29941065560421,52.84185889493417,97.31733333333334,0.3107471794301741,96.98,97.8,33.319066666666664,0.1447023875144467,33.108000000000004,33.664,0.0,0.0,0,0,54.77384360215597,3.795164687500299,48.65440312071525,62.77973472031789,76.13333333333334,6.300415708128959,66,85,49.06666666666667,10.96186028703071,22.9,65.9,54.346666666666664,11.127370801423888,38.3,79.0,97.30666666666666,0.6595091970187962,96.2,98.1,33.31933333333333,0.3678987956076006,32.71,34.1,6.261333333333334,0.6357432845178338,5.07,7.17,76.5776375893286,1.6381657184972866,74.25660500232605,79.22289135462023,77.79400814760062,0.2908404475948585,77.34600163323977,78.14515293794072,-0.1663767941855174,2.276495900084501,-3.8209883098326287,3.979164454314869,50.25684836141202,0.0,50.25684836141202,50.25684836141202,3.670569440916796,1.6821850205536863,1.4181494222586233,6.232299619588763,3.3034750891218185,1.8346894636098536,1.2314936620994723,6.3406254223460055,48.56795398815707,0.4172032297109936,47.90450925147194,49.26391067068137,540.0,0.0,540.0,540.0,0.375,0.0,0.375,0.375,0.2796296296296296,0.0,0.2796296296296296,0.2796296296296296,0.2111111111111111,0.0,0.2111111111111111,0.2111111111111111,72.0,0.0,72.0,72.0,94.9,0.0,94.9,94.9,0.6666666666666666,0.4879500364742666,0,1,68.33333333333333,2.943920288775947,63.0,74.0,2.041666666666667,0.5977387946809766,1.225,2.45,66.70008946751656,3.3950039545598756,60.22499921192582,71.67906657782362,46.17114332684769,0.725791406852625,45.11808740870115,47.151738299842464,0.0,0.0,0.0,0.0,0.0666666666666666,0.2581988897471611,0.0,1.0,0.0,0.0,0.0,0.0,0.0,0.0,0.0,0.0,0.0666666666666666,0.2581988897471611,0.0,1.0,55.52,2.038977334702023,51.6,58.9,user_001,15
2024-01-04 11:00:00,4.733333333333333,1.3870146083619754,3,7,14605.733333333334,20.23598868588413,14573,14637,6.556133333333333,0.2368103118732873,6.212000000000001,6.928,79.12469970497291,2.3250278799717807,73.42798441311018,83.67922207079776,44.73216214936811,3.799494885810665,36.666631733581085,49.35607315125426,97.58933333333334,0.3448284597690109,96.98,98.1,33.522933333333334,0.2440337993764251,33.182,33.908,0.0,0.0,0,0,57.124734552986425,3.9120457036958647,49.7639892374906,64.11596367653077,79.8,5.427443491842439,68,91,43.66,7.895369348096208,30.0,54.7,57.24666666666667,10.238154595619738,38.9,77.9,97.53333333333332,0.9976162063830432,95.7,98.7,33.49466666666667,0.3833846756507231,32.92,34.27,6.585333333333334,0.8332369468067348,5.07,7.8,78.63889547186606,2.097900811459686,75.45380888957808,81.2164482117291,77.26896999820904,0.2902782164187218,76.8677862233073,77.79539331333864,0.3376501475135436,2.1631940446916635,-5.226407356932583,3.660388964601111,50.25684836141202,0.0,50.25684836141202,50.25684836141202,2.673292688397703,0.8988791333957727,1.659137270722309,4.049393210164733,2.4444049604361955,1.1326661646307714,1.1429163619755112,5.134800622168061,47.81088298366601,0.8685284290257335,46.4812553840156,48.657945671782535,540.0,0.0,540.0,540.0,0.375,0.0,0.375,0.375,0.2796296296296296,0.0,0.2796296296296296,0.2796296296296296,0.2111111111111111,0.0,0.2111111111111111,0.2111111111111111,72.0,0.0,72.0,72.0,94.9,0.0,94.9,94.9,0.8,0.4140393356054125,0,1,69.93333333333334,3.0110906108363245,64.0,73.0,2.205,0.5071981861166305,1.225,2.45,70.82252503918083,5.971908417841524,61.137726193021706,79.24320780270408,45.306572954157,1.807462603049022,41.54954012517974,46.92552390542919,0.0,0.0,0.0,0.0,0.1333333333333333,0.3518657752744983,0.0,1.0,0.0,0.0,0.0,0.0,0.0,0.0,0.0,0.0,0.1333333333333333,0.3518657752744983,0.0,1.0,52.86666666666667,2.713634006974694,48.7,58.5,user_001,15
2024-01-04 11:15:00,5.0,2.5634797778466227,1,10,14674.666666666666,24.91604952253837,14639,14712,6.594533333333334,0.1409609199472712,6.25,6.792,79.41282547583118,2.622928605876306,75.9355163208484,85.1353270614425,46.11302656264879,4.41947195330402,38.109158144443704,54.85426962200656,97.71333333333334,0.1696494986168588,97.34,98.02,33.39266666666666,0.0807276432267923,33.266,33.542,0.0,0.0,0,0,55.50261103431077,4.18911903148829,46.77989205024475,62.369635669576006,79.33333333333333,5.936168397046637,70,95,46.266666666666666,10.448080252007111,28.6,67.8,56.39333333333333,12.138160996664707,34.5,76.8,97.77333333333333,0.5933761354278064,96.5,98.7,33.391333333333336,0.4120309743326606,32.77,34.05,6.54,0.5836828884640308,5.71,7.63,79.50966052583811,1.7397237375802113,77.26812571740375,82.17982966653469,78.63688409639154,0.3903245205181511,77.88581776444798,79.26876259040206,-0.0397460712489305,2.1673294314051668,-3.141183791431672,4.932336469278752,50.25684836141202,0.0,50.25684836141202,50.25684836141202,3.677619923423797,0.8670756579757648,2.411627653980599,5.007464309426872,2.9225277866254604,1.0371428529664155,1.5265452073845425,4.680363053097201,45.64559924817873,0.2989010163323383,45.210471437462736,46.31305914489929,540.0,0.0,540.0,540.0,0.375,0.0,0.375,0.375,0.2796296296296296,0.0,0.2796296296296296,0.2796296296296296,0.2111111111111111,0.0,0.2111111111111111,0.2111111111111111,72.0,0.0,72.0,72.0,94.9,0.0,94.9,94.9,0.8666666666666667,0.6399404734221844,0,2,68.93333333333334,5.933761354278063,59.0,80.0,2.45,1.1341296222213757,1.225,4.9,72.43266135064583,5.6806548634250005,64.74317350932722,79.2072452349134,40.19390698986789,1.4794929049148626,38.5881111100099,42.67443009133256,0.0,0.0,0.0,0.0,0.0,0.0,0.0,0.0,0.0,0.0,0.0,0.0,0.0,0.0,0.0,0.0,0.0,0.0,0.0,0.0,52.879999999999995,2.751415220261333,47.1,56.3,user_001,15
2024-01-04 11:30:00,4.933333333333334,1.7511900715418265,2,9,14749.933333333332,22.735958513416453,14714,14786,6.604666666666668,0.118443878613259,6.454000000000001,6.828,79.21489205636769,1.8800726451864207,74.92553673239378,81.71579456161531,46.66561325642468,3.0276969741916377,43.043713098081646,54.12468406875687,97.45333333333332,0.1960563573008918,97.12,97.78,33.36533333333333,0.2290759907188208,32.942,33.844,0.0,0.0,0,0,55.33085468263928,5.52317043589663,44.97388289593783,63.55799093846883,79.53333333333333,6.057659456856098,68,90,47.02,9.484739622904032,33.7,67.4,54.486666666666665,13.41762522455694,28.6,82.5,97.44666666666669,0.736659125149931,96.0,98.3,33.382666666666665,0.5363962643241975,32.58,34.56,6.6979999999999995,0.6360390823571413,5.6,8.05,79.2401111320031,0.7564227493986019,78.39856479234392,80.61123204629936,79.567320509907,0.1939504384516526,79.25412148248249,79.87585899681564,0.1592206384828235,2.3468050402109264,-3.4627683661968973,4.750576329561596,50.25684836141202,0.0,50.25684836141202,50.25684836141202,3.5027673630935463,0.6187118374001266,2.4075165970137244,4.5596659887766124,2.951323459833307,0.768647801348734,1.93815959256078,4.533718494224422,45.41910325952957,0.4816764797779584,44.87860751123354,46.38931990953674,540.0,0.0,540.0,540.0,0.375,0.0,0.375,0.375,0.2796296296296296,0.0,0.2796296296296296,0.2796296296296296,0.2111111111111111,0.0,0.2111111111111111,0.2111111111111111,72.0,0.0,72.0,72.0,94.9,0.0,94.9,94.9,0.9333333333333332,0.4577377082170634,0,2,75.26666666666667,3.731462116089289,70.0,83.0,2.45,0.8019507466172721,1.225,4.9,70.72672886089995,1.8906832846067776,67.14872960651932,72.73872236959376,43.62151899736271,0.5831948372896041,42.71490942052211,44.44143271088729,0.0,0.0,0.0,0.0,0.0,0.0,0.0,0.0,0.0,0.0,0.0,0.0,0.0,0.0,0.0,0.0,0.0,0.0,0.0,0.0,53.13333333333333,1.328622630861785,51.0,55.3,user_001,15
2024-01-04 11:45:00,5.0,1.647508942095828,2,9,14826.666666666666,22.474323974154085,14790,14861,6.600266666666667,0.3309111807174389,6.090000000000001,7.045999999999999,80.89985179936724,3.0927103767067723,76.66615437372303,86.59361110397623,44.956178823598655,3.897007324981941,39.52260506427725,51.33034273470548,97.74133333333332,0.4011744662624373,97.16,98.42,33.348,0.1890457238719933,33.038,33.608,0.0,0.0,0,0,58.01591837897995,5.619548938479642,48.19129264320075,66.72042174578125,81.26666666666667,5.848890818738525,73,91,44.08,10.748634464765416,30.8,66.3,59.16,14.073673497501842,33.5,75.2,97.72666666666667,0.8672342463805478,96.0,99.3,33.342666666666666,0.4230580282161012,32.46,33.89,6.505333333333334,0.6258807128092913,5.12,7.36,80.16419245416441,2.5307995989103387,77.53798810712968,84.43426645532956,79.1453093562087,0.476573925081299,78.57497068271199,80.05737192786746,0.1834074336497176,1.9919235229476937,-3.53120370132541,3.054791672017828,50.25684836141202,0.0,50.25684836141202,50.25684836141202,4.005308112045891,0.7570468453358861,2.71247683793675,5.093118432134562,2.7228418171700848,0.6982371414944846,1.107832914266866,3.8665959259796296,46.894456515936675,0.5844393832036527,45.81089604001167,47.51892278644105,540.0,0.0,540.0,540.0,0.375,0.0,0.375,0.375,0.2796296296296296,0.0,0.2796296296296296,0.2796296296296296,0.2111111111111111,0.0,0.2111111111111111,0.2111111111111111,72.0,0.0,72.0,72.0,94.9,0.0,94.9,94.9,0.9333333333333332,0.4577377082170634,0,2,76.73333333333333,1.6676187756655818,74.0,79.0,2.45,0.8019507466172721,1.225,4.9,72.53316045631695,5.909544680286104,66.53169522167484,82.56242863491748,43.58005614352444,1.3731292175486811,40.5687617314941,44.746548332683815,0.1333333333333333,0.3518657752744983,0.0,1.0,0.0,0.0,0.0,0.0,0.0,0.0,0.0,0.0,0.0,0.0,0.0,0.0,0.1333333333333333,0.3518657752744983,0.0,1.0,51.78666666666666,3.5381324102386165,46.5,56.4,user_001,15
2024-01-04 12:00:00,5.933333333333334,2.433887738538802,3,12,14909.866666666669,26.893617582367973,14865,14950,6.6862666666666675,0.2385538174281097,6.236,7.034000000000001,79.68060219572322,1.6181409421650226,77.33104468780964,82.83330589708173,43.47079955760335,5.208117769180326,36.87929379458097,53.2708872525992,97.25466666666668,0.4597183402703767,96.52,97.82,33.43533333333333,0.2118404610842353,33.098,33.772000000000006,0.0,0.0,0,0,54.89060910261498,7.5187877001094,40.047176949690595,65.70071289424185,78.93333333333334,4.97804704487135,69,85,43.21333333333334,10.76395218619382,29.4,63.6,55.16,14.653268772334918,33.0,76.3,97.2,1.0494896719018187,95.3,100.0,33.486666666666665,0.502304214405497,32.52,34.42,6.703333333333333,0.5960425040772402,5.5,7.73,80.28758829121999,1.4369205297892609,78.81542024273196,84.02284430355306,80.07561932404296,0.141780696312488,79.88376071003144,80.38534049631785,-0.3736344311949447,1.9617921652963035,-4.165522343904826,2.3708789582645267,50.25684836141202,0.0,50.25684836141202,50.25684836141202,3.440524034369716,1.0313561772558184,1.4725982313974235,5.1617733702383966,3.512406034374166,1.729603162650586,0.6966082447539134,6.359969060791599,45.26076535769919,0.513619770276409,44.213489190601,45.84687947835624,540.0,0.0,540.0,540.0,0.375,0.0,0.375,0.375,0.2796296296296296,0.0,0.2796296296296296,0.2796296296296296,0.2111111111111111,0.0,0.2111111111111111,0.2111111111111111,72.0,0.0,72.0,72.0,94.9,0.0,94.9,94.9,1.2,0.560611910581388,0,2,83.2,5.374543169955405,74.0,90.0,3.021666666666667,1.2132772422932308,1.225,4.9,75.52662949106367,5.582313013404991,66.86087715579225,83.26594703672735,39.248726905891544,0.5257730791414172,38.37637658041683,39.970726570250896,0.0,0.0,0.0,0.0,0.0,0.0,0.0,0.0,0.0,0.0,0.0,0.0,0.0,0.0,0.0,0.0,0.0,0.0,0.0,0.0,51.24,2.275270784512722,48.2,55.8,user_001,15
2024-01-04 12:15:00,4.2,2.242447642325552,1,9,14979.133333333331,18.149642525667417,14951,15013,6.2401333333333335,0.2610106365283842,5.884,6.65,79.27648094539532,1.477939161244483,76.4302949184656,82.16162939627547,41.95913820008987,3.267434380905998,37.357047483372305,47.67990540320415,97.22933333333334,0.1900175430497638,96.84,97.52,33.58893333333334,0.1598604153033288,33.346,33.948,0.0,0.0,0,0,58.106197642724595,5.473323037480259,47.03134586071105,64.93470871985024,79.73333333333333,3.9182114481458186,73,88,42.79333333333333,8.673890762073322,23.7,55.8,56.28666666666666,9.900134679218596,38.9,68.9,97.24,0.7998214086371325,95.6,98.5,33.53333333333333,0.5231862092255588,32.61,34.52,6.262666666666666,0.6226953699920401,5.54,7.53,79.03838516014682,0.6293000422029627,78.16589713998609,80.48946557007847,80.09266916804258,0.3347054971364366,79.47854157055926,80.38819496525794,0.2284261939690083,1.4705914684840278,-2.2216244093223025,2.9191853018622567,50.25684836141202,0.0,50.25684836141202,50.25684836141202,3.1238950950159294,0.8232622077761027,1.7555965590168516,4.268263675693001,2.404051042590259,0.7505392899549113,1.4822510117901984,3.9106955119556392,42.72180270823392,0.6200448167120666,41.95140494916097,43.92454834928956,540.0,0.0,540.0,540.0,0.375,0.0,0.375,0.375,0.2796296296296296,0.0,0.2796296296296296,0.2796296296296296,0.2111111111111111,0.0,0.2111111111111111,0.2111111111111111,72.0,0.0,72.0,72.0,94.9,0.0,94.9,94.9,0.6,0.6324555320336759,0,2,69.26666666666667,9.88119907896279,58.0,87.0,2.0416666666666665,1.0002083116364644,1.225,4.9,77.00339941614439,1.413533237968002,74.11768600881713,78.8166247836148,38.707388707837126,1.2137522300075465,37.222022091148425,40.5952383945241,0.0,0.0,0.0,0.0,0.0,0.0,0.0,0.0,0.0,0.0,0.0,0.0,0.0,0.0,0.0,0.0,0.0,0.0,0.0,0.0,50.873333333333335,0.8875863472415078,48.9,52.1,user_001,15
2024-01-04 12:30:00,4.6,1.9566735620873064,1,8,15047.466666666667,21.784223212049152,15015,15082,6.588133333333333,0.1444070965147122,6.354,6.903999999999999,79.73228580134723,1.4601047628258823,77.32283166167575,83.10515943257509,45.53211132624066,4.476325508626329,35.80685197122699,52.966900787952454,97.31733333333334,0.1895659201840763,97.1,97.74,33.626,0.121297744649862,33.398,33.903999999999996,0.0,0.0,0,0,56.178958953297986,4.932292318085296,45.01203842407247,65.46045371292685,79.6,4.339190181194116,72,87,46.57333333333334,10.766446997611656,14.5,67.2,55.24,11.329531575236716,33.7,82.8,97.32,0.6026133562599324,96.0,98.3,33.63733333333333,0.3898070340688113,32.93,34.37,6.502,0.5721288566148613,5.6,7.45,79.94390380105334,0.9023380617170405,78.60931233844653,81.23438133485192,79.40544331518062,0.0966046079825695,79.2309464936202,79.54891124153815,-0.0661429006736208,1.6796026828538844,-2.701719810858364,1.9601541114353864,50.25684836141202,0.0,50.25684836141202,50.25684836141202,3.1899043945086665,1.6500691772889835,0.841367237926857,5.4387377650925774,2.814598644867876,1.849650139152068,0.6520747754162683,5.632411939184323,42.92946810431307,0.5002052509081262,42.261100817929325,43.74562476316526,540.0,0.0,540.0,540.0,0.375,0.0,0.375,0.375,0.2796296296296296,0.0,0.2796296296296296,0.2796296296296296,0.2111111111111111,0.0,0.2111111111111111,0.2111111111111111,72.0,0.0,72.0,72.0,94.9,0.0,94.9,94.9,0.8666666666666667,0.5163977794943222,0,2,68.33333333333333,4.775931721614521,60.0,77.0,2.3683333333333336,0.862071149422521,1.225,4.9,73.45100621149774,3.021589503931626,69.32950741991715,78.85493418838509,40.570437062513086,0.7084997921791004,39.12123948820227,41.904616044989034,0.0,0.0,0.0,0.0,0.0,0.0,0.0,0.0,0.0,0.0,0.0,0.0,0.0,0.0,0.0,0.0,0.0,0.0,0.0,0.0,52.00666666666667,1.8759632446394308,49.0,54.7,user_001,15
2024-01-04 12:45:00,4.733333333333333,1.791514389985135,3,9,15115.933333333332,21.11352534232333,15085,15153,6.641066666666666,0.216627219852336,6.3100000000000005,7.022,79.29148418583185,2.405265624156669,75.17747311308415,83.71979451808615,47.06139984441126,4.82539060812746,38.07690439845308,51.91126719196831,97.344,0.2773548526449715,96.88,97.7,33.43866666666666,0.2064677998646595,33.089999999999996,33.772000000000006,0.0,0.0,0,0,51.8097251630605,5.5012043987233366,44.03535042406122,61.794461491275605,79.06666666666666,5.548058433447901,70,91,45.60666666666667,9.425911601739616,25.7,58.3,53.0,10.45828448100903,32.8,73.1,97.41333333333334,0.8517768543015278,96.0,99.5,33.440666666666665,0.4601159274211949,32.56,34.38,6.664,0.7767404420304855,5.88,8.45,79.4462895401315,1.5620513990275515,77.3191490381153,81.88843201228214,79.82788867285977,0.1593176092912915,79.51188499358953,80.08466502584861,-0.1124087595825898,2.038878167971781,-3.199657252219666,4.274175628971946,50.25684836141202,0.0,50.25684836141202,50.25684836141202,3.348913982567339,0.728494349321633,1.9503488010136625,4.301770168239038,3.1512693949836046,1.2409922363716408,1.143312809312014,5.2884203318743594,45.86362700148969,0.9894151713571658,44.15152761988796,47.10711681737933,540.0,0.0,540.0,540.0,0.375,0.0,0.375,0.375,0.2796296296296296,0.0,0.2796296296296296,0.2796296296296296,0.2111111111111111,0.0,0.2111111111111111,0.2111111111111111,72.0,0.0,72.0,72.0,94.9,0.0,94.9,94.9,0.7333333333333333,0.5936168397046636,0,2,68.46666666666667,2.3563490726929563,66.0,73.0,2.205,0.9488809198208172,1.225,4.9,68.82358028619977,3.781884059749571,63.85835845890893,76.39950002017292,43.743342106360515,1.5202504893784117,41.67651794974872,45.73849963002608,0.0666666666666666,0.2581988897471611,0.0,1.0,0.0,0.0,0.0,0.0,0.0,0.0,0.0,0.0,0.0,0.0,0.0,0.0,0.0666666666666666,0.2581988897471611,0.0,1.0,53.3,1.8213025166464931,50.5,56.9,user_001,15
2024-01-04 13:00:00,4.8,2.1111946516469904,1,9,15194.8,21.20377324911819,15157,15225,6.7492,0.1862268969371958,6.3839999999999995,7.0,79.30813135479944,1.5788372398095565,76.9405833925873,82.27869137558142,44.01208566502208,4.67455910581106,38.64621839665389,53.62295880120545,97.536,0.3055860879406322,96.98,98.06,33.70973333333333,0.2929376985607989,33.278,34.178000000000004,0.0,0.0,0,0,54.29747602616305,6.553488082431355,40.06806638601561,64.38250411880603,79.26666666666667,4.682286783592981,72,92,44.666666666666664,9.414249584438222,31.9,64.1,53.68,14.375733521657748,15.5,75.8,97.50666666666666,0.6627504019146988,96.3,98.9,33.665333333333336,0.515445253663091,32.86,34.65,6.754666666666667,0.6082981724998576,5.49,7.71,79.20602978161689,0.7027031929585408,77.70257275464401,80.25274278336686,79.54605474088096,0.1969869815325248,79.26569350388964,79.82386004516194,-0.0207323440663922,1.7951361682978924,-3.061931416795872,4.860654312209292,50.25684836141202,0.0,50.25684836141202,50.25684836141202,2.9483035109322326,0.4800192136604304,2.218213747630722,3.8825702239927824,2.5135277702738614,1.017207813286958,1.3619604123572568,4.526302425742272,45.578446155192346,0.2327767218096352,45.330161126963034,46.16561483466175,540.0,0.0,540.0,540.0,0.375,0.0,0.375,0.375,0.2796296296296296,0.0,0.2796296296296296,0.2796296296296296,0.2111111111111111,0.0,0.2111111111111111,0.2111111111111111,72.0,0.0,72.0,72.0,94.9,0.0,94.9,94.9,0.8,0.560611910581388,0,2,78.86666666666666,3.7391111752597546,72.0,84.0,2.286666666666667,0.9104486073725782,1.225,4.9,75.23747918525649,3.705300851638352,67.48975159139152,78.3785108966737,40.405072485448336,1.647922384769417,38.3134723301356,43.21590641402077,0.0,0.0,0.0,0.0,0.0,0.0,0.0,0.0,0.0,0.0,0.0,0.0,0.0,0.0,0.0,0.0,0.0,0.0,0.0,0.0,51.85333333333333,1.7828014338060605,49.8,55.3,user_001,15
2024-01-04 13:15:00,4.866666666666666,2.7996598432836866,1,10,15265.133333333331,20.90408936980902,15230,15298,6.447466666666667,0.2552650909675402,5.992,6.782000000000001,78.48420816871747,1.3902631868324975,76.65196819510733,81.92558898773089,45.99872814166761,5.21091386217247,39.66869817376999,54.725335203398,97.636,0.425286458082752,96.58,98.06,33.54346666666667,0.2896593730245062,33.086,34.071999999999996,0.0,0.0,0,0,54.427535059482835,5.283184557417666,45.10356866884259,62.010802578796294,78.6,4.084815085865491,71,87,45.626666666666665,10.634409558911422,28.9,61.9,55.63333333333333,11.22813218576235,33.1,72.0,97.64,0.7632636691022529,96.1,99.0,33.59866666666667,0.5419655585613051,32.74,35.0,6.474,0.8011580903381589,4.71,7.6,78.53626571165903,0.8618923748128936,77.30869605093137,79.81186143271033,78.95381840114096,0.1000417813376221,78.83290627926816,79.15542740243265,0.0578959156412613,1.5672488803422928,-2.983464219495758,2.537205506134555,50.25684836141202,0.0,50.25684836141202,50.25684836141202,3.599482775082712,0.7310630437949404,1.4100646038951947,4.460517295103871,2.996275116429445,1.0071765720171209,1.6743400520188954,5.2798329879360475,45.34773366907179,0.4477011181500231,44.66028911484996,46.02902236550453,540.0,0.0,540.0,540.0,0.375,0.0,0.375,0.375,0.2796296296296296,0.0,0.2796296296296296,0.2796296296296296,0.2111111111111111,0.0,0.2111111111111111,0.2111111111111111,72.0,0.0,72.0,72.0,94.9,0.0,94.9,94.9,0.8666666666666667,0.7432233529572065,0,2,70.33333333333333,1.8771812708978133,67.0,73.0,2.5316666666666667,1.3472348223923944,1.225,4.9,69.40734853652583,4.620033430790458,63.887683691731034,76.01573534785297,44.09983768023043,1.312901019587733,41.2958360283661,45.58723102011652,0.0,0.0,0.0,0.0,0.0,0.0,0.0,0.0,0.0,0.0,0.0,0.0,0.0,0.0,0.0,0.0,0.0,0.0,0.0,0.0,53.72,1.7893334752678969,51.2,57.0,user_001,15
2024-01-04 13:30:00,5.066666666666666,1.944467120049187,2,8,15338.4,23.67276916628013,15306,15374,6.585333333333334,0.2747785255350899,6.194,7.12,79.40387878091383,1.284288052995726,77.29223569455856,80.92192310015972,41.4490186049534,3.4129241716355527,35.29179643219052,45.9272194379645,97.85733333333334,0.3560791779259019,97.4,98.54,33.3276,0.1708185336214138,33.024,33.614,0.0,0.0,0,0,57.617124062166944,4.248656762870725,50.7769437081755,63.53741628395767,79.66666666666667,3.7352886036263606,71,84,41.17333333333333,8.923761752171771,27.2,60.1,57.49333333333333,14.546745667805205,37.3,86.2,97.86,0.6631095578517016,97.0,99.6,33.330666666666666,0.3712232032977823,32.52,33.93,6.5906666666666665,0.7335283290533565,4.65,7.54,79.21189695132689,0.5045176527152352,78.67218109626545,80.21398504920947,78.87583906048125,0.0570111073295779,78.77410360962855,78.94591347021469,0.13139394287642,1.4122133802361465,-3.2971861041654904,1.7128365123203224,50.25684836141202,0.0,50.25684836141202,50.25684836141202,3.2993764273100177,0.7826989030132215,1.9075849610442992,4.47786856310973,2.708623975693718,1.0368124978119595,1.1663681385361582,4.234166978844837,44.89531558178235,0.5607032043145728,43.72387337331051,45.44045074633972,540.0,0.0,540.0,540.0,0.375,0.0,0.375,0.375,0.2796296296296296,0.0,0.2796296296296296,0.2796296296296296,0.2111111111111111,0.0,0.2111111111111111,0.2111111111111111,72.0,0.0,72.0,72.0,94.9,0.0,94.9,94.9,0.9333333333333332,0.7037315505489968,0,2,73.26666666666667,4.682286783592984,67.0,82.0,2.6133333333333337,1.298621063538809,1.225,4.9,76.87691981724625,2.1516824738197013,74.3860617349064,80.63484611942606,39.645865306734905,1.5725881445347647,38.17328109553695,42.683007485514274,0.0,0.0,0.0,0.0,0.0,0.0,0.0,0.0,0.0,0.0,0.0,0.0,0.0,0.0,0.0,0.0,0.0,0.0,0.0,0.0,51.28666666666666,0.9620414801471951,48.7,52.8,user_001,15
2024-01-04 13:45:00,5.0,2.171240593367238,2,10,15413.2,21.95514908691343,15381,15449,6.829733333333333,0.1879450780971729,6.351999999999999,7.056,80.39419012889923,1.7786340747986569,77.98799385687418,83.92236855018494,44.747556847011445,3.42650819758728,37.25895949668655,50.62206598798637,97.24266666666668,0.2690583225852397,96.72,97.84,33.5488,0.1701743643611253,33.28000000000001,33.827999999999996,0.0,0.0,0,0,54.326331818486416,4.618483978018018,45.71139140682592,64.38803826334332,80.13333333333334,5.591660457025861,73,94,45.75333333333334,9.198902626064127,25.9,66.4,53.78,11.823535850159208,24.8,77.8,97.25333333333332,0.6621034302742648,96.1,98.3,33.528666666666666,0.2953416101172797,33.09,34.07,6.846666666666667,0.7063555020229512,5.88,8.31,80.30634313163837,0.6011520977681342,79.18037057666918,81.37562604438773,79.40822342487677,0.3591991672351544,78.88588942463676,79.89903445490653,-0.1304283977829461,2.153093330491042,-2.9827485667077696,5.038815724907522,50.25684836141202,0.0,50.25684836141202,50.25684836141202,3.215327915021009,1.0894515413514358,1.2006457520088043,4.178866695620484,2.3771141114419945,0.8868903330662876,1.054398738969106,3.3101065790936004,42.44563364186597,0.4791863834022598,41.90743139389594,43.46813780442923,540.0,0.0,540.0,540.0,0.375,0.0,0.375,0.375,0.2796296296296296,0.0,0.2796296296296296,0.2796296296296296,0.2111111111111111,0.0,0.2111111111111111,0.2111111111111111,72.0,0.0,72.0,72.0,94.9,0.0,94.9,94.9,0.9333333333333332,0.5936168397046636,0,2,74.8,3.0519314727375058,70.0,79.0,2.5316666666666667,1.0825509995684577,1.225,4.9,75.10173733164835,2.485585256461853,70.60749279287423,78.23725663338443,38.70403753002266,1.0557880551135064,37.62501751886994,40.70984005697789,0.1333333333333333,0.3518657752744983,0.0,1.0,0.0,0.0,0.0,0.0,0.0,0.0,0.0,0.0,0.0,0.0,0.0,0.0,0.1333333333333333,0.3518657752744983,0.0,1.0,51.11333333333334,1.3876324475608846,48.4,53.8,user_001,15
2024-01-04 14:00:00,5.0,2.563479777846623,0,11,15482.933333333332,21.61503004415007,15454,15524,6.3974666666666655,0.1398457653818595,6.1659999999999995,6.638,76.38465278845352,1.638571629238058,74.12090183002103,79.30561291706255,45.02922285180069,3.2749543265383796,39.84473555998783,49.49771668968063,97.17866666666669,0.2825866912917861,96.86,97.66,33.327466666666666,0.2670317976428653,33.00599999999999,33.782000000000004,0.0,0.0,0,0,55.52346783493879,5.3680894565069,47.035939942914375,63.25069596100403,76.0,4.123105625617662,67,82,44.46666666666667,10.437751992966048,20.7,58.6,55.48,12.293563937512758,35.7,82.2,97.18,0.8239278747907137,95.7,98.2,33.34066666666667,0.4575629022591418,32.83,34.23,6.3340000000000005,0.5409356972611703,5.37,7.4,77.15618839621287,1.5694369351555042,74.90637857668047,80.53933245958896,79.19017062171957,0.4088835005569226,78.38942145867638,79.8771340810488,-0.1923263942267671,1.590290851347197,-3.9923326963145622,1.959699389992991,50.25684836141202,0.0,50.25684836141202,50.25684836141202,3.6906233737912766,1.3085089571799609,1.8272602051918887,5.921253391930117,3.0007709650025007,1.0644513222482122,1.0867924364577572,4.863624022002934,43.694875272432405,0.8402369524542994,42.68618055102101,44.88838984940607,540.0,0.0,540.0,540.0,0.375,0.0,0.375,0.375,0.2796296296296296,0.0,0.2796296296296296,0.2796296296296296,0.2111111111111111,0.0,0.2111111111111111,0.2111111111111111,72.0,0.0,72.0,72.0,94.9,0.0,94.9,94.9,1.0,0.5345224838248488,0,2,69.73333333333333,3.3904628143128344,63.0,75.0,2.6133333333333337,1.02141650009517,1.225,4.9,69.8090934620359,2.7921360714179655,66.07857876423869,73.81597569038411,42.32557519103221,1.0989364220249969,40.59626711931976,43.816575564585115,0.0666666666666666,0.2581988897471611,0.0,1.0,0.0,0.0,0.0,0.0,0.0,0.0,0.0,0.0,0.0,0.0,0.0,0.0,0.0666666666666666,0.2581988897471611,0.0,1.0,54.193333333333335,1.7962129473926405,51.1,57.5,user_001,15
2024-01-04 14:15:00,5.2,1.7808505191139912,2,9,15563.8,22.86357052480735,15530,15602,6.347333333333333,0.2717505859283121,5.9159999999999995,6.787999999999999,76.5453694395844,1.6021874550249884,73.72758554667082,79.38706748000935,43.30499415746959,3.3700064999618067,34.18754998819666,48.20572181524556,97.50933333333334,0.2842400058971018,97.02,97.96,33.778533333333336,0.1247545399498386,33.489999999999995,33.94199999999999,0.0,0.0,0,0,56.08842311548064,3.8452054069412354,49.375227395917705,63.7926599691608,76.93333333333334,5.548058433447903,68,86,42.93333333333333,7.994879313541589,24.3,55.0,56.65333333333333,10.656712617384583,31.8,72.2,97.46666666666668,0.7916228058025273,95.8,98.6,33.782000000000004,0.4415103946357645,32.79,34.35,6.396,0.733784709570866,5.04,7.95,76.26674523023719,0.4663774031462058,75.52474209962357,77.11844210359216,77.33436582373209,0.6084940449425937,76.46418333769512,78.34850319467314,0.1939819468744654,2.133471207582733,-3.694273883550352,3.5048347884344935,50.25684836141202,0.0,50.25684836141202,50.25684836141202,2.9488563494075035,1.2446327926197538,0.5558038048436904,4.674439178864773,2.598957703386416,1.6189745953902988,0.3999455576548289,5.565478617449929,44.91550417930279,0.389202542397323,44.16710850463514,45.47482597848351,540.0,0.0,540.0,540.0,0.375,0.0,0.375,0.375,0.2796296296296296,0.0,0.2796296296296296,0.2796296296296296,0.2111111111111111,0.0,0.2111111111111111,0.2111111111111111,72.0,0.0,72.0,72.0,94.9,0.0,94.9,94.9,0.9333333333333332,0.4577377082170634,0,2,80.86666666666666,2.4746332099544626,76.0,84.0,2.45,0.8019507466172721,1.225,4.9,70.90196072295612,2.9251312574572585,66.76703933488132,75.53887058296125,43.53360044218073,1.0333249971056109,41.92247285384389,44.97603165078136,0.0,0.0,0.0,0.0,0.0666666666666666,0.2581988897471611,0.0,1.0,0.0,0.0,0.0,0.0,0.0,0.0,0.0,0.0,0.0666666666666666,0.2581988897471611,0.0,1.0,53.86,1.5022839754377812,51.5,57.1,user_001,15
2024-01-04 14:30:00,4.066666666666666,1.6242214252050853,1,7,15636.733333333334,17.878425412716755,15605,15663,6.405600000000001,0.2027753154884207,6.132,6.952,77.08319508929353,1.798139397937259,74.06457026148227,81.86636725342949,44.41405930513629,2.8279297715893517,40.731321779570045,50.160161968122715,97.29733333333334,0.3712424442072243,96.72,97.8,33.5352,0.2272918828291042,33.112,33.842,0.0,0.0,0,0,54.81092613084152,4.227613353419744,47.90767609227701,60.29755602493872,77.46666666666667,4.983783225431784,68,89,44.29333333333333,12.055316945923348,23.6,65.7,54.48,16.861587791698113,27.0,83.3,97.31333333333332,0.7140094703920413,96.2,99.0,33.556666666666665,0.4919591543246342,32.81,34.54,6.4126666666666665,0.6250996111097208,5.34,7.2,76.80026038134503,0.687857213776762,75.61635635845126,78.13504363092026,76.43565273549956,0.1635507506366674,76.22205891837513,76.81428226443897,0.1917357886865659,1.7690495137329234,-3.03228513074113,3.5668163732852634,50.25684836141202,0.0,50.25684836141202,50.25684836141202,4.313441730543449,1.3694152187106745,2.0093672153366966,6.452542301610562,2.6814252731821964,0.7536394895392886,1.2281140702148707,3.764283181628677,44.45501090311096,0.3280308190643085,43.85952673130294,44.98879618168034,540.0,0.0,540.0,540.0,0.375,0.0,0.375,0.375,0.2796296296296296,0.0,0.2796296296296296,0.2796296296296296,0.2111111111111111,0.0,0.2111111111111111,0.2111111111111111,72.0,0.0,72.0,72.0,94.9,0.0,94.9,94.9,0.6,0.50709255283711,0,1,72.93333333333334,6.2958792267716825,61.0,82.0,1.96,0.6211883772254597,1.225,2.45,70.38519060846215,1.3833259984446522,67.89378914333044,73.41326235723474,42.65569743635589,0.5590295908239653,41.54535640618643,43.36599862598903,0.0666666666666666,0.2581988897471611,0.0,1.0,0.0,0.0,0.0,0.0,0.0,0.0,0.0,0.0,0.0,0.0,0.0,0.0,0.0666666666666666,0.2581988897471611,0.0,1.0,53.67333333333333,1.444431013368569,50.4,57.3,user_001,15
2024-01-04 14:45:00,4.333333333333333,2.5260547066428276,1,11,15693.6,20.48274535170719,15665,15728,6.350666666666667,0.2686396063413545,6.054,6.918000000000001,77.94848192525646,2.0776977935743837,74.752752814006,82.27394100152422,48.78216520895824,4.368839426749019,41.22840451418207,55.88276492781457,97.72933333333334,0.1105484164561007,97.54,97.98,33.3672,0.1425498409078639,33.089999999999996,33.668,0.0,0.0,0,0,51.669019085155554,4.767422407438394,42.75553844440819,59.8161390650125,77.0,3.605551275463992,71,83,49.266666666666666,10.569340205564034,35.4,69.3,51.38,13.836917493223906,26.6,72.5,97.74666666666668,0.4389381125701737,97.0,98.6,33.342666666666666,0.4457652596004595,32.7,34.16,6.287333333333334,0.623245728501398,5.17,7.43,78.35162107786392,1.4387196949910523,76.8446650581228,80.84001292768008,77.40645916762186,0.1967155086966358,76.89841039851487,77.65709109424583,-0.4742409626282324,1.2203217440956804,-2.616431333672054,0.9393999889814636,50.25684836141202,0.0,50.25684836141202,50.25684836141202,3.5622780254767075,1.2257071012304914,1.7421082377906012,5.309228552008407,2.773053681065825,0.860427159228973,1.1513609711221444,4.272600639637257,44.98774415212298,1.1815860041114257,43.51689680927494,46.59811225704728,540.0,0.0,540.0,540.0,0.375,0.0,0.375,0.375,0.2796296296296296,0.0,0.2796296296296296,0.2796296296296296,0.2111111111111111,0.0,0.2111111111111111,0.2111111111111111,72.0,0.0,72.0,72.0,94.9,0.0,94.9,94.9,0.6666666666666666,0.6172133998483678,0,2,56.86666666666667,5.841558826529914,47.0,65.0,2.1233333333333335,0.9785405799795256,1.225,4.9,67.96046594381687,6.108015347705941,61.60349908238163,76.80383693979397,43.24442333114592,1.6902716724015443,41.369307402570854,46.20915908518607,0.0666666666666666,0.2581988897471611,0.0,1.0,0.0,0.0,0.0,0.0,0.0,0.0,0.0,0.0,0.0,0.0,0.0,0.0,0.0666666666666666,0.2581988897471611,0.0,1.0,54.88,2.541990221404137,49.7,57.4,user_001,15
2024-01-04 15:00:00,4.866666666666666,2.587515815456612,0,12,15764.333333333334,22.758567199021417,15734,15801,6.5268,0.2641793762903205,5.974,6.912000000000001,76.77448742186844,1.6679365537715067,73.95116104968021,79.77949182183771,48.18828847495031,2.977503041950581,43.31511405981522,54.43614193708991,97.46533333333332,0.4809791600277043,96.76,98.16,33.33826666666667,0.121304496834952,33.141999999999996,33.54600000000001,0.0,0.0,0,0,54.54500784605981,4.742073880687459,44.17335156067968,62.24634227594087,76.93333333333334,5.750362307426087,70,90,48.72,7.872302259005486,39.2,66.0,54.333333333333336,11.666414963271198,24.9,70.1,97.46666666666668,0.810349718742882,95.8,98.4,33.32266666666666,0.4557954846304694,32.39,33.97,6.556,0.6522138124440919,5.13,7.47,76.78771057517802,0.6333619159348597,75.87118726853153,77.85262652448753,77.51835828893945,0.0923269382069715,77.34304628950288,77.68251077327331,0.0794229557324418,2.264087238388215,-3.10025801104004,5.3496129834399255,50.25684836141202,0.0,50.25684836141202,50.25684836141202,2.956005732748861,0.6727465737288125,1.9839557024000536,4.406721274386349,2.7380926440095226,1.0672512973762995,1.736679487107495,5.156477188966909,47.249051388679064,0.6253119048321224,46.41763039358707,48.48522684195427,540.0,0.0,540.0,540.0,0.375,0.0,0.375,0.375,0.2796296296296296,0.0,0.2796296296296296,0.2796296296296296,0.2111111111111111,0.0,0.2111111111111111,0.2111111111111111,72.0,0.0,72.0,72.0,94.9,0.0,94.9,94.9,0.8,0.5606119105813882,0,2,70.73333333333333,3.918211448145811,65.0,79.0,2.286666666666667,0.910448607372578,1.225,4.9,66.55263360276075,1.5283444180361891,64.36896126654554,69.40654545909915,46.824437774547974,0.733290105427135,45.58450109651366,47.72526490823682,0.0,0.0,0.0,0.0,0.0,0.0,0.0,0.0,0.0,0.0,0.0,0.0,0.0,0.0,0.0,0.0,0.0,0.0,0.0,0.0,55.36,1.612362950986621,52.4,57.5,user_001,15
2024-01-04 15:15:00,4.4,2.1974010622941433,1,8,15839.333333333334,18.726095873583127,15807,15867,5.911066666666667,0.1407264147540319,5.664,6.151999999999999,76.19903534142632,1.575544733643492,72.51549720091396,78.96273143332841,47.74728042189883,3.576694902688592,41.58385654503136,54.83077375922128,97.416,0.2176760371351398,96.96,97.76,33.37573333333333,0.1740129168714065,33.11,33.678,0.0,0.0,0,0,51.14081662552879,5.778831425878026,39.547927141474865,59.233007715689816,76.13333333333334,4.940599539481398,67,85,47.50666666666667,8.694125000470692,36.2,66.6,51.193333333333335,11.7027754135911,29.0,69.0,97.44,0.7139427748176232,96.4,98.7,33.35466666666667,0.5420314522590868,32.46,34.57,5.9399999999999995,0.5394044334793168,4.62,7.06,76.4032890463453,0.5843385085110017,74.96538838551581,77.16329958625258,76.82774088336646,0.2123891962729431,76.46347540580443,77.2632120045972,-0.0328510040465024,1.908502427820638,-3.654243811109467,3.0186342833357855,50.25684836141202,0.0,50.25684836141202,50.25684836141202,2.852899895010937,0.8485179076938377,1.7463707073714183,4.141241564533583,2.8874978809619924,1.209687490029549,1.221781959915203,5.147302915749109,48.50965898580396,0.3307353649658594,47.895010005970185,48.91639711494263,540.0,0.0,540.0,540.0,0.375,0.0,0.375,0.375,0.2796296296296296,0.0,0.2796296296296296,0.2796296296296296,0.2111111111111111,0.0,0.2111111111111111,0.2111111111111111,72.0,0.0,72.0,72.0,94.9,0.0,94.9,94.9,0.7333333333333333,0.7037315505489968,0,2,75.0,5.644213218610974,66.0,84.0,2.286666666666667,1.213277242293231,1.225,4.9,65.20555160760247,2.36300792452909,62.08837649295926,68.66834028604873,46.58194219739013,0.5645406943448623,45.79501745164854,47.61181483811209,0.0,0.0,0.0,0.0,0.0,0.0,0.0,0.0,0.0,0.0,0.0,0.0,0.0,0.0,0.0,0.0,0.0,0.0,0.0,0.0,55.75333333333333,1.048718038277937,54.1,57.4,user_001,15
2024-01-04 15:30:00,4.933333333333334,2.9390636669006067,0,12,15911.333333333334,23.11977096607561,15870,15941,6.240399999999999,0.1340856868892851,6.03,6.601999999999999,73.38333588219656,2.4398506822600745,69.81456495603918,77.576312972821,44.45785012741375,4.219381749768562,37.05672184955145,50.28304261162663,97.73066666666666,0.2235897603925111,97.42,98.18,33.46,0.2097944572330587,33.267999999999994,33.864,0.0,0.0,0,0,52.310778779121314,4.874265167374921,44.63526866081381,63.10975657656024,73.66666666666667,5.273473599964618,67,85,44.026666666666664,9.117366996692684,28.6,57.1,52.05333333333333,12.64819957072754,32.1,77.6,97.68666666666668,0.6209056365695305,96.5,98.7,33.52133333333333,0.587365384780285,32.36,34.73,6.234,0.497792268780003,5.58,7.29,73.15271505596006,1.6024107591924257,70.82341507155334,76.12002546581539,75.38607676931147,0.5920518356070261,74.72183429324241,76.34672980998715,0.1416653922350605,1.8217670802999153,-1.9725281416354363,5.061811681320279,50.25684836141202,0.0,50.25684836141202,50.25684836141202,3.19756210168746,0.4823716177076871,2.5610872604410835,4.061029695048778,2.886904624146883,0.9915647719783728,1.4126355303091136,4.888490382901318,46.78491811205799,0.6277875888895498,46.10256527465629,48.09407852117193,540.0,0.0,540.0,540.0,0.375,0.0,0.375,0.375,0.2796296296296296,0.0,0.2796296296296296,0.2796296296296296,0.2111111111111111,0.0,0.2111111111111111,0.2111111111111111,72.0,0.0,72.0,72.0,94.9,0.0,94.9,94.9,0.8,0.6761234037828132,0,2,72.0,5.794085654478071,58.0,79.0,2.3683333333333336,1.1774088782859873,1.225,4.9,66.75271608904714,2.548579750542877,63.29926667259899,70.7013662968443,45.47054111364291,0.5130747607731269,44.801509692308834,46.51187849708546,0.0,0.0,0.0,0.0,0.1333333333333333,0.3518657752744983,0.0,1.0,0.0,0.0,0.0,0.0,0.0,0.0,0.0,0.0,0.1333333333333333,0.3518657752744983,0.0,1.0,56.7,1.187434208703791,54.8,59.0,user_001,15
2024-01-04 15:45:00,4.8,2.0770858707058104,1,9,15981.0,21.404271936763013,15947,16013,6.3148,0.2357332633053118,5.8740000000000006,6.6579999999999995,75.57423008480863,2.4069561685396117,71.9043810051344,80.88969732991362,43.46349091023507,2.829065798644945,36.645846580988014,47.02815480722305,97.292,0.2958571083672425,96.94,97.98,33.458533333333335,0.2184915384653422,33.028000000000006,33.75600000000001,0.0,0.0,0,0,58.31618284693746,3.874488791427843,50.71477566922001,66.39093047339533,75.0,6.082762530298219,68,88,42.440000000000005,10.020250923576146,17.9,60.2,60.57333333333334,13.476777204121309,37.1,84.5,97.3,0.6222080497252137,96.4,99.0,33.440666666666665,0.4566565866110297,32.62,34.11,6.355333333333333,0.6389038231518851,5.07,7.38,76.0528651820161,1.150680164922835,73.72353660069464,77.76935606152509,74.6305425726634,0.0957702838292348,74.46893527947037,74.74530408812583,-0.287115042404316,2.2672952524759693,-3.963232443304534,3.555151335043192,50.25684836141202,0.0,50.25684836141202,50.25684836141202,3.0256296384883328,1.189914182372914,1.2782135831631247,5.036075426655496,2.451965699859393,1.197937708556813,0.765920191596829,4.160088875496431,44.974919300777586,0.6859886009769711,43.96067051882441,45.85615462754864,540.0,0.0,540.0,540.0,0.375,0.0,0.375,0.375,0.2796296296296296,0.0,0.2796296296296296,0.2796296296296296,0.2111111111111111,0.0,0.2111111111111111,0.2111111111111111,72.0,0.0,72.0,72.0,94.9,0.0,94.9,94.9,0.8,0.5606119105813882,0,2,69.66666666666667,5.97215762238964,61.0,83.0,2.286666666666667,0.9104486073725782,1.225,4.9,70.060916379559,1.656471363637469,66.98643444677134,72.56676262048393,44.1416232185832,0.9377464645264776,42.727450790800575,45.48040958676245,0.0,0.0,0.0,0.0,0.0666666666666666,0.2581988897471611,0.0,1.0,0.0,0.0,0.0,0.0,0.0,0.0,0.0,0.0,0.0666666666666666,0.2581988897471611,0.0,1.0,54.3,1.5770678035971877,51.5,57.1,user_001,15
2024-01-04 16:00:00,5.133333333333334,2.294921930407801,1,8,16052.4,24.62519035459436,16014,16090,6.048,0.1436463912330748,5.866,6.272,73.74364042070144,1.7487016514829423,70.28842627224334,76.34002796204199,45.78360092166927,2.924239554028757,39.77988925405421,49.752265991306274,97.52266666666668,0.3819399105070002,96.88,98.16,33.482,0.1681292020186535,33.152,33.88000000000001,0.0,0.0,0,0,52.375232817816375,3.4761601038956824,47.4066245890891,58.82728698226356,73.73333333333333,5.243590191389683,65,80,47.013333333333335,7.670152416688869,30.6,57.4,50.526666666666664,8.221441189845928,37.5,66.9,97.53333333333332,0.7267016155859555,96.6,99.6,33.488,0.6161307838901943,32.39,34.45,6.039333333333333,0.393980903573958,5.27,6.59,73.80551827626668,0.7410658188625856,72.45490515586428,74.71454916659047,74.82264636409967,0.267624594173069,74.41279243711226,75.13953853007942,-0.0051535436840462,2.017667787582813,-3.466319704182496,2.903857909252224,50.25684836141202,0.0,50.25684836141202,50.25684836141202,3.4031509015758377,1.4644236445117544,1.4153010146632088,5.637495130484611,2.8673880942228274,1.2589416659505228,1.114030044434988,5.346861025255161,44.806949947049624,0.5250038717268027,43.79266923477183,45.46695269889268,540.0,0.0,540.0,540.0,0.375,0.0,0.375,0.375,0.2796296296296296,0.0,0.2796296296296296,0.2796296296296296,0.2111111111111111,0.0,0.2111111111111111,0.2111111111111111,72.0,0.0,72.0,72.0,94.9,0.0,94.9,94.9,0.9333333333333332,0.7037315505489968,0,2,71.4,3.5415896350166207,66.0,77.0,2.6133333333333337,1.298621063538809,1.225,4.9,65.9686183134792,1.8155522719277584,63.61830030251927,68.46292868568283,44.89111733094038,1.091428945332242,42.91054440613657,46.17533088429477,0.0,0.0,0.0,0.0,0.0,0.0,0.0,0.0,0.0,0.0,0.0,0.0,0.0,0.0,0.0,0.0,0.0,0.0,0.0,0.0,56.67333333333333,0.9414780679234916,55.3,58.8,user_001,15
2024-01-04 16:15:00,5.733333333333333,2.491891612715892,2,12,16136.8,23.040957321381295,16102,16176,6.129333333333333,0.3146441678800867,5.5840000000000005,6.628,72.59913748663729,1.415105923423544,69.19875303171588,74.25618722306164,47.421716164281214,3.910323954127908,42.27922644564569,54.13100924387104,97.43733333333331,0.2078277675200836,97.14,97.78,33.668,0.1572622922744947,33.39,33.976000000000006,0.0,0.0,0,0,50.13802102201751,5.115261869257287,40.672987376879895,56.24034318555652,72.06666666666666,3.1728010758108747,67,77,47.026666666666664,9.066537113920356,29.7,59.9,50.486666666666665,12.009452626200428,30.2,68.1,97.4,0.914174100330065,96.0,99.2,33.668,0.4782587464662081,32.66,34.31,6.102666666666667,0.5350362693535918,5.44,7.22,72.85439178767251,0.5151621515988832,71.67421112115065,73.4754625338834,73.83611728432253,0.4774713488416516,73.17138895366935,74.56151239072557,-0.2662354099853123,1.025565841522517,-1.7235971606803702,1.3801840610834546,50.25684836141202,0.0,50.25684836141202,50.25684836141202,2.97458358260867,0.458522269741157,2.2804866214707125,3.758785336390901,3.0969893497185197,0.9314851679696416,1.5277383987406512,4.607344711746707,45.611451649730256,0.6835397376464493,44.64347505507922,46.60265854297525,540.0,0.0,540.0,540.0,0.375,0.0,0.375,0.375,0.2796296296296296,0.0,0.2796296296296296,0.2796296296296296,0.2111111111111111,0.0,0.2111111111111111,0.2111111111111111,72.0,0.0,72.0,72.0,94.9,0.0,94.9,94.9,1.0,0.6546536707079771,0,2,84.4,2.667261838343899,80.0,90.0,2.6950000000000003,1.2423767544509194,1.225,4.9,62.931883267684775,2.893625438131462,58.07440647713186,66.91069700482856,47.00623999182884,0.9374092854648924,45.75807232353644,48.51957391137625,0.0,0.0,0.0,0.0,0.0,0.0,0.0,0.0,0.0,0.0,0.0,0.0,0.0,0.0,0.0,0.0,0.0,0.0,0.0,0.0,58.1,1.451600102350113,56.1,60.6,user_001,15
2024-01-04 16:30:00,5.466666666666667,3.356585566713095,0,13,16217.466666666667,25.13923134029705,16179,16258,5.988933333333334,0.1957328597373279,5.546000000000001,6.308000000000001,71.06400509835548,1.3007422129644126,68.57221782718776,72.71871479404969,44.01411364888428,5.455614164224054,33.07278388866358,52.86289173532966,97.344,0.3870179028712423,96.9,98.04,33.416133333333335,0.2928534169333244,32.968,33.726,0.0,0.0,0,0,57.32904089811041,5.94766776472433,45.57380479349416,66.64153613326245,71.53333333333333,3.777124126457409,64,78,44.440000000000005,13.051480485260775,20.0,65.0,57.28,14.980139232616343,33.3,75.2,97.4,0.7874007874011777,95.6,98.7,33.396,0.6086495590356462,32.17,34.34,6.069999999999999,0.8028075734570519,4.7,7.88,70.80214678024593,0.5902771162305533,69.90409978631453,71.95811026930608,72.35642013260083,0.4988840690028462,71.75655311217533,73.10314819133512,0.2346641174889204,1.4469857578944996,-2.2861089135938784,2.7336104373964645,50.25684836141202,0.0,50.25684836141202,50.25684836141202,4.754356473774299,1.0912602749466678,3.1950879376227523,6.593419162762083,3.899698530446405,0.6090092834428334,2.4414477080048975,5.100658580632914,45.40885470707455,0.5964884482911803,44.73400964085785,46.56288347309461,540.0,0.0,540.0,540.0,0.375,0.0,0.375,0.375,0.2796296296296296,0.0,0.2796296296296296,0.2796296296296296,0.2111111111111111,0.0,0.2111111111111111,0.2111111111111111,72.0,0.0,72.0,72.0,94.9,0.0,94.9,94.9,1.0,0.8451542547285167,0,3,80.66666666666667,3.9400265892262114,75.0,88.0,2.8583333333333334,1.9460965203880989,1.225,8.575,64.63001821210011,4.464909376426361,59.00648357741947,71.19030677524763,46.49588928359426,1.0994955036675134,45.15365125667907,48.539880903712394,0.0,0.0,0.0,0.0,0.0666666666666666,0.2581988897471611,0.0,1.0,0.0,0.0,0.0,0.0,0.0,0.0,0.0,0.0,0.0666666666666666,0.2581988897471611,0.0,1.0,57.88666666666666,1.9816539508583175,53.9,61.5,user_001,15
2024-01-04 16:45:00,5.8,3.3636714634883287,2,15,16300.0,27.401772622537106,16264,16345,5.965199999999999,0.1831670587976217,5.744,6.34,70.9886875090251,1.275216109780773,69.26062791058872,73.26240826980407,49.311862408477985,5.337178458141629,41.211148006142416,61.21235586894725,97.38666666666668,0.2716790823923027,96.94,97.8,33.3944,0.1427689442020639,33.215999999999994,33.617999999999995,0.0,0.0,0,0,52.440855311986425,5.84018148406326,41.451923838490494,62.91730509891485,70.86666666666666,3.661901665736509,63,78,48.66,14.029703183908468,23.0,81.4,53.526666666666664,14.003696790830762,30.3,83.1,97.29333333333334,0.8128140418734597,95.6,98.7,33.40333333333333,0.4608790772095465,32.73,34.33,5.921333333333333,0.550076185199659,4.96,7.1,71.22349663838705,0.6961095776502249,70.39440271741235,72.29249345302492,71.35180777628526,0.3129420298270713,70.93951945553545,71.83215863944203,-0.061010421179219,1.4205681242886663,-3.1954709329415465,2.3687958650979652,50.25684836141202,0.0,50.25684836141202,50.25684836141202,4.490245971247118,1.7318295029332142,1.8162081383488804,6.318361969998979,3.721845526325735,1.651481920175962,1.3846196400686104,6.099372886104871,46.5422124726091,0.362458564354031,45.89860993772184,47.09300284279735,540.0,0.0,540.0,540.0,0.375,0.0,0.375,0.375,0.2796296296296296,0.0,0.2796296296296296,0.2796296296296296,0.2111111111111111,0.0,0.2111111111111111,0.2111111111111111,72.0,0.0,72.0,72.0,94.9,0.0,94.9,94.9,0.9333333333333332,0.7988086367179803,0,3,82.53333333333333,4.421807430495017,74.0,88.0,2.695,1.8635651316763788,1.225,8.575,57.82483046114098,4.146134450768456,51.32826523901592,63.666986790531794,50.52335164843158,2.0533513023215093,46.60342406817598,52.75238358082346,0.0,0.0,0.0,0.0,0.0,0.0,0.0,0.0,0.0,0.0,0.0,0.0,0.0,0.0,0.0,0.0,0.0,0.0,0.0,0.0,60.2,2.0064182728719087,57.0,64.2,user_001,15
2024-01-04 17:00:00,6.0,2.23606797749979,2,11,16388.8,27.97243541161751,16351,16435,5.673466666666667,0.1808684868179346,5.412,6.0840000000000005,67.4023894488244,2.1605373942471253,62.66765340343937,70.17845641526773,50.662265403727346,4.606815219601296,43.140765337428284,61.77842278270189,97.51733333333333,0.250812014597922,97.18,97.98,33.6096,0.0854440501982783,33.476,33.744,0.0,0.0,0,0,54.79037262467888,4.674837993451882,44.1660648689929,63.4388984311023,67.0,5.644213218610974,57,77,51.62,12.21522469239573,27.3,73.4,52.99333333333333,14.999641265551592,28.2,83.1,97.62,0.595459006625501,96.5,98.4,33.588,0.340151226872486,33.09,34.26,5.606,0.5193925022837459,4.5,6.38,67.61130217127432,1.4425934725902,65.44027728935447,70.05459032093545,70.10410770996874,0.5923216116372507,69.19553847892476,70.99534198023798,-0.2011947244121946,2.2209729246892325,-4.0007400525795305,3.498334881696067,50.25684836141202,0.0,50.25684836141202,50.25684836141202,4.6151570081681745,1.207563679611428,2.1539581983391187,6.576751910157475,4.090942884569789,1.69654062603875,0.925017996932144,6.957302605318974,49.17901210523269,1.1810208343859054,46.73865868578742,50.20617769131139,540.0,0.0,540.0,540.0,0.375,0.0,0.375,0.375,0.2796296296296296,0.0,0.2796296296296296,0.2796296296296296,0.2111111111111111,0.0,0.2111111111111111,0.2111111111111111,72.0,0.0,72.0,72.0,94.9,0.0,94.9,94.9,1.0666666666666669,0.5936168397046637,0,2,88.8,3.0983866769659367,84.0,94.0,2.776666666666667,1.1774088782859873,1.225,4.9,53.29841209540093,4.692353223311612,48.3222488813302,62.97504521042432,53.211961582981175,1.1773019332521053,51.27087534105703,55.10258346755999,0.1333333333333333,0.3518657752744984,0.0,1.0,0.0,0.0,0.0,0.0,0.0,0.0,0.0,0.0,0.0,0.0,0.0,0.0,0.1333333333333333,0.3518657752744984,0.0,1.0,63.18,2.0057773697853034,59.2,66.9,user_001,15
2024-01-04 17:15:00,5.133333333333334,2.1995670569671746,2,9,16472.533333333333,25.44424343165857,16438,16512,5.645466666666667,0.2991649966792493,5.1579999999999995,6.026000000000001,66.82219803669547,1.8348748374593824,63.57494076250439,70.19042507345232,46.44124637735469,5.086472904307055,39.54641703057404,53.23623256209186,97.19066666666666,0.2513809478707254,96.92,97.78,33.5872,0.2369120391320644,33.208000000000006,33.928,0.0,0.0,0,0,51.564192147655014,4.637108524025144,45.64598390913576,59.90429938187356,67.0,5.056820005836532,59,76,46.78666666666666,10.141559943876397,26.3,64.0,51.35333333333333,13.390714622276064,31.4,71.3,97.14,0.6748544816688788,95.6,98.3,33.61866666666666,0.575162916878672,32.33,34.74,5.715999999999999,0.516952609046516,4.95,6.78,66.88104732178428,1.147818625664617,65.35173611604682,69.0647461312305,67.96665485371086,0.6675779082567693,67.11229374275992,69.11924787483872,0.0889009816522701,1.87907827494648,-3.3968083578174344,3.423930434750716,50.25684836141202,0.0,50.25684836141202,50.25684836141202,3.544339613546883,1.0604831706511944,1.5597235782477716,5.287216917792853,2.8066786536302697,1.1357501137471675,1.43619392655142,4.356358525569305,48.303818846519334,0.8384078082288152,47.25291712712916,49.76470927073511,540.0,0.0,540.0,540.0,0.375,0.0,0.375,0.375,0.2796296296296296,0.0,0.2796296296296296,0.2796296296296296,0.2111111111111111,0.0,0.2111111111111111,0.2111111111111111,72.0,0.0,72.0,72.0,94.9,0.0,94.9,94.9,0.9333333333333332,0.7037315505489968,0,2,83.73333333333333,3.283436063174121,77.0,89.0,2.6133333333333337,1.298621063538809,1.225,4.9,57.76674472060032,4.195867748660726,50.50742553610518,61.81386394418784,51.72876183585725,1.568473031447318,50.221846407869926,54.908865356519634,0.0,0.0,0.0,0.0,0.0,0.0,0.0,0.0,0.0,0.0,0.0,0.0,0.0,0.0,0.0,0.0,0.0,0.0,0.0,0.0,61.63333333333333,1.7405527310379916,58.5,64.7,user_001,15
2024-01-04 17:30:00,5.2,1.61245154965971,2,7,16553.8,23.403906877760967,16517,16590,5.7048000000000005,0.1889516945072014,5.282,6.072,67.80744309318703,2.13487661041836,64.96123032147038,73.06641586596946,48.6691524110252,3.6525699236136906,42.87107351072142,56.606610266082136,97.756,0.2481013617743485,97.42,98.26,33.29173333333333,0.1127953055423029,33.108,33.528,0.0,0.0,0,0,53.36794890195895,3.571580217479808,48.54313164634388,61.3991864886749,67.86666666666666,6.289068369192766,57,81,48.513333333333335,14.570364573665405,15.4,67.4,54.126666666666665,14.83757135819484,32.4,85.1,97.82,0.7437357441610926,96.7,99.4,33.24933333333333,0.240311306037654,32.77,33.62,5.7,0.5960225307342475,4.92,6.85,67.7821311582808,0.928684060171834,66.3878866546125,69.31116202859096,67.14410753482026,0.2086033314839031,66.88555596564805,67.42919577668174,0.0296117867398161,2.4038595877660884,-5.355471955323154,3.9667920670152768,50.25684836141202,0.0,50.25684836141202,50.25684836141202,4.973233131312641,2.121178529037379,1.321698916811229,7.744050264758185,3.2354873039628127,1.2902272008713305,1.3271322013020326,5.214074335553667,47.97687419951348,0.5346338879888014,47.41671462205774,48.92965606633314,540.0,0.0,540.0,540.0,0.375,0.0,0.375,0.375,0.2796296296296296,0.0,0.2796296296296296,0.2796296296296296,0.2111111111111111,0.0,0.2111111111111111,0.2111111111111111,72.0,0.0,72.0,72.0,94.9,0.0,94.9,94.9,0.8,0.4140393356054125,0,1,81.26666666666667,3.731462116089285,75.0,88.0,2.205,0.5071981861166304,1.225,2.45,54.73758151910083,3.094549414403137,50.02842189067919,59.640276016549706,53.69465399483572,0.6705194458866234,52.163259840580125,54.409490813732056,0.0666666666666666,0.2581988897471611,0.0,1.0,0.0,0.0,0.0,0.0,0.0,0.0,0.0,0.0,0.0,0.0,0.0,0.0,0.0666666666666666,0.2581988897471611,0.0,1.0,62.766666666666666,2.048228037899613,59.0,66.9,user_001,15
2024-01-04 17:45:00,5.266666666666667,2.433887738538802,1,10,16635.733333333334,21.03217489829175,16600,16669,5.567333333333334,0.2665458059446191,5.174,6.144,67.02686884526774,2.2668842932268514,62.99187873396672,71.47259072713767,46.96797882697298,2.9049055705620743,43.322269767053,52.45948804456112,97.53333333333332,0.2610601098451888,97.06,97.88,33.3964,0.1073983240092717,33.176,33.53,0.0,0.0,0,0,53.95101206358687,5.238336130892113,45.44375668520823,62.42414324808413,66.6,5.395765535518172,57,75,46.27333333333333,10.067803467820903,28.9,59.6,53.85333333333333,14.59250623077606,27.9,81.8,97.46666666666668,0.7364651739090962,96.0,98.4,33.419333333333334,0.3623231916923016,32.73,34.03,5.597333333333333,0.6994535281884268,4.39,6.97,67.194199912727,1.5448052112615331,64.94180152913695,69.81430536188375,67.46635527942851,0.0769910888009207,67.29876926551638,67.60580817743696,-0.2134344226338707,2.0675480034400806,-3.5213595974137775,2.2404113587284797,50.25684836141202,0.0,50.25684836141202,50.25684836141202,3.526157705699805,0.6220776534526713,2.5281765247368906,4.579760483104205,2.5197692740670794,0.5882859579528905,1.7697645303702898,3.34716318932485,48.285106725581,0.276163204020251,47.818565618999095,48.708513089200714,540.0,0.0,540.0,540.0,0.375,0.0,0.375,0.375,0.2796296296296296,0.0,0.2796296296296296,0.2796296296296296,0.2111111111111111,0.0,0.2111111111111111,0.2111111111111111,72.0,0.0,72.0,72.0,94.9,0.0,94.9,94.9,0.8666666666666667,0.6399404734221844,0,2,81.93333333333334,3.05816627284733,76.0,87.0,2.45,1.1341296222213757,1.225,4.9,56.73058220580756,0.9554959618882468,54.556564274555285,58.681472813800454,51.88375855878275,0.3751244149502007,51.364898669827205,52.769557120613925,0.0,0.0,0.0,0.0,0.0,0.0,0.0,0.0,0.0,0.0,0.0,0.0,0.0,0.0,0.0,0.0,0.0,0.0,0.0,0.0,62.086666666666666,1.0356962231594116,60.6,64.7,user_001,15
2024-01-04 18:00:00,5.066666666666666,2.737743248596934,1,10,16714.8,22.84794457776388,16672,16745,5.0864,0.3341686486106762,4.492,5.465999999999999,64.10225016012173,1.0436176036536884,61.59913673432036,65.95529977313196,48.5715952750642,4.249895373962825,38.40989142973644,56.46936080005927,97.576,0.240974213202515,97.18,98.0,33.63093333333333,0.3021483709955062,33.2,34.059999999999995,0.0,0.0,0,0,52.29968825290779,4.383650089189133,46.403405038723086,62.178450378019384,63.6,3.996426975615665,57,70,50.15333333333333,12.88198446705801,17.3,69.8,52.026666666666664,13.221274342441248,37.0,81.0,97.57333333333332,0.6485882103975255,96.4,98.5,33.646,0.5720489489545445,32.56,34.45,4.956,0.6508324339973055,3.92,6.07,64.58968479732104,1.0338892149655436,63.4356547274533,67.17785416727008,66.52923508442657,0.6016501682333206,65.56455950269473,67.32254842392938,-0.2511250800608626,1.644597653226907,-2.787270932183901,2.8002877552265417,50.25684836141202,0.0,50.25684836141202,50.25684836141202,4.74548160738975,0.7778785414327457,3.590716148726425,6.063121226954012,3.54004941018227,0.8874262333362412,2.44040778463248,4.850280970989804,47.36072603128629,0.2465200641298892,46.93049698137711,47.7697870510186,540.0,0.0,540.0,540.0,0.375,0.0,0.375,0.375,0.2796296296296296,0.0,0.2796296296296296,0.2796296296296296,0.2111111111111111,0.0,0.2111111111111111,0.2111111111111111,72.0,0.0,72.0,72.0,94.9,0.0,94.9,94.9,0.8,0.7745966692414834,0,2,79.06666666666666,4.43148905426779,72.0,88.0,2.45,1.3890194383089105,1.225,4.9,52.54614966719296,2.7802547772045294,48.141154955627925,56.34971026075978,53.1903948280375,1.1265469510408412,51.86175480986346,55.32695745420395,0.0,0.0,0.0,0.0,0.0666666666666666,0.2581988897471611,0.0,1.0,0.0,0.0,0.0,0.0,0.0,0.0,0.0,0.0,0.0666666666666666,0.2581988897471611,0.0,1.0,63.919999999999995,1.219601808554159,61.9,66.1,user_001,15
2024-01-04 18:15:00,5.266666666666667,1.7511900715418265,2,8,16787.866666666665,24.380515249059503,16747,16824,5.263733333333334,0.3067105351645952,4.792,5.752,63.3583579385696,1.8821559857121084,60.66682292617465,66.49947569023793,50.91279298745937,3.28314242376848,46.92806397367036,56.209045461553295,97.39333333333336,0.308514104022736,96.82,97.76,33.55213333333333,0.083195009007811,33.424,33.682,0.0,0.0,0,0,47.636545222898945,5.6152963130787175,40.40371787789871,56.44242967940996,63.06666666666667,4.463609472591607,55,69,50.57333333333334,8.617380001789297,33.6,67.5,46.473333333333336,12.255171891705071,28.6,69.6,97.37333333333332,0.8396144239782831,95.6,98.4,33.538,0.3596863713213032,32.8,34.27,5.312666666666667,0.5827332968332041,4.49,6.41,63.394335729643984,1.2141255495546797,61.32055354123808,65.07994094800112,64.48012294933544,0.4751867788121022,63.73030404934567,65.40970633512983,-0.1458456359514656,1.622748840990603,-3.1251757919464893,2.6419521590852355,50.25684836141202,0.0,50.25684836141202,50.25684836141202,3.4416787804760656,0.8201682956317163,2.0034744776760163,4.452247461616778,3.201966643844081,0.9749622904029912,1.251047910380929,4.361591009893795,48.93834572263424,0.5622353314598653,47.970969145123505,49.742194131261776,540.0,0.0,540.0,540.0,0.375,0.0,0.375,0.375,0.2796296296296296,0.0,0.2796296296296296,0.2796296296296296,0.2111111111111111,0.0,0.2111111111111111,0.2111111111111111,72.0,0.0,72.0,72.0,94.9,0.0,94.9,94.9,0.9333333333333332,0.5936168397046637,0,2,73.06666666666666,3.8631346758571,66.0,79.0,2.5316666666666667,1.0825509995684577,1.225,4.9,47.61290540184926,1.733828842033707,44.25339383690802,49.45883860416022,57.65541846617732,0.7738390128280725,55.88498365789428,58.5271584436107,0.0,0.0,0.0,0.0,0.0,0.0,0.0,0.0,0.0,0.0,0.0,0.0,0.0,0.0,0.0,0.0,0.0,0.0,0.0,0.0,64.46666666666667,1.2737271891503863,62.7,66.8,user_001,15
2024-01-04 18:30:00,4.933333333333334,2.6313132697969515,1,10,16858.733333333334,22.735958513416044,16829,16898,5.3536,0.1682688325270011,4.864,5.628,63.326381254887984,1.4918354749087912,61.181000913940785,65.78745684361427,54.22034559012844,2.453124339035729,50.76165868251309,58.27184830333915,97.444,0.2168870673876193,97.12,97.9,33.6472,0.1151590204890629,33.403999999999996,33.826,0.0,0.0,0,0,42.085778134450514,3.3062659166908515,35.301743722747155,47.214886122719314,63.666666666666664,3.132015933791495,60,70,54.473333333333336,7.014013184502931,39.9,64.4,41.96,9.749783880388618,28.3,60.1,97.50666666666666,0.9981888360330184,95.5,98.8,33.622,0.6757345209896722,32.55,34.66,5.4093333333333335,0.4401374244266809,4.66,6.07,63.425830559767064,0.9881862341359348,61.789951071341704,64.79529663334785,63.44950237146002,0.0819583451114568,63.33022106175985,63.620202699563784,0.1701427058893387,1.1540382558728477,-1.3972126319142788,2.1594073672892833,50.25684836141202,0.0,50.25684836141202,50.25684836141202,2.7077084933121216,0.4378083979779361,2.0488413242666583,3.674067510175066,2.259960736843623,0.7094298138833528,1.2157917700885454,3.590575094598657,51.48119442344016,0.8269584531652211,49.94035164306341,52.58818726652419,540.0,0.0,540.0,540.0,0.375,0.0,0.375,0.375,0.2796296296296296,0.0,0.2796296296296296,0.2796296296296296,0.2111111111111111,0.0,0.2111111111111111,0.2111111111111111,72.0,0.0,72.0,72.0,94.9,0.0,94.9,94.9,0.8666666666666667,0.7432233529572067,0,2,70.86666666666666,5.249036192710137,64.0,82.0,2.5316666666666667,1.347234822392395,1.225,4.9,44.78912173878994,2.3411545161891505,41.70826448843819,48.93857579392893,59.43480854025294,1.0143319964577824,58.03228006593284,61.24402799387347,0.0,0.0,0.0,0.0,0.0,0.0,0.0,0.0,0.0,0.0,0.0,0.0,0.0,0.0,0.0,0.0,0.0,0.0,0.0,0.0,65.71333333333334,0.9515901478702948,63.7,67.2,user_001,15
2024-01-04 18:45:00,5.266666666666667,2.4043611170022654,1,10,16940.333333333332,23.79275600041495,16904,16977,5.2594666666666665,0.2566659492878042,4.962000000000001,5.718000000000001,64.28854856059492,1.683498896725229,61.75973006431417,67.46359710374074,49.86731097806246,5.246583401915654,43.524694984203926,62.475920652511434,97.65066666666668,0.2604245617850839,97.3,98.22,33.4184,0.1146253524686913,33.160000000000004,33.616,0.0,0.0,0,0,46.78563480581318,4.944239682493081,37.57812221683894,54.21810184296203,64.13333333333334,5.289702485107492,57,73,48.373333333333335,11.863296739263058,33.4,79.6,48.42666666666666,13.077978582698622,19.9,62.3,97.65333333333334,0.6801960501698514,96.4,98.8,33.458666666666666,0.4482803119647773,32.62,34.29,5.199333333333333,0.7492516901803394,3.57,6.75,64.21771349523574,0.9317730609899728,62.64128804462862,65.81515824074413,63.63576506964275,0.2155759881828552,63.207719820768354,63.88570776210774,-0.0776076136307854,2.034322343932542,-2.890330379898394,3.746756645228615,50.25684836141202,0.0,50.25684836141202,50.25684836141202,4.157050953871396,0.8100429201246118,2.6969948855758683,5.457108060560064,3.0405829400986524,0.873958194227307,1.7710611444519109,4.843492409940408,52.82547657840424,0.3929158886709217,52.04382828409545,53.359534005014,540.0,0.0,540.0,540.0,0.375,0.0,0.375,0.375,0.2796296296296296,0.0,0.2796296296296296,0.2796296296296296,0.2111111111111111,0.0,0.2111111111111111,0.2111111111111111,72.0,0.0,72.0,72.0,94.9,0.0,94.9,94.9,0.9333333333333332,0.7037315505489968,0,2,81.6,4.205438655564279,75.0,88.0,2.6133333333333337,1.298621063538809,1.225,4.9,48.14388139591792,6.321694304314214,38.93801332527676,55.832382666989744,59.97243543075554,1.6854637063613318,56.4390580891687,61.70800613855866,0.0,0.0,0.0,0.0,0.0666666666666666,0.2581988897471611,0.0,1.0,0.0,0.0,0.0,0.0,0.0,0.0,0.0,0.0,0.0666666666666666,0.2581988897471611,0.0,1.0,64.66,2.0013566827101488,61.5,67.5,user_001,15
2024-01-04 19:00:00,4.2,1.65615734242165,2,7,17007.6,18.75709389614042,16981,17040,5.065466666666667,0.3927183408476045,4.462,5.644,61.06819051043866,1.5813388554316965,57.98538646126684,63.71711953785039,52.21882254767761,2.980678769736126,47.130845056475344,57.0311530984064,97.616,0.1995995991979927,97.22,97.9,33.31693333333333,0.2190823285129741,32.906,33.614,0.0,0.0,0,0,47.967728897259114,3.351029863871086,43.399212630970624,54.08873123340228,60.733333333333334,3.990464825532174,51,68,53.406666666666666,11.112635450993013,36.9,74.2,46.65333333333333,12.825135291219942,29.3,67.7,97.53333333333332,0.6410556769519952,96.5,98.7,33.306000000000004,0.5154027551342751,31.89,33.96,5.091333333333334,0.8074816819387712,3.55,6.7,61.40151913794865,1.1587612691172011,59.54794208228964,63.44003125743095,63.286101605185515,0.4608652088773764,62.678369535516794,63.91579207142957,-0.1674285885526653,1.5111442820170482,-3.4926932306334137,2.5315056697386353,50.25684836141202,0.0,50.25684836141202,50.25684836141202,4.245623764718373,0.7403141383449758,3.207371580776445,5.615215866482011,3.4233380870439265,0.752315645935937,2.631643375463415,5.19392835884942,51.64454598060783,0.2932417015031977,51.04306676287003,51.97281257070909,540.0,0.0,540.0,540.0,0.375,0.0,0.375,0.375,0.2796296296296296,0.0,0.2796296296296296,0.2796296296296296,0.2111111111111111,0.0,0.2111111111111111,0.2111111111111111,72.0,0.0,72.0,72.0,94.9,0.0,94.9,94.9,0.6,0.50709255283711,0,1,67.26666666666667,5.9337613542780625,61.0,78.0,1.96,0.6211883772254597,1.225,2.45,44.99662281597812,3.4250747516615996,40.67452448681359,52.55272357022184,57.64975893042717,1.7919956396455754,55.75029140941068,60.85228189366026,0.0666666666666666,0.2581988897471611,0.0,1.0,0.0,0.0,0.0,0.0,0.0,0.0,0.0,0.0,0.0,0.0,0.0,0.0,0.0666666666666666,0.2581988897471611,0.0,1.0,64.21333333333334,1.129390902001521,62.0,65.8,user_001,15
2024-01-04 19:15:00,4.533333333333333,2.0307165050320353,1,9,17075.466666666667,19.42335364108632,17045,17108,5.000266666666667,0.2889961607917677,4.428,5.386000000000001,61.566019976293624,1.90366658345059,57.96575152843641,64.88911711270936,49.93544639304181,2.6887347563651898,45.86952362470455,54.08657256784287,97.744,0.2923012145031115,97.24,98.14,33.6116,0.17849401750679,33.256,33.994,0.0,0.0,0,0,51.067878663313664,3.5369394652394908,44.29644262429512,56.87549385699604,61.46666666666667,5.05493629558088,49,70,49.306666666666665,6.101342553273087,39.2,58.9,52.44666666666667,9.70308247536882,33.2,63.5,97.76,0.7953435915196836,96.4,99.1,33.589333333333336,0.437010406327005,32.84,34.37,5.007333333333333,0.6188406980183264,3.79,6.29,61.677044354141096,1.049044474228904,59.85623104321007,63.42075448437656,62.130390794508976,0.4677693184038934,61.31710524336615,62.67557164541486,-0.0496766548134777,1.896085934572864,-4.482875764218207,2.905383462681627,50.25684836141202,0.0,50.25684836141202,50.25684836141202,2.3861104940851896,0.5812739169237137,1.5067849672117322,3.5974407873502,2.3862430129239622,0.7105804326010464,1.1156278343408872,3.22138145978252,50.42567986122359,0.4599858577117432,49.71368200532573,51.07713447035971,540.0,0.0,540.0,540.0,0.375,0.0,0.375,0.375,0.2796296296296296,0.0,0.2796296296296296,0.2796296296296296,0.2111111111111111,0.0,0.2111111111111111,0.2111111111111111,72.0,0.0,72.0,72.0,94.9,0.0,94.9,94.9,0.8,0.560611910581388,0,2,67.86666666666666,2.065591117977287,64.0,71.0,2.286666666666667,0.910448607372578,1.225,4.9,46.49014075714256,2.7454899422542822,42.561036119471666,50.76980938779363,59.19990977050403,0.9172973966527802,58.27477711171576,61.00328681168939,0.0,0.0,0.0,0.0,0.0,0.0,0.0,0.0,0.0,0.0,0.0,0.0,0.0,0.0,0.0,0.0,0.0,0.0,0.0,0.0,63.88,0.9158914470924728,62.6,65.2,user_001,15
2024-01-04 19:30:00,4.4,2.0976176963403033,2,9,17144.866666666665,18.999498740255223,17117,17174,5.065333333333333,0.3095265201346513,4.388,5.424,60.63650209333596,2.0142434095101707,56.15057736586666,64.14344687204995,54.05380777695522,6.6327203694881005,43.308120625183705,65.45343649623311,97.50266666666668,0.3878045654094105,96.72,97.82,33.4688,0.1625173397342159,33.19799999999999,33.772000000000006,0.0,0.0,0,0,46.30643472203419,7.630039079621601,33.32563258176479,58.32763815999533,60.53333333333333,5.705469389312412,50,71,53.6,12.205736356320337,33.7,75.7,45.93333333333333,14.841527966518552,18.0,67.6,97.51333333333334,0.6728050733062744,95.8,98.7,33.50533333333333,0.417438903428079,32.75,34.17,5.031333333333333,0.8285173217144906,3.63,6.38,60.66710760450696,0.8951979417145571,59.33143186831554,62.140373833347454,61.251001450029065,0.1126358086382053,61.10012994865169,61.443647068046424,-0.0515843800013196,2.1664592572472703,-3.254099304899995,4.283140878044449,50.25684836141202,0.0,50.25684836141202,50.25684836141202,3.764296144296511,0.5884947011512369,2.1858030323465845,4.484123709281807,4.21771369807068,1.4197097890952968,1.866591265160816,6.368877335396835,51.87766765138149,0.6504769334761805,50.9309486534932,52.67686641186999,540.0,0.0,540.0,540.0,0.375,0.0,0.375,0.375,0.2796296296296296,0.0,0.2796296296296296,0.2796296296296296,0.2111111111111111,0.0,0.2111111111111111,0.2111111111111111,72.0,0.0,72.0,72.0,94.9,0.0,94.9,94.9,0.7333333333333333,0.5936168397046636,0,2,69.4,1.9198214202665544,66.0,72.0,2.205,0.9488809198208172,1.225,4.9,40.45005548182802,5.51031750894466,32.28795394947947,48.30524017115406,61.606934175142435,2.062922614046749,58.14684837558836,63.69565031173272,0.0666666666666666,0.2581988897471611,0.0,1.0,0.0,0.0,0.0,0.0,0.0,0.0,0.0,0.0,0.0,0.0,0.0,0.0,0.0666666666666666,0.2581988897471611,0.0,1.0,64.89333333333333,2.5513208530559424,60.0,67.6,user_001,15
2024-01-04 19:45:00,4.733333333333333,2.433887738538802,1,8,17207.2,21.434951431181805,17175,17245,4.9824,0.2589045052855261,4.656000000000001,5.514,59.6719260243256,2.2950005876801516,55.26368417473575,63.52480638974219,46.46464727661152,2.960289269990025,41.338573004131355,51.98018388894331,97.73866666666666,0.3758773862894802,96.8,98.24,33.50626666666667,0.209497175796399,33.156,33.828,0.0,0.0,0,0,53.62849818593418,4.869573872499714,46.99419064534528,61.43037982877189,59.46666666666667,5.578871707057757,48,67,46.733333333333334,9.158810486291848,33.7,68.0,53.473333333333336,10.085524752029988,33.8,77.4,97.77333333333333,0.8497618714058883,96.5,99.0,33.465333333333334,0.4095793428570815,32.47,34.2,4.970666666666667,0.6979507418831491,4.11,6.12,59.7530382224921,1.537218079057508,57.42458281803423,61.66938573420593,60.3462729301312,0.3138658796434633,60.01076118053608,61.02306291209875,-0.1026296788294667,2.04518633346965,-3.631842087367872,2.0783553034222777,50.25684836141202,0.0,50.25684836141202,50.25684836141202,3.141526861075212,1.1250247858206133,1.5118521991319904,4.56588573166229,2.6241059466037284,0.9720592934291744,1.2863316332893142,4.3226516477855785,50.98627549665091,0.6412142295341827,50.14326193526258,51.802797222962305,540.0,0.0,540.0,540.0,0.375,0.0,0.375,0.375,0.2796296296296296,0.0,0.2796296296296296,0.2796296296296296,0.2111111111111111,0.0,0.2111111111111111,0.2111111111111111,72.0,0.0,72.0,72.0,94.9,0.0,94.9,94.9,0.8666666666666667,0.7432233529572065,0,2,62.333333333333336,3.579039509354965,57.0,71.0,2.5316666666666667,1.3472348223923944,1.225,4.9,49.55362061029061,1.9407431114107456,46.51122813675734,52.03113164280368,58.715061571150656,2.8887004235682197,55.4944629896989,62.65856405008689,0.0,0.0,0.0,0.0,0.0,0.0,0.0,0.0,0.0,0.0,0.0,0.0,0.0,0.0,0.0,0.0,0.0,0.0,0.0,0.0,61.5,1.3027443560203429,59.4,63.4,user_001,15
2024-01-04 20:00:00,5.333333333333333,1.9880595947760096,2,9,17288.4,23.41794183953702,17254,17325,4.888,0.1699260343292253,4.6,5.162,56.913906023548115,1.3824007277188597,54.70841054878824,59.21018589403059,55.12561588432903,4.749550187717076,47.14703945035739,62.32018626506764,97.44266666666668,0.1749884349920091,97.08,97.78,33.60093333333334,0.1551954834885286,33.324,33.84400000000001,0.0,0.0,0,0,45.47065542357268,4.319227221866689,37.50198241343565,53.24954475343507,57.0,3.9279220242478625,53,64,55.50666666666667,11.950760087403088,33.9,74.2,45.913333333333334,13.220647632000626,16.6,65.7,97.52666666666666,0.6374801584213823,96.3,98.6,33.59466666666667,0.386908380935453,33.02,34.49,4.971333333333333,0.6491738339356159,3.72,6.35,57.03126047044149,1.0133363407897389,55.643432822429006,59.07981799532028,58.94817307131918,0.5683367027072603,58.29291602393686,60.03614270588719,0.0430469882259406,1.4942402599513815,-1.9076394205229337,2.763863150403914,50.25684836141202,0.0,50.25684836141202,50.25684836141202,4.407820741389501,1.3748917411731172,1.7488525780128663,6.265895548358054,3.842272139036791,1.6788496243250584,1.4584701529857955,6.275898535795206,50.40054612617508,0.2791760705226149,49.91618695946409,50.79513158047027,540.0,0.0,540.0,540.0,0.375,0.0,0.375,0.375,0.2796296296296296,0.0,0.2796296296296296,0.2796296296296296,0.2111111111111111,0.0,0.2111111111111111,0.2111111111111111,72.0,0.0,72.0,72.0,94.9,0.0,94.9,94.9,1.0,0.5345224838248488,0,2,81.2,3.764495792457277,76.0,89.0,2.6133333333333337,1.0214165000951705,1.225,4.9,36.12826248207653,5.159443527679523,28.840599264423627,46.13208398979333,62.37004354771378,3.530444978778667,56.724220495615675,66.42439132077921,0.0,0.0,0.0,0.0,0.0,0.0,0.0,0.0,0.0,0.0,0.0,0.0,0.0,0.0,0.0,0.0,0.0,0.0,0.0,0.0,63.559999999999995,1.6774981371077564,59.7,66.6,user_001,15
2024-01-04 20:15:00,5.4,2.1313979316066587,2,9,17369.733333333334,22.473688319157237,17332,17406,4.6273333333333335,0.2242163071254017,4.29,5.052,58.93903680649076,2.1208807756982138,55.25636451512266,62.11523023853895,48.27117841203033,2.8582694617989697,41.88562669537891,53.822672386256635,97.59333333333332,0.2664761224003545,97.02,97.88,33.44893333333333,0.2381582507093827,33.077999999999996,33.846000000000004,0.0,0.0,0,0,51.31677831374795,3.924128476181,46.42868849037023,62.33302983562337,59.2,6.416496596385645,49,70,47.88666666666666,10.324164903389567,25.1,63.3,51.31333333333334,11.914688813553193,27.0,80.5,97.52666666666669,0.8084081948643281,95.2,98.4,33.49733333333334,0.5920480997190637,32.73,34.56,4.628,0.6203363143143749,3.61,5.79,58.848376243786056,0.8112901291499074,57.76194444682966,60.451742112954,58.21774817007787,0.2144952099992026,57.839707122529155,58.4377056092254,0.1304815967546181,2.4727416918481824,-3.304709717928951,4.042935423106577,50.25684836141202,0.0,50.25684836141202,50.25684836141202,3.815186037507215,1.0612771137317276,1.996378230835681,5.212097918908737,3.043079225352576,1.0915360480073062,1.1298752633474127,5.1002731650054045,51.26156459097208,0.4276247404567878,50.60139701149737,51.82889358340429,540.0,0.0,540.0,540.0,0.375,0.0,0.375,0.375,0.2796296296296296,0.0,0.2796296296296296,0.2796296296296296,0.2111111111111111,0.0,0.2111111111111111,0.2111111111111111,72.0,0.0,72.0,72.0,94.9,0.0,94.9,94.9,0.8666666666666667,0.6399404734221844,0,2,81.33333333333333,2.6636888135137147,77.0,86.0,2.45,1.1341296222213757,1.225,4.9,45.26620939771968,1.8073943162315051,42.39513179345309,48.72154757602216,61.34290131869077,2.5513980465187625,58.51503009112855,65.81582440086031,0.0,0.0,0.0,0.0,0.0,0.0,0.0,0.0,0.0,0.0,0.0,0.0,0.0,0.0,0.0,0.0,0.0,0.0,0.0,0.0,61.986666666666665,1.0920927921503132,60.1,63.8,user_001,15
2024-01-04 20:30:00,4.466666666666667,1.9591057240729093,0,8,17444.933333333334,20.492042590327344,17412,17473,4.523866666666667,0.2874672320870839,4.180000000000001,4.9879999999999995,57.13167869567174,0.9809994139121628,55.1728652011632,58.71315855825446,51.29079128611483,3.655076359257893,45.9136673069796,59.127621879270066,97.43866666666666,0.2024798637842667,97.12,97.74,33.32306666666667,0.3657851568234825,32.712,33.836,0.0,0.0,0,0,46.72043200166988,7.782838007586726,32.036275513142044,57.72046738780131,56.8,3.56971387408811,50,62,51.093333333333334,11.135366224439183,34.5,73.4,47.32,17.594244188695022,11.9,68.7,97.46,1.037028722566819,95.6,99.8,33.304,0.758153772566715,32.21,34.57,4.445333333333333,0.6942505380075765,3.74,5.66,57.39646922650088,0.5930049913944663,56.74893243751718,58.614967757515856,58.14548182185842,0.0930016033526243,57.97320316556851,58.291414588939915,-0.1658393478358699,1.4579796740929392,-2.609472560666518,2.072696621963736,50.25684836141202,0.0,50.25684836141202,50.25684836141202,3.807433658717522,1.4833602549295668,1.2651764331553867,5.767755350519722,3.0039551082847336,1.2763095497143389,0.9834913787926342,5.025227523060671,50.51609941765873,0.6166279759527362,49.78098484907259,51.762264765453125,540.0,0.0,540.0,540.0,0.375,0.0,0.375,0.375,0.2796296296296296,0.0,0.2796296296296296,0.2796296296296296,0.2111111111111111,0.0,0.2111111111111111,0.2111111111111111,72.0,0.0,72.0,72.0,94.9,0.0,94.9,94.9,0.7333333333333333,0.5936168397046636,0,2,75.2,2.980891525318268,67.0,80.0,2.205,0.9488809198208172,1.225,4.9,40.617037959282015,2.8464577955731314,36.262291435904565,44.94510816483982,61.04339194565503,1.431638963834988,59.18268809842513,62.61534107701731,0.0,0.0,0.0,0.0,0.0,0.0,0.0,0.0,0.0,0.0,0.0,0.0,0.0,0.0,0.0,0.0,0.0,0.0,0.0,0.0,62.166666666666664,1.0774750024721589,60.7,64.2,user_001,15
2024-01-04 20:45:00,5.533333333333333,1.7674302033770737,4,9,17517.0,24.625770473806497,17477,17556,4.521866666666667,0.2276946158679165,4.178,4.86,55.80847795451132,2.515770310123036,51.84104170348477,59.65654147095156,53.122551125475745,5.155621040760285,46.17060094952683,60.34107769617716,97.28533333333333,0.5037270613943203,96.66,98.28,33.5464,0.1630218215016431,33.379999999999995,34.004000000000005,0.0,0.0,0,0,46.50090774225271,5.860846967089296,32.01424167829251,55.45959849635582,55.4,4.067291130821242,47,62,54.373333333333335,9.354331820580445,42.4,78.7,44.21333333333334,15.14472405383032,11.4,67.7,97.26,1.1037598082398716,95.4,99.0,33.565333333333335,0.360354322986748,32.89,34.17,4.504,0.6692725261698065,3.19,5.39,56.247360605023594,2.0731574007871396,53.19059184976032,58.76275208642314,57.49537059013196,0.564211506462162,56.47007832509153,58.14443280679794,-0.2042389772556575,1.2990290217159506,-2.4205208517423884,1.8131018436700543,50.25684836141202,0.0,50.25684836141202,50.25684836141202,3.154940568263451,1.1790276244240436,1.4849955525218024,4.901580102037826,2.675318792984074,1.5036003772170266,1.1616191581862525,5.6990808608850765,50.65835293021475,0.8525278197157986,49.75029430111244,52.20667120579528,540.0,0.0,540.0,540.0,0.375,0.0,0.375,0.375,0.2796296296296296,0.0,0.2796296296296296,0.2796296296296296,0.2111111111111111,0.0,0.2111111111111111,0.2111111111111111,72.0,0.0,72.0,72.0,94.9,0.0,94.9,94.9,1.2,0.4140393356054125,1,2,72.06666666666666,4.574255078568475,65.0,83.0,2.94,1.0143963722332607,2.45,4.9,38.34364025221255,7.647208353132584,28.147013644873333,46.85129363756206,62.489708705198765,1.278175000425358,60.87517561056666,65.25533095216545,0.0666666666666666,0.2581988897471611,0.0,1.0,0.0,0.0,0.0,0.0,0.0,0.0,0.0,0.0,0.0,0.0,0.0,0.0,0.0666666666666666,0.2581988897471611,0.0,1.0,62.0,0.8968197780411158,60.3,63.1,user_001,15
2024-01-04 21:00:00,4.333333333333333,1.8387366263150309,2,8,17590.933333333334,20.3310693509309,17560,17621,4.739999999999999,0.3027294879213827,4.304,5.4319999999999995,55.32791363172216,2.658776684457722,49.48223962174065,59.193257127593085,61.15285714574726,3.317063942225986,56.96853294358576,67.5082368638159,97.33066666666669,0.2460971546438675,96.82,97.66,33.34093333333333,0.1347439193786644,33.116,33.674,0.0,0.0,0,0,37.48678115424156,3.588459677518537,32.33850060659872,45.27417836197742,55.53333333333333,6.334335760267964,40,63,61.53333333333333,10.565622601265908,41.9,82.3,37.43333333333333,11.227877719998473,21.9,64.5,97.3,0.9576757578339612,95.5,99.2,33.29333333333333,0.5391748545782943,32.19,34.02,4.8293333333333335,0.6397038005053214,3.63,5.83,55.24320553700052,1.7118139237653247,53.33519150663526,58.20987363290078,56.18691767092998,0.3725522130706468,55.568195793116736,56.58918840348312,0.10270985080559,2.3507273674088873,-4.74111981087033,3.505920126086451,50.25684836141202,0.0,50.25684836141202,50.25684836141202,3.2019251220873035,1.293309092181682,1.5673125681173667,5.789058014870249,2.5616769847688983,1.0412027048322026,1.4461401813121035,4.9161662772973616,54.5607511649134,1.400259902822254,52.4755585816413,57.13770413561151,540.0,0.0,540.0,540.0,0.375,0.0,0.375,0.375,0.2796296296296296,0.0,0.2796296296296296,0.2796296296296296,0.2111111111111111,0.0,0.2111111111111111,0.2111111111111111,72.0,0.0,72.0,72.0,94.9,0.0,94.9,94.9,0.6,0.6324555320336759,0,2,73.93333333333334,4.891197146283252,65.0,83.0,2.041666666666667,1.0002083116364644,1.225,4.9,27.56269684892569,3.755127646748468,22.199182387841283,32.25371657675125,70.25868325095261,2.3223716345440835,65.74486107762776,73.24817896707982,0.0666666666666666,0.2581988897471611,0.0,1.0,0.0,0.0,0.0,0.0,0.0,0.0,0.0,0.0,0.0,0.0,0.0,0.0,0.0666666666666666,0.2581988897471611,0.0,1.0,65.18,1.334808707536137,61.8,66.6,user_001,15
2024-01-04 21:15:00,5.266666666666667,2.2189658681037714,2,10,17664.733333333334,24.137897490009692,17627,17700,4.607733333333333,0.2475455128908238,4.196,4.96,53.87371067407557,0.9885195644653736,52.21192704514031,55.51280326409144,54.63716258826904,3.3493594509896076,49.148140920245375,60.86540351520471,97.264,0.2874717377412964,96.86,97.78,33.442933333333336,0.150186297009828,33.148,33.65,0.0,0.0,0,0,46.9256088972395,5.380329602399813,38.20853377606287,56.38157056713906,53.666666666666664,3.559026084010437,45,59,54.60666666666667,11.267175249157976,30.1,69.9,47.07333333333334,14.236596035101458,28.4,84.6,97.25333333333332,0.6512259501088961,96.0,98.5,33.449333333333335,0.3983083275673816,32.79,34.28,4.566666666666666,0.7320974434231191,3.33,6.48,53.94274523620764,0.3710160597433581,53.38201631240643,54.62667907269412,54.69342892980683,0.2694215493288256,54.441542595780234,55.367686084300054,-0.1035220037044496,1.4250513678765344,-3.605963522570164,1.865397551931416,50.25684836141202,0.0,50.25684836141202,50.25684836141202,4.569884895932985,1.0398322126661117,2.9365042403072974,6.074081583642413,3.683484668782961,1.4272814744058258,1.843254063466376,6.81434870052026,57.97347034692489,0.3103404497720356,57.49402497929656,58.55969949521031,540.0,0.0,540.0,540.0,0.375,0.0,0.375,0.375,0.2796296296296296,0.0,0.2796296296296296,0.2796296296296296,0.2111111111111111,0.0,0.2111111111111111,0.2111111111111111,72.0,0.0,72.0,72.0,94.9,0.0,94.9,94.9,1.0666666666666669,0.5936168397046637,0,2,73.8,4.394802124588285,67.0,80.0,2.776666666666667,1.1774088782859873,1.225,4.9,31.788814260300697,3.7450633780103177,21.651410044406212,35.06154827622281,71.01872407499336,1.9495273677864,67.94891649155026,73.70916097028359,0.0,0.0,0.0,0.0,0.0,0.0,0.0,0.0,0.0,0.0,0.0,0.0,0.0,0.0,0.0,0.0,0.0,0.0,0.0,0.0,62.20666666666667,1.053881713792712,61.0,64.0,user_001,15
2024-01-04 21:30:00,5.533333333333333,2.3864697976798483,1,12,17747.733333333334,23.25162564721153,17712,17783,4.409466666666666,0.3019711118318313,4.032,4.986,53.406723914095664,2.788552063384006,49.73292010195894,58.18964755915368,55.976339747017605,2.2187461089947647,51.47025663723583,60.1996161506709,97.59733333333334,0.2235897603925104,97.24,97.96,33.553466666666665,0.1486116062890444,33.254,33.754000000000005,0.0,0.0,0,0,43.49899010698246,5.574269661316486,37.01382262319869,57.06746219864434,53.53333333333333,5.84155882652991,41,63,55.913333333333334,8.014617597745712,39.1,69.4,44.64666666666667,13.895521717788212,28.5,75.7,97.61333333333332,0.6232021761683401,96.5,98.6,33.58533333333333,0.662094799714908,32.3,34.9,4.410666666666667,0.5540560397993105,3.72,5.56,53.572734323427326,1.8877361688334229,51.45538451261113,56.56119797211905,54.10141264784177,0.3137849025013133,53.64021729408561,54.53387476859925,0.0633047096188306,2.0807657085337725,-4.620688527282027,3.392684421786896,50.25684836141202,0.0,50.25684836141202,50.25684836141202,2.3425295662887105,1.0408126757656806,1.1867882376053682,4.513938404456771,2.028388507836472,0.7103697357747151,1.0458501979866814,3.2132999978497527,56.68043449324864,0.7908077262762714,55.30675116764333,57.827784355783216,540.0,0.0,540.0,540.0,0.375,0.0,0.375,0.375,0.2796296296296296,0.0,0.2796296296296296,0.2796296296296296,0.2111111111111111,0.0,0.2111111111111111,0.2111111111111111,72.0,0.0,72.0,72.0,94.9,0.0,94.9,94.9,1.0666666666666669,0.4577377082170634,0,2,83.0,1.9639610121239328,79.0,86.0,2.6950000000000003,0.9488809198208172,1.225,4.9,30.46815757009421,2.5857878074374043,27.66128011561217,35.051848353320906,68.58571999475495,0.8920262423231431,67.50473788557458,69.9656801391696,0.0,0.0,0.0,0.0,0.0,0.0,0.0,0.0,0.0,0.0,0.0,0.0,0.0,0.0,0.0,0.0,0.0,0.0,0.0,0.0,62.77333333333333,1.4752562327883776,61.0,65.3,user_001,15
2024-01-04 21:45:00,4.733333333333333,2.1201976547572388,1,9,17823.666666666668,19.315673379287578,17790,17854,4.4248,0.3251397941106037,3.808,4.868,54.73022891540686,1.1076237115256933,53.20677145954909,57.677960731702534,55.3997440590769,2.779668285174867,51.673135972620706,60.16455850543815,97.31333333333332,0.2886091441642774,96.88,97.6,33.4124,0.2077116132663612,33.164,33.89,0.0,0.0,0,0,47.38621340527834,4.237377986752559,39.031707592841975,56.7014702810798,54.6,4.084815085865489,49,64,55.72,9.043324293959287,42.7,76.2,45.940000000000005,11.46409301128653,23.5,71.4,97.33333333333331,0.7979139469057231,96.5,99.5,33.402,0.5103108296490891,32.59,34.16,4.443333333333333,0.8435610458616721,2.76,5.44,54.46514543105224,0.763926176442506,52.26905978338273,55.050621429865416,53.92289878391125,0.1074927411848098,53.7157004182793,54.08740526652367,-0.0651144577034235,1.6046128553123136,-2.892653577234171,3.1610196341487367,50.25684836141202,0.0,50.25684836141202,50.25684836141202,3.1677577276878908,1.0114234516134657,1.5605117246240792,4.584354870434048,2.291031172306178,0.7539602210522068,1.0567957430488215,3.384481237716947,55.7773834575017,0.2169971782611098,55.28338966731777,56.04592046751005,540.0,0.0,540.0,540.0,0.375,0.0,0.375,0.375,0.2796296296296296,0.0,0.2796296296296296,0.2796296296296296,0.2111111111111111,0.0,0.2111111111111111,0.2111111111111111,72.0,0.0,72.0,72.0,94.9,0.0,94.9,94.9,0.8666666666666667,0.5163977794943222,0,2,75.93333333333334,4.817626366741591,69.0,83.0,2.3683333333333336,0.8620711494225212,1.225,4.9,32.34388730185974,2.106894330331563,28.280746793906236,35.58585061171824,69.534080092633,0.9176332658761018,67.95912072147992,70.52523194687599,0.0,0.0,0.0,0.0,0.0,0.0,0.0,0.0,0.0,0.0,0.0,0.0,0.0,0.0,0.0,0.0,0.0,0.0,0.0,0.0,62.84,0.9701251760174324,61.2,64.4,user_001,15
2024-01-04 22:00:00,0.0,0.0,0,0,17854.0,0.0,17854,17854,4.161733333333333,0.2484165472596,3.79,4.532000000000001,52.34766622115771,2.027395551907436,48.44086349359255,55.0372338944581,52.541664415739895,3.748603062321107,45.78864261751048,58.6244458893986,97.552,0.1291289499464998,97.36,97.82,33.39946666666666,0.1875594635867553,33.053999999999995,33.65,1.0,0.0,1,1,45.930633815351285,4.645018889199445,36.75688051216631,52.213663277322304,52.0,5.794085654478071,40,59,52.04666666666667,9.555093381218704,28.5,61.5,46.85333333333333,10.953203488782025,26.4,67.3,97.46666666666668,0.6055300708194983,96.3,98.7,33.41466666666666,0.6077695365217045,31.92,34.23,4.17,0.5676643877705005,3.33,5.38,52.60696965830346,1.3075037786287442,50.264252338637114,55.00999929478824,53.48171495730698,0.2379189693911647,53.210683576172,54.04565094316751,-0.1738331105788551,2.2298462145587057,-4.220431746796272,3.3331118687346475,50.25684836141202,0.0,50.25684836141202,50.25684836141202,3.778981100796472,1.392310140002312,1.7886359116493744,5.283680721751027,3.073136114648199,1.6039501175237858,0.8404095152599015,6.128754680916794,54.90053391097407,0.7382693616459265,53.938251200835566,55.953193462330326,540.0,0.0,540.0,540.0,0.375,0.0,0.375,0.375,0.2796296296296296,0.0,0.2796296296296296,0.2796296296296296,0.2111111111111111,0.0,0.2111111111111111,0.2111111111111111,72.0,0.0,72.0,72.0,94.9,0.0,94.9,94.9,0.0,0.0,0,0,30.333333333333332,19.315673379285485,0.0,64.0,1.225,0.0,1.225,1.225,33.573124670768564,2.971864061253242,27.631261666433517,36.91382646665416,67.50469254671192,0.6077061143865129,66.8134185672107,68.68300054050863,0.0,0.0,0.0,0.0,0.2,0.4140393356054125,0.0,1.0,0.0,0.0,0.0,0.0,0.0,0.0,0.0,0.0,0.2,0.4140393356054125,0.0,1.0,60.88666666666666,1.3994216492469154,57.8,62.7,user_001,15
2024-01-04 22:15:00,0.0,0.0,0,0,17854.0,0.0,17854,17854,4.100266666666667,0.2243490477762166,3.82,4.5280000000000005,50.580864507199166,1.8286999199489375,47.105540005254,53.95168743351942,56.070037068298994,3.883510102177172,49.19366573788065,63.16816818549295,97.76533333333332,0.2260804745049431,97.3,98.22,33.81133333333334,0.1779962546422392,33.516000000000005,34.138,1.0,0.0,1,1,44.53928618411109,4.863972518382185,36.93699470917568,52.40108035920426,50.6,5.151976042535247,43,58,55.52,9.56722082350534,40.8,73.6,44.559999999999995,11.41758042919527,23.4,60.9,97.9,0.8783100656536786,96.7,99.3,33.82066666666667,0.5867521582730625,32.53,34.74,4.033333333333333,0.6474308199851676,3.14,5.29,50.85453013773778,1.3864229243465562,48.94390784257161,52.3767002692922,52.54106873832496,0.6675606556265594,51.46426536417844,53.39263171218819,0.0095677464004211,1.9643717670782692,-2.8304503711487428,3.113033085900838,50.25684836141202,0.0,50.25684836141202,50.25684836141202,3.135096623445037,0.5117123129385605,2.0036422712976667,4.0984332709226114,3.281248016300471,0.6762149817900921,2.4299883770106505,4.710789387747304,53.94531379938519,0.3561280716478451,53.46285176454273,54.5671094463625,540.0,0.0,540.0,540.0,0.375,0.0,0.375,0.375,0.2796296296296296,0.0,0.2796296296296296,0.2796296296296296,0.2111111111111111,0.0,0.2111111111111111,0.2111111111111111,72.0,0.0,72.0,72.0,94.9,0.0,94.9,94.9,0.0,0.0,0,0,0.0,0.0,0.0,0.0,1.225,0.0,1.225,1.225,27.72288692482923,3.9275761826533313,22.198735747749232,33.07024004942235,68.97566023783722,1.804042549519139,67.04520197616384,71.85778315923962,0.0,0.0,0.0,0.0,0.0,0.0,0.0,0.0,0.0,0.0,0.0,0.0,0.0,0.0,0.0,0.0,0.0,0.0,0.0,0.0,61.74,0.9723315131314894,60.1,63.4,user_001,15
2024-01-04 22:30:00,0.0,0.0,0,0,17854.0,0.0,17854,17854,4.2364,0.4271040020550362,3.5780000000000003,4.912,52.48780569150704,2.3468303899096363,48.88463006926488,56.91830791668116,54.00988480873983,3.349196970812732,46.20793526828991,59.51963344357657,98.06133333333334,0.4692526987009209,97.28,98.64,33.5048,0.1477194251661863,33.254000000000005,33.738,1.0,0.0,1,1,43.67379073191295,6.068437958175172,34.24622980699578,54.808723491935815,52.2,6.120224085533376,45,66,54.65333333333333,9.11285329839646,38.7,70.8,44.36666666666667,13.696123886845122,23.1,64.0,97.99333333333334,0.9246363506548824,96.5,99.5,33.47266666666667,0.4281265945399564,32.81,34.39,4.26,0.8887390746766696,3.01,5.93,52.61408751134982,1.3922336173665626,49.84809413674939,54.53135808683103,51.84621292419893,0.2263221237031142,51.50951024278562,52.17024111160337,-0.143902845753521,2.2656594598910553,-3.972769305560384,4.540846041659428,50.25684836141202,0.0,50.25684836141202,50.25684836141202,2.963363542552585,1.0881296741771325,0.8797525623049645,4.206499836512672,2.431090776406315,0.9799905085798584,1.1402131670514415,4.102472301573818,54.79211864046667,0.4645575760762874,54.02333677208614,55.27449504354848,540.0,0.0,540.0,540.0,0.375,0.0,0.375,0.375,0.2796296296296296,0.0,0.2796296296296296,0.2796296296296296,0.2111111111111111,0.0,0.2111111111111111,0.2111111111111111,72.0,0.0,72.0,72.0,94.9,0.0,94.9,94.9,0.0,0.0,0,0,0.0,0.0,0.0,0.0,1.225,0.0,1.225,1.225,31.67614699091971,1.6618064541419355,28.62627592201244,34.805701165680134,70.0575046002048,1.2173734060039092,67.93357676334574,71.40230723440821,0.0,0.0,0.0,0.0,0.0666666666666666,0.2581988897471611,0.0,1.0,0.0,0.0,0.0,0.0,0.0,0.0,0.0,0.0,0.0666666666666666,0.2581988897471611,0.0,1.0,62.07333333333334,2.067941235233958,57.6,64.9,user_001,15
2024-01-04 22:45:00,0.0,0.0,0,0,17854.0,0.0,17854,17854,3.804933333333333,0.2560601119900969,3.408,4.35,50.2617040087838,1.637420074078495,47.74359409459701,52.83509357233597,53.17560270749166,2.317912648841126,49.394639579368054,56.73793905357813,97.384,0.2927895392354669,96.96,97.9,33.621599999999994,0.1985895983465106,33.256,33.948,1.0,0.0,1,1,48.94767303238056,3.6617369709669214,39.60329240865618,54.479241070513865,50.6,4.9684720272649505,43,60,52.48,8.029694888350365,40.6,67.8,49.03333333333333,13.013600943774538,21.9,72.5,97.35333333333332,0.6738658902891874,95.9,98.7,33.61333333333333,0.5504889601418873,32.66,34.7,3.832,0.5424705390288819,2.9,4.64,50.02774432316728,0.8978415426689769,49.09950841833133,51.66001756949218,51.20794403322769,0.1794637146326301,50.9405669649377,51.45622339956874,0.1691479956080987,1.8926236112725867,-2.4263306049754547,3.873679820748009,50.25684836141202,0.0,50.25684836141202,50.25684836141202,3.2393587770381695,1.1324569229497108,1.6173374629195474,4.51595258195265,2.415031235503327,0.993535701721276,0.9269978278306756,4.316798126174874,54.45118451294271,0.4964310757040723,53.592743758115745,54.95322016469855,540.0,0.0,540.0,540.0,0.375,0.0,0.375,0.375,0.2796296296296296,0.0,0.2796296296296296,0.2796296296296296,0.2111111111111111,0.0,0.2111111111111111,0.2111111111111111,72.0,0.0,72.0,72.0,94.9,0.0,94.9,94.9,0.0,0.0,0,0,0.0,0.0,0.0,0.0,1.225,0.0,1.225,1.225,29.84617130487104,1.77940919636573,26.56746495020896,32.351120594188146,69.18358192267304,0.2690549150189909,68.69162469997733,69.61525030243045,0.0,0.0,0.0,0.0,0.0,0.0,0.0,0.0,0.0,0.0,0.0,0.0,0.0,0.0,0.0,0.0,0.0,0.0,0.0,0.0,60.22,1.2393546707863758,58.3,62.5,user_001,15
2024-01-04 23:00:00,0.0,0.0,0,0,17854.0,0.0,17854,17854,4.0447999999999995,0.3088862943821606,3.582,4.609999999999999,50.083121307912855,1.6452192552962717,45.90091510132385,52.42487211878002,54.09776988004631,5.059634006650056,43.94219058035603,60.62119382128145,97.3,0.1892843665720291,96.88,97.58,33.5852,0.168084672539935,33.376,33.902,1.0,0.0,1,1,47.628572806039635,4.5827207976528985,40.58700301900837,55.17317917559478,50.0,4.690415759823431,40,60,54.193333333333335,10.86366596021979,36.0,72.9,47.45333333333333,11.40613034836134,30.4,67.4,97.29333333333334,0.595778802033426,96.3,98.2,33.605333333333334,0.421169573359481,32.75,34.3,4.043333333333333,0.881773105466372,2.93,5.63,50.11756578295347,1.044974426981747,48.45590031992346,51.360007808663205,50.39809007001739,0.4422388697887315,49.9810754364989,51.227614344541394,-0.0415606539564237,1.807514121316269,-2.9504575506619304,3.787563940609992,50.25684836141202,0.0,50.25684836141202,50.25684836141202,3.558258489959262,1.1936640797449871,1.692125205070554,5.165164408689562,3.099601403005452,1.3941996824184597,1.812638881154688,6.133487228194751,53.01791877302401,0.4942915929969417,52.40585618077696,53.78669610732015,540.0,0.0,540.0,540.0,0.375,0.0,0.375,0.375,0.2796296296296296,0.0,0.2796296296296296,0.2796296296296296,0.2111111111111111,0.0,0.2111111111111111,0.2111111111111111,72.0,0.0,72.0,72.0,94.9,0.0,94.9,94.9,0.0,0.0,0,0,0.0,0.0,0.0,0.0,1.225,0.0,1.225,1.225,29.588619927798465,4.965962176092053,22.857348204349677,36.662076319035435,68.4099075864412,1.0687513911155675,66.81751752842703,70.04004895949738,0.0,0.0,0.0,0.0,0.0666666666666666,0.2581988897471611,0.0,1.0,0.0,0.0,0.0,0.0,0.0,0.0,0.0,0.0,0.0666666666666666,0.2581988897471611,0.0,1.0,60.28666666666666,2.008150060793934,56.7,63.8,user_001,15
2024-01-04 23:15:00,0.0,0.0,0,0,17854.0,0.0,17854,17854,3.9288,0.272336766312803,3.35,4.242,48.67145713507547,1.964221079342344,44.664795543415515,51.42329115781155,50.28642413089462,2.729617379038601,44.5825770964932,54.395819826495206,97.668,0.4710353338278237,96.98,98.56,33.70986666666667,0.1005626078382925,33.564,33.886,1.0,0.0,1,1,50.63772449383833,3.3190439312779985,44.92044180391472,55.79864942338214,48.266666666666666,4.817626366741595,40,59,49.32,7.663848343265372,32.1,62.4,50.88666666666666,9.946777415443703,31.1,67.5,97.73333333333332,0.8448724896749338,95.7,98.9,33.70066666666666,0.3674130930606332,33.14,34.42,3.926,0.7266144585876141,2.67,5.1,49.16763486042823,1.4794700276167534,46.80100688763213,51.003674818152795,50.05490534713611,0.3297358112542788,49.37728922149416,50.329941595064696,-0.2023952342044017,1.8450707168817713,-3.726202552537984,3.7883544210942337,50.25684836141202,0.0,50.25684836141202,50.25684836141202,2.5470302380531824,0.9758149110740024,1.1805296016549334,4.222318998152903,2.0641106803100415,0.799066582108913,0.7432064191260069,3.7455909470453985,52.93927857177314,0.365428278687431,52.19209700547047,53.55779086251266,540.0,0.0,540.0,540.0,0.375,0.0,0.375,0.375,0.2796296296296296,0.0,0.2796296296296296,0.2796296296296296,0.2111111111111111,0.0,0.2111111111111111,0.2111111111111111,72.0,0.0,72.0,72.0,94.9,0.0,94.9,94.9,0.0,0.0,0,0,0.0,0.0,0.0,0.0,1.225,0.0,1.225,1.225,31.22211464992778,1.4330851450101203,28.63580197002043,33.31667771625094,69.49531590829254,1.2482201995628446,67.35007941536134,71.12240423824082,0.0666666666666666,0.2581988897471611,0.0,1.0,0.0,0.0,0.0,0.0,0.0,0.0,0.0,0.0,0.0,0.0,0.0,0.0,0.0666666666666666,0.2581988897471611,0.0,1.0,58.74,1.040466928148812,56.9,60.2,user_001,15
2024-01-04 23:30:00,0.0,0.0,0,0,17854.0,0.0,17854,17854,4.1171999999999995,0.1407547005051189,3.878,4.331999999999999,49.640117873837745,1.7844462592210342,45.19238869982153,52.630891300857,50.95774449203142,3.9800163853519464,43.66692880918384,55.95519581415977,97.65333333333334,0.3116469308750089,97.32,98.4,33.6992,0.1488408546065213,33.452,33.965999999999994,1.0,0.0,1,1,47.64678974244384,5.549117010964582,38.4909484836245,56.251585071285355,49.2,4.262795863213316,41,57,52.35333333333333,10.548721430084491,35.0,68.9,46.05333333333333,12.38050695169436,27.4,64.4,97.62,0.7532785483661207,96.2,99.0,33.688,0.3804921624873323,33.18,34.53,4.098,0.5037601470087583,3.44,4.82,49.68581089224704,1.126138369506105,47.13400459175475,51.17821505363269,49.40953356227168,0.1484357741200258,49.155787504456605,49.6255587096177,-0.2200589369188719,1.4285926368308233,-2.144291524866148,2.184554349571499,50.25684836141202,0.0,50.25684836141202,50.25684836141202,3.7103412171568024,0.7890472856209422,1.5953361538178925,4.822021445852434,2.9501820298896506,0.7678107227963709,1.806273765559825,4.549447037220629,51.48533502586766,0.5904340306093133,50.5147931338612,52.223620225869205,540.0,0.0,540.0,540.0,0.375,0.0,0.375,0.375,0.2796296296296296,0.0,0.2796296296296296,0.2796296296296296,0.2111111111111111,0.0,0.2111111111111111,0.2111111111111111,72.0,0.0,72.0,72.0,94.9,0.0,94.9,94.9,0.0,0.0,0,0,0.0,0.0,0.0,0.0,1.225,0.0,1.225,1.225,33.35749030135953,2.88000838850064,29.97957417804049,38.086631663198354,66.50141122725205,0.3970481266486939,65.94099431856866,67.33929381690157,0.0,0.0,0.0,0.0,0.0,0.0,0.0,0.0,0.0,0.0,0.0,0.0,0.0,0.0,0.0,0.0,0.0,0.0,0.0,0.0,59.11333333333334,1.4307174357476669,57.6,62.0,user_001,15
2024-01-04 23:45:00,0.0,0.0,0,0,17854.0,0.0,17854,17854,3.764933333333333,0.1293364751704785,3.5380000000000003,4.01,48.41114790014946,0.9876359454506092,47.0144607926736,50.34297386178239,55.66155339159386,6.493734170037261,45.85357078784466,65.30680317019535,97.72933333333334,0.3498462247222081,97.08,98.14,33.4188,0.3182782250978342,32.88,33.928,1.0,0.0,1,1,43.415832533187405,8.42986969372896,29.381652878651423,55.819148822530586,49.06666666666667,3.9545031594493936,43,57,54.6,12.780509714852084,35.8,78.9,45.419999999999995,16.894597614960485,14.0,66.2,97.76666666666668,0.7622023228463558,96.4,99.2,33.39533333333333,0.559347408869946,32.34,34.35,3.7813333333333334,0.4710151145082693,3.02,4.64,48.132735919977534,0.4282190903289498,47.26886672467534,48.66190579594776,48.86179839343951,0.1160266662602579,48.715483068941,49.05941389185996,0.3277593832586035,1.607317775028831,-2.447657953927468,3.3285130691087943,50.25684836141202,0.0,50.25684836141202,50.25684836141202,4.387003319714379,0.5690322047871342,3.208403375916219,5.556715533710674,3.994576010177281,1.478331131310994,1.9738790570854288,6.824540397172951,52.252546938175605,1.0848480215662264,50.52138954097534,53.30964894181264,540.0,0.0,540.0,540.0,0.375,0.0,0.375,0.375,0.2796296296296296,0.0,0.2796296296296296,0.2796296296296296,0.2111111111111111,0.0,0.2111111111111111,0.2111111111111111,72.0,0.0,72.0,72.0,94.9,0.0,94.9,94.9,0.0,0.0,0,0,0.0,0.0,0.0,0.0,1.225,0.0,1.225,1.225,24.31052264706948,5.406505812687844,16.495974643208715,33.88455008002912,71.69806340435511,2.1842267549524195,67.45118409777167,73.85340834793304,0.0,0.0,0.0,0.0,0.0,0.0,0.0,0.0,0.0,0.0,0.0,0.0,0.0,0.0,0.0,0.0,0.0,0.0,0.0,0.0,60.9,1.9216808119084527,58.0,63.6,user_001,15
2024-01-05 00:00:00,0.0,0.0,0,0,17854.0,0.0,17854,17854,3.8310666666666666,0.2206262083468869,3.5239999999999996,4.220000000000001,49.246922251829034,1.436309957707,46.54000581702727,51.20294075996128,57.08117163220416,3.3409916960981243,49.12910040253721,62.10588976494317,97.49466666666667,0.1786403676451182,97.12,97.72,33.687733333333334,0.2899900162485052,33.322,34.11,1.0,0.0,1,1,43.92082335705297,4.0694971883925515,37.06715471705042,53.31962169890249,49.2,4.601242068336394,41,59,58.1,7.781388050984221,44.2,73.0,42.44666666666667,9.707056834126004,28.8,63.1,97.41333333333334,0.6998639323536564,96.4,98.5,33.708,0.5790657500294265,32.87,34.57,3.834,0.5981495274117143,2.65,4.79,49.14542410586576,0.6447823032285818,48.073856397750944,50.27122500195462,48.7817685970228,0.1994403710747648,48.51782340552891,49.12620720903419,-0.0234611259145187,1.787746641533652,-2.9674625324346735,4.021691645043553,50.25684836141202,0.0,50.25684836141202,50.25684836141202,2.849959248039153,0.897834146894218,0.655127964548056,4.001092611201515,2.4850975940754125,1.1828445403770813,0.49344915002194,4.346126845946595,55.045549301766265,0.9621620880322008,53.33309929454176,56.382043767848515,540.0,0.0,540.0,540.0,0.375,0.0,0.375,0.375,0.2944444444444444,0.0,0.2944444444444444,0.2944444444444444,0.1944444444444444,0.0,0.1944444444444444,0.1944444444444444,70.4,0.0,70.4,70.4,94.9,0.0,94.9,94.9,0.0,0.0,0,0,0.0,0.0,0.0,0.0,1.225,0.0,1.225,1.225,25.88102889103986,4.576589641701613,21.10908727187363,34.95256953568794,71.68809897950057,0.7360886379212429,70.56855993299511,72.97215872102005,0.0,0.0,0.0,0.0,0.0,0.0,0.0,0.0,0.0,0.0,0.0,0.0,0.0,0.0,0.0,0.0,0.0,0.0,0.0,0.0,60.9,1.3959124000349874,58.4,62.6,user_001,15
2024-01-05 00:15:00,0.0,0.0,0,0,17854.0,0.0,17854,17854,3.9,0.2022134657095952,3.54,4.14,49.82779808118356,1.8277296284616495,47.29258271956004,53.4838481399888,51.91600096221341,3.9301019028012862,46.24592632776656,59.95438529873574,97.648,0.3959653664508651,96.98,98.3,33.3664,0.2090320549580866,33.068,33.794,1.0,0.0,1,1,49.27546137972488,3.5379048229712855,43.10729702251991,53.61800218383896,49.8,5.361236531142526,41,60,51.94666666666667,9.16022977461862,38.6,65.0,49.086666666666666,11.84132392855429,31.1,67.9,97.66,0.9045914626425072,96.2,99.1,33.39933333333333,0.4153220207891449,32.93,34.26,3.931333333333334,0.5770846269540254,3.25,5.52,49.76498410578829,1.0725409889095154,48.684186922839594,51.95114946922049,49.112223321264395,0.2703251339791105,48.83046782843727,49.55604024975944,-0.013899040591778,2.057158747763512,-4.161282713329605,3.712759395653322,50.25684836141202,0.0,50.25684836141202,50.25684836141202,3.183512202819469,0.659854687168144,2.021555267720575,3.889653530517473,2.878390937815244,0.9314358754679646,1.2375817164534797,4.289908994947162,55.231703495292024,0.933389205422226,54.209319168719766,56.44201945237712,540.0,0.0,540.0,540.0,0.375,0.0,0.375,0.375,0.2944444444444444,0.0,0.2944444444444444,0.2944444444444444,0.1944444444444444,0.0,0.1944444444444444,0.1944444444444444,70.4,0.0,70.4,70.4,94.9,0.0,94.9,94.9,0.0,0.0,0,0,0.0,0.0,0.0,0.0,1.225,0.0,1.225,1.225,30.34098417680157,4.967353976982015,25.630683194663835,38.75259030336484,71.12882909080516,2.1840457661019568,67.62417281481595,73.44513580685027,0.0666666666666666,0.2581988897471611,0.0,1.0,0.0,0.0,0.0,0.0,0.0,0.0,0.0,0.0,0.0,0.0,0.0,0.0,0.0666666666666666,0.2581988897471611,0.0,1.0,59.559999999999995,1.323847207411574,57.6,62.4,user_001,15
2024-01-05 00:30:00,0.0,0.0,0,0,17854.0,0.0,17854,17854,4.0572,0.3659459757161665,3.364,4.478,49.528656193408374,2.6740903860800067,44.46594531160272,53.81856069947031,59.94316877651586,3.4462360850372984,55.98702963120749,66.38438050918846,97.58933333333331,0.30452460999932,96.98,98.06000000000002,33.5032,0.2110285017987614,33.202,33.808,1.0,0.0,1,1,42.1380462083389,4.75907068779572,34.138821007080814,50.13292568996726,50.0,6.301927142889365,40,65,60.14,8.514340843541557,49.3,84.0,42.72666666666667,13.189523259372336,13.2,67.5,97.64666666666668,0.9568300839353916,95.7,98.8,33.49933333333333,0.6528778781744127,32.52,35.06,4.0520000000000005,0.7345766516455972,2.74,5.33,49.37183071011461,1.6592678985437757,46.68264615091916,51.57213903108207,49.40566218167248,0.178314295515894,49.14440301229816,49.67822713729596,0.2356719032958092,2.259769037680794,-2.84945898370205,5.5907196502648375,50.25684836141202,0.0,50.25684836141202,50.25684836141202,3.042399862673153,1.2800970586989449,1.5040166084322415,5.0613863901548015,3.359528482433794,1.8689591637073448,1.4117976704840631,7.5308488110237555,55.717200190379224,0.3195326502635343,54.78016864258363,55.98361355902886,540.0,0.0,540.0,540.0,0.375,0.0,0.375,0.375,0.2944444444444444,0.0,0.2944444444444444,0.2944444444444444,0.1944444444444444,0.0,0.1944444444444444,0.1944444444444444,70.4,0.0,70.4,70.4,94.9,0.0,94.9,94.9,0.0,0.0,0,0,0.0,0.0,0.0,0.0,1.225,0.0,1.225,1.225,22.36587156683304,4.974883557746908,14.290271740831097,31.7546236193602,71.99646950675792,2.3521673072065754,68.07398339718615,75.58054060674179,0.0,0.0,0.0,0.0,0.0,0.0,0.0,0.0,0.0,0.0,0.0,0.0,0.0,0.0,0.0,0.0,0.0,0.0,0.0,0.0,62.3,1.649242250247066,58.5,65.7,user_001,15
2024-01-05 00:45:00,0.0,0.0,0,0,17854.0,0.0,17854,17854,4.033066666666667,0.3378324746858729,3.514,4.582,49.86800426026495,2.588155817127302,46.610135322834175,54.04192149248721,51.31004819817534,4.6524451995962215,44.81400222966834,62.46270680969115,97.35466666666666,0.274170610769142,96.94,97.98,33.40186666666667,0.1204478942866792,33.228,33.628,1.0,0.0,1,1,50.36966022555968,4.091773857125283,43.08753353776808,56.62387272925341,49.06666666666667,6.273147611237995,40,63,50.940000000000005,10.670640628780044,32.0,72.6,50.39333333333333,14.336241122547063,17.4,70.0,97.32,0.6878538050653329,96.0,98.4,33.40533333333333,0.5382095538073666,32.55,34.42,3.966,0.7590670966013855,2.69,5.09,50.441861236448815,1.522639982060708,47.69673191397516,52.79871195762335,50.017319588061234,0.2422530733185514,49.69833022683667,50.45558494342546,-0.4006687967991434,2.3334943447031304,-4.018545666787396,4.991757481427825,50.25684836141202,0.0,50.25684836141202,50.25684836141202,3.7533050561744465,0.8129759809590447,2.163624709624352,4.745563792544841,2.896516171304765,0.8442831564421271,1.8089592279021585,4.6616356807310275,55.90106351760254,0.2676928710159599,55.6266084873456,56.39388957156947,540.0,0.0,540.0,540.0,0.375,0.0,0.375,0.375,0.2944444444444444,0.0,0.2944444444444444,0.2944444444444444,0.1944444444444444,0.0,0.1944444444444444,0.1944444444444444,70.4,0.0,70.4,70.4,94.9,0.0,94.9,94.9,0.0,0.0,0,0,0.0,0.0,0.0,0.0,1.225,0.0,1.225,1.225,31.593634419287635,4.887998877812776,23.62634919498264,36.80579156464837,70.65670425865075,2.8160198007348076,66.9494380897215,75.26395069090013,0.0,0.0,0.0,0.0,0.0,0.0,0.0,0.0,0.0,0.0,0.0,0.0,0.0,0.0,0.0,0.0,0.0,0.0,0.0,0.0,58.96666666666667,2.2638988703645992,56.1,62.6,user_001,15
2024-01-05 01:00:00,0.0,0.0,0,0,17854.0,0.0,17854,17854,3.978,0.25605691331644,3.504,4.343999999999999,49.15535229479618,1.449632973178823,46.77187806187599,51.819136407284134,59.190574934571046,3.825404790501613,53.086416826207135,65.21565153389169,97.28533333333333,0.3419663029904518,96.72,97.82,33.318266666666666,0.0706697214074718,33.212,33.416000000000004,1.0,0.0,1,1,40.716117791615616,6.838126121710448,28.593340577201612,49.59704025653405,49.6,4.222389303293982,42,57,59.04666666666667,11.69345767431312,33.2,74.3,40.07333333333334,19.140027864835165,14.7,88.3,97.3,0.6335839103296209,96.1,98.2,33.29666666666667,0.339530488146429,32.61,33.86,4.032666666666667,0.6751662934488983,2.72,5.61,48.8089083441916,0.9393907906879372,47.55410307287784,50.24651304181964,49.760442482129704,0.1704225543493323,49.51167827753056,50.045596298732946,0.2223238526019078,1.6338176691136208,-2.3859390309379904,2.881637180389518,50.25684836141202,0.0,50.25684836141202,50.25684836141202,3.9372060291811297,0.9954943690191882,2.420035567380385,5.43160367921831,3.5636865361431544,1.5525270622668037,1.657783950494638,6.278849143488633,55.48261736724076,0.1242680428932996,55.25031156637319,55.66107232489706,540.0,0.0,540.0,540.0,0.375,0.0,0.375,0.375,0.2944444444444444,0.0,0.2944444444444444,0.2944444444444444,0.1944444444444444,0.0,0.1944444444444444,0.1944444444444444,70.4,0.0,70.4,70.4,94.9,0.0,94.9,94.9,0.0,0.0,0,0,0.0,0.0,0.0,0.0,1.225,0.0,1.225,1.225,22.35975809458673,3.8107443969102186,16.681772247719046,29.23873582391447,71.54295922198445,2.8770667334640985,67.2996154234102,75.26674279602568,0.0,0.0,0.0,0.0,0.0,0.0,0.0,0.0,0.0,0.0,0.0,0.0,0.0,0.0,0.0,0.0,0.0,0.0,0.0,0.0,61.62,1.2773857231526766,59.4,63.7,user_001,15
2024-01-05 01:15:00,0.0,0.0,0,0,17854.0,0.0,17854,17854,3.7110666666666665,0.2579921002851131,3.28,4.116,48.17752750440591,2.1463371693915043,43.953210386874126,53.13428455907382,53.94054738335048,4.668932052571213,48.03231145107855,61.43072155736061,97.11333333333332,0.271363400697475,96.56,97.54,33.57106666666667,0.3470363230611569,33.042,34.092,1.0,0.0,1,1,44.305107538467034,7.739990367569663,32.11117568147009,55.30319478348672,47.86666666666667,6.696125389962112,40,65,53.266666666666666,9.97050411869693,37.3,68.7,45.89333333333333,15.087765463005669,22.4,73.5,97.11333333333332,0.9583219461021188,95.8,99.8,33.596,0.5974804240666454,32.42,34.77,3.6786666666666665,0.8140978062218556,2.7,5.06,48.26322879287059,1.0620352250421567,46.356263286835784,49.70956135191983,48.832698450390595,0.4113718609162053,48.31551865839697,49.439262699515226,-0.1554304188696226,2.6105238773995296,-3.2018402972410485,5.9328577204630975,50.25684836141202,0.0,50.25684836141202,50.25684836141202,3.5305511795761135,0.5644296142704011,2.482583465303057,4.23894513200297,3.100763504030749,1.046471382125415,1.6176054887205913,4.980392268585752,55.979077832099435,0.6502228924363038,54.91643477023993,56.770008405107816,540.0,0.0,540.0,540.0,0.375,0.0,0.375,0.375,0.2944444444444444,0.0,0.2944444444444444,0.2944444444444444,0.1944444444444444,0.0,0.1944444444444444,0.1944444444444444,70.4,0.0,70.4,70.4,94.9,0.0,94.9,94.9,0.0,0.0,0,0,0.0,0.0,0.0,0.0,1.225,0.0,1.225,1.225,26.26552504854811,4.206548009382561,20.87333635617599,32.71755870311481,72.85379802976736,1.230622531275622,70.69241067642488,74.59740562492907,0.0666666666666666,0.2581988897471611,0.0,1.0,0.0,0.0,0.0,0.0,0.0,0.0,0.0,0.0,0.0,0.0,0.0,0.0,0.0666666666666666,0.2581988897471611,0.0,1.0,59.13333333333333,1.6503967776899966,56.1,61.3,user_001,15
2024-01-05 01:30:00,0.0,0.0,0,0,17854.0,0.0,17854,17854,3.7684,0.1150358950191509,3.51,3.968,47.58289923322601,2.4275172400985343,43.16224673387344,51.69214771804095,57.58890371951845,4.093727544304059,48.454874300719034,62.98788468157617,97.732,0.3003616867330815,97.34,98.3,33.5504,0.2129254732127069,33.1,33.868,1.0,0.0,1,1,41.34130850782947,6.02095474880174,31.92626317643867,52.160205861773846,47.46666666666667,5.05493629558088,40,56,59.44666666666667,9.160619650490483,41.9,75.3,39.593333333333334,13.49991887100843,18.5,73.4,97.74666666666668,0.8096442487437335,96.3,99.6,33.50266666666667,0.5197865862429459,32.44,34.35,3.7733333333333334,0.4809613389076189,2.99,4.49,47.69989672763356,1.6876480369796651,44.92308911424925,49.86008405423352,48.3270524263269,0.3317237454953728,47.88021336881596,48.78141429123981,-0.0581162832796607,1.8104678455254024,-3.153810604009095,3.2308892114692895,50.25684836141202,0.0,50.25684836141202,50.25684836141202,3.647762647302085,0.338974221775243,3.10041081427488,4.142009720606859,3.209454436508247,0.5936175582396311,1.9184247381970383,3.797974368600475,55.49500030322573,0.3057728100519887,55.08211331886007,56.22704077264051,540.0,0.0,540.0,540.0,0.375,0.0,0.375,0.375,0.2944444444444444,0.0,0.2944444444444444,0.2944444444444444,0.1944444444444444,0.0,0.1944444444444444,0.1944444444444444,70.4,0.0,70.4,70.4,94.9,0.0,94.9,94.9,0.0,0.0,0,0,0.0,0.0,0.0,0.0,1.225,0.0,1.225,1.225,23.817675092144743,5.733440365377468,15.55082013988789,33.77182678655644,71.29894229836985,1.6263699818106303,69.33080348944489,74.57700722231964,0.0,0.0,0.0,0.0,0.0,0.0,0.0,0.0,0.0,0.0,0.0,0.0,0.0,0.0,0.0,0.0,0.0,0.0,0.0,0.0,60.593333333333334,1.6955684536321105,57.8,63.7,user_001,15
2024-01-05 01:45:00,0.0,0.0,0,0,17854.0,0.0,17854,17854,3.8833333333333337,0.2671111771386231,3.5159999999999996,4.343999999999999,48.020407522473626,1.1673007880391122,46.5505823054275,50.73881018721187,57.82495008925868,5.151906560761312,47.62840788525008,67.35088360425264,97.464,0.2717351651884604,97.02,98.0,33.43546666666666,0.3065144756932831,32.994,33.998000000000005,1.0,0.0,1,1,40.18116831457508,6.323189923371579,29.64533837993436,53.97173262462665,48.266666666666666,3.614784456460256,42,56,55.91333333333333,13.927099311705051,30.9,82.4,41.82,17.28435295702032,11.9,76.0,97.45333333333332,0.8509378579515886,95.9,98.9,33.46666666666667,0.6411782309229824,32.16,34.6,3.888,0.6761994633876267,2.9,5.33,48.03549150719084,0.7077248350402333,47.10684456772321,49.16574124584754,47.80603022101772,0.1319271557194674,47.62345723219601,48.09170355869798,0.1231295720965235,1.391313525366224,-2.2752911527137485,2.630594906394059,50.25684836141202,0.0,50.25684836141202,50.25684836141202,4.433619087958773,1.0801398221755798,2.2440006861998176,6.253515294070632,3.735260741898351,1.272871557428791,1.4515222385308342,5.624064587161311,56.801706486272785,0.6910947905529841,55.96029307673211,57.72039035658285,540.0,0.0,540.0,540.0,0.375,0.0,0.375,0.375,0.2944444444444444,0.0,0.2944444444444444,0.2944444444444444,0.1944444444444444,0.0,0.1944444444444444,0.1944444444444444,70.4,0.0,70.4,70.4,94.9,0.0,94.9,94.9,0.0,0.0,0,0,0.0,0.0,0.0,0.0,1.225,0.0,1.225,1.225,20.853711803981568,2.9985534901789843,17.691453457312786,27.63829100552973,76.05108589939985,0.571869394737911,74.50798995605535,76.74045383196338,0.0,0.0,0.0,0.0,0.0666666666666666,0.2581988897471611,0.0,1.0,0.0,0.0,0.0,0.0,0.0,0.0,0.0,0.0,0.0666666666666666,0.2581988897471611,0.0,1.0,61.080000000000005,1.5685297938788776,58.5,63.1,user_001,15
2024-01-05 02:00:00,0.0,0.0,0,0,17854.0,0.0,17854,17854,4.0625333333333336,0.2272323752922376,3.752,4.465999999999999,48.88456657456184,1.7965507439235198,46.03468292452889,51.68208129979062,51.08854222214915,5.4570537579462775,42.09040350455559,61.62819919916924,97.58133333333332,0.5961527448885152,96.6,98.36,33.5536,0.240370190688094,33.16,33.904,1.0,0.0,1,1,52.456252048326654,8.447584609580517,40.01226576760701,66.45410338872296,48.93333333333333,6.318529063303382,40,60,52.49333333333333,12.333720714637034,34.9,82.1,51.02,17.4058774966553,14.1,77.8,97.63333333333334,1.0216699681450587,95.5,99.2,33.57866666666667,0.4852814598128541,32.47,34.63,4.069333333333334,0.6695143940271366,2.92,4.92,48.82137767374018,0.6872525427957037,47.51647621344494,50.04671396112548,48.19544439946651,0.3216930366796001,47.70110225189988,48.52357352468151,0.0243833793857461,2.4717851521461873,-3.0902971215271577,4.1952472148458355,50.25684836141202,0.0,50.25684836141202,50.25684836141202,4.638744436641582,1.250317099764354,2.379853318863868,6.27678330045719,4.028010625369168,1.7154122786100647,0.8073519666991734,6.301053227262195,55.73424632204684,1.0266322783869728,54.456746155703925,57.61461793625904,540.0,0.0,540.0,540.0,0.375,0.0,0.375,0.375,0.2944444444444444,0.0,0.2944444444444444,0.2944444444444444,0.1944444444444444,0.0,0.1944444444444444,0.1944444444444444,70.4,0.0,70.4,70.4,94.9,0.0,94.9,94.9,0.0,0.0,0,0,0.0,0.0,0.0,0.0,1.225,0.0,1.225,1.225,31.941279251010517,4.366485201689505,26.02697056822044,37.72714466338887,68.73579431149965,2.231501768463019,66.69343532815972,73.5328867878116,0.0,0.0,0.0,0.0,0.1333333333333333,0.3518657752744983,0.0,1.0,0.0,0.0,0.0,0.0,0.0,0.0,0.0,0.0,0.1333333333333333,0.3518657752744983,0.0,1.0,58.526666666666664,1.955748547475461,55.2,61.8,user_001,15
2024-01-05 02:15:00,0.0,0.0,0,0,17854.0,0.0,17854,17854,4.155333333333333,0.2398102424437963,3.794,4.51,50.67259324659236,1.7451293322563592,46.96498288830778,53.606455977294424,51.71503065087365,3.136669159652395,45.663508509372285,57.60161133757913,97.68,0.3382306905057606,97.1,98.12,33.57106666666667,0.2828637902056757,33.142,33.894,1.0,0.0,1,1,48.55287829057546,6.337697694819179,35.853255082860805,57.570761120945086,50.733333333333334,6.2617508581485275,40,60,51.64,10.603759441147004,28.4,74.6,47.57333333333334,14.521829217062288,14.8,79.2,97.70666666666666,0.9542885657214342,96.3,99.9,33.541333333333334,0.4984385141428692,32.83,34.68,4.131333333333333,0.8600321145720303,2.59,5.06,50.52813135455403,0.8575878913283604,49.29528078538489,51.88301842674268,49.32985428505875,0.3765463177067108,48.61276914345626,49.7785799105771,0.0303700433704847,2.4595307185990936,-4.2458791060654235,4.345005703897414,50.25684836141202,0.0,50.25684836141202,50.25684836141202,3.3500534531281896,1.227785364644194,1.8613221750223292,5.016327534694506,2.6909333992613185,1.1368647003310786,1.2812895504031654,4.780119108832764,52.268661295892336,1.0837634812165224,51.06934632143376,54.21227521491373,540.0,0.0,540.0,540.0,0.375,0.0,0.375,0.375,0.2944444444444444,0.0,0.2944444444444444,0.2944444444444444,0.1944444444444444,0.0,0.1944444444444444,0.1944444444444444,70.4,0.0,70.4,70.4,94.9,0.0,94.9,94.9,0.0,0.0,0,0,0.0,0.0,0.0,0.0,1.225,0.0,1.225,1.225,32.01266804508701,3.154519605315623,26.628628587658067,37.34409946256951,67.90443097014375,0.5804674740435919,66.88766156138904,68.5947869429753,0.0,0.0,0.0,0.0,0.0,0.0,0.0,0.0,0.0,0.0,0.0,0.0,0.0,0.0,0.0,0.0,0.0,0.0,0.0,0.0,59.766666666666666,1.1505692173048616,57.5,61.9,user_001,15
2024-01-05 02:30:00,0.0,0.0,0,0,17854.0,0.0,17854,17854,3.969866666666667,0.1303828793902604,3.784,4.1579999999999995,51.52020730699821,1.5280425397200446,48.7168985499776,53.62929890926159,54.93365333849943,2.983945695701373,50.167740891719426,59.69881694825011,97.684,0.232403589841954,97.28,98.16,33.60466666666667,0.1713820571816335,33.346,33.903999999999996,1.0,0.0,1,1,43.56923453722472,2.8703658097718368,37.24843011001654,48.07098668115445,51.46666666666667,4.998094875145166,42,58,54.82666666666667,8.983593511560526,35.3,66.7,44.373333333333335,10.8736553629578,19.7,59.3,97.63333333333334,0.6218252702059256,96.8,98.7,33.6,0.3764875258794866,33.02,34.11,3.958,0.4779151149972736,3.21,4.97,51.301213438874434,0.8355809671789205,49.96893107197386,52.43622988834888,50.48873506228202,0.3706483151303087,49.952386607051395,51.096400276795286,-0.0267703201657681,1.9335856540194032,-3.3584492749888,2.9308298444477714,50.25684836141202,0.0,50.25684836141202,50.25684836141202,3.6712482982001737,1.1956868904558702,2.2324506865428675,5.520324935993826,2.512456272124425,0.605189344054048,1.452647015752108,3.3457143042915245,52.67499259224332,0.5407794937447065,51.55119095767427,53.36984632536314,540.0,0.0,540.0,540.0,0.375,0.0,0.375,0.375,0.2944444444444444,0.0,0.2944444444444444,0.2944444444444444,0.1944444444444444,0.0,0.1944444444444444,0.1944444444444444,70.4,0.0,70.4,70.4,94.9,0.0,94.9,94.9,0.0,0.0,0,0,0.0,0.0,0.0,0.0,1.225,0.0,1.225,1.225,30.160373717937976,2.251956728729727,26.94558211044434,33.986280729581594,67.95201590679814,0.9447086327222236,66.53417840472753,69.42423947081099,0.0,0.0,0.0,0.0,0.0,0.0,0.0,0.0,0.0,0.0,0.0,0.0,0.0,0.0,0.0,0.0,0.0,0.0,0.0,0.0,61.266666666666666,1.1956269524913743,59.4,63.6,user_001,15
2024-01-05 02:45:00,0.0,0.0,0,0,17854.0,0.0,17854,17854,4.069599999999999,0.172227756183491,3.746,4.3759999999999994,51.66714264389864,2.2601638981603323,47.192478113800384,56.46820109641046,53.96817934211035,2.8915266653657508,49.00679934950867,58.78853835503707,97.468,0.1767645730504719,97.22,97.9,33.6136,0.2398001548909301,33.292,34.038,1.0,0.0,1,1,46.61243485820784,3.78935082947553,41.17066491274462,52.136101925674915,52.6,6.367327315511361,40,63,53.333333333333336,9.287677448154216,30.6,71.4,47.28,11.98661157887654,24.0,71.3,97.44,0.5395765535518184,96.3,98.2,33.60333333333333,0.6149641878849134,32.59,34.8,4.136,0.4120298186158028,3.36,4.95,51.306255389949335,0.8584315862398163,50.18010735009901,53.397380391782576,51.11591892906847,0.1786887640364926,50.94618318388385,51.59367497544842,0.466428678050679,2.3224974914917875,-3.5962390569001954,4.269173962066532,50.25684836141202,0.0,50.25684836141202,50.25684836141202,2.5857305539351545,1.174649799893715,1.1546093003172904,5.246382082275899,2.009930449431367,0.8105967423312097,0.9188783010029732,3.409132279729339,54.29445675391755,0.4025810997967514,53.35400577423547,54.639561765686,540.0,0.0,540.0,540.0,0.375,0.0,0.375,0.375,0.2944444444444444,0.0,0.2944444444444444,0.2944444444444444,0.1944444444444444,0.0,0.1944444444444444,0.1944444444444444,70.4,0.0,70.4,70.4,94.9,0.0,94.9,94.9,0.0,0.0,0,0,0.0,0.0,0.0,0.0,1.225,0.0,1.225,1.225,29.639876689779705,2.9622875273401705,25.28037051249068,34.66241193398888,70.15357314491997,0.7500200744798357,68.37019127493348,71.07955747485354,0.0666666666666666,0.2581988897471611,0.0,1.0,0.0,0.0,0.0,0.0,0.0,0.0,0.0,0.0,0.0,0.0,0.0,0.0,0.0666666666666666,0.2581988897471611,0.0,1.0,60.986666666666665,1.3303418823030115,58.3,62.8,user_001,15
2024-01-05 03:00:00,0.0,0.0,0,0,17854.0,0.0,17854,17854,4.118799999999999,0.3260331271512144,3.5839999999999996,4.6739999999999995,53.27911887157366,1.5120445975833985,50.29933509327381,55.673503959866046,54.37506754537812,2.690605349071968,49.51525848959173,58.210172326394485,96.87333333333332,0.2458416059947828,96.44,97.38,33.478,0.231770822766183,33.176,33.856,1.0,0.0,1,1,50.29231521667589,4.829893701698337,43.422555738071246,59.865578896427245,53.06666666666667,5.00666222813829,46,60,54.586666666666666,10.13458482246853,33.6,75.6,50.086666666666666,15.738345650338342,24.3,89.8,96.89333333333336,0.8353499409286651,95.2,98.4,33.51866666666667,0.5174921209430104,32.81,34.48,4.083333333333333,0.7736801357027028,2.54,5.51,53.33700935710884,0.7660739148343918,51.782072980299155,54.48811270867632,52.07162811791719,0.2625477639586359,51.662449983632285,52.47313075773615,-0.1062261024534919,1.9935459643521083,-3.224501319955344,2.1632480200669875,50.25684836141202,0.0,50.25684836141202,50.25684836141202,4.19764065143083,1.3032567404591542,1.947430571448853,5.745135193604451,2.904913384612729,0.7448313283123753,1.2352056502939752,3.7204984518444126,54.54057238620808,0.1705317053113927,54.17162344374424,54.8258357888992,540.0,0.0,540.0,540.0,0.375,0.0,0.375,0.375,0.2944444444444444,0.0,0.2944444444444444,0.2944444444444444,0.1944444444444444,0.0,0.1944444444444444,0.1944444444444444,70.4,0.0,70.4,70.4,94.9,0.0,94.9,94.9,0.0,0.0,0,0,0.0,0.0,0.0,0.0,1.225,0.0,1.225,1.225,32.81873898542277,1.8297941465322425,30.675691085502876,36.865005632510474,67.13568716802224,0.3648388876894251,66.70041008202993,68.01398757410462,0.0,0.0,0.0,0.0,0.0,0.0,0.0,0.0,0.0,0.0,0.0,0.0,0.0,0.0,0.0,0.0,0.0,0.0,0.0,0.0,60.919999999999995,1.2137309657180448,58.8,63.5,user_001,15
2024-01-05 03:15:00,0.0,0.0,0,0,17854.0,0.0,17854,17854,4.529733333333334,0.1346357343069846,4.242,4.784000000000001,55.9760148816341,1.2907551492508411,53.46679380655994,58.05028606475986,55.59891816521823,3.843487966137344,49.299190157949646,59.84990642844658,97.22533333333332,0.5025345285460049,96.34,98.08,33.4776,0.1010125876173008,33.338,33.688,1.0,0.0,1,1,43.384790899521946,3.8168813322084567,37.479925035466174,50.612438745632915,56.0,5.0,47,64,55.04,8.596743569515143,40.8,72.3,44.086666666666666,10.174257899695869,29.1,58.8,97.2,1.037166469624947,94.8,99.1,33.46066666666666,0.4188157908516182,32.55,34.24,4.511333333333334,0.6131169390519078,3.37,5.2,55.62673925030994,0.7859593577169361,53.779873475644195,56.55389875421258,53.73274185081764,0.6805014829555237,52.71542050515744,54.674683648239146,0.011992559182949,1.9742348063086572,-3.233396903279967,3.193428177145144,50.25684836141202,0.0,50.25684836141202,50.25684836141202,2.773983752467915,0.8995459064664285,1.322222498042457,3.93225109609763,2.2153692378950094,1.084536646837952,1.0306998834612142,4.2090225421914065,54.80572852290392,0.3853389997943949,54.27701782684929,55.34831799661367,540.0,0.0,540.0,540.0,0.375,0.0,0.375,0.375,0.2944444444444444,0.0,0.2944444444444444,0.2944444444444444,0.1944444444444444,0.0,0.1944444444444444,0.1944444444444444,70.4,0.0,70.4,70.4,94.9,0.0,94.9,94.9,0.0,0.0,0,0,0.0,0.0,0.0,0.0,1.225,0.0,1.225,1.225,32.67490560272534,3.028933313284735,30.4483743183501,40.10061395222099,68.42409964737088,0.6371860222314516,67.02765007004363,69.02813295281044,0.0,0.0,0.0,0.0,0.0,0.0,0.0,0.0,0.0,0.0,0.0,0.0,0.0,0.0,0.0,0.0,0.0,0.0,0.0,0.0,63.11333333333334,1.5729256937615474,60.2,65.7,user_001,15
2024-01-05 03:30:00,0.0,0.0,0,0,17854.0,0.0,17854,17854,4.456666666666667,0.1960942436201341,4.1339999999999995,4.7620000000000005,55.63501126060041,2.1922434425059025,51.70216255750169,59.29211349284922,51.976880083184824,4.005484215912395,46.74798817934808,60.01663719696319,97.87466666666666,0.3011849613649109,97.48,98.42,33.846133333333334,0.1991273342313798,33.471999999999994,34.116,1.0,0.0,1,1,48.61999765660633,5.5614493254246735,41.72584018824245,61.112456321085425,56.2,5.544624166060054,43,64,52.04666666666667,11.033705935299649,38.3,77.7,50.02,14.801119648767887,16.6,72.1,97.9,0.9863352081605632,95.6,99.1,33.861333333333334,0.4812018683413848,33.09,35.18,4.507333333333333,0.4830922222910394,3.52,5.22,55.34150886650025,1.0978507166971558,53.77864610907143,57.20794933738985,55.04294050739822,0.3640424944699642,54.722813370053935,55.805513071117254,0.2824943696997934,1.995970951169125,-4.351081278750847,3.192272213703461,50.25684836141202,0.0,50.25684836141202,50.25684836141202,3.8803215672148226,1.068246339903259,2.223216092183452,5.621333052895471,3.2187474472245605,1.1706427668813604,1.0945657288215347,5.032467847605832,54.21587916414622,0.3451833430194402,53.76754206741193,54.89021745908768,540.0,0.0,540.0,540.0,0.375,0.0,0.375,0.375,0.2944444444444444,0.0,0.2944444444444444,0.2944444444444444,0.1944444444444444,0.0,0.1944444444444444,0.1944444444444444,70.4,0.0,70.4,70.4,94.9,0.0,94.9,94.9,0.0,0.0,0,0,0.0,0.0,0.0,0.0,1.225,0.0,1.225,1.225,37.619372877857195,2.7831298325321634,32.992370006116104,41.55669882277368,64.24540409316369,0.913201418554235,63.17051847502698,66.38793034332475,0.0,0.0,0.0,0.0,0.0666666666666666,0.2581988897471611,0.0,1.0,0.0,0.0,0.0,0.0,0.0,0.0,0.0,0.0,0.0666666666666666,0.2581988897471611,0.0,1.0,62.01333333333333,1.8114188072442223,59.3,65.3,user_001,15
2024-01-05 03:45:00,0.0,0.0,0,0,17854.0,0.0,17854,17854,4.269866666666667,0.1261755390979831,4.077999999999999,4.444,54.58727779862632,1.1634534764647175,52.38753000315171,56.80791376063703,58.12226741497216,3.729132386063988,49.03758185309803,64.06168746099523,97.66266666666668,0.4149951233218891,97.16,98.36,33.56733333333333,0.2897148022912665,33.013999999999996,33.896,1.0,0.0,1,1,45.27547799400645,6.942204044370368,37.675253360375216,64.20830421405695,53.666666666666664,3.773340063934768,48,60,59.29333333333333,7.715056398892704,46.8,73.3,42.72666666666667,10.167136601160951,28.3,70.4,97.58666666666666,0.7799877898922194,96.2,99.0,33.55266666666667,0.5090673077398734,32.59,34.26,4.252666666666666,0.4407536835056623,3.58,5.25,55.21811186054362,1.1468230211688717,54.138569834920666,57.80529955825989,55.51036024997829,0.2254532890774479,55.11114452961336,55.82589760296705,-0.4603055659798338,1.5759325965934303,-2.9359712535456737,1.5960431196814824,50.25684836141202,0.0,50.25684836141202,50.25684836141202,2.9103664340421913,0.399794818196732,2.132351896096168,3.6445183466657514,2.4315163404394142,0.6207870258117849,1.2038479859876432,3.679977396507494,53.712887827794184,0.6346263256042984,53.10382369531553,55.04957374907849,540.0,0.0,540.0,540.0,0.375,0.0,0.375,0.375,0.2944444444444444,0.0,0.2944444444444444,0.2944444444444444,0.1944444444444444,0.0,0.1944444444444444,0.1944444444444444,70.4,0.0,70.4,70.4,94.9,0.0,94.9,94.9,0.0,0.0,0,0,0.0,0.0,0.0,0.0,1.225,0.0,1.225,1.225,31.212138738245105,5.6174416349081735,25.762637904778984,41.27460696351216,66.83415363880577,2.03563345777219,63.72174962057564,70.37225632568861,0.0,0.0,0.0,0.0,0.0,0.0,0.0,0.0,0.0,0.0,0.0,0.0,0.0,0.0,0.0,0.0,0.0,0.0,0.0,0.0,63.54666666666667,1.774367761311325,61.3,66.9,user_001,15
2024-01-05 04:00:00,0.0,0.0,0,0,17854.0,0.0,17854,17854,4.684666666666667,0.141999329307605,4.42,4.906000000000001,55.32855811146954,2.2999225384190303,51.92502000210114,58.923344167130175,56.25344246861361,3.5603551412439836,48.28854865275383,60.68573841995731,97.42933333333332,0.2147246298556969,97.06,97.74,33.54173333333333,0.1436461260313353,33.215999999999994,33.83200000000001,1.0,0.0,1,1,43.49157536223776,4.642479896941505,36.11433697001311,51.173038653339155,56.2,4.1438422474110395,49,63,54.86,9.007599965743212,39.0,68.6,44.666666666666664,13.743032866909411,23.1,73.5,97.51333333333334,0.6069439450072439,96.6,98.9,33.534,0.5439774154975815,32.59,34.43,4.644666666666667,0.6209654541422535,3.64,5.35,54.71323868566758,1.6188041767793135,52.456219334975344,57.62282024080582,54.902652432164274,0.075382739388595,54.742808255687905,54.99130643162013,0.435720944265231,1.3456443194687535,-2.2904441152878263,3.139703923141454,50.25684836141202,0.0,50.25684836141202,50.25684836141202,2.8510794537572495,1.040295979660308,1.0003491236896975,4.172000572082279,2.24649665023657,0.814583130334031,0.8367387815054097,3.7348704391684895,56.77111806319364,0.5807524869453815,55.355271388274545,57.29538091953931,540.0,0.0,540.0,540.0,0.375,0.0,0.375,0.375,0.2944444444444444,0.0,0.2944444444444444,0.2944444444444444,0.1944444444444444,0.0,0.1944444444444444,0.1944444444444444,70.4,0.0,70.4,70.4,94.9,0.0,94.9,94.9,0.0,0.0,0,0,0.0,0.0,0.0,0.0,1.225,0.0,1.225,1.225,30.651914960360543,4.214481173243128,25.10810623736217,37.84429583129937,70.90499270968856,1.3397669935987533,68.08851597660147,72.44794015707639,0.0,0.0,0.0,0.0,0.0666666666666666,0.2581988897471611,0.0,1.0,0.0,0.0,0.0,0.0,0.0,0.0,0.0,0.0,0.0666666666666666,0.2581988897471611,0.0,1.0,63.39333333333333,0.818942407417436,62.3,65.0,user_001,15
2024-01-05 04:15:00,0.0,0.0,0,0,17854.0,0.0,17854,17854,4.448933333333333,0.2101072741878933,4.154,4.858,58.343074571849264,2.5647440195997984,53.025427317390985,62.383383037156726,51.79201508678058,2.8974304929635144,47.898435501899435,58.42569910183588,97.51733333333333,0.1968126980030461,97.18,97.86,33.428000000000004,0.1896312210581395,33.122,33.688,1.0,0.0,1,1,46.100806753304376,4.019065322196583,39.38652180480316,51.59201109121065,57.6,6.045068828628599,47,69,51.74,12.033690800652735,32.2,78.7,45.733333333333334,16.206509568101097,17.7,68.5,97.52,0.6909620622209106,96.7,98.9,33.43066666666667,0.5377793847542556,32.1,34.69,4.452,0.5733136762964679,3.45,5.17,58.87485918325244,1.130437506481781,56.06137636641249,60.09911517366724,56.11850243734069,0.6620937700106918,54.97194530336529,56.85558676873366,-0.3715372859246348,2.0879061130700887,-3.5190704880432477,3.6837012961932913,50.25684836141202,0.0,50.25684836141202,50.25684836141202,4.3607235969074605,1.6488608375512526,1.5075743405246604,6.643648485951661,2.7786132057960784,0.9604811907742888,1.6421066419229933,4.410187083453754,56.000016821879434,1.1507804027101889,54.0227287776971,57.50079218341748,540.0,0.0,540.0,540.0,0.375,0.0,0.375,0.375,0.2944444444444444,0.0,0.2944444444444444,0.2944444444444444,0.1944444444444444,0.0,0.1944444444444444,0.1944444444444444,70.4,0.0,70.4,70.4,94.9,0.0,94.9,94.9,0.0,0.0,0,0,0.0,0.0,0.0,0.0,1.225,0.0,1.225,1.225,41.215180035178584,1.4925878897922735,36.919426331111,43.24089420214481,63.724656757294234,1.96504481598649,61.56116261662984,67.8078860221498,0.0666666666666666,0.2581988897471611,0.0,1.0,0.0666666666666666,0.2581988897471611,0.0,1.0,0.0,0.0,0.0,0.0,0.0,0.0,0.0,0.0,0.1333333333333333,0.5163977794943223,0.0,2.0,62.64,1.754911475178816,59.0,65.4,user_001,15
2024-01-05 04:30:00,0.0,0.0,0,0,17854.0,0.0,17854,17854,4.807466666666667,0.316803198637051,4.38,5.296,56.63872430150281,3.317200859890688,51.90018991884043,63.00966838822668,49.86464296063551,3.275504279152184,43.320419945699655,55.36562366793296,97.188,0.3203391060378721,96.76,97.68,33.54853333333333,0.1215999686716741,33.406,33.760000000000005,1.0,0.0,1,1,50.57505358020363,5.518349532745931,40.40233699964737,61.340603647943816,57.46666666666667,5.591660457025862,49,68,49.626666666666665,9.8317609719482,32.3,70.3,52.34666666666667,12.588422496579186,25.1,67.6,97.21333333333334,0.7099966465380219,95.8,98.2,33.54666666666667,0.3593976442141307,33.02,34.18,4.848,0.4953382682571576,3.92,5.73,55.81630201188031,2.5207520394402674,53.29966707152962,60.53911127731017,57.06598892066445,0.2272705646381728,56.83498867221738,57.49089943667604,0.4139711825819328,1.8358219708097043,-2.669889462742219,2.495165805886664,50.25684836141202,0.0,50.25684836141202,50.25684836141202,3.540004678419531,0.7054599181118539,2.076255639989219,4.508020853709587,2.7187355547759107,0.7673576338738687,0.94456079558579,3.7928856523955914,52.25836441164299,0.9571726949955224,50.82832902370805,53.8918191851314,540.0,0.0,540.0,540.0,0.375,0.0,0.375,0.375,0.2944444444444444,0.0,0.2944444444444444,0.2944444444444444,0.1944444444444444,0.0,0.1944444444444444,0.1944444444444444,70.4,0.0,70.4,70.4,94.9,0.0,94.9,94.9,0.0,0.0,0,0,0.0,0.0,0.0,0.0,1.225,0.0,1.225,1.225,39.986991465964145,4.221934923057387,35.30374102404772,48.872577492870185,62.48262605425448,0.583815111172323,61.10505775932534,63.02738604494016,0.0,0.0,0.0,0.0,0.0666666666666666,0.2581988897471611,0.0,1.0,0.0,0.0,0.0,0.0,0.0,0.0,0.0,0.0,0.0666666666666666,0.2581988897471611,0.0,1.0,61.093333333333334,1.3285151037727738,58.7,64.2,user_001,15
2024-01-05 04:45:00,0.0,0.0,0,0,17854.0,0.0,17854,17854,4.9614666666666665,0.1436930591159341,4.628,5.214,59.28505362705176,2.094668837673126,55.50170898659945,63.63292562115222,48.63289070360556,2.308345037813084,45.0811133979677,53.311257718140986,97.75066666666666,0.3003680282269635,97.28,98.2,33.360933333333335,0.1016994638745971,33.202,33.541999999999994,1.0,0.0,1,1,50.59478143589958,4.17810072585345,41.29461431804554,56.82615371648737,59.666666666666664,5.2870011303555575,50,70,48.84,7.262703156735593,36.3,58.0,48.56666666666667,10.180069229814183,25.9,66.4,97.66,0.7744122195021713,96.7,99.5,33.37866666666667,0.3289130728989188,32.65,33.78,4.940666666666667,0.7711815301088014,3.07,6.27,59.080162274682344,1.1850806089478871,57.623257452156075,61.437894217192635,57.328312507430944,0.2489863173926467,57.04870398372088,57.96188896427728,0.1908065198074557,1.9188444563521831,-3.3762817399496043,3.183537189423894,50.25684836141202,0.0,50.25684836141202,50.25684836141202,2.8351316127284605,0.5051139918986808,1.8381786474160815,3.447322020017114,2.2581394366100707,0.587950363506239,1.4915527616816828,3.4125363734320375,49.92194162554499,0.531660416043697,49.19972537227121,50.549997126916466,540.0,0.0,540.0,540.0,0.375,0.0,0.375,0.375,0.2944444444444444,0.0,0.2944444444444444,0.2944444444444444,0.1944444444444444,0.0,0.1944444444444444,0.1944444444444444,70.4,0.0,70.4,70.4,94.9,0.0,94.9,94.9,0.0,0.0,0,0,0.0,0.0,0.0,0.0,1.225,0.0,1.225,1.225,46.02152495164945,2.675371827933254,41.608440110246775,48.85331339808693,58.90871197798664,0.9126793129060442,57.866189650620534,60.4927679286555,0.0,0.0,0.0,0.0,0.0,0.0,0.0,0.0,0.0,0.0,0.0,0.0,0.0,0.0,0.0,0.0,0.0,0.0,0.0,0.0,61.973333333333336,0.97208661185739,60.5,64.2,user_001,15
2024-01-05 05:00:00,0.0,0.0,0,0,17854.0,0.0,17854,17854,4.834133333333333,0.2501307848382712,4.474,5.252000000000001,62.03537514766232,1.6493205247114462,58.966149222389994,65.28087909414351,49.97408730220653,5.133704861380282,41.844622013394265,60.612876070470406,97.416,0.2539066195052145,97.02,97.78,33.54333333333333,0.1909804278179403,33.256,33.874,1.0,0.0,1,1,53.80400490281884,4.967229492545698,42.236838742000394,60.7113241650959,62.2,5.017113569716013,53,73,51.04,12.395552197692297,30.2,83.7,54.07333333333334,13.189252478908005,21.6,71.9,97.44666666666669,0.6423913656538858,96.6,98.8,33.554,0.4103622093433352,33.04,34.21,4.888,0.6627022602302529,3.63,5.73,62.097468618626046,0.7838959642246901,60.66031936624605,63.19591938257933,59.895778832478264,0.812721316493042,58.29681486507375,60.66021438735704,0.0823124261688387,1.918441292427407,-2.9830746111950006,3.859560452928257,50.25684836141202,0.0,50.25684836141202,50.25684836141202,3.8538803607274583,1.158027043531726,2.7519656516669793,6.179136154168999,3.3298966656368054,1.2255283757290971,1.8353966229395533,5.919620010899119,48.40225926611749,0.3639017725695553,48.100170659244235,49.30348900290605,540.0,0.0,540.0,540.0,0.375,0.0,0.375,0.375,0.2944444444444444,0.0,0.2944444444444444,0.2944444444444444,0.1944444444444444,0.0,0.1944444444444444,0.1944444444444444,70.4,0.0,70.4,70.4,94.9,0.0,94.9,94.9,0.0,0.0,0,0,0.0,0.0,0.0,0.0,1.225,0.0,1.225,1.225,48.72969111478843,4.097089681727645,41.03095645885335,54.51659214784595,56.123899247558704,0.8919571083073824,54.99462026437493,57.57748510440063,0.0,0.0,0.0,0.0,0.0666666666666666,0.2581988897471611,0.0,1.0,0.0,0.0,0.0,0.0,0.0,0.0,0.0,0.0,0.0666666666666666,0.2581988897471611,0.0,1.0,63.093333333333334,1.6866986633516885,60.7,66.8,user_001,15
2024-01-05 05:15:00,0.0,0.0,0,0,17854.0,0.0,17854,17854,4.7,0.1886993072892123,4.287999999999999,5.072,60.486789070845035,2.1358432245465995,56.64822455439685,63.992241887288266,52.67476873274868,5.646744357224557,43.75051275792728,62.95531422292196,97.50133333333332,0.2528089811545146,97.04,98.08,33.48506666666667,0.1580937636190553,33.188,33.736000000000004,1.0,0.0,1,1,51.29969949529877,3.753406036275977,43.59376910766533,58.35195989281499,59.93333333333333,4.772939595359695,53,68,51.086666666666666,14.068296001326972,27.2,76.4,52.66,11.64184570540992,27.3,68.4,97.50666666666666,0.6374801584213843,96.3,98.7,33.42,0.402421243404044,32.56,33.95,4.614,0.5849151342594193,3.86,6.16,60.81473950768713,1.220817125404385,59.02312817481445,62.840905767876805,61.18655097041378,0.3277671788185679,60.74028926170016,61.58948545206451,-0.2767278687558549,1.7959653442863706,-2.4792526236964605,3.450591815201051,50.25684836141202,0.0,50.25684836141202,50.25684836141202,4.976487823879154,1.3138589723945802,1.9922521698520024,6.649359663692257,4.526148592335356,1.964173428659798,0.6045658619840782,7.8550609281937644,50.596097020279345,0.6188043282647709,49.53010377971514,51.470796372657944,540.0,0.0,540.0,540.0,0.375,0.0,0.375,0.375,0.2944444444444444,0.0,0.2944444444444444,0.2944444444444444,0.1944444444444444,0.0,0.1944444444444444,0.1944444444444444,70.4,0.0,70.4,70.4,94.9,0.0,94.9,94.9,0.0,0.0,0,0,0.0,0.0,0.0,0.0,1.225,0.0,1.225,1.225,41.48690721366575,4.460353860010351,34.962619374487716,49.40314973742627,61.36174799543616,1.1834922147025122,58.55731859774708,62.618057186091555,0.0,0.0,0.0,0.0,0.0,0.0,0.0,0.0,0.0,0.0,0.0,0.0,0.0,0.0,0.0,0.0,0.0,0.0,0.0,0.0,64.00666666666667,1.3193432709748676,61.4,66.4,user_001,15
2024-01-05 05:30:00,0.0,0.0,0,0,17854.0,0.0,17854,17854,5.047866666666667,0.2015092577336855,4.676,5.401999999999999,59.75439809487046,0.9439170375120156,58.2823993934775,61.16099588699446,51.65486953037617,4.553848228226876,43.92270126853363,58.36991629995726,97.48933333333332,0.4619750560159628,96.78,98.18,33.5428,0.2545346454105679,33.05800000000001,33.944,1.0,0.0,1,1,49.37808208014696,6.433074745671344,36.37451643756919,58.3547081269758,59.6,3.157756889221932,55,64,53.56666666666667,9.688407407579332,36.0,67.8,47.13333333333333,11.28878499514747,28.4,65.2,97.43333333333334,0.9076395340714984,95.7,98.7,33.612,0.5398571239556937,32.87,34.57,5.018,0.5479207450509088,3.98,5.64,59.80055830855417,0.4186742147526407,58.99214595568751,60.33712665194787,60.6631762479639,0.3444590110521988,60.12059358285775,61.22961029505801,-0.0771990474352302,1.2106362345836126,-2.053665295664814,1.4980937415679136,50.25684836141202,0.0,50.25684836141202,50.25684836141202,3.755731376752597,0.7077106078215499,1.7493908088888668,5.007361842711531,3.4178497987578695,0.7647883567938496,2.784783916377768,5.40199817539667,51.86528118478869,0.2426245552941054,51.49739645609618,52.241264569023194,540.0,0.0,540.0,540.0,0.375,0.0,0.375,0.375,0.2944444444444444,0.0,0.2944444444444444,0.2944444444444444,0.1944444444444444,0.0,0.1944444444444444,0.1944444444444444,70.4,0.0,70.4,70.4,94.9,0.0,94.9,94.9,0.0,0.0,0,0,0.0,0.0,0.0,0.0,1.225,0.0,1.225,1.225,44.228994818600746,3.878693530860267,38.11940976508762,49.11785854291276,59.252682268082296,0.9338934560614844,57.52021761371297,60.71789298784216,0.0,0.0,0.0,0.0,0.0,0.0,0.0,0.0,0.0,0.0,0.0,0.0,0.0,0.0,0.0,0.0,0.0,0.0,0.0,0.0,62.919999999999995,1.223694639780926,60.5,64.6,user_001,15
2024-01-05 05:45:00,0.0,0.0,0,0,17854.0,0.0,17854,17854,4.9996,0.3928658076966516,4.496,5.6,60.53591326852324,1.6525823056346416,57.94369172108247,64.59899247278567,50.470930016116995,4.999320108341679,44.20328635826405,59.85932752007065,97.43333333333334,0.2459577973865422,97.02,97.84,33.4504,0.2289019752770082,33.065999999999995,33.86800000000001,1.0,0.0,1,1,48.48402085308209,6.788387217271553,37.31089619447519,56.67838414089025,60.733333333333334,5.202563470700444,54,72,50.013333333333335,11.328463939921212,34.4,71.1,48.48,15.813701111920096,11.3,68.5,97.46,0.906957236352094,95.7,98.9,33.442,0.5871018407640808,32.26,34.23,5.034666666666666,0.7292938528532399,3.61,6.04,60.40763791239672,1.0439972888226838,59.128438628602225,62.2429318808834,60.29672505348812,0.2049189688647913,60.069067092393546,60.61080519060952,0.098710032405044,2.0382698544213373,-2.866330824261887,3.700503763607152,50.25684836141202,0.0,50.25684836141202,50.25684836141202,3.5528180855451903,0.9838385499946456,1.775780401640587,4.668241922097019,3.31630039251239,1.1843658861099426,1.237444778101106,5.7440827427568495,51.65425591444211,0.5524302983689929,50.69934965986988,52.365104799212936,540.0,0.0,540.0,540.0,0.375,0.0,0.375,0.375,0.2944444444444444,0.0,0.2944444444444444,0.2944444444444444,0.1944444444444444,0.0,0.1944444444444444,0.1944444444444444,70.4,0.0,70.4,70.4,94.9,0.0,94.9,94.9,0.0,0.0,0,0,0.0,0.0,0.0,0.0,1.225,0.0,1.225,1.225,43.75660005577641,4.3496746242951465,36.084689036920146,49.5600141878203,61.45192890831128,1.153456159933557,59.06117931887142,62.62095416053681,0.0,0.0,0.0,0.0,0.0,0.0,0.0,0.0,0.0,0.0,0.0,0.0,0.0,0.0,0.0,0.0,0.0,0.0,0.0,0.0,63.14,2.266463576335864,59.8,68.2,user_001,15
2024-01-05 06:00:00,0.0,0.0,0,0,17854.0,0.0,17854,17854,5.1952,0.283362261828514,4.608,5.62,64.42688716332073,2.0244840313535217,61.21892236656229,68.21217286827617,54.08934124539484,2.6275314064338513,49.499801270654245,59.06182928845808,97.36533333333334,0.4173704532404007,96.68,97.94,33.37746666666667,0.1452888092567262,33.19799999999999,33.588,1.0,0.0,1,1,45.624447625312534,4.192119461149282,39.51981346610902,52.44405567217692,65.0,5.084991923016482,57,74,53.733333333333334,7.663612227987032,38.4,69.0,46.57333333333334,13.347576915822945,29.3,72.5,97.42,0.8046294621927389,95.9,98.9,33.344,0.4491865663937116,32.37,33.98,5.217333333333333,0.6835356262704618,3.5,6.57,63.710081559925094,1.9472705036010691,60.08990774180806,66.1397372933856,61.17961183988109,0.7838382931668767,60.15232601002012,62.48140021592199,0.2865564183396358,2.024461557983154,-2.8249273040613687,3.607428946944786,50.25684836141202,0.0,50.25684836141202,50.25684836141202,3.3250138610173043,0.6769302726377944,2.2005865884393088,4.624689054319249,3.0529715419235552,1.2008440206959514,1.3335014722427132,5.528911453451905,52.32147966344319,0.4818876284735081,51.3630442932755,52.80550731792816,540.0,0.0,540.0,540.0,0.375,0.0,0.375,0.375,0.2944444444444444,0.0,0.2944444444444444,0.2944444444444444,0.1944444444444444,0.0,0.1944444444444444,0.1944444444444444,70.4,0.0,70.4,70.4,94.9,0.0,94.9,94.9,0.0,0.0,0,0,0.0,0.0,0.0,0.0,1.225,0.0,1.225,1.225,44.93141219630193,2.243948521958804,41.128090665078616,47.73841587875269,59.33874264498867,0.5528460419651993,58.53553315342626,60.26110439196645,0.1333333333333333,0.3518657752744983,0.0,1.0,0.0,0.0,0.0,0.0,0.0,0.0,0.0,0.0,0.0,0.0,0.0,0.0,0.1333333333333333,0.3518657752744983,0.0,1.0,65.2,1.3185489860340514,63.2,67.6,user_001,15
2024-01-05 06:15:00,0.0,0.0,0,0,17854.0,0.0,17854,17854,5.357200000000001,0.2450863404715046,4.906000000000001,5.7379999999999995,64.3822625726987,1.1578471390131826,61.88964079454661,66.0038065223922,50.17487781524143,3.873384806205915,44.54188456504047,58.45797121251143,97.548,0.386988371918323,97.02,98.18,33.48173333333333,0.1449647576219154,33.238,33.696,1.0,0.0,1,1,51.033205138188315,4.030346736991639,42.10188713583539,58.75932398417326,64.26666666666667,3.5348604067541474,57,70,49.306666666666665,12.535177169336968,30.3,72.0,51.86,11.972098515178653,29.1,72.6,97.46,0.9069572363520896,96.0,99.3,33.48133333333333,0.443538799505373,32.82,34.32,5.366,0.5516960861095278,3.82,6.28,64.64155086882616,0.3991175028411308,63.89761839707779,65.16964139342501,63.368021157499406,0.6775891550714349,62.53204458839243,64.40457486800972,-0.0577979530160163,1.352577555064192,-2.444820397273304,2.5273933722360127,50.25684836141202,0.0,50.25684836141202,50.25684836141202,4.30012337649025,1.0339943282751258,2.905916690020848,6.2700513542242895,3.205307460296022,1.0280981941324914,1.629805016558581,4.536709843850318,52.04640348005837,0.2316494980244219,51.675435118780015,52.43816429547721,540.0,0.0,540.0,540.0,0.375,0.0,0.375,0.375,0.2944444444444444,0.0,0.2944444444444444,0.2944444444444444,0.1944444444444444,0.0,0.1944444444444444,0.1944444444444444,70.4,0.0,70.4,70.4,94.9,0.0,94.9,94.9,0.0,0.0,0,0,0.0,0.0,0.0,0.0,1.225,0.0,1.225,1.225,49.132799904162646,2.3738886094898706,45.26907179821851,51.79028639597418,57.980778475963525,1.2021928681470313,56.189730335137185,59.99852709223683,0.0,0.0,0.0,0.0,0.0,0.0,0.0,0.0,0.0,0.0,0.0,0.0,0.0,0.0,0.0,0.0,0.0,0.0,0.0,0.0,64.4,1.2501428489805264,62.0,66.3,user_001,15
2024-01-05 06:30:00,0.0,0.0,0,0,17854.0,0.0,17854,17854,4.9344,0.2132914839904706,4.506,5.252000000000001,63.64066955390044,1.567534621956462,60.6821083131667,66.83984035313182,51.24204618067772,3.609810063266579,44.05936983835746,56.56573921136518,97.52,0.2379675848273734,96.94,97.82,33.52426666666667,0.1906333304190708,33.228,33.828,1.0,0.0,1,1,48.77501637808613,6.32148817150276,39.736753997542046,59.42420586021544,63.8,5.387816944604877,57,74,52.486666666666665,11.344782732079766,28.0,70.2,46.94666666666667,13.684447202503112,21.1,76.4,97.54,0.8069342334681652,96.0,98.8,33.54,0.4377703246485048,32.67,34.21,4.968,0.7221119818184119,3.54,6.2,63.676432615079065,0.5615159964791242,62.43656067597715,64.26507893138519,64.41908117396136,0.2359242261542337,64.0005324282827,64.7075283559535,0.0796652230497827,2.1009466747769237,-2.279946784377273,3.772630562277776,50.25684836141202,0.0,50.25684836141202,50.25684836141202,4.491540225579801,0.7695720840667745,3.0150137466258897,5.785194257458566,3.186784043207346,0.8614531249585948,2.292784419948782,5.041199180457501,50.98959744875892,0.4314538377086849,50.55653949540905,51.88696190910098,540.0,0.0,540.0,540.0,0.375,0.0,0.375,0.375,0.2944444444444444,0.0,0.2944444444444444,0.2944444444444444,0.1944444444444444,0.0,0.1944444444444444,0.1944444444444444,70.4,0.0,70.4,70.4,94.9,0.0,94.9,94.9,0.0,0.0,0,0,0.0,0.0,0.0,0.0,1.225,0.0,1.225,1.225,48.761246960178006,3.0257065196905666,44.92475917309183,52.98483045492135,55.905332633241834,0.8437074321943631,54.90095961204476,57.70805194986092,0.0,0.0,0.0,0.0,0.0,0.0,0.0,0.0,0.0,0.0,0.0,0.0,0.0,0.0,0.0,0.0,0.0,0.0,0.0,0.0,64.26666666666667,1.317826493384722,61.7,66.4,user_001,15
2024-01-05 06:45:00,0.0,0.0,0,0,17854.0,0.0,17854,17854,5.042933333333334,0.3595949043550192,4.441999999999999,5.514,64.00916981295339,1.3538612275614847,61.61842187616164,66.38596527829407,49.89234774624867,3.9785734774414143,44.12128828971614,55.9066746220366,97.38,0.298089152531825,96.98,97.86,33.60053333333333,0.1928929631637572,33.25599999999999,33.996,1.0,0.0,1,1,47.45226060935121,6.915141904904356,36.18997609827991,56.3410998202672,64.26666666666667,4.113855797644046,58,72,48.74666666666667,8.822363358992602,35.1,68.6,49.166666666666664,11.111619829624091,21.4,70.1,97.40666666666668,0.7601378321130471,96.1,99.0,33.59066666666667,0.4813888637008938,32.9,34.48,5.0120000000000005,0.6315875688634611,4.31,6.25,63.7725187149979,0.7111082978268162,62.643587698376315,64.86661169022639,63.927095072871914,0.1705231061836424,63.61440262104389,64.10843774089868,0.1287484268566392,1.5425459617009851,-1.9091303740341272,3.460526041279458,50.25684836141202,0.0,50.25684836141202,50.25684836141202,3.184779540832366,0.6830478350274075,1.3843216176272304,3.8997880565944705,2.4351323824386406,0.7977289436560514,0.9237320038931144,3.7816850435750737,50.799946449043965,0.2859308931274487,50.353020147241295,51.29963416194798,540.0,0.0,540.0,540.0,0.375,0.0,0.375,0.375,0.2944444444444444,0.0,0.2944444444444444,0.2944444444444444,0.1944444444444444,0.0,0.1944444444444444,0.1944444444444444,70.4,0.0,70.4,70.4,94.9,0.0,94.9,94.9,0.0,0.0,0,0,0.0,0.0,0.0,0.0,1.225,0.0,1.225,1.225,48.184465314757254,3.252213510883495,45.0801578720243,54.66290608839465,58.2807638359168,0.9123840667325596,56.17099946341995,59.32253032257842,0.0,0.0,0.0,0.0,0.0,0.0,0.0,0.0,0.0,0.0,0.0,0.0,0.0,0.0,0.0,0.0,0.0,0.0,0.0,0.0,64.07333333333334,1.782641165184262,61.3,67.1,user_001,15
2024-01-05 07:00:00,5.0,1.5118578920369088,3,8,17894.933333333334,23.303790821809745,17858,17929,5.556933333333333,0.2581935781725097,5.056,6.114,68.76117033465319,1.9680923089906135,64.67718776839511,72.2407630775003,49.27086181158485,4.049968802445562,40.544945835005656,54.55690583762265,97.60266666666666,0.4146507423063916,96.98,98.36,33.12853333333333,0.1832866087644752,32.876,33.484,0.0,0.0,0,0,51.31259430670554,6.062642646609371,42.73570428785553,63.06614317437376,68.53333333333333,6.254902838878439,55,78,49.733333333333334,9.81163061056088,29.2,69.4,51.0,16.117071694324622,28.1,81.3,97.68666666666668,0.8675636383958601,96.2,98.9,33.17466666666667,0.535562010104027,32.14,33.86,5.556666666666667,0.7623147706320594,4.09,6.77,68.43425342431446,1.6261527218436589,65.02032228100039,70.5233417446047,65.06529994794982,0.8746764006644503,63.88327978895128,66.3851700738033,-0.11391850065993,2.3680461073579693,-4.838593884197564,4.20879355276108,50.25684836141202,0.0,50.25684836141202,50.25684836141202,3.4018643352339057,0.986050225236404,1.7863678620330126,4.993490013719421,2.678369776791981,0.9819183477867158,1.591566433241842,4.749186097417511,49.92296784682842,0.1838267643299991,49.58160477891676,50.29590908675324,540.0,0.0,540.0,540.0,0.375,0.0,0.375,0.375,0.2944444444444444,0.0,0.2944444444444444,0.2944444444444444,0.1944444444444444,0.0,0.1944444444444444,0.1944444444444444,70.4,0.0,70.4,70.4,94.9,0.0,94.9,94.9,0.8666666666666667,0.5163977794943222,0,2,40.93333333333333,23.3037908218098,4.0,75.0,2.3683333333333336,0.8620711494225209,1.225,4.9,56.12338060665847,2.3576806401924646,53.07612358798576,60.113778171867935,52.698112266433746,1.1089694625091824,51.60137795986501,55.18275853363259,0.1333333333333333,0.3518657752744983,0.0,1.0,0.0666666666666666,0.2581988897471611,0.0,1.0,0.0,0.0,0.0,0.0,0.0,0.0,0.0,0.0,0.2,0.560611910581388,0.0,2.0,61.54666666666667,1.2123570116964395,59.6,63.9,user_001,15
2024-01-05 07:15:00,4.666666666666667,2.350278605572013,1,10,17964.4,21.79056152164391,17932,17999,5.725866666666667,0.3795978824769081,4.994,6.212000000000001,67.8012364446662,2.6673807853059484,64.18986123039782,72.67046284293137,49.52453793866265,3.2433671254999674,45.42847316736492,55.71934311467739,97.23066666666666,0.2141917254192978,96.8,97.5,33.54213333333333,0.2043980244056982,33.238,33.92,0.0,0.0,0,0,49.80910135595988,4.123462524963025,44.05473865229249,55.20210606768555,68.2,5.5446241660600535,61,80,49.24666666666667,10.11257114872846,28.1,63.5,49.14,14.993655801228542,25.0,75.2,97.14666666666668,0.5655170411309665,96.0,98.0,33.464,0.6203317085007263,32.49,35.02,5.680666666666666,0.7185746473467626,4.75,7.08,67.6082611228071,2.0910888837371897,64.99478177563302,70.70173207355008,67.11386222455248,0.7302048997986454,66.41535903421331,68.28120338965968,0.1993817776669014,2.0385637287380214,-3.223487614310457,4.997152867801475,50.25684836141202,0.0,50.25684836141202,50.25684836141202,3.312532592389401,1.173215471152035,1.4477884053858965,4.950579629681347,2.665510914712855,1.1388130907543608,1.272064089553437,4.584375379123591,49.215187320505734,0.162862617540935,48.99551889008139,49.47995874150006,540.0,0.0,540.0,540.0,0.375,0.0,0.375,0.375,0.2944444444444444,0.0,0.2944444444444444,0.2944444444444444,0.1944444444444444,0.0,0.1944444444444444,0.1944444444444444,70.4,0.0,70.4,70.4,94.9,0.0,94.9,94.9,0.8,0.5606119105813882,0,2,69.46666666666667,3.1592645316516927,65.0,74.0,2.286666666666667,0.910448607372578,1.225,4.9,53.78218778562091,3.992295306580669,47.95610295159534,60.50891152865381,54.17133921538418,0.6717199031458984,53.06195105537328,55.39219709078327,0.0,0.0,0.0,0.0,0.0,0.0,0.0,0.0,0.0,0.0,0.0,0.0,0.0,0.0,0.0,0.0,0.0,0.0,0.0,0.0,62.06666666666667,2.1914335382075723,58.7,65.8,user_001,15
2024-01-05 07:30:00,4.666666666666667,1.7182493859684491,2,8,18035.333333333332,19.59834784095766,18007,18069,5.5536,0.3081133372177009,5.016,6.062,67.8005019092501,2.715989197971434,63.61419276232855,71.99622517103431,47.66469221424606,3.011850339239218,42.73146043847327,54.40128041710155,97.57066666666668,0.3004631345741068,97.08,98.0,33.36493333333333,0.1515799961673551,33.08,33.582,0.0,0.0,0,0,51.261231470329555,4.168400301199667,39.65766486104672,57.822895131834,68.33333333333333,5.177791402666181,60,78,47.48,10.211911812052769,33.9,68.0,51.906666666666666,10.895376913867556,25.8,71.4,97.58666666666666,0.7836422896291627,96.7,99.5,33.37533333333333,0.5933063129213934,32.52,34.48,5.614,0.7081545432621731,4.6,6.95,67.48465711898048,1.83521104488766,64.63923952907896,70.47669592573531,67.88404456169354,0.3748126041303642,67.4335668750173,68.44504791792386,0.2664157120416159,1.690700245293937,-2.065966857619614,3.322055035819403,50.25684836141202,0.0,50.25684836141202,50.25684836141202,3.9440038672105615,0.6539888854531039,2.949443978602451,5.213091559650107,2.8061490682789128,0.5023213286276457,1.498487493244758,3.5407051518189303,49.54952241760036,0.5836391472726082,48.59461507645435,50.2527752716416,540.0,0.0,540.0,540.0,0.375,0.0,0.375,0.375,0.2944444444444444,0.0,0.2944444444444444,0.2944444444444444,0.1944444444444444,0.0,0.1944444444444444,0.1944444444444444,70.4,0.0,70.4,70.4,94.9,0.0,94.9,94.9,0.8,0.5606119105813882,0,2,70.93333333333334,3.575045787252573,65.0,76.0,2.286666666666667,0.9104486073725782,1.225,4.9,56.06571959996368,2.6044278717666107,52.90477314605526,61.290267964289015,52.30002270714318,0.6011338568773635,51.49178380167413,53.42870857618073,0.0,0.0,0.0,0.0,0.0666666666666666,0.2581988897471611,0.0,1.0,0.0,0.0,0.0,0.0,0.0,0.0,0.0,0.0,0.0666666666666666,0.2581988897471611,0.0,1.0,61.54666666666667,2.0013804759524843,58.4,64.6,user_001,15
2024-01-05 07:45:00,5.666666666666667,2.2572634084745395,2,11,18117.933333333334,24.618421287050833,18076,18154,5.4272,0.3565868357477202,4.984,6.176,67.51880186971006,1.6046792178793257,63.853378288796414,70.10943340934858,47.86417060066967,3.412413950411097,42.65317427067668,53.66763509712683,97.612,0.3295711499162877,97.14,98.14,33.510000000000005,0.2242804366985976,33.018,33.732,0.0,0.0,0,0,52.69271274990862,3.812651740432876,44.53778425363827,57.72287345967556,67.0,4.4077853201547175,56,73,47.919999999999995,9.159631932717447,32.5,62.1,53.07333333333334,8.554820417808452,35.1,64.4,97.64,0.535590461880289,96.7,98.7,33.50866666666666,0.6217816183776903,31.83,34.22,5.382000000000001,0.7834557148574878,4.05,6.95,68.0166732646936,1.4527545312450243,66.11620449120012,70.45113061715688,68.08327341610818,0.301160260916629,67.65614450088678,68.55589601645357,-0.2594009348550258,1.786756343804634,-3.9266891443982033,2.699249269156354,50.25684836141202,0.0,50.25684836141202,50.25684836141202,3.178478631570981,0.6417739771375974,1.6204377725043213,3.924792804256754,3.0101815152351232,0.9804840605772076,1.3400223368323596,4.521055578046846,48.02380226697731,0.2247349295880384,47.76443140745786,48.46863227319179,540.0,0.0,540.0,540.0,0.375,0.0,0.375,0.375,0.2944444444444444,0.0,0.2944444444444444,0.2944444444444444,0.1944444444444444,0.0,0.1944444444444444,0.1944444444444444,70.4,0.0,70.4,70.4,94.9,0.0,94.9,94.9,0.8666666666666667,0.5163977794943222,0,2,82.6,6.832694511370619,69.0,90.0,2.3683333333333336,0.8620711494225212,1.225,4.9,56.321305504694024,2.9660669686659755,52.80940780674299,61.30601030982241,50.988860926964094,0.6010044168013097,50.373721132083205,52.01183955701406,0.0,0.0,0.0,0.0,0.0,0.0,0.0,0.0,0.0,0.0,0.0,0.0,0.0,0.0,0.0,0.0,0.0,0.0,0.0,0.0,61.85333333333333,1.5403462814142332,59.1,64.5,user_001,15
2024-01-05 08:00:00,6.466666666666667,2.6421491973301547,3,12,18209.2,28.473546620377224,18162,18251,6.040933333333333,0.2722224580497845,5.608,6.378,72.31515813478569,2.076329731587692,68.2325049294211,75.67126268068584,46.7291643162955,3.777548689116235,39.167858393528405,54.252681385438905,97.62533333333334,0.3947126742810486,97.16,98.4,33.583733333333335,0.1647073017145732,33.370000000000005,33.916,0.0,0.0,0,0,54.168361973358365,6.28526316814161,42.737168521438754,65.70380125939396,73.06666666666666,5.2977982848223535,64,85,46.63333333333333,11.358487491529765,22.9,63.1,54.806666666666665,15.958180466755095,34.4,88.7,97.59333333333332,0.8387632619063649,96.3,99.3,33.608,0.4707926446809825,32.65,34.24,6.071333333333333,0.7008144921310862,4.53,7.27,71.40122958049726,1.9815606063374065,67.50109762702225,73.34242458680396,68.85235625163095,0.8478467306330792,67.60428972865782,69.91698000224787,0.375754265940489,2.090814781619196,-3.3241336604860265,4.664368659657072,50.25684836141202,0.0,50.25684836141202,50.25684836141202,4.00593469304258,1.4632236906869405,1.9215679539244976,6.2026502659438245,3.400645953679865,1.253057377976989,1.7711442552363923,5.737924833417081,47.53859074875226,0.1595589633213734,47.29666745848258,47.86120455785176,540.0,0.0,540.0,540.0,0.375,0.0,0.375,0.375,0.2944444444444444,0.0,0.2944444444444444,0.2944444444444444,0.1944444444444444,0.0,0.1944444444444444,0.1944444444444444,70.4,0.0,70.4,70.4,94.9,0.0,94.9,94.9,1.2666666666666666,0.5936168397046636,0,2,91.26666666666668,5.020908663730482,84.0,98.0,3.1850000000000005,1.293106724133782,1.225,4.9,61.604511982754616,3.2982677349768887,56.49776934064725,65.56187498221539,50.33798267997797,1.783563616670805,47.55980847505655,52.69548343028744,0.0,0.0,0.0,0.0,0.0666666666666666,0.2581988897471611,0.0,1.0,0.0,0.0,0.0,0.0,0.0,0.0,0.0,0.0,0.0666666666666666,0.2581988897471611,0.0,1.0,58.21333333333334,1.8946792667387051,55.2,61.6,user_001,15
2024-01-05 08:15:00,4.8,1.65615734242165,2,8,18288.333333333332,21.59916224124874,18257,18323,6.1388,0.2067556183378953,5.764,6.401999999999999,72.11349362719827,1.9012213069277513,69.0068049541343,74.83737181447667,49.54946905221768,2.775944856022611,44.631831063910205,53.29390367919805,97.39466666666668,0.1484138358330061,97.14,97.78,33.5092,0.1012261964964753,33.354,33.694,0.0,0.0,0,0,51.479732906843914,2.9683870068136615,47.2318060573999,56.09742259537598,72.26666666666667,5.216274897810104,61,79,49.9,9.935506313937186,29.5,65.8,50.059999999999995,6.898529864088019,37.0,58.8,97.44,0.6832694511370607,96.0,98.3,33.522,0.5363927132774491,32.36,34.48,6.1419999999999995,0.6135284368773323,5.31,7.08,72.09933944173545,1.0518779717247135,70.0286320443528,73.49737877378816,70.84035388283412,0.7684890648623303,69.88909777927637,72.21432588099198,0.0765865197341971,1.956544979743749,-4.136483360101607,3.242344426598933,50.25684836141202,0.0,50.25684836141202,50.25684836141202,3.643970216601589,0.7535555593794775,1.3006481783585555,4.410960871195599,2.8732222171449773,0.8800084789525047,1.124439421144388,3.829061639435696,47.68298010323013,0.2301607567755077,47.362386935547775,48.13931668425659,540.0,0.0,540.0,540.0,0.375,0.0,0.375,0.375,0.2944444444444444,0.0,0.2944444444444444,0.2944444444444444,0.1944444444444444,0.0,0.1944444444444444,0.1944444444444444,70.4,0.0,70.4,70.4,94.9,0.0,94.9,94.9,0.8666666666666667,0.5163977794943222,0,2,79.13333333333334,7.548572870480382,70.0,95.0,2.3683333333333336,0.8620711494225212,1.225,4.9,59.90318047296302,2.4320513797316967,57.05327358087286,64.82717683088526,48.588704474772285,1.1297932679856322,47.124328357463966,50.38909131889114,0.0,0.0,0.0,0.0,0.0,0.0,0.0,0.0,0.0,0.0,0.0,0.0,0.0,0.0,0.0,0.0,0.0,0.0,0.0,0.0,59.00666666666667,1.092485152999253,57.2,60.8,user_001,15
2024-01-05 08:30:00,4.733333333333333,1.9444671200491872,2,10,18363.133333333335,19.40863823392378,18333,18394,5.935733333333333,0.2406774565580213,5.62,6.356,72.358969113525,1.3377574306299262,70.28592302558933,74.7989692873204,52.59058148948695,4.439425451641632,44.67450711817512,57.995942285761565,97.45866666666666,0.1417173578776069,97.24,97.66,33.24026666666667,0.2451155606958437,32.736000000000004,33.654,0.0,0.0,0,0,48.078293818562265,4.640606168666915,41.44275735034071,55.97600059857442,72.13333333333334,3.5023801430836503,66,77,52.42666666666666,9.09807410285014,27.3,65.8,48.9,11.059901833715733,22.9,68.0,97.44,0.5997618575020335,96.1,98.4,33.24666666666666,0.5340501135750501,32.21,33.97,5.932,0.4467853431538943,5.29,6.65,72.45344770358885,0.9178363100930184,71.43825836444202,74.04327945501696,72.38374593475072,0.1126083417915538,72.23623137036162,72.59807186597294,-0.1128178900958336,1.3603951757677497,-2.142961512794656,1.9283365962120056,50.25684836141202,0.0,50.25684836141202,50.25684836141202,2.9026232557177045,1.3377601929100855,0.7397759719662141,4.700231530352879,2.7644826958165587,1.8784223627604688,0.3664268176217819,6.304744702773852,49.709461077342795,1.116603945230679,48.296211122837725,51.07002527085232,540.0,0.0,540.0,540.0,0.375,0.0,0.375,0.375,0.2944444444444444,0.0,0.2944444444444444,0.2944444444444444,0.1944444444444444,0.0,0.1944444444444444,0.1944444444444444,70.4,0.0,70.4,70.4,94.9,0.0,94.9,94.9,0.8,0.560611910581388,0,2,74.8,2.7568097504180455,69.0,78.0,2.286666666666667,0.910448607372578,1.225,4.9,55.55830176927533,4.108696652931995,49.22644153894703,61.888471316898986,52.131306883211096,1.1925563130686558,50.31473614470931,53.58542911085489,0.0,0.0,0.0,0.0,0.0,0.0,0.0,0.0,0.0,0.0,0.0,0.0,0.0,0.0,0.0,0.0,0.0,0.0,0.0,0.0,60.266666666666666,1.974721197922334,56.6,63.1,user_001,15
2024-01-05 08:45:00,4.2,2.274077520980446,1,10,18424.6,19.02554673515064,18397,18457,5.9028,0.2440512826670423,5.574,6.314,71.93952608143454,1.9139381702107563,69.21895130677272,74.63141148580543,47.76234804975604,3.888098360761135,43.04713733762944,56.9342502819797,97.27466666666666,0.2020560978210427,96.9,97.7,33.458133333333336,0.2158365342656531,33.160000000000004,33.812,0.0,0.0,0,0,49.68270074265447,4.348961438570342,40.75662006246801,56.56374482914106,71.46666666666667,4.42180743049502,66,79,47.25333333333333,9.395581535006356,34.2,65.5,49.94666666666667,11.032734842061512,33.2,70.3,97.24666666666668,0.7827302643099162,95.8,98.9,33.44733333333333,0.5973568766618811,32.14,34.09,5.891333333333334,0.67466252586721,4.68,7.08,72.47716670645028,1.009832596544577,70.31777069849468,73.6852318625412,72.48937561416203,0.1837042342484371,72.14924759747977,72.69723262890801,-0.2364297073839376,1.5764639708554475,-2.8069803301789875,2.4329896765550387,50.25684836141202,0.0,50.25684836141202,50.25684836141202,3.4650385894326945,0.929966486933217,2.146801004137645,4.870399478673253,2.685250023257245,1.134375768578629,0.9812643194682904,4.378935967246234,50.94558584460856,0.3662832525329746,50.176464769621504,51.47983871879536,540.0,0.0,540.0,540.0,0.375,0.0,0.375,0.375,0.2944444444444444,0.0,0.2944444444444444,0.2944444444444444,0.1944444444444444,0.0,0.1944444444444444,0.1944444444444444,70.4,0.0,70.4,70.4,94.9,0.0,94.9,94.9,0.5333333333333333,0.6399404734221844,0,2,61.46666666666667,1.684664725722967,58.0,64.0,1.96,1.0143963722332607,1.225,4.9,61.24756971451479,2.2245260422300426,57.367194553689686,64.05176409635176,50.80766470154508,1.705344407110296,48.73863477133345,52.82548324079224,0.0,0.0,0.0,0.0,0.0,0.0,0.0,0.0,0.0,0.0,0.0,0.0,0.0,0.0,0.0,0.0,0.0,0.0,0.0,0.0,58.36,0.9507891459203782,57.0,60.7,user_001,15
2024-01-05 09:00:00,5.533333333333333,2.614975188810639,2,12,18498.533333333333,25.469496227746948,18460,18540,6.2612000000000005,0.2686567645581564,5.95,6.958,74.3324775741202,2.0615088878852985,69.91979285072054,77.32595210821967,46.45139322325347,3.908201579647843,38.42205467728238,52.32781326958664,97.35333333333332,0.1682967899985296,97.0,97.6,33.51546666666667,0.1991287690582778,33.172000000000004,33.967999999999996,0.0,0.0,0,0,50.10850355440095,6.098794324171297,37.30744994932277,60.96271536844656,75.4,5.2345009313209605,65,81,47.21333333333334,11.472754474758675,24.0,66.2,49.74,16.828453795368635,28.5,84.5,97.40666666666668,0.6551626479265259,96.0,98.2,33.49466666666667,0.6963667616038741,32.58,34.72,6.23,0.3788893543729391,5.69,6.78,73.45107626840871,2.0579765950201834,69.76345364377542,75.73469868542938,72.47509943596032,0.4134945016055474,71.93804867085821,73.13600182777738,0.5337612129398972,2.0350878453113346,-3.617747088995628,3.360069049759815,50.25684836141202,0.0,50.25684836141202,50.25684836141202,4.00030864028923,1.143272818596501,1.966780797937458,5.2425789430144905,3.699654274583624,1.1898705779749172,1.91101000362295,5.4065529234327405,48.295945884415566,1.093153863878219,47.00712559880238,50.03319873530322,540.0,0.0,540.0,540.0,0.375,0.0,0.375,0.375,0.2944444444444444,0.0,0.2944444444444444,0.2944444444444444,0.1944444444444444,0.0,0.1944444444444444,0.1944444444444444,70.4,0.0,70.4,70.4,94.9,0.0,94.9,94.9,0.8666666666666667,0.7432233529572065,0,2,73.93333333333334,7.1859651570332,63.0,90.0,2.5316666666666667,1.3472348223923944,1.225,4.9,64.89835345504227,2.369707132110753,61.66387916500687,69.17339215339516,47.089399357668064,1.0578555578509845,45.93219533932872,48.92543073997608,0.0,0.0,0.0,0.0,0.0666666666666666,0.2581988897471611,0.0,1.0,0.0,0.0,0.0,0.0,0.0,0.0,0.0,0.0,0.0666666666666666,0.2581988897471611,0.0,1.0,56.233333333333334,1.5596092306667555,53.7,59.6,user_001,15
2024-01-05 09:15:00,4.866666666666666,2.325838302531758,1,10,18577.133333333335,21.393813079841777,18544,18613,6.436400000000001,0.4904582114134269,5.672,7.188,76.99720007652722,1.9810074497818504,73.35846142814587,80.92264538143097,46.399860352648425,4.451120784240577,37.183493299191205,52.928123791649774,97.57866666666668,0.4301804715410058,97.08,98.18,33.55093333333333,0.1677189258707485,33.256,33.796,0.0,0.0,0,0,52.01283786129522,4.274440974438603,43.869270182376646,60.84274672070419,76.93333333333334,4.949266419908924,68,87,45.76,10.776747455252243,30.5,65.2,51.71333333333334,12.245282862431246,28.4,74.5,97.51333333333334,0.8749421749600456,95.7,99.1,33.574,0.5042929987333046,32.35,34.19,6.443333333333333,0.9627465670574747,5.1,8.38,76.98011520184058,1.3077465930730825,75.07575200743766,78.70784734686897,74.56282173366048,0.6358117602897938,73.34622344074047,75.66483882532371,-0.0319333715969482,1.852065386487122,-2.974215127143651,3.038677309284523,50.25684836141202,0.0,50.25684836141202,50.25684836141202,3.813038660912009,0.6918928839287874,2.391678216224454,4.960732573049962,3.638064156541057,1.361642457496789,1.748696396206942,6.403940819322389,46.53438806869606,0.5549709132716568,45.65439508766924,47.31610981822363,540.0,0.0,540.0,540.0,0.375,0.0,0.375,0.375,0.2944444444444444,0.0,0.2944444444444444,0.2944444444444444,0.1944444444444444,0.0,0.1944444444444444,0.1944444444444444,70.4,0.0,70.4,70.4,94.9,0.0,94.9,94.9,0.8666666666666667,0.6399404734221844,0,2,78.6,4.468940430507954,72.0,85.0,2.45,1.1341296222213757,1.225,4.9,68.5669268063746,2.867470264987836,63.98580758420464,73.76599911088995,44.63268987548911,0.984633770764193,42.75199558422657,45.756005066912145,0.0666666666666666,0.2581988897471611,0.0,1.0,0.0666666666666666,0.2581988897471611,0.0,1.0,0.0,0.0,0.0,0.0,0.0,0.0,0.0,0.0,0.1333333333333333,0.3518657752744984,0.0,1.0,54.36666666666667,1.778308452541614,51.0,57.6,user_001,15
2024-01-05 09:30:00,4.666666666666667,1.7593288763724917,1,7,18654.533333333333,21.306828773446306,18620,18683,6.191199999999999,0.229432592030239,5.808,6.537999999999999,74.93391596903102,1.237735985156211,73.54682019307228,78.56463435617697,46.62391125428826,5.036771045701496,40.58131040478667,54.04123082817031,97.332,0.3041428235925599,96.84,98.1,33.498000000000005,0.1718737077873508,33.254000000000005,33.90599999999999,0.0,0.0,0,0,53.11527167361056,4.099538000228582,46.68945744436813,59.06056746817052,74.6,3.268901082277389,68,82,47.7,10.572065617871065,32.0,70.7,52.906666666666666,12.678354257026683,27.8,69.8,97.28,0.863712915267568,95.9,98.6,33.50866666666666,0.5139881414233299,32.67,34.43,6.201333333333333,0.5254775605738713,5.32,7.08,75.21237003498598,0.7736949881819871,73.99105940923025,76.52614874294449,76.13323744033929,0.101835974728666,75.92100366132692,76.25616456881231,-0.1669579845155094,1.2627254331806337,-3.5215447853923223,1.7176828219115237,50.25684836141202,0.0,50.25684836141202,50.25684836141202,3.097763862836646,1.3254009616415328,1.227163060989677,5.114257759054014,2.891432922200716,1.4016763662070708,0.7260654228353757,4.716458114043857,45.88027657570879,0.3571038338245582,45.37168881346496,46.511885803468346,540.0,0.0,540.0,540.0,0.375,0.0,0.375,0.375,0.2944444444444444,0.0,0.2944444444444444,0.2944444444444444,0.1944444444444444,0.0,0.1944444444444444,0.1944444444444444,70.4,0.0,70.4,70.4,94.9,0.0,94.9,94.9,0.8,0.4140393356054125,0,1,77.4,4.610546915187269,70.0,84.0,2.205,0.5071981861166305,1.225,2.45,66.81679735968932,4.763978730763215,59.36468466962212,72.11703125492598,43.72610119737486,1.1046078748903805,42.23336341313792,45.696787623868495,0.0,0.0,0.0,0.0,0.0,0.0,0.0,0.0,0.0,0.0,0.0,0.0,0.0,0.0,0.0,0.0,0.0,0.0,0.0,0.0,55.586666666666666,2.0350032175006745,52.9,58.5,user_001,15
2024-01-05 09:45:00,5.6,3.0189875313233268,0,10,18730.733333333337,26.550401306267744,18692,18767,6.2584,0.2474789457134257,5.792,6.556,73.99931050440334,2.326467107559081,69.84775298350779,78.51430073121824,45.69326368324179,4.231696349919281,36.84768125712662,53.58999431945787,97.524,0.2572602906452076,96.96,97.96,33.5976,0.2808651938971041,33.202,34.184000000000005,0.0,0.0,0,0,55.508007883030224,5.740177789523811,44.42908753661399,66.72204424892347,73.4,7.404631755095688,65,89,45.406666666666666,10.481307624710263,25.0,60.1,54.766666666666666,14.605951168061926,37.4,83.3,97.57333333333332,0.8198141485088155,96.4,99.0,33.602000000000004,0.6235634920129863,32.78,34.53,6.210666666666667,0.6438219215487043,4.9,7.3,74.33901478869713,0.7803815476539634,72.74844849400179,75.54597878572541,75.14208152703048,0.3739951722097023,74.46661323671718,75.85481645963053,-0.2996552522016676,2.7922015628550976,-3.3594371092561204,5.242849634390879,50.25684836141202,0.0,50.25684836141202,50.25684836141202,4.0561960757398134,0.6529865167546847,3.074013055713493,5.075634539880503,3.547087971299242,0.705879003239518,2.321191646883212,4.759002431058047,46.24866200018267,0.2574979208136583,45.872678577736906,46.690146091201115,540.0,0.0,540.0,540.0,0.375,0.0,0.375,0.375,0.2944444444444444,0.0,0.2944444444444444,0.2944444444444444,0.1944444444444444,0.0,0.1944444444444444,0.1944444444444444,70.4,0.0,70.4,70.4,94.9,0.0,94.9,94.9,1.1333333333333333,0.7432233529572065,0,2,76.2,6.0142687478552705,69.0,85.0,3.021666666666667,1.454361257276426,1.225,4.9,65.72999668322997,4.124357054177262,58.73416061735668,71.3097294932725,46.67050122531227,0.8294550390789234,45.37216237723172,47.77276880980072,0.0,0.0,0.0,0.0,0.0,0.0,0.0,0.0,0.0,0.0,0.0,0.0,0.0,0.0,0.0,0.0,0.0,0.0,0.0,0.0,56.266666666666666,2.3264524393120447,52.6,60.1,user_001,15
2024-01-05 10:00:00,4.933333333333334,2.086236073022646,2,9,18804.066666666666,22.502275017258704,18772,18841,6.623733333333333,0.357302486230738,6.093999999999999,7.1659999999999995,77.3030903101731,2.4748049538944237,73.8985019890052,81.9372512907332,48.102937425434035,2.8876526195688053,44.32675567889862,55.09030041628285,97.40533333333332,0.3286741040402594,96.92,97.82,33.514133333333334,0.3461952105525508,32.938,34.064,0.0,0.0,0,0,49.83685784445541,5.362164823344739,38.63960233799453,56.058657890731546,78.53333333333333,5.370111287310091,66,86,48.013333333333335,9.266056848725327,37.3,70.8,50.79333333333333,14.466585472670983,10.6,70.2,97.43333333333334,0.7267016155859591,95.6,98.7,33.492,0.6719289928471412,32.49,34.8,6.699333333333333,0.644996862303184,5.17,8.06,76.33356735974823,2.090933540350751,73.0215326640008,79.18966685287255,74.95761059947942,0.3986897131684858,74.31107549114478,75.65120040728821,0.6151215115801165,2.2133917463465953,-4.652722509051827,4.0507490054974085,50.25684836141202,0.0,50.25684836141202,50.25684836141202,3.259490511898917,1.0282300048889423,2.0074396352709862,5.007017509628461,2.7146284341565052,0.949616590684468,1.2970011529734349,4.014783017391294,46.97184269970139,0.3187733609800427,46.37461386806557,47.39081204342196,540.0,0.0,540.0,540.0,0.375,0.0,0.375,0.375,0.2944444444444444,0.0,0.2944444444444444,0.2944444444444444,0.1944444444444444,0.0,0.1944444444444444,0.1944444444444444,70.4,0.0,70.4,70.4,94.9,0.0,94.9,94.9,0.8,0.6761234037828133,0,2,73.33333333333333,5.74041644415986,63.0,80.0,2.3683333333333336,1.1774088782859873,1.225,4.9,65.89770381864955,2.7616302810766213,62.52521693620477,70.506505554891,45.3557697080791,0.6164687179932149,44.49770020820746,46.2091354595508,0.0666666666666666,0.2581988897471611,0.0,1.0,0.0,0.0,0.0,0.0,0.0,0.0,0.0,0.0,0.0,0.0,0.0,0.0,0.0666666666666666,0.2581988897471611,0.0,1.0,54.766666666666666,1.99164923283862,50.5,57.6,user_001,15
2024-01-05 10:15:00,4.266666666666667,2.520393015460278,1,12,18877.933333333334,19.49163434717196,18844,18905,6.6608,0.1758518857285464,6.255999999999999,6.864,78.9422168854592,1.5795514011245126,76.01788528659742,82.30558688897312,53.22717326368877,3.82979414279978,46.53229297069,60.807910493997475,97.64533333333334,0.2170538664764623,97.34,98.06,33.4544,0.1258030206314622,33.156,33.636,0.0,0.0,0,0,48.8107854527071,4.571646497344744,39.00432382245381,57.65237604013796,78.93333333333334,4.876571785686373,70,88,53.44666666666667,9.167478751907018,35.5,70.3,48.233333333333334,12.026260947649208,17.8,64.7,97.66,0.6033241251599335,96.8,99.1,33.462,0.3770600558455994,32.62,33.9,6.746,0.6543131622439781,5.25,7.68,79.04343036873199,0.7616623579460859,78.0471724434007,80.23098541966661,76.92380624126295,0.6773470226992204,75.84524471596993,78.12265359781615,-0.0044417760629338,1.8836052719131955,-4.10186229632437,2.847206555513438,50.25684836141202,0.0,50.25684836141202,50.25684836141202,3.3200708830562093,0.5190762773432009,2.184346679878856,4.148272671987461,2.966410579831162,0.9523289671617804,1.0605187997151049,4.595329597117016,48.68018380574798,1.4685786712477198,46.84873370289195,50.66505534456141,540.0,0.0,540.0,540.0,0.375,0.0,0.375,0.375,0.2944444444444444,0.0,0.2944444444444444,0.2944444444444444,0.1944444444444444,0.0,0.1944444444444444,0.1944444444444444,70.4,0.0,70.4,70.4,94.9,0.0,94.9,94.9,0.6,0.6324555320336759,0,2,73.86666666666666,6.057659456856102,64.0,81.0,2.041666666666667,1.0002083116364644,1.225,4.9,62.97712451063795,4.1879399105402255,56.56131690251991,67.97168416986135,47.28702333491767,1.3796729293927827,45.47761831213154,49.305591571837795,0.0,0.0,0.0,0.0,0.0,0.0,0.0,0.0,0.0,0.0,0.0,0.0,0.0,0.0,0.0,0.0,0.0,0.0,0.0,0.0,55.64,1.9126645587466984,52.8,58.4,user_001,15
2024-01-05 10:30:00,5.533333333333333,2.325838302531758,1,9,18949.6,27.683930356796225,18906,18988,6.3482666666666665,0.1963566240530831,5.912000000000001,6.720000000000001,75.6710412365371,1.3075310329201262,73.63479164000204,77.97513974223716,46.83446408335059,4.188331581532017,39.96234049794722,53.02884723442994,97.55466666666666,0.1537096830608518,97.34,97.82,33.44826666666667,0.1133839662806163,33.251999999999995,33.614,0.0,0.0,0,0,56.04739980481076,5.702708094541845,46.01450853859677,63.879891917373975,75.53333333333333,4.611579628139004,68,82,46.059999999999995,9.272524698576666,24.7,57.5,56.78666666666667,13.514588237830084,30.6,80.9,97.51333333333334,0.4688384837121684,96.7,98.2,33.434,0.498222554974897,32.39,34.31,6.212666666666666,0.5784643051917312,5.14,7.25,75.83487126136664,0.7807009292446383,74.54926295050538,77.48064368693353,77.64213660490906,0.2895322170071236,77.30662906099815,78.17065795409965,-0.0688539516018911,1.8429671693003624,-3.6693163387551806,2.7884027866659835,50.25684836141202,0.0,50.25684836141202,50.25684836141202,3.2176008029849856,0.919038901519472,1.9636984728597295,4.701525348160882,2.700584304871912,0.8311499568531631,1.647023574358114,4.359683944005021,50.92478711169445,0.4556332766440065,50.03081867351968,51.58750514438525,540.0,0.0,540.0,540.0,0.375,0.0,0.375,0.375,0.2944444444444444,0.0,0.2944444444444444,0.2944444444444444,0.1944444444444444,0.0,0.1944444444444444,0.1944444444444444,70.4,0.0,70.4,70.4,94.9,0.0,94.9,94.9,1.1333333333333333,0.6399404734221844,0,2,71.66666666666667,9.24790838643039,60.0,86.0,2.94,1.2931067241337817,1.225,4.9,65.22889376386816,4.246188118133287,60.56539799537542,72.22820285710813,48.67631286591504,1.8440786369220472,45.40177183795005,50.95772874291547,0.0,0.0,0.0,0.0,0.1333333333333333,0.3518657752744983,0.0,1.0,0.0,0.0,0.0,0.0,0.0,0.0,0.0,0.0,0.1333333333333333,0.3518657752744983,0.0,1.0,55.66,1.8874775306136575,53.0,58.8,user_001,15
2024-01-05 10:45:00,4.133333333333334,2.2635833370586385,2,8,19017.4,16.09258924385497,18996,19050,6.5789333333333335,0.1816446557220471,6.234,6.856,77.4982086844133,1.591315320683947,74.36768930583865,79.98342649482477,48.16735452154996,3.249245775353821,43.25359933682093,54.326163567668715,97.67466666666664,0.2007794335891524,97.36,98.06,33.31933333333333,0.2360552800470624,33.07,33.84400000000001,0.0,0.0,0,0,50.57061281602406,5.42253275868311,41.23901516480286,61.870003341176606,77.46666666666667,4.4056241112382475,68,85,48.306666666666665,8.152604024540405,38.4,65.0,50.71333333333334,12.304404941011205,31.3,76.5,97.72,0.6073361036997093,96.8,98.6,33.32666666666667,0.5615115654153887,32.08,34.06,6.628666666666667,0.6916116443978274,5.4,7.65,77.38985873847341,0.961460701717388,75.65728054414947,78.72038144595567,76.91404499118083,0.2633269090907783,76.54394257493715,77.29330826288766,-0.0157710088733191,1.6783398266987777,-3.336963555404111,3.5441035647204444,50.25684836141202,0.0,50.25684836141202,50.25684836141202,2.9336407772704507,0.7750701734795044,1.905829041590038,4.084652138566911,2.7284014910891843,1.1421095100205223,1.2851700685569958,4.87972458800501,49.207543471698145,0.9843365367920622,47.500909302450275,50.2947168623565,540.0,0.0,540.0,540.0,0.375,0.0,0.375,0.375,0.2944444444444444,0.0,0.2944444444444444,0.2944444444444444,0.1944444444444444,0.0,0.1944444444444444,0.1944444444444444,70.4,0.0,70.4,70.4,94.9,0.0,94.9,94.9,0.5333333333333333,0.7432233529572064,0,2,67.8,12.8296531519757,50.0,90.0,2.0416666666666665,1.282006890257095,1.225,4.9,66.94598684964066,2.0135441196585684,64.3538129693978,71.05115504413413,44.986938379633,0.4138054532668417,44.26297091719144,45.46690492084516,0.0,0.0,0.0,0.0,0.0,0.0,0.0,0.0,0.0,0.0,0.0,0.0,0.0,0.0,0.0,0.0,0.0,0.0,0.0,0.0,54.78,1.153999257241652,52.5,56.4,user_001,15
2024-01-05 11:00:00,5.666666666666667,2.845213189769458,2,11,19087.0,26.52761364529836,19053,19135,6.394266666666667,0.3694628275650757,5.712000000000001,6.909999999999999,77.7685059242146,2.7540719920926184,73.21217026629195,82.45491795965444,44.85627231813746,3.1543385850143615,38.33157517764364,49.286002645500865,97.63466666666666,0.3018482747215638,97.12,98.08,33.61586666666667,0.2644762659258798,33.230000000000004,34.072,0.0,0.0,0,0,54.646205195565685,4.796334811854897,46.93834649665379,63.20518584517069,77.46666666666667,5.853773711604051,66,86,44.16,10.992321995699674,23.0,61.0,54.89333333333333,10.581754287901592,34.9,76.9,97.63333333333334,0.6955641766289618,96.6,99.1,33.593333333333334,0.6916199066236433,32.54,34.78,6.4126666666666665,0.6349743151910803,5.31,7.28,78.20943437511598,1.456828149258888,75.26473271823001,80.26656407905905,77.36461346526593,0.4634327062823197,76.6079814639149,77.91053801975603,-0.1509196287739608,2.076915902478352,-4.363691549578434,3.409100057905576,50.25684836141202,0.0,50.25684836141202,50.25684836141202,3.6840407666879953,0.8739955752623529,2.267010565456995,4.667235398246547,2.560552379365699,0.8126145868186327,1.320924901483378,3.472552781334275,46.36610167323643,0.4630214966709293,45.81057752966635,47.32949509052241,540.0,0.0,540.0,540.0,0.375,0.0,0.375,0.375,0.2944444444444444,0.0,0.2944444444444444,0.2944444444444444,0.1944444444444444,0.0,0.1944444444444444,0.1944444444444444,70.4,0.0,70.4,70.4,94.9,0.0,94.9,94.9,1.0666666666666669,0.7988086367179803,0,2,69.6,10.742439201596634,56.0,85.0,2.94,1.521594558349891,1.225,4.9,71.7338765665496,2.5591265633069016,66.47850095852411,75.24970462490262,42.64233410319418,1.2675585744346127,41.22519110042652,45.46359116419341,0.0666666666666666,0.2581988897471611,0.0,1.0,0.0666666666666666,0.2581988897471611,0.0,1.0,0.0,0.0,0.0,0.0,0.0,0.0,0.0,0.0,0.1333333333333333,0.3518657752744984,0.0,1.0,53.13333333333333,1.983023185033636,50.7,57.0,user_001,15
2024-01-05 11:15:00,4.666666666666667,2.581988897471611,0,10,19171.133333333335,21.036928981017,19138,19205,6.4736,0.366561785865825,5.851999999999999,7.053999999999999,76.62836852559279,1.5662533999592791,73.89302435337311,79.45843578895135,47.754810706115386,4.730508439463901,40.662921467801816,55.91358984418014,97.356,0.164438438328755,97.04,97.72,33.312666666666665,0.3031149396956019,32.946000000000005,33.77,0.0,0.0,0,0,50.08669140015438,5.591783820946511,41.21783989890124,57.60672408217397,76.73333333333333,4.978047044871349,68,83,47.666666666666664,13.450261105626309,22.0,67.7,49.93333333333333,14.416293691844784,29.9,76.6,97.35333333333332,0.5804759951560264,96.5,98.2,33.342,0.4198673259835477,32.43,34.09,6.460666666666667,0.7859704344372781,4.84,7.72,76.45148865291763,0.9673676513282208,74.62877009699112,77.67677759803234,77.29354489947693,0.1004442468238148,77.16424465856676,77.50001598065373,0.0524824038702737,1.9361833757613451,-3.410415590783117,2.656173158286478,50.25684836141202,0.0,50.25684836141202,50.25684836141202,4.83115377180495,1.0608596806683397,2.5444676224807976,6.438650217481006,3.7665060505857686,1.0939654421005789,1.8468537903560005,5.787441995328447,46.034836254362304,0.3465878962700465,45.543242919485586,46.50164560152297,540.0,0.0,540.0,540.0,0.375,0.0,0.375,0.375,0.2944444444444444,0.0,0.2944444444444444,0.2944444444444444,0.1944444444444444,0.0,0.1944444444444444,0.1944444444444444,70.4,0.0,70.4,70.4,94.9,0.0,94.9,94.9,0.8666666666666667,0.6399404734221844,0,2,84.13333333333334,6.822930525249463,70.0,94.0,2.45,1.1341296222213757,1.225,4.9,65.86743974026048,2.4553690622535176,61.02732405194816,69.36953881875236,44.44984475848704,1.556400696284369,41.954975024301454,46.53126135378488,0.0,0.0,0.0,0.0,0.0,0.0,0.0,0.0,0.0,0.0,0.0,0.0,0.0,0.0,0.0,0.0,0.0,0.0,0.0,0.0,55.04666666666667,1.2933161510886146,52.8,57.0,user_001,15
2024-01-05 11:30:00,5.466666666666667,2.669046557070432,2,12,19247.333333333332,24.438455254743563,19213,19287,6.263599999999999,0.2910799595594706,5.724,6.69,76.68491096777242,1.3967141394149412,74.04231279293758,79.2275627713698,46.106851364861306,4.051091016667854,38.108614311867875,51.75095652051952,97.232,0.1749775495803485,96.92,97.6,33.467999999999996,0.2009648156838847,33.144,33.763999999999996,0.0,0.0,0,0,54.92682065914848,4.357436915417537,49.12477466526993,63.31775274832605,76.73333333333333,4.199773236508757,71,84,46.60666666666667,8.711278950440109,32.9,61.8,54.913333333333334,9.14836961795197,36.3,74.5,97.16666666666669,0.760325744727374,95.4,98.0,33.473333333333336,0.4747580837597589,32.73,34.31,6.192666666666667,0.7265128714489182,4.74,7.09,76.49895267749979,0.6285538297205105,75.47409999137288,77.25463411014894,76.7722396637628,0.3638082997796891,76.30757205091405,77.33634247032757,0.0242111827804516,1.6181814739930618,-2.075854257123268,3.319229069020807,50.25684836141202,0.0,50.25684836141202,50.25684836141202,3.325414768450209,0.9392333440623916,1.833732649053912,5.133987580313627,2.821232981495753,1.026756353965065,1.5710204515589596,5.573433585385977,46.46573917466285,0.3372867561731806,46.02818513939548,46.95520316318212,540.0,0.0,540.0,540.0,0.375,0.0,0.375,0.375,0.2944444444444444,0.0,0.2944444444444444,0.2944444444444444,0.1944444444444444,0.0,0.1944444444444444,0.1944444444444444,70.4,0.0,70.4,70.4,94.9,0.0,94.9,94.9,1.0,0.7559289460184544,0,2,76.2,4.229150539495411,70.0,83.0,2.776666666666667,1.424575960300702,1.225,4.9,68.75033238112722,3.902522254191988,64.80827189423987,74.73073640869089,44.16711567310803,0.5242911915377714,43.346328506797214,45.2494082143232,0.0,0.0,0.0,0.0,0.0,0.0,0.0,0.0,0.0,0.0,0.0,0.0,0.0,0.0,0.0,0.0,0.0,0.0,0.0,0.0,54.1,1.5542568274626596,50.6,56.5,user_001,15
2024-01-05 11:45:00,5.4,2.5856748221140036,2,10,19330.733333333337,23.306855725506303,19295,19368,6.5176,0.115694672059076,6.247999999999999,6.65,77.37797493769098,1.6113903436781265,73.1425119543556,78.88892523008175,44.86772467144644,4.161191944436583,37.883760243228046,51.30769082089466,97.84533333333334,0.1505165708327086,97.42,98.08,33.69253333333333,0.232192612982866,33.251999999999995,34.024,0.0,0.0,0,0,55.93904300116324,4.983882540835992,48.27474392260419,67.13976073878912,77.6,4.747931880604135,67,84,45.24,12.421858614095209,17.2,66.1,56.39333333333333,13.091516700665723,33.0,80.7,97.90666666666668,0.4772939595359708,97.1,98.9,33.690666666666665,0.5746361167440371,32.65,34.42,6.599333333333334,0.5641740697270486,5.48,7.36,77.27940889815996,0.7974739144347052,75.96692600877418,78.30509437912902,76.9144706836379,0.1081489827569385,76.74887094223286,77.1307219085227,0.1110125311545099,1.8203434874903683,-3.8568839657666985,2.9524960152148054,50.25684836141202,0.0,50.25684836141202,50.25684836141202,4.498504518362586,1.3452038727481397,2.941612232742867,6.656034320287566,3.881288243359484,0.9408859303279924,2.5960580255213643,5.361792199808032,45.97580573564459,0.7313994395915948,45.00834706126931,47.188331801436675,540.0,0.0,540.0,540.0,0.375,0.0,0.375,0.375,0.2944444444444444,0.0,0.2944444444444444,0.2944444444444444,0.1944444444444444,0.0,0.1944444444444444,0.1944444444444444,70.4,0.0,70.4,70.4,94.9,0.0,94.9,94.9,1.0666666666666669,0.7037315505489967,0,2,83.4,3.18029648213586,78.0,89.0,2.8583333333333334,1.363054168647258,1.225,4.9,70.71448422418482,2.9589362181219117,66.21060410425073,76.22584424938921,43.32256325981853,0.9567969634705218,42.122280861277176,44.89279513808723,0.0,0.0,0.0,0.0,0.0,0.0,0.0,0.0,0.0,0.0,0.0,0.0,0.0,0.0,0.0,0.0,0.0,0.0,0.0,0.0,53.74,1.41562706953491,50.8,55.8,user_001,15
2024-01-05 12:00:00,4.866666666666666,2.614975188810639,1,9,19403.666666666668,22.886885410854703,19372,19441,6.4644,0.2114821167718114,6.08,6.812,79.50714731670908,2.158032906525406,75.826776872476,83.13385981406697,47.334215696617214,4.234883151232676,41.81821280944544,54.42146188582634,97.73333333333332,0.2329520694620862,97.32,98.1,33.562133333333335,0.2409380082293411,33.084,33.894,0.0,0.0,0,0,54.51728267533284,6.77008527659323,44.8559933296584,65.87772707746338,79.6,5.9976185750203035,69,92,47.12,9.729718833112733,31.4,63.5,53.86666666666667,16.281833288610194,25.6,94.6,97.70666666666666,0.8171961354592434,96.2,99.3,33.59666666666667,0.6091172379138592,32.56,34.81,6.426,0.745096350432997,5.22,7.69,79.20843438115357,1.3198848704416677,77.35374933410364,80.81639721787197,77.65629535451534,0.5243900275387506,76.98110807296757,78.44256112720002,0.0464263416454561,2.290652191629656,-3.620082654356992,4.433070092966517,50.25684836141202,0.0,50.25684836141202,50.25684836141202,3.2616018332278416,0.6053290352592141,1.619732081909822,4.129152590522744,3.0141386979123976,1.3078889117513852,1.2686222028063736,5.48616464439696,46.4895090445496,0.4279102337194282,45.72041423432481,47.173703383395306,540.0,0.0,540.0,540.0,0.375,0.0,0.375,0.375,0.2944444444444444,0.0,0.2944444444444444,0.2944444444444444,0.1944444444444444,0.0,0.1944444444444444,0.1944444444444444,70.4,0.0,70.4,70.4,94.9,0.0,94.9,94.9,0.8666666666666667,0.8338093878327919,0,2,72.93333333333334,2.76371041140262,69.0,77.0,2.6133333333333337,1.526283612788484,1.225,4.9,69.44262958211827,4.60460756305436,62.457296747872945,74.79826687921991,44.14981152260064,1.044768003032409,41.92970123025164,45.61893114340598,0.0666666666666666,0.2581988897471611,0.0,1.0,0.0,0.0,0.0,0.0,0.0,0.0,0.0,0.0,0.0,0.0,0.0,0.0,0.0666666666666666,0.2581988897471611,0.0,1.0,53.13333333333333,2.4534717869834566,50.2,57.5,user_001,15
2024-01-05 12:15:00,5.2,2.5410908793553326,2,9,19477.8,25.13733705637516,19444,19519,6.655466666666667,0.0796150261003059,6.465999999999999,6.758,80.45787278919157,1.3632562256457568,77.70208935322235,82.40348653904839,42.11095741624177,4.2508359984143205,34.96448140210609,48.264655647243096,97.67066666666666,0.3075122916629687,97.1,98.16,33.294,0.296610374541607,32.806,33.688,0.0,0.0,0,0,58.45634958807004,4.839430212162199,51.57756411093288,66.53137068857934,80.8,4.945416348210013,73,87,40.733333333333334,11.273905817459733,16.5,56.0,60.10666666666667,13.97914092326066,37.7,88.3,97.62,0.888980154044915,96.3,99.7,33.257333333333335,0.4703261279863882,32.54,33.93,6.668666666666667,0.5211370352640555,5.91,7.59,80.36597281482612,0.565336785416678,79.27856029738842,81.41531725829336,79.2324512543444,0.4799104467975841,78.47281852924446,79.98251005295033,0.1710636054042093,1.943960396614624,-3.039850522375147,2.723639424824256,50.25684836141202,0.0,50.25684836141202,50.25684836141202,3.500161106974836,0.6623932982151373,2.663143900913292,5.473247154889538,3.089114112367342,0.8120273506103775,2.085016537092197,5.084214659594868,45.566673372569205,0.4821124899615417,44.7225865564295,46.25924513923262,540.0,0.0,540.0,540.0,0.375,0.0,0.375,0.375,0.2944444444444444,0.0,0.2944444444444444,0.2944444444444444,0.1944444444444444,0.0,0.1944444444444444,0.1944444444444444,70.4,0.0,70.4,70.4,94.9,0.0,94.9,94.9,0.9333333333333332,0.7988086367179801,0,2,74.13333333333334,3.0674947122242573,70.0,79.0,2.6950000000000003,1.4787241121994326,1.225,4.9,76.67317788279378,3.4219353825041297,72.31538920086624,81.9466817744265,39.43824367663246,1.84736549135756,37.66887226681593,43.50768045858244,0.0,0.0,0.0,0.0,0.1333333333333333,0.3518657752744984,0.0,1.0,0.0,0.0,0.0,0.0,0.0,0.0,0.0,0.0,0.1333333333333333,0.3518657752744984,0.0,1.0,50.3,1.6278820596099697,47.1,52.9,user_001,15
2024-01-05 12:30:00,4.6,1.6818357317441643,2,8,19555.666666666668,20.879472717299176,19522,19588,6.65,0.2571692049993542,6.256,7.087999999999999,79.97599206514867,2.1702937243200084,76.1280797250917,83.578987177934,45.17612063036918,3.562637552807902,37.85102348846728,50.57347805660069,97.276,0.35674720941946,96.5,97.8,33.458933333333334,0.3038607450477171,33.053999999999995,33.872,0.0,0.0,0,0,54.172600192472395,5.854833855747762,42.7160178950623,65.42914950391602,80.0,5.424810727442149,66,88,46.36,8.197717452350465,34.2,62.8,53.24666666666667,11.481031976181203,24.8,65.5,97.23333333333332,0.9044861735235316,95.7,99.1,33.425333333333334,0.659164695078625,32.54,34.77,6.6546666666666665,0.6689209505578654,5.44,7.58,80.05667907182962,1.4420023057139115,77.61734523949221,81.91759052524483,80.39763257232626,0.19728299361256,80.09945114641134,80.67849240752157,0.0120039674256645,2.026176219583006,-5.0640398625458545,3.1059103092718345,50.25684836141202,0.0,50.25684836141202,50.25684836141202,3.851987966526358,1.173177863625463,2.495984485172706,5.9171912513498865,3.2137640870025472,1.3638286368777572,1.1715266528181008,5.258259262715984,43.7105396710832,0.3191844402865373,43.27159881976885,44.51172437095299,540.0,0.0,540.0,540.0,0.375,0.0,0.375,0.375,0.2944444444444444,0.0,0.2944444444444444,0.2944444444444444,0.1944444444444444,0.0,0.1944444444444444,0.1944444444444444,70.4,0.0,70.4,70.4,94.9,0.0,94.9,94.9,0.8666666666666667,0.5163977794943223,0,2,77.86666666666666,5.054936295580878,69.0,84.0,2.3683333333333336,0.862071149422521,1.225,4.9,73.70456100140248,4.665171988158403,67.9494667116966,80.71788558190414,39.03597789755832,1.6183095643664185,36.37816342745096,40.92060278971554,0.0666666666666666,0.2581988897471611,0.0,1.0,0.0,0.0,0.0,0.0,0.0,0.0,0.0,0.0,0.0,0.0,0.0,0.0,0.0666666666666666,0.2581988897471611,0.0,1.0,51.32666666666667,2.1769791214520406,46.9,54.9,user_001,15
2024-01-05 12:45:00,5.4,2.84855853271189,0,11,19627.533333333333,23.15434752964991,19592,19669,6.816933333333333,0.1880469039767423,6.486,7.186,80.47137805743607,1.5717963983828942,77.69744523096594,83.7099620839714,47.94179403217374,2.7767323217537765,42.64566431996926,53.86546135729038,97.84533333333334,0.2156010424923981,97.42,98.22,33.534933333333335,0.3004861457863289,33.152,33.97,0.0,0.0,0,0,53.485989860396586,3.6909089911983815,47.81721572014978,60.1458416948592,79.93333333333334,4.096456075799225,74,87,48.64666666666667,9.042587071871688,28.0,66.4,52.77333333333333,10.283583774059275,39.8,74.4,97.93333333333334,0.9997618764104852,96.6,100.0,33.50933333333333,0.5087585263120808,32.47,34.35,6.824666666666667,0.6570808459354436,5.66,7.92,80.6174262931543,0.7841575645923262,79.58695936310167,81.97112222065536,80.2190996487837,0.1383251145303729,79.97322863558146,80.42198895612596,-0.2690223620513668,1.4879171842032872,-2.569987361323797,2.217528437021457,50.25684836141202,0.0,50.25684836141202,50.25684836141202,2.5888842085953545,0.9773517566046022,1.5001100351512309,4.775350145496546,2.381450759778891,0.6287595820499587,1.240655684560596,3.5950741192885616,45.33127755893786,0.9849134891475708,43.584581571092535,46.55895733127146,540.0,0.0,540.0,540.0,0.375,0.0,0.375,0.375,0.2944444444444444,0.0,0.2944444444444444,0.2944444444444444,0.1944444444444444,0.0,0.1944444444444444,0.1944444444444444,70.4,0.0,70.4,70.4,94.9,0.0,94.9,94.9,1.0666666666666669,0.5936168397046637,0,2,71.86666666666666,3.661901665736513,67.0,81.0,2.776666666666667,1.1774088782859873,1.225,4.9,71.2118532647773,2.741020058100948,66.80623986793128,74.09565461554541,42.774359130490765,0.5724544075786607,41.49645242299932,43.68984736625693,0.0,0.0,0.0,0.0,0.0,0.0,0.0,0.0,0.0,0.0,0.0,0.0,0.0,0.0,0.0,0.0,0.0,0.0,0.0,0.0,52.60666666666667,1.5331883989473274,50.2,55.1,user_001,15
2024-01-05 13:00:00,5.066666666666666,2.1865389045137937,1,9,19713.666666666668,24.9790388316359,19672,19745,6.403333333333334,0.2108292019169837,5.974,6.744,77.01214205255164,2.4706946586378327,72.87331710547139,80.86435463286428,47.5960439932356,3.9390318845041423,39.71585756759808,53.360254094103134,97.452,0.3380447983837183,96.92,98.08,33.50386666666667,0.1330444966740019,33.239999999999995,33.736000000000004,0.0,0.0,0,0,53.89254442974266,4.961782330891629,45.24032345443001,61.791637488051975,77.13333333333334,5.026595932305147,66,85,47.4,9.636834097802629,27.1,60.8,53.72666666666667,12.816421757521349,33.9,71.2,97.42666666666668,0.6363586889108888,96.3,98.4,33.537333333333336,0.3826312411012276,32.85,34.19,6.417333333333334,0.5973329613094079,5.41,7.43,76.97369133027163,1.7888764065182925,74.83803670094245,79.57432681963535,79.04203444528426,0.4329741309851501,78.63147843962163,80.06023448530603,0.0605956403908417,1.7728730439071485,-4.154987829103547,2.1017340253517887,50.25684836141202,0.0,50.25684836141202,50.25684836141202,3.8651712217218974,0.878019810874594,2.326419492180018,4.916232459847778,3.234128392901263,1.154912329335552,0.7693612810150617,5.294264889030829,47.39200510914224,0.305165724085964,46.91161083515071,47.768919012704664,540.0,0.0,540.0,540.0,0.375,0.0,0.375,0.375,0.2944444444444444,0.0,0.2944444444444444,0.2944444444444444,0.1944444444444444,0.0,0.1944444444444444,0.1944444444444444,70.4,0.0,70.4,70.4,94.9,0.0,94.9,94.9,0.9333333333333332,0.7037315505489968,0,2,86.13333333333334,5.462425764996282,76.0,94.0,2.6133333333333337,1.298621063538809,1.225,4.9,67.39442869320172,3.4507855436449453,61.992720639366745,72.48097011154648,44.55660622636803,0.4067080949970263,43.669285126562094,45.36092607789518,0.1333333333333333,0.3518657752744983,0.0,1.0,0.1333333333333333,0.3518657752744983,0.0,1.0,0.0,0.0,0.0,0.0,0.0,0.0,0.0,0.0,0.2666666666666666,0.4577377082170634,0.0,1.0,54.68666666666666,2.232188761432746,51.4,58.2,user_001,15
2024-01-05 13:15:00,4.466666666666667,1.846489590960049,1,8,19777.0,21.99025758311163,19749,19812,6.75,0.3273608755748659,6.156000000000001,7.348000000000001,80.90155990771828,1.9696265920372504,76.40425322455238,83.28829678517776,42.89209443545563,4.472897621824537,36.5682187723508,49.82174074368405,97.43066666666668,0.2283939787380798,97.0,97.74,33.6396,0.1569516759115024,33.376,33.86,0.0,0.0,0,0,56.014428286131746,4.204690500404584,50.662664756682354,61.486493553802944,81.4,4.339190181194116,72,86,42.25333333333333,9.264746289538843,28.6,55.7,57.266666666666666,11.231694101111923,32.2,75.3,97.42666666666668,1.0060294419624305,95.3,99.4,33.617333333333335,0.5266805302575563,32.19,34.42,6.765333333333333,0.8162008389629413,5.19,8.19,80.5670309232736,1.542209509739109,78.09609683544751,82.14858851393755,78.64021009887007,0.1357748728508234,78.45064495456609,78.95685098013496,0.2492200461408667,1.5953622709577582,-2.2021266122761887,2.687943727877254,50.25684836141202,0.0,50.25684836141202,50.25684836141202,3.2315161283804636,0.8728107439987406,2.144227119446155,4.497968879708178,3.2669279534428637,1.185514796781308,1.3829427230450215,4.538638662739467,45.93709108422565,0.8973146158286932,45.20697589465553,47.60261267513644,540.0,0.0,540.0,540.0,0.375,0.0,0.375,0.375,0.2944444444444444,0.0,0.2944444444444444,0.2944444444444444,0.1944444444444444,0.0,0.1944444444444444,0.1944444444444444,70.4,0.0,70.4,70.4,94.9,0.0,94.9,94.9,0.8666666666666667,0.5163977794943222,0,2,63.333333333333336,6.031662488978673,57.0,77.0,2.3683333333333336,0.862071149422521,1.225,4.9,75.99389009886822,5.018390535944453,68.22371457386274,83.35027942006737,40.53618043281755,2.129387831809751,38.11629011055039,44.69627544691169,0.0,0.0,0.0,0.0,0.0666666666666666,0.2581988897471611,0.0,1.0,0.0,0.0,0.0,0.0,0.0,0.0,0.0,0.0,0.0666666666666666,0.2581988897471611,0.0,1.0,50.1,2.0357518793521265,47.0,53.8,user_001,15
2024-01-05 13:30:00,4.733333333333333,1.9444671200491872,2,8,19852.466666666667,20.694604771935584,19816,19883,6.569999999999999,0.2015326985167137,6.298,6.918000000000001,78.80006871011543,2.0427344381825097,75.51624780461387,81.95397941598269,45.95929029510478,4.085830587039733,39.765352398555414,53.618136765896246,97.572,0.1883461858235605,97.3,97.98,33.641600000000004,0.2318265361367033,33.322,33.988,0.0,0.0,0,0,55.86816746386421,5.137458523502867,45.76252285069512,63.49029934619906,78.4,5.692099788303083,70,90,46.81333333333334,8.11082756625511,35.9,61.4,54.733333333333334,11.575322683972798,36.1,74.2,97.59333333333332,0.6158231038521457,95.9,98.5,33.68666666666667,0.4581744313291692,32.7,34.49,6.563999999999999,0.608907687115684,5.5,7.61,79.35518122292942,1.6835384839491874,76.63660358466907,81.81439659672225,79.85413822282909,0.3857504864540652,79.0379006534233,80.31370257083927,-0.2000343550577099,2.2321177106159267,-2.9654845619870116,4.0230102920086495,50.25684836141202,0.0,50.25684836141202,50.25684836141202,2.7904591807391457,0.394729120119325,1.894719053675544,3.391563175232485,2.482636199068463,1.024704948477176,1.2226280863261585,4.821665422692287,44.3448946909865,0.3088982133884401,43.95844117944044,45.07271280956375,540.0,0.0,540.0,540.0,0.375,0.0,0.375,0.375,0.2944444444444444,0.0,0.2944444444444444,0.2944444444444444,0.1944444444444444,0.0,0.1944444444444444,0.1944444444444444,70.4,0.0,70.4,70.4,94.9,0.0,94.9,94.9,0.7333333333333333,0.7037315505489968,0,2,75.46666666666667,4.627042663464844,67.0,82.0,2.286666666666667,1.2132772422932308,1.225,4.9,72.39943050286055,4.559596479283264,63.42415313035576,76.88038148939172,39.8813079592665,1.3949590761943285,38.02285565066595,42.46000552158251,0.0,0.0,0.0,0.0,0.0,0.0,0.0,0.0,0.0,0.0,0.0,0.0,0.0,0.0,0.0,0.0,0.0,0.0,0.0,0.0,52.68666666666666,2.210968329122095,48.9,56.7,user_001,15
2024-01-05 13:45:00,5.866666666666666,2.614975188810639,1,10,19930.533333333333,24.821841380603665,19893,19971,6.587199999999999,0.2768669613473488,6.061999999999999,6.866,78.54070443029747,1.7585062589764435,74.93332296376731,81.70851786803374,47.341497062068214,3.582926775644492,40.11103035600279,54.380373843495185,97.42933333333332,0.1925567325182212,97.12,97.74,33.68346666666666,0.1213930256096584,33.434,33.824,0.0,0.0,0,0,55.02278097545148,2.824633232466429,50.94837940957952,60.84170296631618,78.53333333333333,5.792441709018828,70,88,47.29333333333333,8.267878175433497,29.0,58.8,55.42666666666666,8.410662167465658,46.9,72.2,97.42666666666668,0.6474859807270675,96.2,99.0,33.64933333333333,0.4196676689726679,32.49,34.05,6.5840000000000005,0.7763633170107923,4.7,7.83,78.57110793490958,0.8570638295869868,77.0616393169363,79.94720705641733,79.55961258738361,0.4998614049148061,78.67038657020645,80.1434511532593,-0.0036855484820695,2.253599410104444,-2.862473752036024,4.355559012077563,50.25684836141202,0.0,50.25684836141202,50.25684836141202,2.809601314187112,0.5042843895708565,1.956328313523471,3.4858175963028257,2.6020021014048784,0.7692130249589846,1.5716375292386429,4.177211139804362,45.5871509360036,0.7462881447584451,44.5537949101868,46.6503936785865,540.0,0.0,540.0,540.0,0.375,0.0,0.375,0.375,0.2944444444444444,0.0,0.2944444444444444,0.2944444444444444,0.1944444444444444,0.0,0.1944444444444444,0.1944444444444444,70.4,0.0,70.4,70.4,94.9,0.0,94.9,94.9,1.1333333333333333,0.7432233529572065,0,2,78.06666666666666,5.077494695315039,71.0,88.0,3.021666666666667,1.4543612572764262,1.225,4.9,69.0018679354947,3.94631925609184,63.118802720603334,74.8924963616831,43.30548416082122,0.7250471516314823,42.2531796613253,44.06452686863216,0.0,0.0,0.0,0.0,0.0,0.0,0.0,0.0,0.0,0.0,0.0,0.0,0.0,0.0,0.0,0.0,0.0,0.0,0.0,0.0,53.50666666666667,1.9218542633414768,50.5,57.0,user_001,15
2024-01-05 14:00:00,5.666666666666667,2.380476142847617,2,11,8009.533333333334,10121.83190553022,2,19997,6.498666666666667,0.3646341937313275,5.916,7.0600000000000005,77.42935700510884,1.9251583879720149,74.51667896337821,80.56870443752855,47.52538645875465,2.924153371031434,42.541949042023425,51.60407801682906,97.81333333333332,0.2672256047041888,97.48,98.22,33.588,0.2395328787452791,33.038000000000004,33.868,0.0,0.0,0,0,53.96181067777522,4.946505639721874,45.443361056246054,61.157015347245625,77.6,5.16582174350938,69,88,47.78,9.801326440844626,28.0,65.1,53.18666666666666,12.18511191499497,34.3,75.1,97.83333333333331,0.5232681184722843,96.9,98.6,33.60733333333334,0.5010911902562082,32.29,34.21,6.525333333333333,0.7750932355591321,4.98,7.73,77.15159576764124,0.9559563891125312,75.40007133804743,78.93745795398156,78.03582522477821,0.2930814695494289,77.69928218550419,78.52470215791541,0.0853214974455786,1.9170257886024151,-3.1375092225336516,3.823471671853582,50.25684836141202,0.0,50.25684836141202,50.25684836141202,3.2896156194105663,0.8743427221156989,1.8581732357947427,5.038401989010283,2.743221897681455,0.750135483655165,0.8077793889661745,3.6251551536679583,47.41981581131223,0.4969325156022773,46.61692911905766,48.212385868124315,540.0,0.0,540.0,540.0,0.375,0.0,0.375,0.375,0.2944444444444444,0.0,0.2944444444444444,0.2944444444444444,0.1944444444444444,0.0,0.1944444444444444,0.1944444444444444,70.4,0.0,70.4,70.4,94.9,0.0,94.9,94.9,1.2,0.5606119105813882,0,2,79.0,3.359421718944239,74.0,85.0,3.021666666666667,1.2132772422932308,1.225,4.9,66.79345931625151,2.7062328967696927,61.97346769365227,70.7756801076518,45.43301735768403,0.7632176392370039,44.07770237059993,46.612574181006345,0.0,0.0,0.0,0.0,0.0,0.0,0.0,0.0,0.0,0.0,0.0,0.0,0.0,0.0,0.0,0.0,0.0,0.0,0.0,0.0,54.906666666666666,1.742931302091256,51.8,57.3,user_001,15
2024-01-05 14:15:00,4.933333333333334,2.0165977949672227,2,9,96.93333333333334,21.94950916036512,62,130,6.2736,0.2691926553869657,6.012,6.965999999999999,77.3263214383049,2.6802208063429265,72.8640491043487,83.3907272407492,40.43410509363631,2.9684604388085347,34.119860722773154,44.85032910304389,97.664,0.3297791468760333,97.1,98.2,33.471066666666665,0.1889971529138019,33.028000000000006,33.814,0.0,0.0,0,0,57.40604756624478,4.128029685181217,51.12242192640369,65.01317400161246,77.0,6.244997998398398,66,89,39.15333333333333,12.886475006581056,19.8,57.5,58.04666666666667,13.8533062926543,26.8,77.1,97.70666666666666,0.9369148967806624,96.2,99.1,33.50866666666666,0.4691309087278382,32.88,34.64,6.254666666666666,0.7729430460137102,5.27,7.65,77.5956727935292,2.0520117761414194,75.36095300847978,80.855543097476,77.69873664391062,0.2742299157838887,77.31270737326072,78.04807191131586,-0.1631607191524561,2.3512745297397073,-4.463575746916405,3.3635446434780647,50.25684836141202,0.0,50.25684836141202,50.25684836141202,5.319723485531954,1.047477763379453,3.497652202745909,7.005970169338605,3.616716820858798,1.0569684998528122,2.1530830122845943,5.744392550563301,45.90182613122879,1.0867450382791009,43.979745776195486,47.27785006249651,540.0,0.0,540.0,540.0,0.375,0.0,0.375,0.375,0.2944444444444444,0.0,0.2944444444444444,0.2944444444444444,0.1944444444444444,0.0,0.1944444444444444,0.1944444444444444,70.4,0.0,70.4,70.4,94.9,0.0,94.9,94.9,0.8666666666666667,0.6399404734221844,0,2,87.4,6.310988149931154,74.0,96.0,2.45,1.1341296222213757,1.225,4.9,75.1213832457882,2.845946426782014,71.4718980075144,79.79687210127888,40.85968554345452,2.0466442122949777,38.17500215849385,44.46623982375014,0.0666666666666666,0.2581988897471611,0.0,1.0,0.1333333333333333,0.3518657752744984,0.0,1.0,0.0,0.0,0.0,0.0,0.0,0.0,0.0,0.0,0.2,0.560611910581388,0.0,2.0,51.986666666666665,2.071185535824718,46.5,56.0,user_001,15
2024-01-05 14:30:00,5.133333333333334,1.8464895909600492,2,9,165.8,23.6347202225878,132,207,6.462666666666666,0.210768209403691,6.180000000000001,6.832000000000001,75.84199449018824,1.018687955186836,74.51957080501332,78.34638053667554,45.990479485931694,4.207603426387944,38.95213904136248,52.533967123366665,97.81733333333334,0.2856438008296034,97.18,98.2,33.48266666666667,0.1705883376798684,33.226,33.786,0.0,0.0,0,0,56.60123554079652,5.399386317889907,47.81831484645676,70.21843256226306,75.4,4.032014739202085,70,86,47.28666666666666,11.557673188138237,29.5,70.8,56.81333333333334,15.997940343622211,31.3,90.8,97.78666666666666,0.7510627391205306,96.5,99.0,33.419333333333334,0.6503566786954763,32.49,34.63,6.414666666666666,0.5410554060176761,5.81,7.67,76.07742713453818,0.5499744635359357,75.37036799822263,77.18662755667222,77.05249083432803,0.2011707107669077,76.58415796424657,77.34078170336014,-0.2209972450941279,1.6178023103213734,-2.7070978834139083,3.826809731662223,50.25684836141202,0.0,50.25684836141202,50.25684836141202,4.1927085529377575,0.7925048540211174,2.929781397593939,5.348166079039284,3.4927896753207492,1.1697072945262783,1.6932764182045592,5.298815829839407,43.33143824263264,0.3554123071560417,42.76584457554727,43.930941628574764,540.0,0.0,540.0,540.0,0.375,0.0,0.375,0.375,0.2944444444444444,0.0,0.2944444444444444,0.2944444444444444,0.1944444444444444,0.0,0.1944444444444444,0.1944444444444444,70.4,0.0,70.4,70.4,94.9,0.0,94.9,94.9,1.0,0.5345224838248488,0,2,68.86666666666666,4.307247491424302,62.0,77.0,2.6133333333333337,1.0214165000951705,1.225,4.9,69.32977425789846,3.333729433025841,64.27070945255316,74.88238109580904,41.39315743514375,1.785905824158834,38.48200545800418,44.48066052982176,0.0,0.0,0.0,0.0,0.0,0.0,0.0,0.0,0.0,0.0,0.0,0.0,0.0,0.0,0.0,0.0,0.0,0.0,0.0,0.0,55.093333333333334,1.7388282863824736,51.4,57.6,user_001,15
2024-01-05 14:45:00,5.733333333333333,2.3441924185608345,2,10,251.26666666666668,26.05616643951694,212,293,6.615200000000001,0.2324328474450817,6.228,7.064,78.25907525514808,1.1095900856067769,76.57009933749434,80.05780721110943,51.235502354648226,3.2565238345835184,46.72999013291198,58.68367355807439,97.92133333333332,0.2274663763745179,97.48,98.28,33.33706666666667,0.2853868218668059,32.878,33.72,0.0,0.0,0,0,52.17106492823466,4.567613426698392,45.77804977132063,61.585684980535426,78.8,4.783901575671711,71,87,51.7,8.15002191057528,40.4,65.3,51.11333333333333,11.097481481764014,35.9,71.8,97.94666666666669,0.7308181977039425,96.9,99.5,33.39933333333333,0.6485639814969988,32.35,34.32,6.613333333333333,0.6535252390652088,5.71,7.94,77.85331098545308,0.630870130189442,76.79280566231738,78.889376102578,76.64003863443267,0.262530400579145,76.29160235977676,77.05053487266817,0.2704623724259571,1.9642082129082192,-3.019269070369816,3.731221675390074,50.25684836141202,0.0,50.25684836141202,50.25684836141202,2.734664905713331,0.6367663806512449,1.3532816816764506,3.716518576992632,2.34948711969316,0.5728498177390533,1.6187526982502858,3.500066782491245,45.86768462704365,1.576208814411663,43.53930597096711,48.61299092028995,540.0,0.0,540.0,540.0,0.375,0.0,0.375,0.375,0.2944444444444444,0.0,0.2944444444444444,0.2944444444444444,0.1944444444444444,0.0,0.1944444444444444,0.1944444444444444,70.4,0.0,70.4,70.4,94.9,0.0,94.9,94.9,1.1333333333333333,0.6399404734221844,0,2,85.46666666666667,3.136573805618989,80.0,92.0,2.94,1.2931067241337817,1.225,4.9,64.55551684192196,1.5550646766854903,61.07322801693978,66.72545276241583,46.25939849938985,0.9865047277633447,44.77438838982451,47.8632022999821,0.0,0.0,0.0,0.0,0.0,0.0,0.0,0.0,0.0,0.0,0.0,0.0,0.0,0.0,0.0,0.0,0.0,0.0,0.0,0.0,55.74666666666667,0.9272591459832202,54.2,57.4,user_001,15
2024-01-05 15:00:00,4.533333333333333,2.065591117977289,1,9,327.1333333333333,21.79078005116144,296,361,6.017066666666667,0.2304292474822543,5.684,6.5,74.51523182297397,2.4645181353100116,70.63534459611708,78.9088470401461,46.868511666277,3.889580721884831,41.20609592954603,52.48871584147857,97.55066666666669,0.1953555976259978,97.3,97.98,33.412533333333336,0.0772582558387009,33.292,33.57600000000001,0.0,0.0,0,0,51.67918290516728,4.623734423094698,39.435150857183565,57.363866598909816,74.26666666666667,4.876571785686374,62,80,46.093333333333334,11.032320482930835,31.4,65.4,52.086666666666666,13.155545634916892,25.3,70.2,97.49333333333334,0.6215954893505518,96.3,98.3,33.361333333333334,0.3249146408051269,32.87,33.84,6.012666666666666,0.5764356817877387,4.82,6.76,74.90059059976053,2.3270029661713276,71.65881424817253,78.65958406838533,76.69067306670317,0.3338280261223409,76.31406364192488,77.18163996227204,-0.1242825781536538,1.802473201050778,-5.134644005947564,1.8318008005752515,50.25684836141202,0.0,50.25684836141202,50.25684836141202,4.099039074181352,0.5882587791958345,3.071194021151729,5.131369639270408,3.6211003974185463,0.9710065015322276,1.7653426273717716,4.889191092302647,49.39857563242143,0.3040679901605741,48.87532728019331,49.931074069033805,540.0,0.0,540.0,540.0,0.375,0.0,0.375,0.375,0.2944444444444444,0.0,0.2944444444444444,0.2944444444444444,0.1944444444444444,0.0,0.1944444444444444,0.1944444444444444,70.4,0.0,70.4,70.4,94.9,0.0,94.9,94.9,0.6666666666666666,0.6172133998483678,0,2,75.86666666666666,4.838338951491903,68.0,84.0,2.1233333333333335,0.9785405799795256,1.225,4.9,63.81075272585322,3.16129842002361,60.64751977743032,70.50847467409706,48.06941787699362,0.8245420840513235,46.212181661948414,49.11852374619566,0.0666666666666666,0.2581988897471611,0.0,1.0,0.0666666666666666,0.2581988897471611,0.0,1.0,0.0,0.0,0.0,0.0,0.0,0.0,0.0,0.0,0.1333333333333333,0.3518657752744983,0.0,1.0,56.66,1.870370475142748,54.3,59.8,user_001,15
2024-01-05 15:15:00,5.466666666666667,2.8250579429371676,2,12,403.26666666666665,24.924075184638767,363,443,6.3802666666666665,0.2883359812705274,5.92,6.843999999999999,74.44255122589071,1.8921094446596995,70.76984654060095,77.66602125860956,46.358914365413376,4.563378672815352,36.65013070155759,52.7725366766353,97.56133333333334,0.3860767256585639,97.1,98.28,33.806266666666666,0.3111094126937757,33.43,34.446000000000005,0.0,0.0,0,0,54.22178086865918,4.7770932434829545,46.31992453610059,61.84220731577295,73.66666666666667,3.3946736991660234,66,79,45.36666666666667,11.404927924032704,24.9,65.0,54.92666666666666,12.953127954649556,33.4,80.7,97.58,0.759887209675599,96.6,99.0,33.83866666666667,0.5603425822867729,32.93,34.65,6.365333333333334,0.6254697282462045,5.16,7.52,74.9930621916201,0.9774909069646324,73.08698016722335,76.43775404638848,75.54776826861716,0.553027630910599,74.47889152443236,76.35810235937402,-0.3879422796120252,1.0827579065078452,-2.384923270300476,1.552983374233648,50.25684836141202,0.0,50.25684836141202,50.25684836141202,3.969156170512585,0.5406863167852044,3.127718830076234,4.658833821490708,3.740648140917179,1.1161515845821726,1.9108986890137016,6.396540507355064,48.290216977060105,0.6724417288550757,46.61371301584519,49.089115784752856,540.0,0.0,540.0,540.0,0.375,0.0,0.375,0.375,0.2944444444444444,0.0,0.2944444444444444,0.2944444444444444,0.1944444444444444,0.0,0.1944444444444444,0.1944444444444444,70.4,0.0,70.4,70.4,94.9,0.0,94.9,94.9,1.0,0.7559289460184544,0,2,76.13333333333334,4.437931736207543,67.0,82.0,2.776666666666667,1.424575960300702,1.225,4.9,65.5094032065428,2.154276688853576,62.44919367483084,68.460201920623,45.68071748087838,0.417554754205739,44.93991458160294,46.27160279697086,0.0,0.0,0.0,0.0,0.0666666666666666,0.2581988897471611,0.0,1.0,0.0,0.0,0.0,0.0,0.0,0.0,0.0,0.0,0.0666666666666666,0.2581988897471611,0.0,1.0,56.35333333333333,0.8601218075421198,54.9,57.7,user_001,15
2024-01-05 15:30:00,4.266666666666667,1.5796322658258457,1,7,478.6,18.920132889898728,449,507,6.188666666666666,0.1555132822378237,6.002000000000001,6.422,73.94715363699153,1.954464144674384,70.36436812444616,77.55663066751957,47.97097984438298,4.269273068216758,40.334404968166034,54.7256630519886,97.48133333333334,0.2156010424924007,97.18,97.88,33.535999999999994,0.1397180835008234,33.288,33.732,0.0,0.0,0,0,52.4530514239752,5.705500743441737,42.773190835671066,61.74585229111718,74.0,5.056820005836524,64,81,47.82,10.339812101083572,31.4,62.4,52.553333333333335,11.69296899036014,31.9,70.4,97.51333333333334,0.5742904524798609,96.5,98.5,33.52466666666667,0.4603394192901378,32.66,34.19,6.1979999999999995,0.5369251078396049,4.98,7.04,73.97728438423184,1.2323763961991303,72.19421340765481,75.50907063276529,74.39120521239883,0.2327952263888442,74.01596785909106,74.68667847688408,0.0264231815042317,1.9166346762154496,-3.773276093334616,2.510128789997097,50.25684836141202,0.0,50.25684836141202,50.25684836141202,3.867852952199792,0.4440721253476977,3.066067464305722,4.7063429750601475,3.3340075072781548,0.9872152952119324,1.7653675375525926,4.807193774135495,46.936279899237384,0.398434623430571,46.365054422883,47.4507539906806,540.0,0.0,540.0,540.0,0.375,0.0,0.375,0.375,0.2944444444444444,0.0,0.2944444444444444,0.2944444444444444,0.1944444444444444,0.0,0.1944444444444444,0.1944444444444444,70.4,0.0,70.4,70.4,94.9,0.0,94.9,94.9,0.7333333333333333,0.4577377082170635,0,1,75.33333333333333,6.443897075823724,64.0,86.0,2.1233333333333335,0.5607286925659029,1.225,2.45,63.47185073842916,2.993964860523641,59.947704722771064,68.56102319555613,47.040037964967425,0.6241542972002795,45.590333821289846,47.73731715524982,0.0,0.0,0.0,0.0,0.0,0.0,0.0,0.0,0.0,0.0,0.0,0.0,0.0,0.0,0.0,0.0,0.0,0.0,0.0,0.0,57.22,1.1857487086225316,54.8,58.9,user_001,15
2024-01-05 15:45:00,4.733333333333333,1.9073791542572855,2,9,546.2666666666667,21.11014199947729,513,578,6.3289333333333335,0.1930031334559353,6.090000000000001,6.724000000000001,75.96316880421928,2.7911838067522834,70.71749694419829,79.68259698621736,47.65281622269492,3.7919193087841374,40.40278665723438,53.63828329795411,97.61733333333332,0.2072771321776958,97.3,97.94,33.446933333333334,0.1219434685574002,33.298,33.709999999999994,0.0,0.0,0,0,48.98073019701506,6.116457030602498,41.95810938642175,61.92624766341769,76.93333333333334,5.257194616722426,65,84,49.42666666666666,9.424016937489837,33.9,69.9,46.906666666666666,10.179143008178656,32.3,71.7,97.56,0.5852960179015654,96.2,98.3,33.442,0.4110126866307519,32.46,34.14,6.384666666666666,0.5590280681257257,4.84,7.46,75.09619105446168,2.4514079891898053,71.13659879354867,77.79189970076553,74.17418105033364,0.3542152875456738,73.71328960931591,74.95516122060539,0.4850822645570284,1.8663634521736847,-4.5961326636038535,3.1159263786372833,50.25684836141202,0.0,50.25684836141202,50.25684836141202,2.9387299303097474,0.6807147458364776,1.942687870456695,4.552287899319062,2.1948435957338206,0.6263684319146205,0.7107371961321415,3.4375706032117073,46.87529543173678,0.3397630172974236,46.592379865665606,47.81189803353895,540.0,0.0,540.0,540.0,0.375,0.0,0.375,0.375,0.2944444444444444,0.0,0.2944444444444444,0.2944444444444444,0.1944444444444444,0.0,0.1944444444444444,0.1944444444444444,70.4,0.0,70.4,70.4,94.9,0.0,94.9,94.9,0.6666666666666666,0.6172133998483676,0,2,67.66666666666667,3.2219485379118593,63.0,73.0,2.1233333333333335,0.978540579979526,1.225,4.9,66.06371555101944,2.0802450682695537,62.126311225861755,68.59064445437402,45.856356753973394,0.9468752386836962,44.74735621465946,47.719899298424075,0.0,0.0,0.0,0.0,0.0,0.0,0.0,0.0,0.0,0.0,0.0,0.0,0.0,0.0,0.0,0.0,0.0,0.0,0.0,0.0,55.72666666666667,1.6662475663540977,52.9,58.3,user_001,15
2024-01-05 16:00:00,4.266666666666667,2.016597794967223,1,9,609.9333333333333,19.542871066550298,579,642,6.1277333333333335,0.266023486252803,5.572,6.534000000000001,73.20468083378825,2.4756024457013104,69.82601582304234,77.56831958976858,46.71229341640112,3.5938214062728626,41.41900632895538,51.82552219863607,97.77733333333336,0.2527411625321328,97.38,98.12,33.732800000000005,0.212569047605714,33.486000000000004,34.136,0.0,0.0,0,0,52.23663562019712,5.117302937426693,44.63334223494335,59.175045064400706,72.4,5.616302800139708,60,81,46.4,7.41041737787324,30.2,54.9,52.593333333333334,13.10651237616883,32.5,82.5,97.78,0.8849535903892677,96.5,99.3,33.79266666666667,0.4848190629601136,32.96,35.06,6.110666666666666,0.5407463977380398,5.12,7.51,73.93901236578316,2.308049491176026,71.20361673327416,77.76619685245093,74.82060929799133,0.3295053801007224,74.4457462641377,75.36078850980901,-0.4023404168941226,2.221213748877816,-5.417528828113859,3.72466139231922,50.25684836141202,0.0,50.25684836141202,50.25684836141202,3.147646894202338,1.3678098013600082,1.330680096802472,5.488073760429902,2.788521234158188,0.7862228453294046,1.3044027929257151,4.235057130362898,47.11946798408768,0.6685422912656104,46.21668377396186,48.07602875564694,540.0,0.0,540.0,540.0,0.375,0.0,0.375,0.375,0.2944444444444444,0.0,0.2944444444444444,0.2944444444444444,0.1944444444444444,0.0,0.1944444444444444,0.1944444444444444,70.4,0.0,70.4,70.4,94.9,0.0,94.9,94.9,0.7333333333333333,0.7037315505489968,0,2,63.666666666666664,3.2219485379118655,58.0,69.0,2.286666666666667,1.2132772422932308,1.225,4.9,64.65263193794252,1.441954044511268,61.39884563422616,66.98192543390235,46.636307332054464,0.4123425837848584,46.0939224667603,47.21845489695909,0.0,0.0,0.0,0.0,0.0,0.0,0.0,0.0,0.0,0.0,0.0,0.0,0.0,0.0,0.0,0.0,0.0,0.0,0.0,0.0,57.473333333333336,1.5392329567801275,55.0,59.9,user_001,15
2024-01-05 16:15:00,4.333333333333333,1.5886502207249789,1,6,677.2666666666667,18.69479173714528,648,707,5.814933333333333,0.1662319664404731,5.552,6.093999999999999,70.8445651492174,3.480030832891855,67.06807897837307,78.49478975431921,49.43126391420164,2.643908341604376,43.867404977650146,53.27872232354611,97.716,0.30642640691876,97.3,98.38,33.39613333333333,0.2296686640316751,32.994,33.746,0.0,0.0,0,0,50.60593863137701,4.890555606194645,42.02592988219704,57.766942187317646,70.46666666666667,6.186005711819757,63,87,49.55333333333333,8.968266807126644,30.9,68.9,51.54,12.948127277718582,31.8,76.4,97.78,0.896182379397665,95.6,98.8,33.34733333333333,0.5860578550994862,32.45,34.63,5.790666666666667,0.5604012168165982,4.99,6.87,71.25670724772755,2.888384643700182,67.37955830545897,75.06167198467794,73.82568468811124,1.023850201966704,72.02462299150282,74.91822383256041,-0.1889492412753659,2.1027575196814707,-3.8877310565153778,4.252605122840393,50.25684836141202,0.0,50.25684836141202,50.25684836141202,2.277715098923089,0.9539983178409576,1.0069679148000152,4.986715826064058,2.1305084947780046,0.8083746107197112,0.6645024471688398,3.4586391062337167,48.08832570945511,0.2851068014846579,47.38392543525424,48.42526010944852,540.0,0.0,540.0,540.0,0.375,0.0,0.375,0.375,0.2944444444444444,0.0,0.2944444444444444,0.2944444444444444,0.1944444444444444,0.0,0.1944444444444444,0.1944444444444444,70.4,0.0,70.4,70.4,94.9,0.0,94.9,94.9,0.6666666666666666,0.4879500364742666,0,1,67.33333333333333,2.7945525240230884,61.0,71.0,2.041666666666667,0.5977387946809766,1.225,2.45,58.09019730236275,3.6968942185620457,52.96313530142777,63.70477295663808,49.04621372564324,1.748684357931792,46.922608788233816,51.32297871449259,0.0,0.0,0.0,0.0,0.0,0.0,0.0,0.0,0.0,0.0,0.0,0.0,0.0,0.0,0.0,0.0,0.0,0.0,0.0,0.0,60.32,2.389022513796923,54.8,62.9,user_001,15
2024-01-05 16:30:00,4.933333333333334,2.463060426921489,0,9,746.0666666666667,22.342997198440543,715,781,5.998266666666667,0.3398712921652773,5.506,6.572,71.5761742580214,2.662192664137544,65.71045350997953,75.4927413654252,49.29744682127639,5.484399879487263,41.72112823829074,57.441068878955626,97.46933333333332,0.1782240430576343,97.22,97.9,33.595733333333335,0.2154382465933972,33.124,33.984,0.0,0.0,0,0,49.51145790201347,5.3750948590985015,39.75768940098346,55.925639733770424,71.66666666666667,6.4990841845674865,60,82,48.16,10.89061194660009,29.8,67.9,49.233333333333334,15.98100062425319,16.5,69.1,97.36,0.9163592558130708,96.2,99.3,33.601333333333336,0.6036776181594501,32.49,34.74,5.979333333333333,0.7697445463702012,4.87,7.2,71.12132627219808,1.795286197123465,68.98280939225378,74.08710535130898,71.2863448828289,0.2234027048579936,71.02821777460113,71.83863754989078,0.0452462043226394,2.428632849261642,-4.830913788475073,3.89474762815118,50.25684836141202,0.0,50.25684836141202,50.25684836141202,4.086326487479796,1.3716312890408418,1.828642028380257,5.552414799854403,3.347507410976132,1.7251669942873729,1.5591938112281702,5.673386597424962,49.49010088411943,0.6446551548853611,48.25896355464536,50.148090715845434,540.0,0.0,540.0,540.0,0.375,0.0,0.375,0.375,0.2944444444444444,0.0,0.2944444444444444,0.2944444444444444,0.1944444444444444,0.0,0.1944444444444444,0.1944444444444444,70.4,0.0,70.4,70.4,94.9,0.0,94.9,94.9,0.9333333333333332,0.7037315505489968,0,2,68.8,4.021371478914684,63.0,75.0,2.6133333333333337,1.298621063538809,1.225,4.9,57.53863762767878,6.300999364214638,50.52870585374104,66.93493916885306,52.73195765907896,1.3095044852341675,50.51002637368806,54.7888471954946,0.0,0.0,0.0,0.0,0.0666666666666666,0.2581988897471611,0.0,1.0,0.0,0.0,0.0,0.0,0.0,0.0,0.0,0.0,0.0666666666666666,0.2581988897471611,0.0,1.0,59.693333333333335,3.2700953823281353,54.4,64.8,user_001,15
2024-01-05 16:45:00,5.8,2.596701204000403,2,10,826.0666666666667,29.356105879032174,784,868,6.184533333333333,0.3481062782432697,5.601999999999999,6.662000000000001,72.36361037195518,2.6272241917974344,67.62950619720566,76.4517190275457,47.23400716426969,4.692241322467798,40.65383477257367,58.92025807704673,97.632,0.2021032268067768,97.34,98.0,33.74986666666667,0.1870545629590743,33.342,34.096000000000004,0.0,0.0,0,0,52.170876255071775,5.870655477878214,39.862940421137104,61.04453144121228,72.66666666666667,5.524835701069264,61,83,47.193333333333335,13.06076275756986,31.5,76.3,53.14666666666667,16.23294122925297,22.5,87.2,97.71333333333334,0.6104643041707426,97.0,98.9,33.78,0.5520222562800993,32.58,34.68,6.21,0.6967475460000867,4.98,7.67,72.33068902269844,1.836102772493176,69.43792115339109,74.78507063784525,71.38984142959526,0.277093754648659,71.11302536563439,71.96989231498829,0.1515281473557479,1.997474421714302,-3.958194471856359,3.741816094011085,50.25684836141202,0.0,50.25684836141202,50.25684836141202,4.39737768263658,1.150437491328756,2.25733609903018,6.19307697604362,3.9615915710522143,1.2507765362106942,2.119688411934149,6.540841927631166,48.80759489443991,0.315318983860405,48.26572699277305,49.305457810062144,540.0,0.0,540.0,540.0,0.375,0.0,0.375,0.375,0.2944444444444444,0.0,0.2944444444444444,0.2944444444444444,0.1944444444444444,0.0,0.1944444444444444,0.1944444444444444,70.4,0.0,70.4,70.4,94.9,0.0,94.9,94.9,1.0666666666666669,0.7988086367179801,0,2,80.0,7.662524761087935,69.0,89.0,2.94,1.5215945583498909,1.225,4.9,62.606083995924195,3.658196537745398,56.92819129115729,67.71433958369795,47.60323478684895,0.7691260718532122,46.61372705513008,49.45078434951348,0.0,0.0,0.0,0.0,0.0,0.0,0.0,0.0,0.0,0.0,0.0,0.0,0.0,0.0,0.0,0.0,0.0,0.0,0.0,0.0,58.17333333333333,2.0779339555937586,55.2,61.6,user_001,15
2024-01-05 17:00:00,5.4,1.681835731744164,2,8,911.4666666666668,23.72721965129821,873,949,5.7463999999999995,0.153796154512579,5.464,6.0200000000000005,69.11629003180067,1.8433382576563753,66.22057571971196,73.28983319152424,51.02706375336408,4.036136609675765,44.67272027660717,56.42606388678277,97.47066666666666,0.194182045170683,97.14,97.76000000000002,33.41,0.1628583959851542,33.182,33.686,0.0,0.0,0,0,47.47782137132765,5.315115701433657,39.88445359436573,57.747530880984336,68.4,3.6410359593311945,63,74,51.2,8.345657553482532,33.9,64.7,46.34666666666667,10.569083394955486,26.1,64.1,97.5,0.549025110016448,96.8,98.5,33.37266666666667,0.4098861630583146,32.71,34.11,5.727333333333333,0.730258923422436,4.63,7.17,69.80588162554095,1.958351556799269,67.53904250688602,73.05193504264516,71.68621450397026,0.4926387695309745,70.73995020187793,72.18182268693118,-0.3581450159003367,1.3737099037945766,-2.4154317897839803,1.9264747600960137,50.25684836141202,0.0,50.25684836141202,50.25684836141202,3.092253102883068,0.9489376999123856,1.4108778290107646,4.653246674823861,2.866688014449501,1.1580312365585788,1.0211164648190452,5.127919729274526,48.300914426749706,0.5551340840177701,47.64490676329078,49.13053545881689,540.0,0.0,540.0,540.0,0.375,0.0,0.375,0.375,0.2944444444444444,0.0,0.2944444444444444,0.2944444444444444,0.1944444444444444,0.0,0.1944444444444444,0.1944444444444444,70.4,0.0,70.4,70.4,94.9,0.0,94.9,94.9,1.0,0.3779644730092272,0,2,85.4,6.631095578517068,76.0,93.0,2.5316666666666667,0.7271806286382131,1.225,4.9,54.85270980457595,4.992689232109767,49.15835195111653,63.472825984575636,51.36520345291059,1.8217212807619705,48.28497154945724,53.81748385287147,0.0,0.0,0.0,0.0,0.0,0.0,0.0,0.0,0.0,0.0,0.0,0.0,0.0,0.0,0.0,0.0,0.0,0.0,0.0,0.0,61.86666666666667,1.9851832109284993,57.1,64.9,user_001,15
2024-01-05 17:15:00,3.7333333333333334,1.6676187756655838,1,7,976.8,15.938273790739478,952,1005,5.681066666666667,0.3008481977596635,5.298,6.1659999999999995,68.76305664664415,2.6456914317059734,64.182139778157,73.35187394037965,43.97594992508746,4.907718346861105,37.848480184404785,52.80309583845124,97.54666666666668,0.258088209357812,97.08,97.94,33.47666666666667,0.2020773072248298,33.205999999999996,33.867999999999995,0.0,0.0,0,0,57.61568609446668,5.638830386847249,43.91999032801903,67.86889724513776,68.53333333333333,6.220549661825556,57,77,45.059999999999995,9.608017485412898,24.2,60.6,57.02,12.880117568230055,29.2,81.6,97.46,0.6288311151879861,95.9,98.1,33.455333333333336,0.5427557549430584,32.63,34.44,5.709333333333333,0.7422308715397566,4.67,6.65,68.9042285721906,1.8166320664809787,66.62575677331142,71.82914111900058,69.92892580390962,0.517932139620114,68.93967333922242,70.68218902347417,-0.1148616566554068,2.260245644503996,-3.591069889078497,4.272620073947664,50.25684836141202,0.0,50.25684836141202,50.25684836141202,2.9823056422687046,0.7895982324915161,2.072719510887574,4.699106651677719,2.796044774931729,1.1495156620819902,1.338465198402554,5.167075209804174,47.564092704834366,0.7412710087905253,46.778257590556024,49.037023639211256,540.0,0.0,540.0,540.0,0.375,0.0,0.375,0.375,0.2944444444444444,0.0,0.2944444444444444,0.2944444444444444,0.1944444444444444,0.0,0.1944444444444444,0.1944444444444444,70.4,0.0,70.4,70.4,94.9,0.0,94.9,94.9,0.4666666666666667,0.5163977794943222,0,1,65.33333333333333,8.032671381539856,56.0,79.0,1.7966666666666669,0.6325872798805448,1.225,2.45,62.981500016447214,5.520633945031526,53.14026497561672,71.02842917312864,48.56122846115447,2.4796595857479793,46.0720730078018,53.44099690418412,0.0,0.0,0.0,0.0,0.0666666666666666,0.2581988897471611,0.0,1.0,0.0,0.0,0.0,0.0,0.0,0.0,0.0,0.0,0.0666666666666666,0.2581988897471611,0.0,1.0,59.27333333333333,3.159219312847183,54.5,64.7,user_001,15
2024-01-05 17:30:00,5.866666666666666,1.9223002094465096,3,9,1050.3333333333333,26.593948470245977,1009,1093,5.3744,0.4691257522547357,4.822,6.2059999999999995,66.0962221796311,3.393050474356786,62.0588249234768,72.0856938120448,52.18488353158039,3.118022666495378,46.86646935159831,58.050021155611226,97.724,0.2378715139373706,97.14,98.18,33.4548,0.3005165077471978,32.954,34.0,0.0,0.0,0,0,42.77471798481075,4.977395069352645,37.539408162907655,51.50490998764502,66.73333333333333,6.408327915038887,58,78,51.39333333333333,9.739204035140409,33.8,68.0,43.7,18.6044925450049,11.1,77.5,97.74,0.9861903612241508,96.3,99.4,33.49666666666666,0.5250124715071953,32.7,34.47,5.3726666666666665,0.8942072839485632,3.58,7.13,65.64295266544369,2.2877391919376877,62.742650735670054,70.22993109015351,67.6413378568113,0.5539629070630615,67.06361596018048,68.74867111503717,0.3185555768511184,2.0986076252695107,-2.695231270681603,4.4357296409664,50.25684836141202,0.0,50.25684836141202,50.25684836141202,3.355674884846041,0.6991643745366443,2.222152257575918,4.518102086668971,2.4147482487109873,0.7680066093100415,1.4271799332790631,3.597233801014275,47.59325645923003,0.2403190050554737,47.29095533293614,48.08041672833392,540.0,0.0,540.0,540.0,0.375,0.0,0.375,0.375,0.2944444444444444,0.0,0.2944444444444444,0.2944444444444444,0.1944444444444444,0.0,0.1944444444444444,0.1944444444444444,70.4,0.0,70.4,70.4,94.9,0.0,94.9,94.9,1.0666666666666669,0.5936168397046637,0,2,73.53333333333333,10.842157578285828,57.0,89.0,2.776666666666667,1.1774088782859873,1.225,4.9,48.607845441373414,4.200123727018993,41.80462167130874,55.390631087394205,54.50013225059161,3.339308640606175,48.22740224032655,57.61106206558408,0.0,0.0,0.0,0.0,0.0,0.0,0.0,0.0,0.0,0.0,0.0,0.0,0.0,0.0,0.0,0.0,0.0,0.0,0.0,0.0,64.04666666666667,1.8208579871928008,60.3,66.6,user_001,15
2024-01-05 17:45:00,4.8,1.52127765851133,2,8,1131.2666666666669,21.00498806973053,1099,1165,5.4592,0.3554882356904174,4.75,5.904,66.82918628866405,1.074855954312468,65.348629280105,68.74532223447798,48.385581235111694,2.8812818464415657,44.3127608948352,53.9180680200688,97.548,0.443994851965005,96.84,98.1,33.53573333333333,0.2448753229901343,33.1,33.952,0.0,0.0,0,0,52.13623724224613,5.369279300575262,40.41053934655574,60.64149475828035,66.2,3.745473458532502,60,73,49.07333333333334,8.723405844268026,36.0,64.4,52.413333333333334,14.38346603701956,21.9,79.6,97.61333333333332,0.8822590052705354,96.1,99.3,33.53333333333333,0.551098470157125,32.45,34.36,5.471333333333333,0.6260746950720208,4.73,6.68,67.41781216968474,1.038601135195633,66.19633981751795,70.15328739343569,66.71114691275423,0.270587381950827,66.46072301788801,67.38642627542508,-0.3145931443320203,1.5592898034715594,-2.761471960078751,2.3577920598818736,50.25684836141202,0.0,50.25684836141202,50.25684836141202,3.184078671627344,0.5639354026235069,1.6076200294010154,3.827024020147281,2.840101762560417,0.7911979389417232,1.3229467916103674,3.948753899168136,49.822913468220605,0.678321678576443,48.36583337444484,50.36849262712623,540.0,0.0,540.0,540.0,0.375,0.0,0.375,0.375,0.2944444444444444,0.0,0.2944444444444444,0.2944444444444444,0.1944444444444444,0.0,0.1944444444444444,0.1944444444444444,70.4,0.0,70.4,70.4,94.9,0.0,94.9,94.9,0.8666666666666667,0.5163977794943222,0,2,80.93333333333334,5.72546525454066,72.0,90.0,2.3683333333333336,0.862071149422521,1.225,4.9,55.37719921025847,1.4472153113668458,52.739389083157235,57.35752056424307,54.07222523330263,1.7915690579722665,52.13659303489782,56.652796664859125,0.0,0.0,0.0,0.0,0.0,0.0,0.0,0.0,0.0,0.0,0.0,0.0,0.0,0.0,0.0,0.0,0.0,0.0,0.0,0.0,62.55333333333333,0.8733078876700168,61.1,63.8,user_001,15
2024-01-05 18:00:00,5.266666666666667,2.086236073022646,2,9,1209.8666666666666,25.418965547870272,1168,1244,5.4534666666666665,0.2710197321932396,5.058,5.958,65.52474599700453,2.604660127869377,61.19523681380404,70.38882955482443,52.58992516614068,6.183389672880777,43.7886704448097,63.15017134220551,97.072,0.2781366570590834,96.58,97.54,33.4184,0.2219281737087769,33.114,33.894000000000005,0.0,0.0,0,0,49.36330051958805,6.5279766937440495,41.15661877011442,62.71608834913618,65.06666666666666,6.463818715043945,56,77,54.07333333333334,11.197478457649469,38.7,71.2,47.94666666666667,15.421639095146546,26.4,78.5,97.02666666666669,0.7065678277689237,95.6,98.0,33.40866666666667,0.4583022500282473,32.79,34.31,5.397333333333333,0.7889456496459295,4.24,6.68,65.98818423376612,1.4637631707059202,62.9849580642721,68.31303795084942,66.74032063439732,0.394267949507168,66.17696614283429,67.38446164714784,-0.229039665168932,2.3652184444227484,-3.46294318494148,4.109525189350677,50.25684836141202,0.0,50.25684836141202,50.25684836141202,3.4962457556217257,0.7879156422700082,2.334594879709581,4.673532231292455,3.338551944706907,1.5827344092872782,1.7427891332163692,6.796775063511068,49.81877500214043,0.563629811176399,48.94779296754931,50.487753200626194,540.0,0.0,540.0,540.0,0.375,0.0,0.375,0.375,0.2944444444444444,0.0,0.2944444444444444,0.2944444444444444,0.1944444444444444,0.0,0.1944444444444444,0.1944444444444444,70.4,0.0,70.4,70.4,94.9,0.0,94.9,94.9,0.8666666666666667,0.6399404734221844,0,2,78.6,5.57801808120821,68.0,86.0,2.45,1.1341296222213757,1.225,4.9,50.57576179850603,5.728678140945358,36.87517619416875,57.856278294842106,54.45295781620215,1.3126898748734233,53.326084088857975,57.72731901442973,0.0666666666666666,0.2581988897471611,0.0,1.0,0.0,0.0,0.0,0.0,0.0,0.0,0.0,0.0,0.0,0.0,0.0,0.0,0.0666666666666666,0.2581988897471611,0.0,1.0,63.50666666666667,2.5381282942544936,58.6,68.2,user_001,15
2024-01-05 18:15:00,4.666666666666667,2.1602468994692865,1,10,1281.8666666666666,19.07828483855274,1254,1314,5.460933333333333,0.3386906440705919,4.949999999999999,6.069999999999999,65.95208305019305,2.0426619170449554,62.32286833275476,69.36025815417709,54.775916024905406,5.7690794746281,45.93080115541493,63.83340948542466,97.664,0.2768393035679692,97.28,98.1,33.40773333333333,0.1456784456390474,33.2,33.636,0.0,0.0,0,0,43.86790727159631,4.671482964840931,37.224530786528675,53.36282393674923,65.93333333333334,5.404583592611351,58,74,52.48,8.706992264020583,40.4,67.5,44.06666666666667,11.336582167394864,28.5,65.5,97.68666666666668,0.6139644785754163,96.8,99.5,33.366,0.3763698788615853,32.69,34.04,5.508666666666667,0.7817184976216239,3.98,6.89,65.70445237821751,1.5510114087157725,63.323305376181395,68.18028264328731,65.85847354923139,0.1218005850498503,65.67254305728522,66.08464409522286,-0.0093748584298618,2.036904443859671,-2.8632268743491096,3.512169596932438,50.25684836141202,0.0,50.25684836141202,50.25684836141202,2.5321127716015086,0.7429573060544149,1.5012102047297635,3.5607126634159907,2.375538018505232,0.9340609545471544,0.9693569584548436,4.114968192124656,53.01908879179153,0.9396150188864888,51.00739102263968,53.88604755995123,540.0,0.0,540.0,540.0,0.375,0.0,0.375,0.375,0.2944444444444444,0.0,0.2944444444444444,0.2944444444444444,0.1944444444444444,0.0,0.1944444444444444,0.1944444444444444,70.4,0.0,70.4,70.4,94.9,0.0,94.9,94.9,0.8,0.560611910581388,0,2,72.0,7.338742593737897,65.0,86.0,2.286666666666667,0.910448607372578,1.225,4.9,43.56575575758894,7.48136558988839,34.46916728612672,52.966658423035554,61.37221709444325,1.688642331129026,58.352073065481335,63.71145949126883,0.0,0.0,0.0,0.0,0.0,0.0,0.0,0.0,0.0,0.0,0.0,0.0,0.0,0.0,0.0,0.0,0.0,0.0,0.0,0.0,65.88000000000001,2.7137743879275296,61.6,69.6,user_001,15
2024-01-05 18:30:00,5.666666666666667,2.4688535993934706,2,10,1358.4,25.58961843069511,1317,1399,5.1956,0.131521209587764,4.8,5.3420000000000005,62.44721553988203,1.2401737120593082,60.30958385701266,65.254608147891,49.92402783591606,5.543914307046208,41.97949663864147,61.701332868600126,97.77733333333336,0.3453252435161981,97.34,98.34,33.67613333333334,0.2096684003259401,33.438,34.13,0.0,0.0,0,0,47.27193771103791,4.160992998599275,37.232028431457366,54.349264501099185,62.6,3.6015869518072954,56,68,50.50666666666667,12.671028071192662,26.9,72.8,48.193333333333335,12.189601345096603,21.4,69.3,97.82,0.8784727006084401,96.2,99.4,33.75666666666667,0.4924670644051358,32.65,34.7,5.206666666666666,0.530386202506743,4.44,6.33,62.635364319772194,1.0456141720088807,61.6915274228709,65.00104348509379,64.82739091936372,0.6458081958752069,64.11587758050113,65.78373978826613,0.0763922300589844,1.3707677157764433,-2.418202715963666,2.1025772412911223,50.25684836141202,0.0,50.25684836141202,50.25684836141202,3.907454674111394,1.2941741834722735,2.0594492010458163,5.591189100115104,3.4910227055882768,0.840523553906751,2.0088518418985335,5.031427019003067,52.9352820442372,0.2703021017727459,52.34997193041074,53.458613730348695,540.0,0.0,540.0,540.0,0.375,0.0,0.375,0.375,0.2944444444444444,0.0,0.2944444444444444,0.2944444444444444,0.1944444444444444,0.0,0.1944444444444444,0.1944444444444444,70.4,0.0,70.4,70.4,94.9,0.0,94.9,94.9,1.0,0.7559289460184544,0,2,76.53333333333333,7.029190836043921,63.0,85.0,2.776666666666667,1.424575960300702,1.225,4.9,48.96380471375516,5.386308017137583,40.216135244187534,55.57300973458963,55.68077253052694,1.409932943920489,53.91710770934292,58.49148846001394,0.0,0.0,0.0,0.0,0.0,0.0,0.0,0.0,0.0,0.0,0.0,0.0,0.0,0.0,0.0,0.0,0.0,0.0,0.0,0.0,63.65333333333333,2.1347019419470215,60.8,67.8,user_001,15
2024-01-05 18:45:00,5.666666666666667,2.7945525240230875,1,12,1444.1333333333334,26.67226131788455,1404,1484,5.400266666666667,0.3291893651004507,4.968000000000001,5.936,64.17990197386771,2.791329114522324,60.54166745939534,71.24005497407674,49.44220474289742,3.4337835616907335,42.22303421372368,54.82682698087829,97.78133333333334,0.2888862026737116,97.34,98.18,33.518,0.2049055531562929,33.132,33.806,0.0,0.0,0,0,53.58813764896857,4.236313274072701,46.20480373674186,61.820357595737754,63.8,6.940563995197257,57,82,50.013333333333335,12.200460568980091,23.3,72.5,53.25333333333333,13.787616942473452,35.8,78.3,97.74,0.9179168963318116,96.5,99.5,33.48133333333333,0.4051960137067125,32.91,34.13,5.331333333333333,0.7201871449904697,4.1,6.93,64.34865812274275,1.8175334110302843,62.21614792415522,67.14685777603776,63.802589849532794,0.2540219648555686,63.31355875687487,64.08668881714593,-0.1899509869338544,2.53521545727222,-4.413351658025576,5.379972512961629,50.25684836141202,0.0,50.25684836141202,50.25684836141202,4.759395933200963,1.4448009367938517,2.3974390690017104,6.620656705578083,3.6325594946513178,1.5857082797463395,1.5955824844722324,6.334652800445037,49.9629140854672,0.7921338726297846,49.29367831783183,51.77887017582938,540.0,0.0,540.0,540.0,0.375,0.0,0.375,0.375,0.2944444444444444,0.0,0.2944444444444444,0.2944444444444444,0.1944444444444444,0.0,0.1944444444444444,0.1944444444444444,70.4,0.0,70.4,70.4,94.9,0.0,94.9,94.9,1.0,0.7559289460184544,0,2,85.73333333333333,2.939063666900602,81.0,91.0,2.776666666666667,1.424575960300702,1.225,4.9,50.31634529961234,3.2338072173946157,44.46819844065654,54.90033537879348,57.074084706538684,1.0886830083942134,55.2256057679651,58.37346423029522,0.0666666666666666,0.2581988897471611,0.0,1.0,0.0,0.0,0.0,0.0,0.0,0.0,0.0,0.0,0.0,0.0,0.0,0.0,0.0666666666666666,0.2581988897471611,0.0,1.0,63.53333333333333,1.405431640186776,59.6,65.6,user_001,15
2024-01-05 19:00:00,4.6,1.919821420266553,1,7,1523.2666666666669,19.043058977960797,1490,1553,5.056,0.2334376637501814,4.66,5.4479999999999995,59.740594259981826,2.1400317867575325,54.860464525700614,62.565030029768025,47.30435137196735,3.883009795520614,41.07624120476518,53.50407146807857,97.47066666666666,0.2806998057576537,97.16,98.12,33.56946666666666,0.1857578556949385,33.274,33.918,0.0,0.0,0,0,53.25185650548027,5.797298984268857,45.447285919049705,64.89657744778371,60.0,4.869731585445517,50,67,46.806666666666665,10.176686709383974,31.4,67.4,53.080000000000005,15.285062736447728,34.1,87.8,97.46,0.7327053588292805,96.2,98.5,33.571333333333335,0.6396636020671534,32.45,34.57,5.121333333333333,0.5247702445106903,4.29,6.25,59.844150694035406,1.692265233849321,57.45310008290461,61.94759793918577,62.66266364088224,0.4599240192368503,61.96024811692477,63.25348361569436,0.1297028700090877,1.7353778245079683,-2.4302322628503035,4.046511824766469,50.25684836141202,0.0,50.25684836141202,50.25684836141202,3.7242563988222335,0.9464249464013036,2.268642618066305,5.2652831765604695,3.1335393338836446,0.8843526139581103,1.7224082651290742,4.831683533401497,49.552200653152134,0.7371632629187151,48.35491708614858,50.47857766599706,540.0,0.0,540.0,540.0,0.375,0.0,0.375,0.375,0.2944444444444444,0.0,0.2944444444444444,0.2944444444444444,0.1944444444444444,0.0,0.1944444444444444,0.1944444444444444,70.4,0.0,70.4,70.4,94.9,0.0,94.9,94.9,0.7333333333333333,0.4577377082170634,0,1,79.13333333333334,8.034449635935301,69.0,91.0,2.1233333333333335,0.5607286925659027,1.225,2.45,47.67749450432759,3.1018545214112683,44.43403616692152,53.17359265265617,56.43066661997263,0.3700884123995001,55.670064431776474,56.95980900489071,0.0,0.0,0.0,0.0,0.0,0.0,0.0,0.0,0.0,0.0,0.0,0.0,0.0,0.0,0.0,0.0,0.0,0.0,0.0,0.0,61.473333333333336,2.067250301614156,58.6,64.9,user_001,15
2024-01-05 19:15:00,4.0,2.0354009783964297,1,8,1584.6,18.938999822739103,1556,1613,5.0264,0.2355082042853588,4.694,5.488,59.760014324392635,2.9421512230382283,55.81617064641775,65.06222815402826,51.46915017794898,4.0413794098921745,45.129026460426466,59.00094768303916,97.74266666666668,0.2776294206997811,97.3,98.12,33.49333333333333,0.2480894615907315,33.018,33.872,0.0,0.0,0,0,47.787021570862855,4.417749459710902,40.009519133372805,53.79169896328966,59.0,6.059231445842428,50,73,52.36666666666667,13.694454908396146,33.8,75.3,47.906666666666666,13.64998517354855,19.9,65.8,97.72666666666667,0.7045430805713404,96.5,98.9,33.48466666666666,0.5295532708488048,32.08,34.34,4.991333333333333,0.6918697923191975,4.0,6.66,60.246204447252246,2.115807067634393,56.91560002368202,63.07825977962949,60.99021473218723,0.7838739142743387,59.75030429218723,61.87349874461652,-0.3800071621963169,2.1476825750427637,-3.3621279848133128,4.9533288844788075,50.25684836141202,0.0,50.25684836141202,50.25684836141202,4.9823398892447015,1.018201436962283,2.9581046428275526,6.600921193770573,3.7959649008326,0.8204060720276164,2.301495890947988,5.07526541922455,49.10442585988546,0.1581415949564033,48.84440759384381,49.386750774958166,540.0,0.0,540.0,540.0,0.375,0.0,0.375,0.375,0.2944444444444444,0.0,0.2944444444444444,0.2944444444444444,0.1944444444444444,0.0,0.1944444444444444,0.1944444444444444,70.4,0.0,70.4,70.4,94.9,0.0,94.9,94.9,0.6666666666666666,0.6172133998483676,0,2,61.333333333333336,3.903600291794131,54.0,66.0,2.1233333333333335,0.9785405799795258,1.225,4.9,44.41530630817481,2.881360541291099,38.609365210006885,48.762145375895486,58.469992870915895,1.049964323069034,56.99203823284915,60.536740199762725,0.0,0.0,0.0,0.0,0.0,0.0,0.0,0.0,0.0,0.0,0.0,0.0,0.0,0.0,0.0,0.0,0.0,0.0,0.0,0.0,63.13333333333333,1.6123038824997622,61.0,66.8,user_001,15
2024-01-05 19:30:00,5.066666666666666,1.9444671200491872,3,9,1657.4,22.22225396823132,1620,1689,5.137066666666667,0.2998874709588502,4.57,5.628,60.828838276628424,2.03595017151123,56.90994839788218,64.25272523657675,51.420948332838016,6.019490662595838,42.141045963445215,63.80909045495267,97.276,0.3335694401898559,96.84,97.96,33.681599999999996,0.1845878807351261,33.378,34.0,0.0,0.0,0,0,50.19216513955853,5.8740844557544545,41.29537326160705,62.72698605799266,61.2,4.828486896977738,52,68,50.62,14.57832049899537,18.6,76.4,50.166666666666664,15.069205432966676,27.0,82.8,97.28,0.7589466384404111,96.2,99.0,33.70133333333333,0.6548376752695134,32.83,34.85,5.164666666666666,0.7131305897907043,4.3,6.84,60.25272762127416,1.6323639705113702,57.162488899414235,62.32958347176498,59.8541170655569,0.3391681331577793,59.444093028909414,60.3916394507658,0.1855808616857804,1.8771019546690249,-3.824317761054999,2.696683867372599,50.25684836141202,0.0,50.25684836141202,50.25684836141202,5.209141192090619,1.070658335511615,2.3686931955529302,6.478919282922063,5.094587798524117,1.421364680261891,2.68862365478424,7.64215842088043,50.16111575816418,0.9731755804171202,48.9684116757119,51.4450492553935,540.0,0.0,540.0,540.0,0.375,0.0,0.375,0.375,0.2944444444444444,0.0,0.2944444444444444,0.2944444444444444,0.1944444444444444,0.0,0.1944444444444444,0.1944444444444444,70.4,0.0,70.4,70.4,94.9,0.0,94.9,94.9,0.9333333333333332,0.5936168397046637,0,2,72.8,4.24600652714659,64.0,80.0,2.5316666666666667,1.082550999568458,1.225,4.9,43.22816204747663,5.101961867228392,37.44856826600706,52.26727408302632,59.97832028462513,0.6986669397694605,58.86811583498568,61.02310950755314,0.0,0.0,0.0,0.0,0.0,0.0,0.0,0.0,0.0,0.0,0.0,0.0,0.0,0.0,0.0,0.0,0.0,0.0,0.0,0.0,63.473333333333336,1.4048216290774476,60.9,65.9,user_001,15
2024-01-05 19:45:00,5.4,2.0632844828435215,3,11,1729.9333333333334,25.86079953096874,1694,1770,5.0324,0.3607454187413287,4.582,5.6659999999999995,60.00024960595594,2.7208074187354887,55.55549010454189,65.72014521616056,51.53067261696683,3.47618837866883,45.78371622532601,58.21131339071298,97.52133333333332,0.2902675284892144,97.0,98.04,33.44586666666667,0.1400866398578615,33.268,33.69199999999999,0.0,0.0,0,0,48.627456212562144,5.5634624996439435,39.458650649797384,55.864671733293314,60.6,6.874383089204651,51,74,51.5,10.438185392380912,31.6,67.7,48.88,11.284515307016324,24.7,67.3,97.54,0.7356241276241945,96.1,98.6,33.461333333333336,0.5015101005487138,32.76,34.75,5.0360000000000005,0.7534662756696072,3.09,6.01,59.74315833570881,1.2275158876923322,57.35173676715281,61.632184126376714,60.01731764789577,0.2486400909341378,59.73910208128137,60.414543941292195,0.2998751970220264,2.4907525497986143,-3.588585671579992,4.209891087879576,50.25684836141202,0.0,50.25684836141202,50.25684836141202,3.81677974198331,1.030598863907412,2.4731122973730058,5.473061981007973,2.8028224793893655,0.85498051521454,1.5442795126803412,4.63886269271668,51.69767628184325,0.2056891796973379,51.18669950359567,51.96352869068544,540.0,0.0,540.0,540.0,0.375,0.0,0.375,0.375,0.2944444444444444,0.0,0.2944444444444444,0.2944444444444444,0.1944444444444444,0.0,0.1944444444444444,0.1944444444444444,70.4,0.0,70.4,70.4,94.9,0.0,94.9,94.9,0.9333333333333332,0.4577377082170634,0,2,72.53333333333333,4.897035060212698,66.0,81.0,2.45,0.8019507466172721,1.225,4.9,42.87516289515243,2.13350864723668,39.095896451931864,45.49092704799609,61.185327052917664,0.975760088239758,59.226338546486446,62.64479285458765,0.0,0.0,0.0,0.0,0.0,0.0,0.0,0.0,0.0,0.0,0.0,0.0,0.0,0.0,0.0,0.0,0.0,0.0,0.0,0.0,63.27333333333333,1.9872690042463017,59.9,65.7,user_001,15
2024-01-05 20:00:00,5.133333333333334,2.445598573141631,2,12,1806.8,21.69002404003148,1775,1847,4.760400000000001,0.3647764090116415,4.286,5.526000000000001,59.28495476199602,2.2383577960080614,56.29861398500566,63.76450898496025,51.21176124009395,3.849531246800081,43.511143148550616,56.09709204427003,97.588,0.2788548009269327,97.18,98.2,33.47346666666667,0.2349425056314442,33.126,33.878,0.0,0.0,0,0,50.93646488417828,3.5419569249044707,46.050774243916806,56.43924204881281,59.0,4.053217416888889,52,67,50.67333333333333,9.531786421282863,30.3,65.6,51.78,10.529360311596738,33.7,66.8,97.64,0.984740720044768,95.7,100.0,33.49066666666667,0.5888908056273096,32.67,34.61,4.764666666666667,0.8549592025911169,3.11,6.25,59.63990151809783,2.2014933270329244,57.14172959030162,63.410928298555106,60.16070334541994,0.4353957032182035,59.56390327596397,60.73393894556805,-0.1424773809980081,1.510575898039515,-2.1493069925028294,3.489196892220967,50.25684836141202,0.0,50.25684836141202,50.25684836141202,3.1652328474906506,0.531238546202899,2.3383307689837127,4.151693899684378,2.482384193593459,0.7532675954506084,1.4599613489076193,3.937174747831727,52.1866124728496,0.5336632010978463,51.371216928530394,52.93048724791096,540.0,0.0,540.0,540.0,0.375,0.0,0.375,0.375,0.2944444444444444,0.0,0.2944444444444444,0.2944444444444444,0.1944444444444444,0.0,0.1944444444444444,0.1944444444444444,70.4,0.0,70.4,70.4,94.9,0.0,94.9,94.9,0.8,0.5606119105813882,0,2,76.86666666666666,5.249036192710133,69.0,84.0,2.286666666666667,0.910448607372578,1.225,4.9,42.39358510340848,2.6419399787174913,38.94984508129615,46.76536377878615,60.719240687040546,0.4820430341943547,59.96084209119581,61.32127219202898,0.0,0.0,0.0,0.0,0.1333333333333333,0.3518657752744984,0.0,1.0,0.0,0.0,0.0,0.0,0.0,0.0,0.0,0.0,0.1333333333333333,0.3518657752744984,0.0,1.0,62.986666666666665,1.2477789792076075,61.6,66.2,user_001,15
2024-01-05 20:15:00,5.333333333333333,1.7994708216848747,3,8,1885.8666666666663,25.136389860878804,1850,1927,4.781333333333333,0.3132882439695488,4.29,5.266,57.30088028291222,2.6082657682278976,52.85387716212163,62.06362523703117,49.92873076527586,3.2669096609645307,43.15305273114517,54.41541782343609,97.596,0.2441545178190048,97.16,98.06,33.52386666666667,0.2225571729648254,33.14,33.952,0.0,0.0,0,0,50.06929490178763,4.65033633152012,41.54407837318133,57.49736816585837,56.666666666666664,5.936168397046637,47,67,50.013333333333335,9.85363360583776,21.7,65.4,49.766666666666666,14.311916446826832,32.9,84.3,97.53333333333332,0.6183695920571722,96.3,98.5,33.456,0.6803549493777921,32.28,35.11,4.788666666666667,0.854925783467837,3.22,6.33,57.81440507951431,2.261670182562472,54.97710101509578,60.98031156266968,59.21773573264736,0.4314120371373789,58.29291752245412,59.726933764736,-0.3171068081227745,2.287162613452179,-5.021208412343718,4.715374279292789,50.25684836141202,0.0,50.25684836141202,50.25684836141202,3.6187759011339486,1.303298873793015,1.3430424448209553,5.623782822204912,3.1108079429916553,1.057662935652947,1.393288805586646,4.6109544287753135,50.63457390122384,0.2639633368657268,50.22363026983241,51.27192239679803,540.0,0.0,540.0,540.0,0.375,0.0,0.375,0.375,0.2944444444444444,0.0,0.2944444444444444,0.2944444444444444,0.1944444444444444,0.0,0.1944444444444444,0.1944444444444444,70.4,0.0,70.4,70.4,94.9,0.0,94.9,94.9,1.0,0.6546536707079771,0,2,79.06666666666666,4.1484363089631575,75.0,87.0,2.6950000000000003,1.2423767544509194,1.225,4.9,43.42844401574368,4.091012932957335,36.803074257973854,49.88476729226164,59.49003844784204,0.732595406281408,58.31696010826366,60.72061570583384,0.0,0.0,0.0,0.0,0.0666666666666666,0.2581988897471611,0.0,1.0,0.0,0.0,0.0,0.0,0.0,0.0,0.0,0.0,0.0666666666666666,0.2581988897471611,0.0,1.0,61.406666666666666,1.5073470861401643,58.3,63.7,user_001,15
2024-01-05 20:30:00,4.0,2.138089935299395,0,8,1958.4,18.313929125122215,1930,1987,4.715599999999999,0.0981869936105885,4.529999999999999,4.894,58.14331390619349,1.4258892855871963,55.226243911598864,60.86479025000072,49.74372983831102,5.938393280754159,41.7354465236803,59.490491875878654,97.66,0.3279372762326067,97.06,98.02,33.632133333333336,0.150552253229172,33.366,33.844,0.0,0.0,0,0,50.76958082651697,6.532642597965139,38.67671033521531,60.79459607202752,58.266666666666666,4.043807729403188,48,62,50.62,11.904452948371883,32.1,73.9,49.973333333333336,15.785547941377386,25.5,79.9,97.68,0.9213344359444852,96.1,99.0,33.61,0.408953367931916,33.01,34.48,4.674,0.3192133187339507,4.34,5.29,58.09799042758534,0.9275216168640708,56.64485945977201,59.47058952291793,58.022776057053505,0.1056086685744428,57.72209709455286,58.13061654117382,0.0616763802365866,1.5504909334459418,-3.6131219557994423,1.9245853628003715,50.25684836141202,0.0,50.25684836141202,50.25684836141202,3.79568955978864,1.2603531178955327,2.377845220556559,5.889661686811507,3.4264656902234853,1.4174484458848478,2.065187111898066,6.818319872070116,49.094757649007754,0.6520296076089515,48.18738804704882,50.210164001789934,540.0,0.0,540.0,540.0,0.375,0.0,0.375,0.375,0.2944444444444444,0.0,0.2944444444444444,0.2944444444444444,0.1944444444444444,0.0,0.1944444444444444,0.1944444444444444,70.4,0.0,70.4,70.4,94.9,0.0,94.9,94.9,0.6666666666666666,0.6172133998483676,0,2,72.53333333333333,7.414914185676891,60.0,81.0,2.1233333333333335,0.9785405799795256,1.225,4.9,44.0428405940826,6.008432410929274,34.551736843345566,51.3558133005762,59.38649370086141,0.672353400601755,58.68382027825229,60.6284818572078,0.0,0.0,0.0,0.0,0.0666666666666666,0.2581988897471611,0.0,1.0,0.0,0.0,0.0,0.0,0.0,0.0,0.0,0.0,0.0666666666666666,0.2581988897471611,0.0,1.0,61.81333333333334,2.0170227942145225,58.5,64.7,user_001,15
2024-01-05 20:45:00,5.2,2.3964259101539405,2,10,2031.6666666666667,22.553639765382997,1992,2065,4.941199999999999,0.2945124785132204,4.446,5.37,59.94444853837379,1.8908495411195647,56.4632601893415,63.13457071199044,53.375747587325534,3.462403263546708,47.52636273742189,58.86308259971879,97.504,0.376009118430463,96.84,97.92,33.53053333333333,0.2878575706011237,32.992000000000004,33.882,0.0,0.0,0,0,46.39699445803479,5.907290993047391,35.706203013678774,52.50930452051816,59.93333333333333,3.692979181920099,53,65,53.5,8.28777068077676,42.3,76.7,45.70666666666667,13.76109768600636,2.1,60.8,97.5,0.5732115042211143,96.4,98.3,33.586666666666666,0.5883471602314273,32.6,34.45,4.986666666666666,0.8417725063109108,3.31,6.41,59.85264968662754,1.5563141364548283,57.28824065517866,62.078286835249855,58.39709544963589,0.5167484120675987,57.68139806303524,59.04388122228364,-0.0055576025202284,1.292262483692089,-1.84425156951378,2.1789132702195033,50.25684836141202,0.0,50.25684836141202,50.25684836141202,2.9951900598303394,1.069024319857802,0.880375269583229,4.333562148631791,2.4838216724802797,1.2320483533433113,0.8369166090087963,4.157517889679816,50.49775443408558,0.6011001749523232,49.79526489570943,51.55973871281829,540.0,0.0,540.0,540.0,0.375,0.0,0.375,0.375,0.2944444444444444,0.0,0.2944444444444444,0.2944444444444444,0.1944444444444444,0.0,0.1944444444444444,0.1944444444444444,70.4,0.0,70.4,70.4,94.9,0.0,94.9,94.9,0.9333333333333332,0.7037315505489968,0,2,73.26666666666667,5.270763927643919,62.0,80.0,2.6133333333333337,1.298621063538809,1.225,4.9,40.87709137815658,4.513299691973935,34.92354461845632,47.17561200599093,61.66607233061814,0.7420398763703883,60.36821278509456,62.4266234500533,0.0,0.0,0.0,0.0,0.0,0.0,0.0,0.0,0.0,0.0,0.0,0.0,0.0,0.0,0.0,0.0,0.0,0.0,0.0,0.0,63.973333333333336,0.911409165340499,62.2,65.2,user_001,15
2024-01-05 21:00:00,3.7333333333333334,1.624221425205085,1,7,2093.733333333333,16.45542319057605,2068,2121,4.236266666666667,0.3747699230702692,3.63,4.748,53.95207841426798,2.472736440539802,50.95560813428087,60.06318820424934,52.35923797194273,5.535868761538885,43.7620174456785,62.19724488923824,97.59466666666668,0.2007794335891539,97.26,97.92,33.50546666666666,0.1711898973432136,33.282,33.767999999999994,0.0,0.0,0,0,47.618762907009874,6.30574312530913,37.12086388835571,58.26990415415624,53.53333333333333,5.591660457025861,46,64,52.78,14.691552480446516,28.6,75.7,47.78666666666666,14.459542902608677,27.3,71.0,97.58666666666666,0.7140094703920415,96.3,98.5,33.47666666666667,0.4186486195685677,32.65,34.17,4.1946666666666665,0.7593311593262912,3.12,5.53,54.60610681763181,2.2064047909481848,51.78129620185147,58.291658888707616,58.03274903279503,0.6908801101916048,56.94826347632089,59.10703192596688,-0.209372540467325,2.1356714942481765,-4.687729401416448,3.522902900317945,50.25684836141202,0.0,50.25684836141202,50.25684836141202,4.535804550772152,1.623295327630608,2.2206027057433744,7.076859445720612,3.661612364937772,0.9874926559176376,2.2418469613983416,5.335815963971402,53.316299457757886,0.6719791790911246,52.12315914187886,54.33760449786336,540.0,0.0,540.0,540.0,0.375,0.0,0.375,0.375,0.2944444444444444,0.0,0.2944444444444444,0.2944444444444444,0.1944444444444444,0.0,0.1944444444444444,0.1944444444444444,70.4,0.0,70.4,70.4,94.9,0.0,94.9,94.9,0.6,0.50709255283711,0,1,62.06666666666667,6.881306631184291,54.0,76.0,1.96,0.6211883772254597,1.225,2.45,35.7222468815315,2.557462657305285,32.262099174876234,39.63559657321589,65.26067717034404,1.0576503897989156,62.833452876300235,66.71447865028767,0.0,0.0,0.0,0.0,0.0666666666666666,0.2581988897471611,0.0,1.0,0.0,0.0,0.0,0.0,0.0,0.0,0.0,0.0,0.0666666666666666,0.2581988897471611,0.0,1.0,61.18,2.762297180660634,57.3,66.8,user_001,15
2024-01-05 21:15:00,4.666666666666667,1.8387366263150309,1,9,2154.4,21.59960317095831,2126,2191,4.2752,0.2924944932326566,3.742,4.734,52.03079048265804,1.9751828456243992,48.48477910110896,56.63612946624276,58.42897531102529,3.018557005246831,52.34514779746084,63.87640156739582,97.65333333333334,0.5532070997719492,96.8,98.56,33.56466666666667,0.130185947599506,33.373999999999995,33.80200000000001,0.0,0.0,0,0,39.82789984837198,3.8184642380508422,32.50795962515479,46.947209753878376,51.4,5.1380930314660525,42,60,58.48,9.756258064881813,42.3,81.6,39.85333333333333,10.907131786566246,19.2,66.6,97.62,0.8520563361656279,96.0,99.2,33.554,0.5261015654252112,32.32,34.26,4.255333333333334,0.7662978408898076,2.72,5.33,52.25037656467726,0.970236751352387,50.63810514938515,53.75186097814351,54.689799425936606,1.2429227824226243,52.99143444846301,56.86550898421392,-0.3153952413290227,1.9595772122099129,-3.5453764887475927,3.003382421975786,50.25684836141202,0.0,50.25684836141202,50.25684836141202,3.465833795787531,1.396448285910448,1.4074297806208884,5.19616007396472,2.903767308729691,1.3876568961690638,0.7249924566807079,5.384746514724216,54.427784818420015,0.8171926947277373,53.04277296420053,55.39410664148401,540.0,0.0,540.0,540.0,0.375,0.0,0.375,0.375,0.2944444444444444,0.0,0.2944444444444444,0.2944444444444444,0.1944444444444444,0.0,0.1944444444444444,0.1944444444444444,70.4,0.0,70.4,70.4,94.9,0.0,94.9,94.9,0.8,0.560611910581388,0,2,60.666666666666664,5.690426379538916,53.0,70.0,2.286666666666667,0.9104486073725784,1.225,4.9,27.389413432065815,3.7781156078707143,22.94803087493139,34.5992832960214,68.2889391451382,2.674099696846023,64.76572872935849,72.38576857695793,0.0,0.0,0.0,0.0,0.0,0.0,0.0,0.0,0.0,0.0,0.0,0.0,0.0,0.0,0.0,0.0,0.0,0.0,0.0,0.0,62.70666666666667,1.5406244868636267,59.8,64.5,user_001,15
2024-01-05 21:30:00,4.666666666666667,2.9195563916132055,0,11,2232.266666666667,18.96035965099897,2198,2261,4.676,0.3696368874604217,3.778,5.1259999999999994,55.10658049953693,1.9388062366431749,52.03194649805685,58.4898036540651,53.091778834652125,3.993836979477529,46.542784225395515,59.9459264517063,97.66933333333331,0.3419997215259244,97.22,98.2,33.37466666666667,0.0817231097466716,33.22,33.498000000000005,0.0,0.0,0,0,46.06903920572009,4.764129299392384,40.08131538895768,54.646315670802274,55.733333333333334,4.589843860815602,45,64,53.22,8.819394213080301,39.8,66.3,46.093333333333334,11.600398186926087,27.6,66.4,97.72,0.7655063683601849,96.7,99.2,33.384,0.3142746751308012,32.59,33.91,4.718,0.7577900199169385,3.59,5.88,54.585272734195335,1.5554522154136392,52.142575310495616,57.0297142833763,52.967477638759846,0.3530042597957701,52.57980600804855,53.5696949033129,0.3133764168981974,1.8483854240873696,-3.515973249028434,3.6989708891767705,50.25684836141202,0.0,50.25684836141202,50.25684836141202,3.483141900713113,1.0178051945516766,2.263903667843887,5.528706652557675,3.09871511935663,1.1043839715530448,1.7441374306136,5.131622657294581,54.96694172026382,0.4694546864078727,54.34506243462174,55.7603770728387,540.0,0.0,540.0,540.0,0.375,0.0,0.375,0.375,0.2944444444444444,0.0,0.2944444444444444,0.2944444444444444,0.1944444444444444,0.0,0.1944444444444444,0.1944444444444444,70.4,0.0,70.4,70.4,94.9,0.0,94.9,94.9,0.6666666666666666,0.7237468644557459,0,2,77.86666666666666,4.969430359230126,69.0,84.0,2.205,1.2423767544509192,1.225,4.9,35.020892849083324,4.617780256083584,25.393095974474377,39.419911086876354,68.60887270160282,2.6955548581205293,65.21833841536854,72.67474932661058,0.0,0.0,0.0,0.0,0.0,0.0,0.0,0.0,0.0,0.0,0.0,0.0,0.0,0.0,0.0,0.0,0.0,0.0,0.0,0.0,62.14,1.9323560748474888,58.2,64.3,user_001,15
2024-01-05 21:45:00,5.466666666666667,2.0307165050320353,3,10,2306.8,24.834308066520304,2267,2343,4.443466666666667,0.2745338560091233,3.9260000000000006,4.82,54.75463044651941,2.632263466963721,50.720853746261675,59.46941283901388,54.44840790652932,3.2197302055052366,48.95562741163815,61.14263397853613,97.56,0.2465765601187537,97.18,98.04,33.492,0.1416877855407029,33.25,33.68,0.0,0.0,0,0,44.88168508746762,5.169071447503347,35.78096699018961,53.27531230830692,55.0,6.117889458675388,43,64,53.766666666666666,7.870801980073174,37.5,67.7,43.79333333333333,15.190056271252242,21.7,80.4,97.54,0.653343051434041,96.0,98.7,33.522,0.3106950732976455,33.04,34.06,4.415333333333334,0.8002576965905298,3.29,5.97,54.40617113602828,1.6271702775919883,52.60916783717678,57.77803393906627,53.98507733574258,0.4460243345980694,53.43052688493221,54.93060547302817,0.1226847767402939,2.2321402432048996,-4.278940696816576,3.0930487512461013,50.25684836141202,0.0,50.25684836141202,50.25684836141202,2.976507573325067,0.7889594929086677,1.8781149103973196,4.088036638335858,2.7463295346138414,0.6659692955731795,1.5814337281911417,3.625866749385708,55.0260378269664,0.8166509661370791,53.77009337059072,56.07016758792831,540.0,0.0,540.0,540.0,0.375,0.0,0.375,0.375,0.2944444444444444,0.0,0.2944444444444444,0.2944444444444444,0.1944444444444444,0.0,0.1944444444444444,0.1944444444444444,70.4,0.0,70.4,70.4,94.9,0.0,94.9,94.9,0.9333333333333332,0.5936168397046637,0,2,74.53333333333333,6.534159325822878,63.0,85.0,2.5316666666666667,1.0825509995684577,1.225,4.9,33.02574398582636,3.930410868328133,28.12065249802246,39.104129924719174,67.0320729887239,0.8826593219260721,65.12803708488069,67.9903199459208,0.0,0.0,0.0,0.0,0.0,0.0,0.0,0.0,0.0,0.0,0.0,0.0,0.0,0.0,0.0,0.0,0.0,0.0,0.0,0.0,62.42666666666666,1.1603365685786846,60.3,64.2,user_001,15
2024-01-05 22:00:00,0.0,0.0,0,0,2343.0,0.0,2343,2343,3.939333333333334,0.2966601390400099,3.432,4.473999999999999,51.45006756243791,2.7550717050304625,46.78153192682603,56.33963710400275,54.80289985643375,2.4991513919660098,50.702788573380026,59.030455873594086,97.728,0.3745320890314809,97.14,98.34,33.6224,0.1491216186300873,33.388,33.862,1.0,0.0,1,1,44.959171033975814,6.559696226502894,32.794360589685816,56.1924336877716,51.0,5.769377287516763,41,60,54.75333333333333,9.58099805915458,39.9,66.0,46.45333333333333,14.787198453231024,24.0,80.6,97.74,0.9955615787799662,96.0,99.4,33.562,0.4433347654828292,32.79,34.15,3.967999999999999,0.8373870926024253,2.57,5.37,52.16371986259664,3.062109811335467,48.64946242533496,57.51868929271084,54.152656418028826,0.7334401538086642,53.10234900447866,55.08397280282733,-0.2250337812189528,2.201671868232815,-3.3792234176792846,3.2191079578443365,50.25684836141202,0.0,50.25684836141202,50.25684836141202,3.1961749698704933,0.7209675692513515,1.944783391636098,4.4442690695317655,2.3443793762808696,0.5388708039768327,1.320170720126845,2.9761031407328957,54.54036970965901,0.483207101689897,53.72672891372714,55.059456108333585,540.0,0.0,540.0,540.0,0.375,0.0,0.375,0.375,0.2944444444444444,0.0,0.2944444444444444,0.2944444444444444,0.1944444444444444,0.0,0.1944444444444444,0.1944444444444444,70.4,0.0,70.4,70.4,94.9,0.0,94.9,94.9,0.0,0.0,0,0,36.2,24.83430806652073,0.0,76.0,1.225,0.0,1.225,1.225,30.28754133225521,3.362206831981418,25.637972913461784,35.704861951583844,67.45561854540064,1.2702607991850856,66.125643917044,69.31349613147701,0.0666666666666666,0.2581988897471611,0.0,1.0,0.0,0.0,0.0,0.0,0.0,0.0,0.0,0.0,0.0,0.0,0.0,0.0,0.0666666666666666,0.2581988897471611,0.0,1.0,61.22,1.1675370902643134,59.6,63.2,user_001,15
2024-01-05 22:15:00,0.0,0.0,0,0,2343.0,0.0,2343,2343,4.071066666666667,0.2200232022396947,3.692,4.364,50.2666145335822,2.2054293784541756,46.0836016457831,54.95052300698749,57.573435020230384,2.7308403740450102,52.07407881965555,63.26553336663312,97.616,0.4112837046544533,97.14,98.54,33.62493333333334,0.27968642304927,33.284000000000006,34.126,1.0,0.0,1,1,42.574969484187285,5.065701848403149,34.25484574618731,52.698505419806736,49.6,6.10386294547501,40,65,58.39333333333333,6.642769072636872,47.3,70.3,41.526666666666664,12.03183079921557,22.4,63.9,97.59333333333332,0.8075241408745794,96.4,99.1,33.656,0.5690443116062465,32.67,34.75,4.041333333333333,0.6483040145164112,2.78,5.48,50.89819583232304,1.2554110717428508,48.61366622716863,52.89633628728635,52.36586772752914,0.7075513019463919,50.858341048010054,53.10810340873442,-0.3333072667910983,2.3467721169521125,-3.462892255240625,5.024738496506245,50.25684836141202,0.0,50.25684836141202,50.25684836141202,2.548267996322079,1.167637274273889,0.5827135782017547,4.555481276603765,1.6945879903761505,0.723469628623671,0.4678086246477313,2.532564442142386,54.94855374797548,0.6698013993481609,54.247327651028826,56.18816743833206,540.0,0.0,540.0,540.0,0.375,0.0,0.375,0.375,0.2944444444444444,0.0,0.2944444444444444,0.2944444444444444,0.1944444444444444,0.0,0.1944444444444444,0.1944444444444444,70.4,0.0,70.4,70.4,94.9,0.0,94.9,94.9,0.0,0.0,0,0,0.0,0.0,0.0,0.0,1.225,0.0,1.225,1.225,27.04069566753847,3.830227390041284,20.518937351723388,32.662631442436044,70.21687103441784,1.044613873566725,69.17895829519945,72.75601751001062,0.0,0.0,0.0,0.0,0.0,0.0,0.0,0.0,0.0,0.0,0.0,0.0,0.0,0.0,0.0,0.0,0.0,0.0,0.0,0.0,61.53333333333333,1.2436505404118423,59.0,63.4,user_001,15
2024-01-05 22:30:00,0.0,0.0,0,0,2343.0,0.0,2343,2343,4.166266666666667,0.1654722534646417,3.714,4.336,51.16154831108064,1.6881290376897882,47.9260451759036,54.28431672326176,58.13163184662145,4.390414007636119,52.103955346426666,67.38389952946001,97.72933333333334,0.5616234969986192,96.86,98.64,33.672266666666665,0.1411298625211459,33.384,33.964,1.0,0.0,1,1,40.44849132039984,5.260747716598911,31.21249211500319,50.37407173777873,51.733333333333334,4.636295729916081,47,60,57.43333333333333,13.011954210684587,37.0,85.6,40.43333333333333,14.159634108805149,10.9,75.4,97.75333333333332,0.9226256528181384,95.7,98.9,33.682,0.5351261533507778,32.77,34.4,4.232,0.4523936339074634,3.54,4.98,50.74358367047516,1.5304116194386523,47.94244415144575,52.42217127004574,50.65256795009048,0.2445330807531488,50.28312909590321,50.97753720055279,0.2858925111263512,1.7907225543653116,-1.9520703829470565,2.905323294243644,50.25684836141202,0.0,50.25684836141202,50.25684836141202,4.578665767188535,1.4875991644944706,2.021632122071238,6.755508915807161,4.156043785547181,1.8238687699047689,1.5249669598276685,6.835846317535757,57.0831956450986,0.529005180756998,56.25544495888804,57.85253343342592,540.0,0.0,540.0,540.0,0.375,0.0,0.375,0.375,0.2944444444444444,0.0,0.2944444444444444,0.2944444444444444,0.1944444444444444,0.0,0.1944444444444444,0.1944444444444444,70.4,0.0,70.4,70.4,94.9,0.0,94.9,94.9,0.0,0.0,0,0,0.0,0.0,0.0,0.0,1.225,0.0,1.225,1.225,24.332287299398025,2.9005672545034433,18.827300093296376,29.547888642190195,73.83923399997505,0.5175009572440288,72.68681260831796,74.71763781466854,0.0,0.0,0.0,0.0,0.0,0.0,0.0,0.0,0.0,0.0,0.0,0.0,0.0,0.0,0.0,0.0,0.0,0.0,0.0,0.0,62.68666666666666,1.2517796854688032,60.8,65.2,user_001,15
2024-01-05 22:45:00,0.0,0.0,0,0,2343.0,0.0,2343,2343,3.9324,0.1935003875965111,3.712,4.272,51.63173599320544,1.3788519327043576,49.118303620500434,53.875220468246994,58.80273088621663,3.51527003932208,52.27895262220455,64.78056971229876,97.59866666666667,0.4631239677708359,97.1,98.52,33.64586666666666,0.1711014179897285,33.33,33.965999999999994,1.0,0.0,1,1,41.15893889225059,5.64908508379706,31.98621876793149,52.77976040342717,51.6,4.08481508586549,42,58,58.70666666666667,8.202130965849815,40.5,68.8,42.98,13.233032262378222,20.4,66.9,97.55333333333331,0.6906173911453334,96.1,98.4,33.66733333333333,0.4019144661432794,32.92,34.3,3.946,0.7896726265629682,2.81,5.51,51.63037034874601,0.8895517869624453,50.2245257990699,52.89795436740769,50.880103013802895,0.2875277067463718,50.460962396740165,51.39664215214304,-0.0158679966027217,1.5730524255811982,-3.559151810250228,2.780282259145075,50.25684836141202,0.0,50.25684836141202,50.25684836141202,2.796563020954463,0.6896379126600564,1.9266010113868424,3.9980226764200295,2.398433922356316,0.7689812553664307,1.0898459051924605,3.5855686587685907,58.79382472004536,0.4177375677526643,58.06613340006172,59.348831501866954,540.0,0.0,540.0,540.0,0.375,0.0,0.375,0.375,0.2944444444444444,0.0,0.2944444444444444,0.2944444444444444,0.1944444444444444,0.0,0.1944444444444444,0.1944444444444444,70.4,0.0,70.4,70.4,94.9,0.0,94.9,94.9,0.0,0.0,0,0,0.0,0.0,0.0,0.0,1.225,0.0,1.225,1.225,24.696541474707796,1.763374410326379,22.79404823157384,28.800321532521615,73.17809878342318,0.5203290115764156,72.3899292148758,73.92952575688408,0.0,0.0,0.0,0.0,0.0,0.0,0.0,0.0,0.0,0.0,0.0,0.0,0.0,0.0,0.0,0.0,0.0,0.0,0.0,0.0,62.913333333333334,1.170388620847591,60.8,64.7,user_001,15
2024-01-05 23:00:00,0.0,0.0,0,0,2343.0,0.0,2343,2343,3.8708,0.1453504140246695,3.668,4.132,49.54274589637329,1.2761995874899907,47.123839107498235,51.557339248821755,50.45968714683375,3.05084321885655,46.12339336954209,56.89409763463744,97.79333333333334,0.3458047894129719,97.16,98.4,33.70453333333333,0.1561253464672652,33.404,34.001999999999995,1.0,0.0,1,1,51.0294462644173,4.228536009445636,43.68837013044613,60.11984026895144,49.2,5.307676381565532,40,57,50.11333333333334,11.124096539023911,32.1,75.7,50.74666666666667,13.609338530512614,29.8,74.8,97.86,0.8475173828811502,96.6,99.5,33.668,0.4454083198915044,33.01,34.4,3.8366666666666664,0.6412784849331024,2.64,4.8,49.63399230168456,0.5598978657852774,48.67608376401773,50.454068820375525,50.91236460542493,0.3133069775727102,50.587240944789365,51.4170261416932,-0.1713729481866456,2.1472193776847712,-4.146478493903281,3.246990017613278,50.25684836141202,0.0,50.25684836141202,50.25684836141202,4.173661180886507,1.199882980399218,1.5620071917295353,5.903395191702395,3.1252421819665717,0.8687366415431585,1.8113027076258488,4.479604252052262,56.096796313319174,1.0799528001318486,54.6312090165252,58.03367646650158,540.0,0.0,540.0,540.0,0.375,0.0,0.375,0.375,0.2944444444444444,0.0,0.2944444444444444,0.2944444444444444,0.1944444444444444,0.0,0.1944444444444444,0.1944444444444444,70.4,0.0,70.4,70.4,94.9,0.0,94.9,94.9,0.0,0.0,0,0,0.0,0.0,0.0,0.0,1.225,0.0,1.225,1.225,32.47975656715842,1.5483073951612831,30.126008531835907,34.48749403060033,68.64416649910115,1.926265335701424,66.44915384367954,72.32586479804613,0.0,0.0,0.0,0.0,0.1333333333333333,0.3518657752744983,0.0,1.0,0.0,0.0,0.0,0.0,0.0,0.0,0.0,0.0,0.1333333333333333,0.3518657752744983,0.0,1.0,58.88,0.9374738091579604,57.1,60.5,user_001,15
2024-01-05 23:15:00,0.0,0.0,0,0,2343.0,0.0,2343,2343,3.8821333333333334,0.1950889418652303,3.5480000000000005,4.244,49.244799000894794,1.8140390334293768,46.5792275059401,52.29927312829875,54.13839737073777,3.576591639978977,47.85127328134539,61.700848854230266,97.54266666666668,0.2501275864909933,96.92,97.82,33.662,0.3141046231524046,33.032,33.972,1.0,0.0,1,1,41.37534379228507,5.294869240755217,33.631289576931984,49.43060232214543,49.46666666666667,5.139019732354001,40,60,54.77333333333333,12.595377080878675,39.5,89.4,39.35333333333333,14.17819586884164,19.6,63.7,97.48666666666666,0.9905746288079924,95.5,99.1,33.658,0.5177313147625048,32.53,34.4,3.876,0.7738659906137311,2.34,5.31,49.05815736486002,0.7358245153893157,48.040041984576206,50.91788858392531,49.7880180217096,0.4486218411805229,49.27263968787652,50.502605074304014,0.1109338328859342,1.9321907484288656,-3.289613752970048,4.038317730663891,50.25684836141202,0.0,50.25684836141202,50.25684836141202,4.178805818139552,2.2556322225802017,1.5909745568376152,7.591940369677251,3.173655537063581,1.5594215575120276,1.1367453770386131,5.654003904765025,52.978066678809704,0.7781441118539315,52.22689672151197,54.50191712212791,540.0,0.0,540.0,540.0,0.375,0.0,0.375,0.375,0.2944444444444444,0.0,0.2944444444444444,0.2944444444444444,0.1944444444444444,0.0,0.1944444444444444,0.1944444444444444,70.4,0.0,70.4,70.4,94.9,0.0,94.9,94.9,0.0,0.0,0,0,0.0,0.0,0.0,0.0,1.225,0.0,1.225,1.225,28.273238148749183,1.9708312587093713,24.443824848531232,31.20284505384628,68.7343922593525,1.0897744078737843,67.00155305844352,70.1630651928573,0.0,0.0,0.0,0.0,0.0,0.0,0.0,0.0,0.0,0.0,0.0,0.0,0.0,0.0,0.0,0.0,0.0,0.0,0.0,0.0,59.919999999999995,1.3055923669244658,57.5,61.7,user_001,15
2024-01-05 23:30:00,0.0,0.0,0,0,2343.0,0.0,2343,2343,4.166,0.1637367224715163,3.876,4.392,50.44060395496753,1.5137870250245158,48.57754808925218,53.6992248012261,57.86282309993212,3.200426424532435,51.473432256748424,62.839196495160174,97.93466666666669,0.2332952349849121,97.5,98.16,33.553866666666664,0.2669247798448858,33.17,33.902,1.0,0.0,1,1,38.30840907385621,4.098680740667156,29.75281554584863,46.47490830988107,50.13333333333333,3.7581657126595047,45,57,57.4,10.495168956647218,40.8,75.8,38.906666666666666,13.346934729242768,16.8,59.8,97.99333333333334,0.5861090423494664,96.5,98.8,33.537333333333336,0.5236747445650195,32.72,34.35,4.15,0.4308463431765104,3.2,4.81,50.743759597893536,0.9000386623196213,49.40953739958571,52.1211369421559,49.80014279609371,0.2044481337696499,49.46251496575602,50.03063644975618,-0.153635310817099,1.3989376542398315,-2.899741600408696,2.0883720986206313,50.25684836141202,0.0,50.25684836141202,50.25684836141202,3.521729901693396,0.8351901043300209,2.6911456155492073,4.934724462927027,2.8245306535081793,0.6195877269426141,1.5149390410781711,4.155174778579151,54.43223538090456,1.103770180954802,52.580472616968294,56.000610235334946,540.0,0.0,540.0,540.0,0.375,0.0,0.375,0.375,0.2944444444444444,0.0,0.2944444444444444,0.2944444444444444,0.1944444444444444,0.0,0.1944444444444444,0.1944444444444444,70.4,0.0,70.4,70.4,94.9,0.0,94.9,94.9,0.0,0.0,0,0,0.0,0.0,0.0,0.0,1.225,0.0,1.225,1.225,25.603588035784984,3.0814829459782573,20.804945886378377,30.46596297731285,71.40547917936233,0.8904743867909145,70.05569976286266,73.03291109570588,0.0,0.0,0.0,0.0,0.0,0.0,0.0,0.0,0.0,0.0,0.0,0.0,0.0,0.0,0.0,0.0,0.0,0.0,0.0,0.0,62.22,0.8019618801058183,61.0,63.8,user_001,15
2024-01-05 23:45:00,0.0,0.0,0,0,2343.0,0.0,2343,2343,3.719066666666667,0.1770679718827394,3.414,3.99,50.41318296766875,1.9154194142111336,46.99036403997453,53.69417024864047,55.254232023433694,3.658767071050254,48.30726952430518,59.64767534413563,97.75466666666668,0.3089583112577447,97.16,98.1,33.671866666666666,0.15475227515829,33.364,33.908,1.0,0.0,1,1,44.58230753012747,2.233683840999615,40.135707046763024,47.79001851942646,50.53333333333333,6.022181221672648,40,61,55.98,8.914610799933206,39.4,77.9,45.193333333333335,8.33644894138871,28.6,59.3,97.67333333333332,0.9011632693886484,96.1,99.1,33.712666666666664,0.523988367737118,32.68,34.4,3.676,0.6520276067775044,2.59,4.74,50.12477007722635,1.131991677627057,48.93878388195843,52.20587403078921,50.17988551332618,0.2046544989024179,49.88194139759903,50.47367352531055,0.0600751828322861,2.337347431948496,-3.59116504295919,4.669878653341826,50.25684836141202,0.0,50.25684836141202,50.25684836141202,3.3648298737259177,1.513706233418587,1.1724562169577029,5.11495333204555,2.662713088453585,1.5052978759495383,0.7831667731453433,4.716885244587269,56.03183324537583,0.2416265570589253,55.77862238920179,56.55852756168291,540.0,0.0,540.0,540.0,0.375,0.0,0.375,0.375,0.2944444444444444,0.0,0.2944444444444444,0.2944444444444444,0.1944444444444444,0.0,0.1944444444444444,0.1944444444444444,70.4,0.0,70.4,70.4,94.9,0.0,94.9,94.9,0.0,0.0,0,0,0.0,0.0,0.0,0.0,1.225,0.0,1.225,1.225,28.063630024791113,2.14386142519547,24.65708924003045,32.41152239172383,71.27865723357857,0.7610648011422013,70.13625425759236,72.5753452197665,0.0,0.0,0.0,0.0,0.0,0.0,0.0,0.0,0.0,0.0,0.0,0.0,0.0,0.0,0.0,0.0,0.0,0.0,0.0,0.0,61.086666666666666,1.775172694483014,57.0,63.4,user_001,15
2024-01-06 00:00:00,0.0,0.0,0,0,2343.0,0.0,2343,2343,3.856666666666667,0.3168845365804545,3.4519999999999995,4.433999999999999,49.827055978048904,1.9374115737269693,46.49852797793276,54.190542922616864,54.649988776260834,2.925219555903158,51.162004962365074,59.931886893087665,97.432,0.3940123275808912,97.02,98.18,33.2864,0.2549343893184,32.976,33.751999999999995,1.0,0.0,1,1,46.60640833106525,2.501481443403716,40.61539796529236,49.61377363391864,49.666666666666664,5.524835701069265,41,61,54.6,6.920156893349414,48.8,74.1,46.080000000000005,8.58347249078134,28.3,55.6,97.44,0.962734201561961,95.7,99.2,33.24733333333334,0.3831722228723657,32.38,33.93,3.884,0.8152808455635745,2.06,4.99,50.154693475437334,1.048013882023214,48.62762815640447,51.46003797226799,50.15868097623901,0.2045531818070595,49.87917337053268,50.48204250705723,-0.0801946556911237,2.107671596503827,-3.0423428716926324,3.4047285386915647,50.25684836141202,0.0,50.25684836141202,50.25684836141202,2.031633058806509,0.7843088260182459,1.1140397597821483,3.5390806721475068,2.1741184634498456,0.8325284497604936,1.0822680353622962,3.5798776061869773,55.67352228824475,0.7171154287544849,54.69795593281786,56.65901837445527,540.0,0.0,540.0,540.0,0.375,0.0,0.375,0.375,0.2925925925925925,0.0,0.2925925925925925,0.2925925925925925,0.2388888888888889,0.0,0.2388888888888889,0.2388888888888889,74.7,0.0,74.7,74.7,94.9,0.0,94.9,94.9,0.0,0.0,0,0,0.0,0.0,0.0,0.0,1.225,0.0,1.225,1.225,28.37926604522793,1.83914572367715,25.255650961760026,31.237209682809077,71.43760559880155,0.3375499924755116,70.89489122567852,72.15824695571011,0.0,0.0,0.0,0.0,0.0,0.0,0.0,0.0,0.0,0.0,0.0,0.0,0.0,0.0,0.0,0.0,0.0,0.0,0.0,0.0,61.093333333333334,1.23257376868003,59.1,63.0,user_001,15
2024-01-06 00:15:00,0.0,0.0,0,0,2343.0,0.0,2343,2343,3.9601333333333337,0.3802273505354898,3.368,4.418000000000001,49.31488473444623,1.8935645499665277,46.17676975565784,52.85634211362569,53.983568428746565,3.78608996538452,47.81839095330444,59.04563173047631,97.18266666666666,0.2530800739084884,96.68,97.5,33.248,0.2768516879898978,32.866,33.624,1.0,0.0,1,1,42.22185625717176,4.223528722656772,35.41026531019491,48.45978172830511,49.53333333333333,6.4239136565388755,40,65,52.96,8.490229678872065,38.4,69.2,42.973333333333336,12.194756874907153,19.8,61.1,97.24,0.7423899629863369,96.0,98.6,33.27133333333333,0.401957116878808,32.56,33.99,4.025333333333333,0.6972688215629675,2.81,5.06,49.2321751537686,0.6857532186789115,47.5441534870317,50.305402928333386,49.94210877110372,0.2061721918071668,49.55645553437135,50.168201247196514,0.1092242994435499,2.498461028051531,-3.088384877828922,6.071828943187143,50.25684836141202,0.0,50.25684836141202,50.25684836141202,3.1309920597429217,0.4486819741023726,2.3335149985098456,3.844648104849396,2.894740589745017,1.003568000547714,1.005422140537385,4.302445352447383,54.99004423964581,0.4364807832083997,54.3167786025037,55.66864553962323,540.0,0.0,540.0,540.0,0.375,0.0,0.375,0.375,0.2925925925925925,0.0,0.2925925925925925,0.2925925925925925,0.2388888888888889,0.0,0.2388888888888889,0.2388888888888889,74.7,0.0,74.7,74.7,94.9,0.0,94.9,94.9,0.0,0.0,0,0,0.0,0.0,0.0,0.0,1.225,0.0,1.225,1.225,27.58504030634703,2.7972200949963963,22.87039471405291,32.17924729731509,71.55465216762784,0.3616472256870856,70.86777638826912,72.26396175296512,0.0,0.0,0.0,0.0,0.0666666666666666,0.2581988897471611,0.0,1.0,0.0,0.0,0.0,0.0,0.0,0.0,0.0,0.0,0.0666666666666666,0.2581988897471611,0.0,1.0,60.526666666666664,1.8265762925158504,56.7,62.6,user_001,15
2024-01-06 00:30:00,0.0,0.0,0,0,2343.0,0.0,2343,2343,3.9770666666666665,0.1715207054001132,3.729999999999999,4.186,49.61525517887727,1.7007886071834355,46.92571647070074,51.96728814167032,51.939416754898,5.841401483267513,43.74995943861521,61.53767461272383,97.32666666666664,0.4655360453539673,96.48,98.06,33.5948,0.1602851031309966,33.321999999999996,33.844,1.0,0.0,1,1,45.07012670622473,6.773530486258784,34.58243291459198,56.80065601622406,49.4,4.468940430507948,44,58,53.16,12.058239625133629,29.2,71.6,43.973333333333336,14.399675922279178,25.2,66.2,97.27333333333333,0.995322393331262,95.6,99.3,33.58,0.4230670328514304,32.72,34.65,3.9026666666666663,0.4949670503704068,2.78,4.72,49.847735534288795,1.1036047760186485,47.96657719147321,51.36372247365544,49.694120053278105,0.1911703865717807,49.4642716016593,49.975484318975624,-0.107627589438636,1.689162593881301,-2.188297162904462,3.2078018913970254,50.25684836141202,0.0,50.25684836141202,50.25684836141202,3.9681722090964704,0.786831835834297,2.646980398008981,5.482362029443051,4.0247463811319815,0.844456603555685,3.042906804851642,5.638159388041041,53.04692702364641,0.3812109940172679,52.53445936915043,53.88785240166913,540.0,0.0,540.0,540.0,0.375,0.0,0.375,0.375,0.2925925925925925,0.0,0.2925925925925925,0.2925925925925925,0.2388888888888889,0.0,0.2388888888888889,0.2388888888888889,74.7,0.0,74.7,74.7,94.9,0.0,94.9,94.9,0.0,0.0,0,0,0.0,0.0,0.0,0.0,1.225,0.0,1.225,1.225,32.40489880449358,4.800864031292863,21.59876151185991,36.76668081624079,68.66182992075261,0.8155740479323814,67.49731072396382,70.53164849735637,0.0,0.0,0.0,0.0,0.1333333333333333,0.3518657752744983,0.0,1.0,0.0,0.0,0.0,0.0,0.0,0.0,0.0,0.0,0.1333333333333333,0.3518657752744983,0.0,1.0,59.666666666666664,1.1962242185110548,58.0,62.1,user_001,15
2024-01-06 00:45:00,0.0,0.0,0,0,2343.0,0.0,2343,2343,4.256666666666667,0.2346994024785952,3.814,4.6259999999999994,49.662586064223206,3.027751984453183,44.610762488511455,54.4810821654598,58.01576720198209,5.114206933087174,48.29273630152843,67.06257443459738,97.44933333333331,0.3227441858869146,96.92,98.06,33.462133333333334,0.0769692579324155,33.282,33.55800000000001,1.0,0.0,1,1,42.54813603655732,5.898948251881222,29.140844590581462,50.94510510431238,50.4,5.913664563654974,40,62,57.440000000000005,15.452175066498382,29.4,80.5,43.54,17.26378538195739,7.0,74.0,97.49333333333334,0.8867812314099519,96.0,98.8,33.49066666666667,0.3340758396931252,32.93,34.02,4.26,0.5896124635240142,3.23,5.14,49.02673741105537,2.252298724183874,46.52706047264398,52.84385421140023,49.259042133570425,0.1896675957094143,49.03497642052083,49.63892062155024,0.3687069678883986,1.9265009407756293,-2.958071866383591,3.759458917270102,50.25684836141202,0.0,50.25684836141202,50.25684836141202,5.59068668232879,1.148327941065579,3.689338576062708,7.034380203784478,4.060897042242587,0.7937265247643428,1.9087112230707328,5.5995220302209585,54.46452008178429,0.6697546081086319,53.184737448217305,55.19590446275193,540.0,0.0,540.0,540.0,0.375,0.0,0.375,0.375,0.2925925925925925,0.0,0.2925925925925925,0.2925925925925925,0.2388888888888889,0.0,0.2388888888888889,0.2388888888888889,74.7,0.0,74.7,74.7,94.9,0.0,94.9,94.9,0.0,0.0,0,0,0.0,0.0,0.0,0.0,1.225,0.0,1.225,1.225,22.47791924438631,6.170323967795259,14.899033851285248,30.667699385000425,74.84806115195354,2.0434080021605645,70.46135083456805,77.00020101519377,0.0,0.0,0.0,0.0,0.0,0.0,0.0,0.0,0.0,0.0,0.0,0.0,0.0,0.0,0.0,0.0,0.0,0.0,0.0,0.0,62.65333333333333,1.225833050079281,60.6,64.4,user_001,15
2024-01-06 01:00:00,0.0,0.0,0,0,2343.0,0.0,2343,2343,4.1944,0.3113181193386786,3.822,4.758,51.55938391359606,2.5433130465545286,46.63387049329009,56.32072144363987,52.0503294445824,5.136637627003556,43.55363100831001,58.39214070403123,97.452,0.4449590671382876,96.58,98.16,33.611599999999996,0.2042997797355656,33.352,33.948,1.0,0.0,1,1,49.69700491437984,6.729863365022513,39.35089131806168,59.53317936752749,51.266666666666666,4.847188679558295,41,60,50.9,13.049411590456591,27.9,69.8,50.94666666666667,16.11356423579068,32.3,81.9,97.4,0.871779788708135,95.8,98.7,33.61866666666666,0.4045609024726997,33.02,34.66,4.209333333333333,0.6739167675045707,2.93,5.67,51.82370840544293,2.032959241895357,48.89906175586744,54.62841564669634,50.26372475101875,0.1865191350763465,49.90372485881127,50.61098498890963,-0.1463586234646934,1.738054787946174,-2.816935246645052,2.357148593255296,50.25684836141202,0.0,50.25684836141202,50.25684836141202,4.34706979810531,1.7671992188594088,1.9197328334852195,7.173342678929397,3.720290934725597,1.5134726851437827,1.360695452428833,6.222469067998805,56.08905026513215,0.5859089863667294,55.03304832328224,56.957098803283024,540.0,0.0,540.0,540.0,0.375,0.0,0.375,0.375,0.2925925925925925,0.0,0.2925925925925925,0.2925925925925925,0.2388888888888889,0.0,0.2388888888888889,0.2388888888888889,74.7,0.0,74.7,74.7,94.9,0.0,94.9,94.9,0.0,0.0,0,0,0.0,0.0,0.0,0.0,1.225,0.0,1.225,1.225,31.770386172610287,2.202004130173965,27.60533262992119,36.09591546152143,70.41251415084851,1.7796654306043016,67.9010564692838,73.79478294267497,0.0,0.0,0.0,0.0,0.1333333333333333,0.3518657752744984,0.0,1.0,0.0,0.0,0.0,0.0,0.0,0.0,0.0,0.0,0.1333333333333333,0.3518657752744984,0.0,1.0,61.02,2.008979840615632,58.3,65.2,user_001,15
2024-01-06 01:15:00,0.0,0.0,0,0,2343.0,0.0,2343,2343,4.1652,0.2801007981831845,3.612,4.516,51.52819022559795,1.969331864668339,48.46031236155085,54.55618654477263,56.26456871699288,4.882109597010277,46.6307054839437,62.07532629537432,97.48933333333332,0.5322655978613194,96.78,98.4,33.71933333333333,0.1422486086633738,33.556,34.007999999999996,1.0,0.0,1,1,44.94792131719169,6.768917000796304,37.467641064814835,58.54976382568445,51.53333333333333,4.733869855575225,45,60,58.026666666666664,10.015663922552704,39.8,74.6,43.059999999999995,12.659993229517486,18.3,63.8,97.53333333333332,0.9860937847796004,96.0,99.8,33.748666666666665,0.3687017119311342,33.2,34.37,4.196,0.5345866226748076,3.22,5.07,51.25143505334793,1.4039589228127916,49.375619526635134,52.99593916283216,51.23562638924168,0.3662021772908976,50.68510110371753,51.61568060439551,0.0025715538676905,1.7570183353251814,-3.008323932558902,2.7219067276136784,50.25684836141202,0.0,50.25684836141202,50.25684836141202,3.753816117668623,0.9218239566100788,2.0821732399529713,4.82648024497042,3.135040659231243,1.296778057044221,1.23915424444657,5.843433501262144,53.636968787888165,0.4249467412224287,53.0962895647326,54.362032215521495,540.0,0.0,540.0,540.0,0.375,0.0,0.375,0.375,0.2925925925925925,0.0,0.2925925925925925,0.2925925925925925,0.2388888888888889,0.0,0.2388888888888889,0.2388888888888889,74.7,0.0,74.7,74.7,94.9,0.0,94.9,94.9,0.0,0.0,0,0,0.0,0.0,0.0,0.0,1.225,0.0,1.225,1.225,29.966503585326492,4.987995845288109,24.45649156774928,39.36867053272933,68.8560625255973,1.3749123341788505,67.19781791920722,71.94689712100333,0.0,0.0,0.0,0.0,0.0,0.0,0.0,0.0,0.0,0.0,0.0,0.0,0.0,0.0,0.0,0.0,0.0,0.0,0.0,0.0,62.25333333333333,2.1639470110579606,57.9,64.5,user_001,15
2024-01-06 01:30:00,0.0,0.0,0,0,2343.0,0.0,2343,2343,3.8626666666666662,0.2448260801544834,3.404,4.15,48.07417672096179,1.1049615750801332,46.39587610497435,50.267950714291295,57.0335659151171,2.9607858984891093,51.54007272763618,62.54119523231267,97.68,0.3757658845611149,97.0,98.36,33.546533333333336,0.317096169879706,33.076,34.013999999999996,1.0,0.0,1,1,44.0324967947539,3.830960165134758,35.38503915256821,50.150749152297145,47.8,3.76449579245728,40,56,56.18,9.39651911234003,38.3,70.8,44.586666666666666,11.27372841525608,19.4,58.4,97.59333333333332,0.9786774360377996,96.1,99.6,33.536,0.675582288527036,32.68,35.4,3.865333333333333,0.6867300017023394,2.98,5.26,48.5398077682034,1.386021265324295,47.31912322686989,51.92018551364587,50.27234714617562,0.4775470697269023,49.80118347327987,51.27363582417578,-0.1370883604808976,1.5707309621196195,-4.108092040501582,3.2013746316752076,50.25684836141202,0.0,50.25684836141202,50.25684836141202,3.2828825961342014,0.9927382850516252,1.8682163673513448,4.858188207747508,2.509631610935646,0.6567779710116727,1.449169213554819,3.292055664106751,55.23333979085324,0.7145698843655809,54.38607716496953,56.64906731605499,540.0,0.0,540.0,540.0,0.375,0.0,0.375,0.375,0.2925925925925925,0.0,0.2925925925925925,0.2925925925925925,0.2388888888888889,0.0,0.2388888888888889,0.2388888888888889,74.7,0.0,74.7,74.7,94.9,0.0,94.9,94.9,0.0,0.0,0,0,0.0,0.0,0.0,0.0,1.225,0.0,1.225,1.225,23.054481850624295,1.213840175791739,21.30705541964737,25.625848842235335,74.75839886163381,0.7732154748939449,73.04851064690175,75.6564328084184,0.0,0.0,0.0,0.0,0.0,0.0,0.0,0.0,0.0,0.0,0.0,0.0,0.0,0.0,0.0,0.0,0.0,0.0,0.0,0.0,61.666666666666664,0.627542447814905,60.2,62.8,user_001,15
2024-01-06 01:45:00,0.0,0.0,0,0,2343.0,0.0,2343,2343,4.040266666666667,0.3316683943482159,3.5780000000000003,4.58,48.538666005905014,1.9142898669721768,45.15291336909066,52.04235576719742,61.15941108461478,3.0996100783594844,55.216685324216314,66.17169802571995,97.29466666666669,0.4789552121421088,96.7,97.98,33.4628,0.240206815652085,33.053999999999995,33.762,1.0,0.0,1,1,40.71960889297262,3.9158689109051568,33.279878233948466,47.42026326285394,48.2,6.224376044460773,40,58,62.46,8.12824001332919,45.9,76.9,39.81333333333334,12.19794283983203,19.3,64.0,97.29333333333334,1.2062140692896863,95.7,99.5,33.446666666666665,0.6955949834151921,32.01,34.27,3.99,0.7822495034925145,2.79,5.24,48.541564923907806,0.9251980742810924,46.99080901097662,49.682808890655465,49.208190503535086,0.5661563395139436,48.3064213634334,49.84138603587421,-0.1693330029525062,2.427283066183657,-3.4226502380971056,4.28236221030312,50.25684836141202,0.0,50.25684836141202,50.25684836141202,3.309016951971529,0.6717808131170184,1.978614730268099,4.250338638901056,2.8946555170962665,1.146877851157823,1.3659395039147846,5.087991445540391,58.25278828660298,0.5128942228413649,57.0671559884811,59.09648849986594,540.0,0.0,540.0,540.0,0.375,0.0,0.375,0.375,0.2925925925925925,0.0,0.2925925925925925,0.2925925925925925,0.2388888888888889,0.0,0.2388888888888889,0.2388888888888889,74.7,0.0,74.7,74.7,94.9,0.0,94.9,94.9,0.0,0.0,0,0,0.0,0.0,0.0,0.0,1.225,0.0,1.225,1.225,20.497790624378677,2.731783738608703,15.829949469686236,24.662340316510168,76.05597935810907,1.094492296507778,74.85306119322149,78.63379376816107,0.0,0.0,0.0,0.0,0.0,0.0,0.0,0.0,0.0,0.0,0.0,0.0,0.0,0.0,0.0,0.0,0.0,0.0,0.0,0.0,62.85333333333333,1.647017506484575,60.3,65.5,user_001,15
2024-01-06 02:00:00,0.0,0.0,0,0,2343.0,0.0,2343,2343,4.2165333333333335,0.1800848477272655,3.9,4.617999999999999,53.32271476898425,2.847318372852157,49.95643130963074,57.96139235393273,53.61600387744428,4.912033119849551,46.81238104585833,64.30964356698665,97.548,0.3654977037254469,97.0,98.06,33.46546666666667,0.1756123436381824,33.198,33.803999999999995,1.0,0.0,1,1,47.82071711368248,5.444820452128361,37.024510713935605,57.551375896485354,54.46666666666667,5.289702485107493,45,66,51.620000000000005,9.91457801133549,33.5,70.9,49.67333333333333,12.516872422378333,28.2,72.8,97.64,0.7414271951542445,96.6,99.0,33.434666666666665,0.4503152335018339,32.66,34.24,4.255333333333334,0.5786173997021652,3.25,5.18,52.29616020319596,2.131030297582793,49.51332205308985,56.648781555665074,49.45676413013184,0.8354414747844925,48.37094757562227,50.930690387444635,0.5719759488412076,1.93095452539883,-3.0721615938383806,5.190150402738496,50.25684836141202,0.0,50.25684836141202,50.25684836141202,3.62333658844848,0.9670206675137852,2.0961244226496913,4.984074252620023,3.5536525377765495,0.9933481191315828,1.3955398654916649,4.574784799018066,58.46783746917819,0.5969016786566022,57.38770748102953,59.1554367776884,540.0,0.0,540.0,540.0,0.375,0.0,0.375,0.375,0.2925925925925925,0.0,0.2925925925925925,0.2925925925925925,0.2388888888888889,0.0,0.2388888888888889,0.2388888888888889,74.7,0.0,74.7,74.7,94.9,0.0,94.9,94.9,0.0,0.0,0,0,0.0,0.0,0.0,0.0,1.225,0.0,1.225,1.225,29.50962057470309,7.586048800779674,16.189467529822856,41.921074257157386,74.8345739594516,3.306801426825882,68.20959618930327,78.81245811997813,0.0666666666666666,0.2581988897471611,0.0,1.0,0.1333333333333333,0.3518657752744983,0.0,1.0,0.0,0.0,0.0,0.0,0.0,0.0,0.0,0.0,0.2,0.560611910581388,0.0,2.0,62.806666666666665,1.1151339872516717,60.5,64.8,user_001,15
2024-01-06 02:15:00,0.0,0.0,0,0,2343.0,0.0,2343,2343,3.9073333333333338,0.2016966132822357,3.606,4.146,51.09205879241417,2.3982213066821956,47.175730939273194,55.20506326841454,51.07649248557557,3.210609868144243,46.55611394174662,56.68938455339486,97.74,0.1754992877478394,97.48,98.12,33.42026666666666,0.2173330119775602,33.065999999999995,33.744,1.0,0.0,1,1,50.824142267076354,5.1188636170148625,41.58912362076155,59.654258478856555,50.4,4.8373546489791295,43,59,50.986666666666665,8.317440082369668,39.3,64.5,50.79333333333333,14.88692939012833,22.6,75.1,97.78666666666666,0.6801960501698501,96.6,99.3,33.43666666666667,0.58794638563474,32.21,34.07,3.8986666666666663,0.5087220215776935,2.56,4.79,52.17863839832573,2.4030214959630927,48.51349035233304,56.56585437044337,51.8475515920105,0.4274247584457332,51.209349147185314,52.33743038485985,-0.3460293962070901,1.883164029177548,-3.6011251707587917,3.9414230202422686,50.25684836141202,0.0,50.25684836141202,50.25684836141202,2.84363700995039,0.6639484534180313,1.3900010167319783,3.6901832759700066,2.590465057568061,1.0845444040818897,0.644394679537058,4.245509103707858,54.90419457326928,1.318393794469375,52.34624818150992,56.987360542908576,540.0,0.0,540.0,540.0,0.375,0.0,0.375,0.375,0.2925925925925925,0.0,0.2925925925925925,0.2925925925925925,0.2388888888888889,0.0,0.2388888888888889,0.2388888888888889,74.7,0.0,74.7,74.7,94.9,0.0,94.9,94.9,0.0,0.0,0,0,0.0,0.0,0.0,0.0,1.225,0.0,1.225,1.225,35.00911364331214,4.592402396715735,29.382996823989323,43.649922578354946,66.03086717406525,0.6553413336458702,65.1692544128863,67.28550789038012,0.0,0.0,0.0,0.0,0.0,0.0,0.0,0.0,0.0,0.0,0.0,0.0,0.0,0.0,0.0,0.0,0.0,0.0,0.0,0.0,60.35333333333333,1.039138837600406,58.3,62.0,user_001,15
2024-01-06 02:30:00,0.0,0.0,0,0,2343.0,0.0,2343,2343,3.974933333333333,0.1823150595874651,3.682,4.33,52.61024307861985,1.7213558307417938,49.74476930634364,54.81412599918929,50.68133367596808,4.8363438012850155,40.23947929713514,56.310740058070536,97.432,0.2026679197956204,97.08,97.7,33.34493333333333,0.134527462234436,33.184,33.592,1.0,0.0,1,1,48.933647145421894,6.563717925976556,39.19938904534936,63.0741691008036,53.0,4.64450520200253,46,61,51.806666666666665,10.16713660116095,34.7,72.7,48.03333333333333,15.08360825847841,17.5,74.2,97.40666666666668,0.7506822293912506,96.2,98.7,33.367333333333335,0.4159578733248736,32.77,34.3,3.9586666666666663,0.5739445800357217,3.0,4.76,51.9886827865265,1.6417675839115138,48.73932904548135,53.676558810160785,52.22527589046874,0.1613829404833625,51.85115093551701,52.426969083248984,0.1948784606900782,1.758469562798311,-2.2687594072873054,3.487493728475137,50.25684836141202,0.0,50.25684836141202,50.25684836141202,3.2019267201420374,1.730502619936208,0.925947121440484,5.548000258830466,2.623773900923909,1.2792550207831177,0.6160482867749724,4.277527175374499,50.50920023565397,0.4741511983273642,50.009289138074024,51.73972100989551,540.0,0.0,540.0,540.0,0.375,0.0,0.375,0.375,0.2925925925925925,0.0,0.2925925925925925,0.2925925925925925,0.2388888888888889,0.0,0.2388888888888889,0.2388888888888889,74.7,0.0,74.7,74.7,94.9,0.0,94.9,94.9,0.0,0.0,0,0,0.0,0.0,0.0,0.0,1.225,0.0,1.225,1.225,36.37444925445448,3.561219131443996,31.90991533609796,41.44524414711219,65.93117943858746,0.7009962191936644,65.19579397836608,67.4637046937773,0.0,0.0,0.0,0.0,0.1333333333333333,0.3518657752744983,0.0,1.0,0.0,0.0,0.0,0.0,0.0,0.0,0.0,0.0,0.1333333333333333,0.3518657752744983,0.0,1.0,60.6,2.091820806310681,56.2,63.6,user_001,15
2024-01-06 02:45:00,0.0,0.0,0,0,2343.0,0.0,2343,2343,4.083600000000001,0.3356905037169125,3.554,4.562,52.43912232329149,2.216425838552227,47.976560961508504,56.240147053274065,51.55772642161716,2.098728884076188,48.78836742461349,55.54168784391273,97.44533333333334,0.250994213554998,97.14,97.9,33.42426666666667,0.1892826558602818,33.036,33.70399999999999,1.0,0.0,1,1,48.649979521761566,3.066196130442242,41.02713540170937,52.53428240075973,52.4,4.9684720272649505,42,61,51.013333333333335,7.811243422754395,38.9,64.7,49.24,10.607665691780234,27.8,74.4,97.38,0.9944129639426172,95.6,98.8,33.36466666666667,0.4610371330980166,32.74,34.2,4.0793333333333335,0.6520677732815668,3.08,5.05,52.38651846101465,1.449853551854811,50.308786357319114,54.30838785301033,51.967973542385955,0.2526242851981481,51.6436842603821,52.52468270095567,-0.0195611616457464,1.8209103369628712,-2.9882804807542485,3.671875341886995,50.25684836141202,0.0,50.25684836141202,50.25684836141202,2.8036102623639527,0.6635817250996916,1.584120969784738,3.586068020117226,2.1570928777410407,0.4746825376565775,1.1366786764870993,2.8597504965009706,50.958584404263895,0.1870043190804066,50.62049724800841,51.24285025812081,540.0,0.0,540.0,540.0,0.375,0.0,0.375,0.375,0.2925925925925925,0.0,0.2925925925925925,0.2925925925925925,0.2388888888888889,0.0,0.2388888888888889,0.2388888888888889,74.7,0.0,74.7,74.7,94.9,0.0,94.9,94.9,0.0,0.0,0,0,0.0,0.0,0.0,0.0,1.225,0.0,1.225,1.225,34.304044373161446,1.224083528208349,31.935871875610495,36.19057749406163,67.23558730321116,0.5499978282920771,66.13511977799573,67.93926834738241,0.0,0.0,0.0,0.0,0.0,0.0,0.0,0.0,0.0,0.0,0.0,0.0,0.0,0.0,0.0,0.0,0.0,0.0,0.0,0.0,61.03333333333333,1.410504806629106,58.2,63.5,user_001,15
2024-01-06 03:00:00,0.0,0.0,0,0,2343.0,0.0,2343,2343,4.387333333333333,0.1652593920679446,4.0920000000000005,4.698,54.28197754901863,1.3999199039392938,52.69812274131107,57.10616425192484,50.322432199148246,2.38289172543423,47.67119759879758,55.45955040233003,97.708,0.3104650889046502,97.16,98.3,33.449866666666665,0.1912163571405314,33.056,33.826,1.0,0.0,1,1,51.31394046312859,3.198426305965341,46.66856723787178,55.54874714089081,54.2,3.4267852490135913,47,60,50.75333333333333,7.816271185040553,39.0,62.7,50.95333333333333,9.403408703129694,35.9,67.9,97.75333333333332,0.7954034615631688,96.1,98.7,33.492,0.6463988154161711,32.38,34.84,4.386666666666667,0.4959790702189339,3.69,5.41,54.371215785536634,0.628563970082312,53.284090223774704,55.41167214296784,53.11743992419564,0.2162493172313458,52.71645513397045,53.42935603452334,-0.0409887745093153,1.2669836890396735,-3.0235920559832934,1.7510288516065202,50.25684836141202,0.0,50.25684836141202,50.25684836141202,2.862281158267218,0.3873833254503478,2.3847538830390635,3.687028075854612,2.1529327779538354,0.5569941454756995,0.9495776106089274,3.2767533772217874,51.405260098454654,0.3131870042554682,50.9400793103827,51.857521613794326,540.0,0.0,540.0,540.0,0.375,0.0,0.375,0.375,0.2925925925925925,0.0,0.2925925925925925,0.2925925925925925,0.2388888888888889,0.0,0.2388888888888889,0.2388888888888889,74.7,0.0,74.7,74.7,94.9,0.0,94.9,94.9,0.0,0.0,0,0,0.0,0.0,0.0,0.0,1.225,0.0,1.225,1.225,38.451970761450525,1.262405184960122,36.130906195862096,40.57121057334883,65.23713588850369,0.8759029944564752,64.18507597088887,66.44435750633164,0.0,0.0,0.0,0.0,0.0,0.0,0.0,0.0,0.0,0.0,0.0,0.0,0.0,0.0,0.0,0.0,0.0,0.0,0.0,0.0,61.440000000000005,0.8870496845482432,60.1,62.9,user_001,15
2024-01-06 03:15:00,0.0,0.0,0,0,2343.0,0.0,2343,2343,4.341066666666666,0.1139746003450308,4.2059999999999995,4.544,54.33590645663763,1.6124702690887605,50.42138788502714,56.910397606918934,54.15194610978395,2.2792937947648744,51.04015810416396,58.415355734368895,97.52,0.4474690731531829,96.76,98.2,33.44853333333334,0.1191360966450126,33.224000000000004,33.692,1.0,0.0,1,1,47.391000764106685,3.8601470262170823,39.25269655016523,52.41640448397237,54.53333333333333,5.409867527644893,45,62,54.03333333333333,7.888569186457313,37.1,66.7,47.50666666666667,11.560243859678655,30.8,69.1,97.50666666666667,0.8004165582162028,96.1,98.9,33.44133333333333,0.3685079310382548,32.71,34.24,4.389333333333334,0.5966629422602568,3.58,5.5,54.24595327938175,0.8925883681839404,52.649273697839384,55.41886627799962,53.84021439111026,0.4668376941444965,53.15283700866151,54.35345283969663,0.0987134383478509,2.115096597121292,-3.4595875520688537,3.5262040383242947,50.25684836141202,0.0,50.25684836141202,50.25684836141202,2.95803445262212,0.7439933973976389,1.7969796948567696,3.877610076002982,2.164884325046421,0.6736720266424936,1.1444556883452377,3.099814841175462,51.650163131899994,0.4179313760523317,51.00005287358847,52.27034226421539,540.0,0.0,540.0,540.0,0.375,0.0,0.375,0.375,0.2925925925925925,0.0,0.2925925925925925,0.2925925925925925,0.2388888888888889,0.0,0.2388888888888889,0.2388888888888889,74.7,0.0,74.7,74.7,94.9,0.0,94.9,94.9,0.0,0.0,0,0,0.0,0.0,0.0,0.0,1.225,0.0,1.225,1.225,33.74925398244486,1.8518012115719824,31.291594094458254,37.60015561798495,66.73048565145328,1.0529991781579704,65.1038621125273,68.16262394918498,0.0,0.0,0.0,0.0,0.0,0.0,0.0,0.0,0.0,0.0,0.0,0.0,0.0,0.0,0.0,0.0,0.0,0.0,0.0,0.0,62.85333333333333,1.0507593626017524,61.3,64.5,user_001,15
2024-01-06 03:30:00,0.0,0.0,0,0,2343.0,0.0,2343,2343,4.2932,0.2018992676700789,3.947999999999999,4.584,54.081849359636784,1.8304530426031176,50.99891320548259,58.37287682670071,53.53190116827658,3.008527181094162,49.29715885940228,58.565411150482696,97.40933333333334,0.1802960528316302,97.12,97.7,33.34226666666667,0.1398629260927931,33.034000000000006,33.6,1.0,0.0,1,1,46.696175170209,3.4488006188244333,40.50746038998864,50.794803078515145,53.6,5.461553938996794,45,65,53.906666666666666,8.737232862596608,39.7,68.2,45.82,10.179194467147193,24.6,59.4,97.4,0.8044518985886333,95.8,98.5,33.34,0.4484258180409718,32.51,33.9,4.255999999999999,0.5044770984466419,3.39,5.28,54.31254435270869,1.0684136563772273,52.52213357946033,55.89596263042311,54.42223076818102,0.1560775322875259,54.20887790813721,54.654874825344606,-0.2409246798183924,2.0427153772272364,-4.45762560890023,3.313561586649655,50.25684836141202,0.0,50.25684836141202,50.25684836141202,3.1521154245544833,0.5476793379665895,2.209243528574962,4.284822897422639,2.588757347453325,0.9587286658472032,1.0852583366343294,4.015444821280073,53.06714651316922,0.5752639605606472,52.295903880755176,53.84192363903027,540.0,0.0,540.0,540.0,0.375,0.0,0.375,0.375,0.2925925925925925,0.0,0.2925925925925925,0.2925925925925925,0.2388888888888889,0.0,0.2388888888888889,0.2388888888888889,74.7,0.0,74.7,74.7,94.9,0.0,94.9,94.9,0.0,0.0,0,0,0.0,0.0,0.0,0.0,1.225,0.0,1.225,1.225,34.69438896868846,2.6137372868331266,30.507496743559877,39.6014655821294,67.16031394232313,0.2777670919135471,66.60878519733606,67.61835413440419,0.0,0.0,0.0,0.0,0.0,0.0,0.0,0.0,0.0,0.0,0.0,0.0,0.0,0.0,0.0,0.0,0.0,0.0,0.0,0.0,62.29333333333333,0.6818741679755725,61.1,63.9,user_001,15
2024-01-06 03:45:00,0.0,0.0,0,0,2343.0,0.0,2343,2343,4.168666666666667,0.2520472366914772,3.858,4.848000000000001,51.66089371869811,0.965455435824495,50.0095385872436,52.99927547032172,55.20779840054359,4.810560389702237,46.89865596382736,63.162427052295335,97.62533333333334,0.3228857972956374,97.0,98.24,33.53653333333333,0.0970109468540762,33.4,33.784000000000006,1.0,0.0,1,1,43.7923295752058,5.246092950360639,32.32227591646062,50.88316004553167,51.86666666666667,3.9436507137905807,46,57,55.77333333333333,9.670756113640948,42.5,73.2,42.64,11.89572552282061,16.1,58.8,97.67333333333332,0.9873967697700734,96.3,99.1,33.53933333333334,0.4671259644535575,32.54,34.2,4.088666666666667,0.4336204177234584,3.53,5.05,51.72060718306625,0.4956301028969369,50.96118134393557,52.548089052973545,53.536111960307075,0.4915507332772527,52.87137153916744,54.294807494313694,0.1028864739842826,1.5572002664681526,-2.1566577364351147,2.22889484237659,50.25684836141202,0.0,50.25684836141202,50.25684836141202,2.9248971750839092,0.4463889390025898,2.0257072876999147,3.844275859423985,2.9289528212571425,0.743711811474966,1.3383024018636471,4.195266175523238,53.651609847282685,0.340016972471155,53.23628898401497,54.36984978441009,540.0,0.0,540.0,540.0,0.375,0.0,0.375,0.375,0.2925925925925925,0.0,0.2925925925925925,0.2925925925925925,0.2388888888888889,0.0,0.2388888888888889,0.2388888888888889,74.7,0.0,74.7,74.7,94.9,0.0,94.9,94.9,0.0,0.0,0,0,0.0,0.0,0.0,0.0,1.225,0.0,1.225,1.225,30.12277276335821,4.165415804680486,24.216016557168295,35.60224047796956,69.03964535423758,1.027331778842353,68.06668537484138,70.84830610268641,0.0,0.0,0.0,0.0,0.0666666666666666,0.2581988897471611,0.0,1.0,0.0,0.0,0.0,0.0,0.0,0.0,0.0,0.0,0.0666666666666666,0.2581988897471611,0.0,1.0,62.193333333333335,2.0960734265582857,59.0,65.4,user_001,15
2024-01-06 04:00:00,0.0,0.0,0,0,2343.0,0.0,2343,2343,4.756,0.2634626566110868,4.348,5.18,58.40948514280851,1.7379283851982907,55.9349114244118,61.68542680677635,55.34348278638847,3.301439854667928,50.901535009912216,61.88147187519939,97.19866666666668,0.2782051315811606,96.74,97.6,33.2404,0.0991685433996087,33.114,33.404,1.0,0.0,1,1,44.33394542702942,5.9507094128536675,29.881517277640413,53.31003938775735,58.86666666666667,6.127999751336559,48,71,54.78,9.543299818646137,34.1,74.0,46.14,13.811268691077691,19.6,71.2,97.18666666666668,0.8492573786774513,95.8,98.5,33.23533333333333,0.376295223512199,32.62,34.0,4.826,0.7816996134796829,3.69,6.12,57.74585039749077,1.8520496785388396,52.81171980430899,59.53734581785138,53.964824281121885,0.6734001781787987,52.90313658166719,55.035189430753306,0.2285907619290801,2.532734025829991,-4.138581749152046,4.6572865966118115,50.25684836141202,0.0,50.25684836141202,50.25684836141202,3.578752507942753,1.459498810964145,2.031565481794735,5.8505490064544725,2.659002544671522,0.8841216925714108,1.553188311353635,3.9785368007625466,55.2894501143481,0.2602225326598212,54.77767763405117,55.73893971586957,540.0,0.0,540.0,540.0,0.375,0.0,0.375,0.375,0.2925925925925925,0.0,0.2925925925925925,0.2925925925925925,0.2388888888888889,0.0,0.2388888888888889,0.2388888888888889,74.7,0.0,74.7,74.7,94.9,0.0,94.9,94.9,0.0,0.0,0,0,0.0,0.0,0.0,0.0,1.225,0.0,1.225,1.225,35.55568843873545,4.329730243843938,25.52483267698525,40.53954074713111,69.71171055235818,1.8744403486394536,66.43590004126271,71.74926912431833,0.0666666666666666,0.2581988897471611,0.0,1.0,0.0,0.0,0.0,0.0,0.0,0.0,0.0,0.0,0.0,0.0,0.0,0.0,0.0666666666666666,0.2581988897471611,0.0,1.0,64.86,1.8042806243565803,62.3,67.5,user_001,15
2024-01-06 04:15:00,0.0,0.0,0,0,2343.0,0.0,2343,2343,4.406133333333333,0.2191026721707907,4.093999999999999,4.878,55.07558479140557,1.412256855227101,52.70549147655447,57.80366098436965,54.686139479284215,4.118951772433043,47.43759184557128,60.94984432886628,97.22133333333332,0.3181613846252755,96.62,97.84,33.49626666666666,0.1868442692521829,33.215999999999994,33.844,1.0,0.0,1,1,47.5653746846655,4.138651459389738,39.142999548393085,54.04909392718474,55.2,4.738896797477537,50,68,53.946666666666665,11.521586365642207,29.2,72.8,48.059999999999995,10.967471384573043,22.9,63.9,97.14666666666668,0.7689200837786028,95.7,98.5,33.506,0.4143118218374723,32.61,34.23,4.456666666666666,0.6202495657471463,3.47,5.58,55.16852155399885,0.7640874092986596,53.698233769412425,56.48246781685515,55.850131706263944,0.5274709639040367,55.09012628716887,56.742534967107034,0.0622076042972163,1.8299023031163484,-1.8170253000285117,5.098169507815179,50.25684836141202,0.0,50.25684836141202,50.25684836141202,3.852164611726811,1.5525644433731405,1.5247697248408232,6.005613653784173,3.2707441882883233,1.048661210422558,1.6474344318413672,4.964485897834922,56.00655503919507,0.4822864771545702,55.01481113283634,56.497515214945984,540.0,0.0,540.0,540.0,0.375,0.0,0.375,0.375,0.2925925925925925,0.0,0.2925925925925925,0.2925925925925925,0.2388888888888889,0.0,0.2388888888888889,0.2388888888888889,74.7,0.0,74.7,74.7,94.9,0.0,94.9,94.9,0.0,0.0,0,0,0.0,0.0,0.0,0.0,1.225,0.0,1.225,1.225,33.20505899521352,2.4009646180402,29.51312139319976,38.68025313524005,67.8716698424093,0.8341362131750013,66.46308543212517,69.07455968818593,0.0,0.0,0.0,0.0,0.0666666666666666,0.2581988897471611,0.0,1.0,0.0,0.0,0.0,0.0,0.0,0.0,0.0,0.0,0.0666666666666666,0.2581988897471611,0.0,1.0,63.17333333333333,1.3073783290379613,61.4,65.8,user_001,15
2024-01-06 04:30:00,0.0,0.0,0,0,2343.0,0.0,2343,2343,4.545866666666667,0.2189644024123773,4.206,4.922,57.36769627325004,1.5271087066930409,55.26790690626408,60.37567612037454,51.68844613682356,2.649596053837424,46.18519728007522,56.06669388016926,97.268,0.3559935793963539,96.58,97.86,33.51266666666667,0.1558418001264956,33.339999999999996,33.760000000000005,1.0,0.0,1,1,46.222844058041055,3.682437945530504,39.89310100741914,52.38959261592556,57.2,5.51879904119935,46,67,51.93333333333333,9.049835568093144,32.6,64.5,45.48,10.138202151128318,30.8,61.7,97.32,0.806402947840419,96.3,98.8,33.516,0.3272569981790165,32.88,34.16,4.479333333333333,0.6390782052150992,3.26,5.5,57.360632254030314,0.5371289043024525,56.43986004686091,58.11177200345439,56.38723036908167,0.1632188015763629,56.22164053232781,56.79502331140469,-0.0838481366250221,2.1493205787996468,-4.791892040124843,3.536936871055616,50.25684836141202,0.0,50.25684836141202,50.25684836141202,3.370479236546754,0.6249973213710738,2.184728164566366,4.304906026541806,2.57328731116929,0.7891644776441139,1.8447172636401992,3.82536820127532,53.76522466552655,0.521588761813122,53.18729280805389,54.832879022001336,540.0,0.0,540.0,540.0,0.375,0.0,0.375,0.375,0.2925925925925925,0.0,0.2925925925925925,0.2925925925925925,0.2388888888888889,0.0,0.2388888888888889,0.2388888888888889,74.7,0.0,74.7,74.7,94.9,0.0,94.9,94.9,0.0,0.0,0,0,0.0,0.0,0.0,0.0,1.225,0.0,1.225,1.225,40.44434700479298,1.3575623477973786,38.00316177723562,43.01879011464572,64.70754069535127,1.481065955078248,63.06745041716553,67.58383960621524,0.0,0.0,0.0,0.0,0.0666666666666666,0.2581988897471611,0.0,1.0,0.0,0.0,0.0,0.0,0.0,0.0,0.0,0.0,0.0666666666666666,0.2581988897471611,0.0,1.0,62.78,1.1558546621439925,60.3,64.8,user_001,15
2024-01-06 04:45:00,0.0,0.0,0,0,2343.0,0.0,2343,2343,4.305866666666666,0.1459832997624176,4.014,4.532,56.30105781145201,1.87133827880225,53.58279526006373,59.068670124677,52.99296247370466,4.736052246192668,43.33947624129227,58.00346512417102,97.364,0.3073574001526126,96.92,97.92,33.36133333333333,0.1350907983895448,33.15599999999999,33.617999999999995,1.0,0.0,1,1,48.815345129360296,4.485510516353442,44.41150460518548,59.99095617323858,56.13333333333333,5.617150607948923,43,68,51.61333333333334,9.542226953814042,30.2,63.6,50.94666666666667,9.573390701512684,39.3,66.3,97.36,0.9272077899339956,95.4,98.5,33.336,0.4379791253995045,32.64,34.03,4.291333333333333,0.5162483713798826,3.22,4.93,56.44403997770469,1.0548351362090451,55.02102562144076,58.22074496922372,56.76941290977468,0.2561818519646412,56.23664924377409,57.07699266469636,-0.0838622390593414,2.143753696486298,-5.291397630031874,4.562903554952186,50.25684836141202,0.0,50.25684836141202,50.25684836141202,2.809544566314,0.853168970866543,1.6429792812821369,4.59543403707997,2.5869989589021363,1.1054894430299895,1.309307261098721,5.138997569937245,52.899100689260855,0.2268777336977775,52.34070430526411,53.209117049056815,540.0,0.0,540.0,540.0,0.375,0.0,0.375,0.375,0.2925925925925925,0.0,0.2925925925925925,0.2925925925925925,0.2388888888888889,0.0,0.2388888888888889,0.2388888888888889,74.7,0.0,74.7,74.7,94.9,0.0,94.9,94.9,0.0,0.0,0,0,0.0,0.0,0.0,0.0,1.225,0.0,1.225,1.225,36.40318698881235,2.0658736110452813,34.52604447769559,41.48963132815896,65.70283185569944,1.028391200487463,63.77114747128691,66.9048449083912,0.0,0.0,0.0,0.0,0.2,0.4140393356054125,0.0,1.0,0.0,0.0,0.0,0.0,0.0,0.0,0.0,0.0,0.2,0.4140393356054125,0.0,1.0,63.15333333333333,1.9216312514805431,59.3,65.2,user_001,15
