timestamp,steps_per_min_mean,steps_per_min_std,steps_per_min_min,steps_per_min_max,cumulative_steps_mean,cumulative_steps_std,cumulative_steps_min,cumulative_steps_max,calories_burned_mean,calories_burned_std,calories_burned_min,calories_burned_max,heart_rate_bpm_mean,heart_rate_bpm_std,heart_rate_bpm_min,heart_rate_bpm_max,hrv_ms_mean,hrv_ms_std,hrv_ms_min,hrv_ms_max,spo2_pct_mean,spo2_pct_std,spo2_pct_min,spo2_pct_max,skin_temp_c_mean,skin_temp_c_std,skin_temp_c_min,skin_temp_c_max,is_sleep_period_mean,is_sleep_period_std,is_sleep_period_min,is_sleep_period_max,stress_score_mean,stress_score_std,stress_score_min,stress_score_max,heart_rate_bpm_raw_mean,heart_rate_bpm_raw_std,heart_rate_bpm_raw_min,heart_rate_bpm_raw_max,hrv_ms_raw_mean,hrv_ms_raw_std,hrv_ms_raw_min,hrv_ms_raw_max,stress_score_raw_mean,stress_score_raw_std,stress_score_raw_min,stress_score_raw_max,spo2_pct_raw_mean,spo2_pct_raw_std,spo2_pct_raw_min,spo2_pct_raw_max,skin_temp_c_raw_mean,skin_temp_c_raw_std,skin_temp_c_raw_min,skin_temp_c_raw_max,calories_burned_raw_mean,calories_burned_raw_std,calories_burned_raw_min,calories_burned_raw_max,hr_trend_5min_mean,hr_trend_5min_std,hr_trend_5min_min,hr_trend_5min_max,hr_trend_30min_mean,hr_trend_30min_std,hr_trend_30min_min,hr_trend_30min_max,hr_roc_mean,hr_roc_std,hr_roc_min,hr_roc_max,resting_hr_mean,resting_hr_std,resting_hr_min,resting_hr_max,hrv_rmssd_proxy_mean,hrv_rmssd_proxy_std,hrv_rmssd_proxy_min,hrv_rmssd_proxy_max,hrv_sdnn_proxy_mean,hrv_sdnn_proxy_std,hrv_sdnn_proxy_min,hrv_sdnn_proxy_max,hrv_trend_30min_mean,hrv_trend_30min_std,hrv_trend_30min_min,hrv_trend_30min_max,sleep_duration_min_mean,sleep_duration_min_std,sleep_duration_min_min,sleep_duration_min_max,sleep_efficiency_mean,sleep_efficiency_std,sleep_efficiency_min,sleep_efficiency_max,deep_ratio_mean,deep_ratio_std,deep_ratio_min,deep_ratio_max,rem_ratio_mean,rem_ratio_std,rem_ratio_min,rem_ratio_max,sleep_quality_score_mean,sleep_quality_score_std,sleep_quality_score_min,sleep_quality_score_max,sleep_consistency_mean,sleep_consistency_std,sleep_consistency_min,sleep_consistency_max,activity_intensity_mean,activity_intensity_std,activity_intensity_min,activity_intensity_max,step_intensity_15min_mean,step_intensity_15min_std,step_intensity_15min_min,step_intensity_15min_max,energy_expenditure_proxy_mean,energy_expenditure_proxy_std,energy_expenditure_proxy_min,energy_expenditure_proxy_max,computed_stress_mean,computed_stress_std,computed_stress_min,computed_stress_max,recovery_score_mean,recovery_score_std,recovery_score_min,recovery_score_max,anomaly_hr_spike_mean,anomaly_hr_spike_std,anomaly_hr_spike_min,anomaly_hr_spike_max,anomaly_hrv_drop_mean,anomaly_hrv_drop_std,anomaly_hrv_drop_min,anomaly_hrv_drop_max,anomaly_low_spo2_mean,anomaly_low_spo2_std,anomaly_low_spo2_min,anomaly_low_spo2_max,anomaly_critical_hr_mean,anomaly_critical_hr_std,anomaly_critical_hr_min,anomaly_critical_hr_max,anomaly_score_mean,anomaly_score_std,anomaly_score_min,anomaly_score_max,health_score_mean,health_score_std,health_score_min,health_score_max,user_id,sample_count
2024-01-01,3.1277777777777778,2.9572455970240403,0,14,1790.026388888889,1661.8580116025994,0,4504,5.292682291666666,0.9792796042818211,3.126,7.268000000000001,64.71059640811785,10.900554272130556,44.57563348609566,84.44139060858413,50.5329271544687,5.440292611431659,34.55300718218737,67.44841261807663,97.50668634259259,0.357831108851349,96.38,98.62,33.52790011574074,0.21900364700555147,32.79600000000001,34.221999999999994,0.375,0.4842911041133011,0,1,49.419067265177326,6.491179234715026,29.39802332005678,71.62787542766999,64.7125,11.75653456312625,40,93,50.54055555555555,10.440183087556774,14.1,89.3,49.42138888888889,13.155171135490637,0.0,92.4,97.50694444444444,0.7963304283934123,94.6,100.0,33.52814583333333,0.5033332600342507,31.38,35.13,5.292979166666667,1.1328862324558346,2.53,8.66,64.7094587497371,10.80968729640386,45.62661763770883,82.54353930471913,64.71202109644064,10.683172964937027,47.49608481041284,80.76799385370954,0.0006406670829106373,1.8019117244674316,-5.410978443715003,6.0526814464189584,50.25684836141201,0.0,50.25684836141202,50.25684836141202,3.4249264448302186,1.2189102062495456,0.0,7.330174505204199,2.9597705381680623,1.3240699919462706,0.0,9.0749733195371,50.580735593308255,3.5813914134081557,43.048076223048525,59.986533825614124,540.0,0.0,540.0,540.0,0.375,0.0,0.375,0.375,0.3277777777777778,0.0,0.3277777777777778,0.3277777777777778,0.1925925925925926,0.0,0.1925925925925926,0.1925925925925926,70.2,0.0,70.2,70.2,94.9,0.0,94.9,94.9,0.5493055555555556,0.6405887371773252,0,3,46.916666666666664,36.73035301385743,0.0,98.0,1.9974305555555556,1.052098978535882,1.225,8.575,49.72098426845176,16.3420664378036,17.760806077131868,81.21377978261343,56.258279170167185,10.44554859018002,37.10381702730271,76.1445201679144,0.02013888888888889,0.1405241162810942,0.0,1.0,0.029861111111111113,0.17026319858084843,0.0,1.0,0.0,0.0,0.0,0.0,0.0,0.0,0.0,0.0,0.05,0.2211851330884934,0.0,2.0,55.25041666666667,5.024414316975734,42.7,65.6,user_001,1440
2024-01-02,3.013888888888889,2.933087729520445,0,13,6212.486111111111,1591.9316297862724,4504,8844,5.2954875,0.9701483096520022,3.4120000000000004,7.197999999999999,64.63202204617424,10.680967897148655,44.46929572956028,84.75307196782737,50.76979116694945,5.300471440667413,34.64840189827411,69.96830036481118,97.48954166666667,0.3680216794796982,96.14000000000001,98.74,33.47552916666667,0.2171962166060722,32.822,34.084,0.375,0.4842911041133011,0,1,49.21099364598377,6.398177953887037,24.500963785744123,68.90594958481425,64.62569444444445,11.559714418299068,40,93,50.76416666666666,10.492935212209039,20.2,92.5,49.21875,13.282797627811835,4.6,89.9,97.48875,0.8022110472193398,94.9,99.8,33.47525,0.5048754034777599,31.99,35.24,5.295770833333333,1.1295189971657398,2.45,8.8,64.63851196622903,10.576530290055224,46.825178324476816,82.34789675360882,64.65418825742775,10.448273314735271,48.87625428916836,79.98903880597793,-0.003163800864904741,1.7966063285962308,-5.749364513020666,6.364243440067426,50.25684836141201,0.0,50.25684836141202,50.25684836141202,3.4995348534935187,1.1796781762837019,0.6115188297674681,8.897509703271867,3.0109163040326443,1.2767935726505515,0.5075019886681243,7.821711420182937,50.699926366996166,3.302071229881484,44.55374280703383,58.36812145409522,540.0,0.0,540.0,540.0,0.375,0.0,0.375,0.375,0.30925925925925923,0.0,0.30925925925925923,0.30925925925925923,0.18703703703703703,0.0,0.18703703703703703,0.18703703703703703,69.7,0.0,69.7,69.7,94.9,0.0,94.9,94.9,0.5145833333333333,0.6336047691381711,0,3,45.208333333333336,35.30234249571129,0.0,96.0,1.9480902777777778,1.0345112445615647,1.225,8.575,49.348144025536165,15.961701382539115,11.059330464224372,80.32166741606827,56.33598247052135,10.110911956664754,39.93177859836648,77.9712491711911,0.013888888888888888,0.11707051450463939,0.0,1.0,0.02638888888888889,0.1603445348479628,0.0,1.0,0.0,0.0,0.0,0.0,0.0,0.0,0.0,0.0,0.04027777777777778,0.20018040662682754,0.0,2.0,59.28541666666667,4.142690654421933,46.4,67.5,user_001,1440
2024-01-03,3.138888888888889,2.9808541507159165,0,12,10616.559027777777,1657.8136520495648,8844,13364,5.262098611111111,0.980375094501511,3.224,7.206,64.32613910039642,10.999368234626056,43.71852771285711,85.92679368109066,50.71305475692569,5.801973521570969,31.34765149225044,69.0833151486266,97.48980555555556,0.35110700102370657,96.28,98.55999999999999,33.48390416666667,0.237091606775683,32.682,34.31400000000001,0.375,0.4842911041133011,0,1,49.16618454042873,6.73554488314463,28.68310598660319,72.46185796304295,64.32847222222222,11.921378786048646,40,95,50.709583333333335,11.054428101276077,11.6,88.6,49.16909722222222,13.734379207712914,0.0,96.1,97.48993055555556,0.8078764419249668,94.8,100.0,33.484229166666665,0.49982314062833844,31.82,35.49,5.261875,1.1311558281882288,2.47,8.35,64.32237069673998,10.9060861882307,45.05582554916752,83.16130913596344,64.32726226346678,10.775791311022223,47.853058263282946,80.76724343372045,0.001166560912903843,1.879883343234974,-5.508982625509205,6.2365260617361855,50.25684836141201,0.0,50.25684836141202,50.25684836141202,3.6314892518048505,1.2647670283024748,0.4596648932128991,8.147701012287506,3.1634660125222114,1.330021677562873,0.2577400661505003,8.580468310237796,50.774389018963575,3.991132751502821,42.052240202874735,60.561666128895226,540.0,0.0,540.0,540.0,0.375,0.0,0.375,0.375,0.31666666666666665,0.0,0.31666666666666665,0.31666666666666665,0.1962962962962963,0.0,0.1962962962962963,0.1962962962962963,70.6,0.0,70.6,70.6,94.9,0.0,94.9,94.9,0.5513888888888889,0.6425914039688334,0,2,47.083333333333336,36.81511005016226,0.0,101.0,2.001684027777778,1.045475390281167,1.225,4.9,49.05134560717711,17.009755058194813,14.805064991199199,82.58207885644825,56.84063375524506,10.963912204638786,35.98102970631167,80.04061925289275,0.018055555555555554,0.13319862317014997,0.0,1.0,0.034027777777777775,0.18136353076375963,0.0,1.0,0.0,0.0,0.0,0.0,0.0,0.0,0.0,0.0,0.052083333333333336,0.23146172669418358,0.0,2.0,59.31208333333333,4.462549727397189,45.8,68.3,user_001,1440
2024-01-04,3.1180555555555554,2.9940792345080918,0,15,15139.905555555555,1649.5442011918296,13364,17854,5.287327777777778,0.9849885220980832,3.054,7.12,64.3693579939164,10.894297215609567,44.11419614398079,86.59361110397623,50.51979344449627,5.875678878955029,33.07278388866358,68.37294259893353,97.50776388888889,0.3554292491651089,96.42,98.64000000000001,33.500680555555554,0.22656003390154927,32.712,34.178000000000004,0.375,0.4842911041133011,0,1,49.55245968769464,6.990735907094571,28.64627039225938,68.80317012936295,64.36944444444444,11.755721199829168,40,95,50.507083333333334,10.932376883162085,14.5,83.4,49.565000000000005,13.565348899216357,6.3,92.0,97.50854166666666,0.7834036576548276,95.2,100.0,33.50007638888889,0.49549442642049457,31.66,35.07,5.287131944444445,1.1446171131000529,1.55,8.45,64.37112615339896,10.796525135134805,45.86555228303667,84.43426645532956,64.36811700420407,10.699793045020384,48.28661151729611,80.38819496525794,4.3225264021219526e-05,1.8034107440110163,-5.35945699411851,6.026467571519518,50.25684836141201,0.0,50.25684836141202,50.25684836141202,3.567446098034923,1.1994305834562347,0.5558038048436904,7.744050264758185,3.0334044360027574,1.2568435856058895,0.3999455576548289,8.065421655833823,50.52374080397015,3.9931268973971923,41.90743139389594,59.208757963865224,540.0,0.0,540.0,540.0,0.375,0.0,0.375,0.375,0.2796296296296296,0.0,0.2796296296296296,0.2796296296296296,0.2111111111111111,0.0,0.2111111111111111,0.2111111111111111,72.0,0.0,72.0,72.0,94.9,0.0,94.9,94.9,0.54375,0.6442366234258723,0,3,46.770833333333336,36.58702511181136,0.0,100.0,1.9931770833333335,1.0733379089286839,1.225,8.575,49.331795564235975,16.892951221703427,16.126720028532507,83.26594703672735,57.011367481844516,10.841426396363227,37.222022091148425,76.86655869230223,0.014583333333333334,0.11991933239532476,0.0,1.0,0.025694444444444443,0.15827708911662633,0.0,1.0,0.0,0.0,0.0,0.0,0.0,0.0,0.0,0.0,0.04027777777777778,0.19667826807240016,0.0,1.0,59.791597222222215,4.516807337516759,46.5,68.3,user_001,1440
2024-01-05,3.1173611111111112,2.988879780695163,0,12,11392.768055555556,8390.872960626271,2,19997,5.286311111111111,1.0035966912604795,3.28,7.348000000000001,64.33886018418927,10.794523384881995,43.16224673387344,83.7099620839714,50.62542300392968,5.659011184399182,34.119860722773154,67.38389952946001,97.54919444444444,0.3508503177807198,96.34,98.64,33.52053333333333,0.23711817176278288,32.736000000000004,34.446000000000005,0.375,0.4842911041133011,0,1,49.43863329458343,6.805750368210918,28.593340577201612,70.21843256226306,64.33888888888889,11.760720191289533,40,92,50.640972222222224,10.85619381527852,16.5,89.4,49.42333333333334,13.672125002529098,2.1,94.6,97.54847222222222,0.7793444613005811,94.8,100.0,33.521034722222225,0.5170553003732953,31.83,35.18,5.285847222222222,1.1705536920901747,2.34,8.38,64.33549720802142,10.695277162606114,44.923089114249244,82.14858851393755,64.32053065660973,10.585554090400654,47.62345723219601,80.67849240752157,1.435234980999351e-05,1.9058515692932503,-5.417528828113859,5.9328577204630975,50.25684836141201,0.0,50.25684836141202,50.25684836141202,3.5933566860961594,1.1747915372123936,0.5827135782017547,7.591940369677251,3.020764304670316,1.1981336625420382,0.3664268176217819,7.8550609281937644,50.60600387228722,3.72439116533564,42.76584457554727,59.348831501866954,540.0,0.0,540.0,540.0,0.375,0.0,0.375,0.375,0.29444444444444445,0.0,0.29444444444444445,0.29444444444444445,0.19444444444444445,0.0,0.19444444444444445,0.19444444444444445,70.4,0.0,70.4,70.4,94.9,0.0,94.9,94.9,0.5451388888888888,0.6548403049849759,0,2,46.760416666666664,36.63136748624653,0.0,98.0,2.0033854166666667,1.077628538466353,1.225,4.9,49.19644974880243,16.526834620751647,14.290271740831097,83.35027942006737,56.64567733096523,10.589318169552836,36.378163427450964,76.74045383196338,0.013888888888888888,0.11707051450463934,0.0,1.0,0.02361111111111111,0.1518869551064068,0.0,1.0,0.0,0.0,0.0,0.0,0.0,0.0,0.0,0.0,0.0375,0.20071969190529007,0.0,2.0,59.574305555555554,4.1829719764340725,46.5,69.6,user_001,1440
2024-01-06,3.0506944444444444,2.929244282710811,0,13,4088.2159722222223,1608.955650785206,2343,6736,5.292320833333333,0.9752160551674809,3.368,7.314,64.59881572504032,10.843346634626949,44.610762488511455,87.1775719371423,50.67016294111576,5.594455054113499,33.56899263882481,67.14332548368759,97.50626388888888,0.3537869188687288,96.47999999999999,98.74,33.49180694444444,0.22974594291067765,32.824,34.188,0.375,0.4842911041133011,0,1,49.5376309942854,6.540983631267418,29.140844590581462,73.07930174776268,64.59722222222223,11.830761334412678,40,93,50.65965277777777,10.567924046016934,17.3,80.5,49.53798611111111,13.230942531723798,7.0,88.6,97.506875,0.8157424077590586,95.2,100.0,33.491416666666666,0.4984792090851963,31.94,35.4,5.292881944444445,1.1393895016042215,2.06,8.22,64.6019111970161,10.7297325474177,46.52706047264398,84.70913955087788,64.59949317886299,10.59231525178507,48.3064213634334,81.30859329891874,-0.0007967514090534274,1.9296273692609225,-7.8799415431311814,6.118967004706363,50.25684836141201,0.0,50.25684836141202,50.25684836141202,3.477259156510832,1.1448652811701647,0.6431857433972363,7.690337248626041,3.015466555822533,1.2211858242555054,0.3685283163857412,9.472518731962426,50.69831841781362,3.589273662899799,40.266456424668704,59.1554367776884,540.0,0.0,540.0,540.0,0.375,0.0,0.375,0.375,0.29259259259259257,0.0,0.29259259259259257,0.29259259259259257,0.2388888888888889,0.0,0.2388888888888889,0.2388888888888889,74.7,0.0,74.7,74.7,94.9,0.0,94.9,94.9,0.5284722222222222,0.6331323669544927,0,3,45.760416666666664,35.880606043206605,0.0,96.0,1.9651041666666667,1.026471717341029,1.225,8.575,49.41588120689994,16.454999329796376,14.899033851285248,84.84745110044292,57.81582862936528,10.438982393876591,38.271776774095564,78.81245811997813,0.019444444444444445,0.1381289533454051,0.0,1.0,0.03125,0.17405308193218041,0.0,1.0,0.0,0.0,0.0,0.0,0.0,0.0,0.0,0.0,0.050694444444444445,0.22569375025878757,0.0,2.0,60.20444444444444,4.369985088109068,45.0,69.2,user_001,1440
2024-01-07,3.1618055555555555,3.063753812838333,0,16,8546.996527777777,1670.2162895192018,6736,11289,5.284393055555555,0.959709927485133,3.222,7.089999999999999,64.49180176511307,10.723026658796574,44.92076450609691,84.28242111959364,50.89884439991643,5.782000703920141,34.5082135206271,66.76970144226586,97.51363888888889,0.3576831984886147,96.2,98.5,33.527476388888886,0.23191437817176383,32.720000000000006,34.25,0.375,0.4842911041133011,0,1,49.157915671270885,6.7139296817205265,29.944496403331076,67.86647947698685,64.49027777777778,11.561175589911722,40,91,50.89972222222222,10.91942757031884,10.0,84.9,49.16097222222223,13.409997687175077,6.7,89.9,97.51340277777777,0.7802421740498338,94.5,100.0,33.52784027777778,0.5177250064023056,31.91,35.33,5.284152777777778,1.1110922092342517,2.29,7.9,64.49297784993016,10.62817454288538,46.10686743404061,82.4450035278289,64.50114422766332,10.515759952166222,49.13462742905442,80.13663046637905,-0.0007619936676437936,1.7620300692924862,-5.934180760634206,5.67613618097046,50.25684836141201,0.0,50.25684836141202,50.25684836141202,3.576038182418333,1.2237455756447675,0.625368148898018,7.499499023586703,3.053116190039967,1.2539147394346597,0.34502656527215353,8.685330620536748,50.897111768141855,3.9693595626588194,42.49387784803425,59.829097791742626,540.0,0.0,540.0,540.0,0.375,0.0,0.375,0.375,0.29259259259259257,0.0,0.29259259259259257,0.29259259259259257,0.18888888888888888,0.0,0.18888888888888888,0.18888888888888888,69.8,0.0,69.8,69.8,94.9,0.0,94.9,94.9,0.54375,0.6559948335785298,0,3,47.427083333333336,37.09820507571987,0.0,108.0,2.0025347222222223,1.1148566342742594,1.225,8.575,49.03152392616741,16.601085491304996,18.17489332962892,80.88720564515745,56.63444304443998,10.704824991274192,37.11347375352922,75.14857826090783,0.015277777777777777,0.12269809298218749,0.0,1.0,0.024305555555555556,0.15404958804610785,0.0,1.0,0.0,0.0,0.0,0.0,0.0,0.0,0.0,0.0,0.03958333333333333,0.195045922142112,0.0,1.0,59.40576388888889,4.390815969520329,48.3,68.7,user_001,1440
2024-01-08,3.1930555555555555,3.012636180913898,0,13,13094.977083333333,1685.289816819027,11289,15887,5.272102777777778,0.9586654729789346,3.2620000000000005,7.374,64.35841349198448,10.703503044193903,43.64780833709343,86.3036068827433,50.768708969631774,5.552807956524336,32.46375847528403,71.4009594969275,97.49916666666665,0.3757756860502621,96.16,98.62,33.50768333333333,0.22122256738959878,32.768,34.292,0.375,0.4842911041133011,0,1,48.95377016098114,6.1411549681097615,29.39659827035372,71.5703085121241,64.36319444444445,11.551469535962738,40,89,50.76701388888889,10.432553929261568,17.5,84.0,48.952013888888885,12.753349834774626,3.4,87.1,97.49895833333333,0.8206966809017117,95.1,99.8,33.507645833333335,0.49492414492036774,32.07,35.41,5.2726041666666665,1.1208469119918267,1.83,8.83,64.35398746010907,10.613326515675139,45.571094489083926,85.01326315323544,64.3350912069422,10.510274335326761,47.307487667043,80.79630076362491,0.0023904762299816183,1.7801038742833397,-6.537040542341302,6.310305295602255,50.25684836141201,0.0,50.25684836141202,50.25684836141202,3.439264497592047,1.0759814833685712,0.3963003926586448,7.694740642441138,3.0110375527351483,1.1760873797170877,0.3543283141542393,8.982218953226456,50.792154878602965,3.5802764288422333,41.614156051307006,58.52229674519276,540.0,0.0,540.0,540.0,0.375,0.0,0.375,0.375,0.30185185185185187,0.0,0.30185185185185187,0.30185185185185187,0.18333333333333332,0.0,0.18333333333333332,0.18333333333333332,69.2,0.0,69.2,69.2,94.9,0.0,94.9,94.9,0.5618055555555556,0.6534769919303339,0,3,47.895833333333336,37.3403702282647,0.0,98.0,2.0238020833333334,1.0858708819825493,1.225,8.575,49.028142470324745,15.979923226474066,15.765911715742368,82.1902407836869,56.42603794307295,10.171666834417373,37.803997328139786,74.88016317200034,0.0125,0.11114102755310236,0.0,1.0,0.021527777777777778,0.14518598670619184,0.0,1.0,0.0,0.0,0.0,0.0,0.0,0.0,0.0,0.0,0.034027777777777775,0.18515556798654575,0.0,2.0,59.433819444444445,4.270017893361648,45.4,68.7,user_001,1440
2024-01-09,3.1354166666666665,2.996940036611308,0,16,14942.895833333334,5961.396298279377,9,19999,5.272326388888889,0.9570741268899752,3.314,7.25,64.53962185959625,10.813888302816368,45.290776749689144,86.81859184231041,51.04665243168706,5.604101588293406,32.85480344161818,67.8152247815914,97.51127777777778,0.3410510355032731,96.6,98.53999999999999,33.49236388888889,0.22053050151900555,32.534000000000006,34.112,0.375,0.4842911041133011,0,1,48.9234086911133,7.063965006151723,26.86657948720939,71.46685420670424,64.53680555555556,11.723595983467206,40,94,51.045,10.863761923987019,11.9,85.7,48.932430555555555,13.671960814157595,5.6,96.2,97.5117361111111,0.7757225149741492,95.0,100.0,33.49246527777778,0.49126883150836803,31.96,35.05,5.271375,1.1154453195675265,1.94,8.14,64.54161202968511,10.71024735950014,46.94927459561704,83.7582328841759,64.5511398750062,10.581704208040199,49.06915864003698,80.92426439264054,-0.0014081520203477588,1.8449178590843516,-5.250886449196287,6.242919079798348,50.25684836141201,0.0,50.25684836141202,50.25684836141202,3.599948081737096,1.2115185037672211,0.8027852837022226,7.880612583434341,3.0747163955248538,1.2578497950453122,0.38790195910040826,8.515716621329084,51.01235922635384,3.6580163032438655,44.75734409454585,58.377850474955125,540.0,0.0,540.0,540.0,0.375,0.0,0.375,0.375,0.29444444444444445,0.0,0.29444444444444445,0.29444444444444445,0.23148148148148145,0.0,0.23148148148148148,0.23148148148148148,74.3,0.0,74.3,74.3,94.9,0.0,94.9,94.9,0.5486111111111112,0.6428076565098623,0,3,47.03125,36.714150339188876,0.0,102.0,1.99828125,1.0519692216455816,1.225,8.575,48.90790361552304,16.464437095125074,18.668880645782178,82.78726640507391,58.05981002580142,10.487710897169325,40.49750086451597,76.81014071298023,0.011805555555555555,0.1080476356080838,0.0,1.0,0.03680555555555556,0.18834952197750882,0.0,1.0,0.0,0.0,0.0,0.0,0.0,0.0,0.0,0.0,0.04861111111111111,0.23071514980383906,0.0,2.0,60.533125,4.252039525139602,46.7,69.8,user_001,1440
2024-01-10,3.232638888888889,3.076855019631117,0,14,2237.6784722222224,1713.9774670521892,402,5057,5.3226125,0.9722964168862236,3.2060000000000004,7.5,64.75849295353106,10.798214734181784,44.894527274066355,85.69920096313002,50.83760037406846,5.600118793450016,34.46969383210097,67.76190100253524,97.51734722222223,0.3554173875610785,96.32000000000001,98.58,33.49081527777778,0.22326232224364836,32.75,34.152,0.375,0.4842911041133011,0,1,49.19318571118924,6.635916921499347,27.975088402832714,69.49452175712878,64.75972222222222,11.719825860454023,40,91,50.833402777777785,10.71311742066375,19.8,83.3,49.196875,13.162243998897697,6.2,90.8,97.516875,0.8005123174977382,94.7,100.0,33.49120138888889,0.511718834041441,31.74,35.34,5.323291666666667,1.1428515466798124,2.03,8.71,64.75882377604927,10.694098803761097,46.31525141571111,84.1794283601703,64.7583647742131,10.554688668023351,47.87429857049384,81.882390266094,0.0006146343455845551,1.861443007299364,-5.419437065304926,6.085303120481356,50.25684836141201,0.0,50.25684836141202,50.25684836141202,3.556638207938104,1.1091135559550078,0.9718929460530243,7.433788633869629,3.1224490489415966,1.216542864990456,0.6082477006522571,8.317029465282575,50.878704083175165,3.747390367233889,42.16557143569651,58.72761697683356,540.0,0.0,540.0,540.0,0.375,0.0,0.375,0.375,0.30925925925925923,0.0,0.30925925925925923,0.30925925925925923,0.21296296296296297,0.0,0.21296296296296297,0.21296296296296297,72.2,0.0,72.2,72.2,94.9,0.0,94.9,94.9,0.5652777777777778,0.6520741957004006,0,3,48.489583333333336,38.012486918699054,0.0,103.0,2.027204861111111,1.0995999097296238,1.225,8.575,49.394347676924625,16.419523485158074,18.278686790536963,79.64718850836644,57.12604446857896,10.521682357706702,38.73458856823927,75.8297355696167,0.013194444444444444,0.11414639404811411,0.0,1.0,0.029861111111111113,0.17026319858084832,0.0,1.0,0.0,0.0,0.0,0.0,0.0,0.0,0.0,0.0,0.043055555555555555,0.20305271955426898,0.0,1.0,59.978680555555556,4.390650839809503,47.5,68.3,user_001,1440
2024-01-11,3.066666666666667,2.9545550280002515,0,12,6801.229861111111,1620.707141736119,5057,9473,5.296698611111111,0.9609955304001578,3.38,7.368,64.46671339404696,10.898693338964197,44.69944847760322,84.69745305212585,50.637866606012004,5.330972868721757,32.38694675440417,66.5573118556979,97.49583333333334,0.3737782971593978,96.3,99.0,33.520002777777776,0.21658378627207542,32.888,34.124,0.375,0.4842911041133011,0,1,49.34876206474207,6.526856809637355,30.188124243451956,70.86070729211538,64.46875,11.811720594316204,40,92,50.64618055555555,10.447767399621405,13.2,85.5,49.34159722222222,13.113808728931701,5.1,95.0,97.49645833333332,0.8135885288655414,94.8,100.0,33.51947916666667,0.5016972647925715,31.96,35.06,5.296798611111111,1.1274138928942883,2.44,8.28,64.46292706291,10.803793147334066,46.75729535967848,82.71645084937914,64.46227312199383,10.684879380536893,48.48871111496179,81.14805759078233,0.0010183029765150643,1.8614712538955338,-5.940485375601973,6.500791087639492,50.25684836141201,0.0,50.25684836141202,50.25684836141202,3.486707114511552,1.1461238955573771,0.7371222461017926,7.950776837097252,2.9936381377399166,1.2204066913466745,0.3553626653211447,8.229962896852445,50.642719590337535,3.448087894753692,42.58915325090218,57.53540517198198,540.0,0.0,540.0,540.0,0.375,0.0,0.375,0.375,0.3,0.0,0.3,0.3,0.19074074074074077,0.0,0.19074074074074074,0.19074074074074074,70.0,0.0,70.0,70.0,94.9,0.0,94.9,94.9,0.5347222222222222,0.64801181412849,0,2,46.0,36.00600289693813,0.0,97.0,1.984670138888889,1.0598809438941719,1.225,4.9,49.318377817030374,16.227100283218604,15.499155830674383,84.96326700963765,56.46600227292839,10.364158626427328,37.89456117109082,74.63115175227225,0.015277777777777777,0.12269809298218744,0.0,1.0,0.02638888888888889,0.1603445348479629,0.0,1.0,0.0,0.0,0.0,0.0,0.0,0.0,0.0,0.0,0.041666666666666664,0.199895733766482,0.0,1.0,59.382083333333334,4.124933739228174,45.8,68.3,user_001,1440
2024-01-12,3.0722222222222224,2.9490094317976916,0,14,11203.21388888889,1618.0275580722314,9473,13897,5.301166666666667,0.9608447377937468,3.2939999999999996,7.209999999999999,64.71645155379998,10.697040794843812,46.67279726704836,85.69349632575033,50.677665163904216,5.553328798439497,32.531156822289915,66.8567378840061,97.49819444444444,0.38349414499622436,96.3,98.67999999999999,33.490474999999996,0.23217665254007055,32.85,34.260000000000005,0.375,0.4842911041133011,0,1,49.040161224189056,6.472950403525212,30.03141329025209,70.30782738478725,64.71458333333334,11.598437919014032,40,92,50.68659722222222,10.557932156868613,20.6,86.8,49.027361111111105,13.288860094884708,10.2,87.4,97.49791666666667,0.8127945555772953,94.9,100.0,33.490541666666665,0.501770858154518,31.79,35.18,5.301013888888889,1.127101579548193,2.43,8.28,64.72020520925858,10.592557464699434,47.86089012970669,83.60737624851843,64.7161363272512,10.473107589744723,49.18444384992905,80.37186490808573,-0.0009341102333265658,1.8278270832163932,-4.972441244978469,7.985103157760079,50.25684836141201,0.0,50.25684836141202,50.25684836141202,3.4980855769163948,1.0771911174503064,0.8348931861602854,7.276100138612094,3.057927663393979,1.2082943479598443,0.5572856603659853,8.258687378727616,50.614428366984775,3.499209185116527,41.565967078122036,57.28640223733005,540.0,0.0,540.0,540.0,0.375,0.0,0.375,0.375,0.2722222222222222,0.0,0.2722222222222222,0.2722222222222222,0.20555555555555555,0.0,0.20555555555555555,0.20555555555555555,71.5,0.0,71.5,71.5,94.9,0.0,94.9,94.9,0.5215277777777778,0.6377801140385472,0,3,46.083333333333336,36.24691403317557,0.0,102.0,1.96,1.0452097122582753,1.225,8.575,49.55072588670283,16.265339936761702,18.558713827572006,84.825701812132,56.74907435875139,10.32629896153504,35.181285831184184,74.29467101098719,0.0125,0.11114102755310223,0.0,1.0,0.024305555555555556,0.1540495880461077,0.0,1.0,0.0,0.0,0.0,0.0,0.0,0.0,0.0,0.0,0.03680555555555556,0.18834952197750876,0.0,1.0,59.55166666666666,4.442782404853157,45.5,68.2,user_001,1440
2024-01-13,3.1368055555555556,3.0068313818188184,0,14,15688.804166666667,1660.4633622359688,13897,18414,5.308877777777777,0.9485353570008951,3.364,7.154000000000001,64.59520619829024,10.799112645757097,44.82019587970367,84.92615561398819,50.58313924849285,5.182902753232222,35.27233183325194,65.88124928811631,97.49351388888888,0.34971230081903126,96.5,98.76,33.487209722222225,0.21617356014450778,32.754,34.266,0.375,0.4842911041133011,0,1,49.258088439938554,6.240536643341957,31.51766238082118,71.64060926877256,64.59444444444445,11.729080872796867,40,92,50.57951388888889,10.007442180652953,16.4,82.4,49.26465277777778,12.581239848550176,6.6,92.9,97.49319444444446,0.796296721123458,94.5,100.0,33.48693055555555,0.4906501997591221,31.96,35.19,5.3086319444444445,1.1094616781931312,2.22,8.0,64.5956202368794,10.700863187347894,46.370784905169636,82.5745490808417,64.60380328042477,10.564699924149469,49.10261974141602,80.62254088638957,-0.00038087692289735645,1.8676322142959387,-6.219428772254787,5.128017793346089,50.25684836141201,0.0,50.25684836141202,50.25684836141202,3.327835245858257,1.0768321796437301,0.675760678000436,6.955357720846963,2.8794531865148967,1.1835911876841214,0.382304116535585,7.977735100388424,50.62060560615419,3.499236768327557,43.63353614088211,57.03705098482437,540.0,0.0,540.0,540.0,0.375,0.0,0.375,0.375,0.2851851851851852,0.0,0.2851851851851852,0.2851851851851852,0.2,0.0,0.2,0.2,70.9,0.0,70.9,70.9,94.9,0.0,94.9,94.9,0.5472222222222223,0.6589254044241082,0,3,47.052083333333336,36.65200903539648,0.0,101.0,2.009340277777778,1.0939892391429598,1.225,8.575,49.5260895124632,16.162548150088103,19.006415032563822,83.73795114848645,56.59242895269598,10.315117069184566,36.69029858583778,72.84208529510082,0.011111111111111112,0.10485842807805607,0.0,1.0,0.029861111111111113,0.17026319858084837,0.0,1.0,0.0,0.0,0.0,0.0,0.0,0.0,0.0,0.0,0.04097222222222222,0.19829474360964966,0.0,1.0,59.49625,4.294861722260973,47.6,67.3,user_001,1440
2024-01-14,3.142361111111111,2.962097369855935,0,13,10565.582638888889,8537.352527534913,5,19999,5.303483333333333,0.9611324365185802,3.2020000000000004,7.484,64.54693967263746,10.983666515486346,44.55489247069213,85.45671555631812,50.579596089626435,5.534230166792829,35.14955762202764,68.52474963091619,97.50594444444444,0.37435542523483667,96.34,98.96000000000001,33.50788472222222,0.2126590005057418,32.766000000000005,34.218,0.375,0.4842911041133011,0,1,49.35638322300362,6.585886544648199,27.146363492325367,68.43294234482657,64.54583333333333,11.867784922701789,40,94,50.58291666666666,10.693846819478544,19.6,85.0,49.35180555555556,13.392141268122431,5.9,91.7,97.50638888888889,0.8204988491865671,95.0,100.0,33.508180555555555,0.50016566613052,31.84,35.04,5.303597222222223,1.1255309815999182,2.21,8.66,64.54777908102574,10.883146777007285,46.40102889145048,83.4271372182831,64.5590107783117,10.736666394510323,48.4389114686352,80.75882100855944,-0.0005531696520630507,1.8334738785234967,-6.092097341099205,6.318632853341114,50.25684836141201,0.0,50.25684836141202,50.25684836141202,3.5438334209364326,1.1710623709692418,0.7873540807455314,7.590676496182723,2.9896963005471524,1.2210761451485652,0.33689209373272067,8.460975895572856,50.52885758857217,3.704684534269125,42.49505595900512,59.858131180350306,540.0,0.0,540.0,540.0,0.375,0.0,0.375,0.375,0.3111111111111111,0.0,0.3111111111111111,0.3111111111111111,0.2037037037037037,0.0,0.2037037037037037,0.2037037037037037,71.4,0.0,71.4,71.4,94.9,0.0,94.9,94.9,0.5506944444444445,0.6295366582961448,0,3,47.135416666666664,36.945902583180875,0.0,98.0,1.990625,1.0168386631720263,1.225,8.575,49.47227675599022,16.64426165972316,12.981414086227158,80.78238891244949,56.74140145793379,10.624360907909484,38.24296459495211,78.97342826787875,0.014583333333333334,0.11991933239532476,0.0,1.0,0.025694444444444443,0.1582770891166263,0.0,1.0,0.0,0.0,0.0,0.0,0.0,0.0,0.0,0.0,0.04027777777777778,0.20362232014836976,0.0,2.0,59.529444444444444,4.163454253888467,47.6,68.3,user_001,1440
2024-01-15,3.098611111111111,2.9679779540396183,0,13,4708.069444444444,1635.335811222267,2939,7401,5.282598611111111,0.9749729384520603,3.0520000000000005,7.394,64.44664142583272,10.915026883454328,44.5675635684403,84.09352405069097,50.46641984070074,5.664255026986737,33.37170297551326,68.86141787562049,97.47434722222222,0.3685525529513097,96.16,98.8,33.49811527777778,0.22735772779714916,32.784000000000006,34.273999999999994,0.375,0.4842911041133011,0,1,50.01079736192004,6.496707167737857,33.21546212591592,69.57475646307016,64.44722222222222,11.789324769427358,40,92,50.45645833333334,10.620211627956625,20.1,85.9,50.02701388888889,13.207529365428403,3.1,87.2,97.47381944444443,0.8069550834094869,95.0,100.0,33.498333333333335,0.5018469016713811,32.01,35.15,5.282493055555555,1.1279681406974473,2.3,8.51,64.44412787174493,10.815299039377107,46.38300072922013,82.64436721239584,64.43131326039166,10.719086526852667,48.73878482494179,80.53182448329781,0.0002903981947483203,1.8197126292097028,-5.402425599458525,5.7383398479317975,50.25684836141201,0.0,50.25684836141202,50.25684836141202,3.4818403623595184,1.1564902150248961,0.5385955292287744,7.216638693229329,3.024550098062391,1.2488165253415446,0.3875313381631209,8.12961468548242,50.51351197607721,3.824584569405662,41.22651817556678,58.89623524276112,540.0,0.0,540.0,540.0,0.375,0.0,0.375,0.375,0.3055555555555556,0.0,0.3055555555555556,0.3055555555555556,0.2111111111111111,0.0,0.2111111111111111,0.2111111111111111,72.0,0.0,72.0,72.0,94.9,0.0,94.9,94.9,0.5402777777777777,0.6335883933448426,0,3,46.479166666666664,36.32556225642366,0.0,105.0,1.9804166666666667,1.027499833031509,1.225,8.575,49.48127596894601,16.683287111624775,18.11759931156634,82.29678903834731,56.93562976907646,10.717819427045475,36.32640987795688,75.8890380087436,0.016666666666666666,0.12806357003774763,0.0,1.0,0.029861111111111113,0.17026319858084837,0.0,1.0,0.0,0.0,0.0,0.0,0.0,0.0,0.0,0.0,0.04652777777777778,0.21069829776637078,0.0,1.0,59.64458333333333,4.322148925506842,47.9,68.3,user_001,1440
2024-01-16,3.2041666666666666,3.062242316597337,0,15,9238.701388888889,1692.5041851281574,7401,12015,5.2569333333333335,0.9373954489211558,3.348,7.164,64.39454506976404,10.447956719160208,45.47404938069851,84.01310532750924,50.82231904291132,5.720558242819873,29.518722670678837,69.29018280343857,97.49363888888888,0.3743114431105699,96.22,98.94,33.48130277777778,0.22770418978684498,32.888,34.202,0.375,0.4842911041133011,0,1,49.3245518196959,6.439637809962745,29.34040236072413,70.09739619222292,64.39444444444445,11.372581891159514,40,91,50.820277777777775,10.659342846340788,11.0,87.8,49.329166666666666,13.140385287495276,9.3,98.2,97.4938888888889,0.7902578384059676,94.3,100.0,33.48105555555556,0.5101764915258229,31.89,35.33,5.257423611111111,1.1082544989606178,2.44,8.7,64.39524803816931,10.345872681509649,47.048238590101434,82.32617976252158,64.40513093405804,10.216453227187772,48.974124253832706,79.52783842844671,-5.0312659795616175e-05,1.8336115523113212,-6.9127889683143735,5.950627143604642,50.25684836141201,0.0,50.25684836141202,50.25684836141202,3.478016310774175,1.1722110683627847,0.6826512541699411,7.516413766893692,3.048572448154287,1.352226802846829,0.3964635770775722,9.260057906825669,50.83327545505305,3.6764121459470216,41.504779256295436,61.19721847969916,540.0,0.0,540.0,540.0,0.375,0.0,0.375,0.375,0.28888888888888886,0.0,0.28888888888888886,0.28888888888888886,0.19814814814814818,0.0,0.19814814814814816,0.19814814814814816,70.6,0.0,70.6,70.6,94.9,0.0,94.9,94.9,0.5597222222222222,0.6557936000960632,0,3,48.0625,37.58066029877611,0.0,102.0,2.022951388888889,1.108822634546845,1.225,8.575,49.00817627080914,15.954930668214505,16.562339381734667,82.24895245957094,56.86887527532068,10.183800336873013,36.79773795404649,77.22614456001214,0.010416666666666666,0.101564379292497,0.0,1.0,0.03333333333333333,0.17956785434898115,0.0,1.0,0.0,0.0,0.0,0.0,0.0,0.0,0.0,0.0,0.04375,0.2079780384781736,0.0,2.0,59.827986111111116,4.183002947891902,47.8,69.5,user_001,1440
2024-01-17,3.1465277777777776,3.0346713932201896,0,15,13794.757638888888,1657.0102668998547,12015,16546,5.278544444444445,0.967185434370442,3.442,7.272,64.45343938324407,10.785490102042328,44.78179506455507,83.64532312314516,50.78927088812967,5.7330261651356205,34.791533915137855,66.71509140340588,97.47769444444445,0.34073495510234386,96.06,98.58,33.49812083333333,0.22452682850044714,32.714,34.298,0.375,0.4842911041133011,0,1,48.84043887073832,7.154501058642188,28.814207163214615,71.51034225084226,64.45138888888889,11.607867896248178,40,91,50.799791666666664,10.673603725819609,18.7,82.0,48.81604166666667,13.69735723275007,5.4,89.4,97.47819444444445,0.7707722477658551,94.7,100.0,33.49782638888889,0.48572513482408597,32.05,35.17,5.2781111111111105,1.1179482292927947,2.21,8.28,64.45539081775071,10.694759374738132,46.486984482764015,82.11541918142085,64.44645842531533,10.598543064502348,48.15831479299584,80.40633508693776,-0.001025247177597224,1.7488380864667312,-5.150943766744533,5.4612733360496435,50.25684836141201,0.0,50.25684836141202,50.25684836141202,3.4717897983069603,1.1911231163173357,0.6169230620525852,8.511102558476365,2.9758792776909533,1.261681526082354,0.3477578288085857,9.639012525913824,50.77303720416308,4.021414083822136,42.85474243885928,59.19404805846888,540.0,0.0,540.0,540.0,0.375,0.0,0.375,0.375,0.3,0.0,0.3,0.3,0.20555555555555555,0.0,0.20555555555555555,0.20555555555555555,71.7,0.0,71.7,71.7,94.9,0.0,94.9,94.9,0.5541666666666667,0.6530917542519238,0,3,47.197916666666664,36.84064620997939,0.0,98.0,2.01359375,1.0846938053596096,1.225,8.575,49.134207607042484,16.885102762618878,14.181746102871353,81.35800449159461,57.1050579573594,10.87609424038013,38.925928428376814,76.15686655354976,0.0125,0.11114102755310222,0.0,1.0,0.027083333333333334,0.16238268871881764,0.0,1.0,0.0,0.0,0.0,0.0,0.0,0.0,0.0,0.0,0.03958333333333333,0.19504592214211208,0.0,1.0,59.82555555555556,4.306721765637142,47.8,68.8,user_001,1440
2024-01-18,3.0756944444444443,2.9911555177174143,0,14,13847.104166666666,7134.877179154707,1,19999,5.283756944444444,0.943233095234778,3.034,7.145999999999999,64.49334212878396,10.81441944250511,42.93602928380335,84.08922250683887,50.40399220131308,5.624501006170868,32.86225177278467,67.36381764628557,97.5158888888889,0.3582534870179821,96.42,98.6,33.48923611111111,0.23066431499950843,32.831999999999994,34.26800000000001,0.375,0.4842911041133011,0,1,49.019876234385286,6.622709369902878,30.310348491469085,69.05019351851239,64.49444444444444,11.63977376309862,40,90,50.406111111111116,10.673924577891938,10.0,84.1,49.02826388888889,13.234838826477521,5.6,95.2,97.515625,0.7897530148919498,95.3,100.0,33.48929166666667,0.4949778899463985,31.62,35.05,5.283444444444444,1.0981438998184705,2.13,8.3,64.49342944800105,10.724671643101257,45.58330386230729,82.36316764624587,64.50553365745658,10.594322445865478,48.439400404512284,80.56279862915753,0.0005511578302395422,1.759192581385975,-5.355080905891882,6.511233043604271,50.25684836141201,0.0,50.25684836141202,50.25684836141202,3.4959692056531617,1.2259535685253093,0.7433379081858514,7.563298476706631,2.947882466216673,1.2459213823895146,0.3793020452575178,7.833204562825061,50.38437185848297,3.93884367786537,42.010744791414936,59.73153660061277,540.0,0.0,540.0,540.0,0.375,0.0,0.375,0.375,0.31296296296296294,0.0,0.31296296296296294,0.31296296296296294,0.21296296296296297,0.0,0.21296296296296297,0.21296296296296297,72.2,0.0,72.2,72.2,94.9,0.0,94.9,94.9,0.5305555555555556,0.6503623598696355,0,3,46.135416666666664,36.180542897106946,0.0,100.0,1.9812673611111111,1.0836945570718177,1.225,8.575,49.6210735094955,16.74750236542751,18.230390663930088,84.43647589670358,56.86189859883368,10.76463652245395,37.21924405227464,76.81777029269217,0.02013888888888889,0.14052411628109426,0.0,1.0,0.029861111111111113,0.17026319858084826,0.0,1.0,0.0,0.0,0.0,0.0,0.0,0.0,0.0,0.0,0.05,0.21802066194297148,0.0,1.0,59.72215277777777,4.259591093007738,47.4,68.1,user_001,1440
2024-01-19,3.1284722222222223,3.0021109828986416,0,14,2762.204166666667,1655.9364733812158,975,5480,5.2901,0.9802436258846879,3.382,7.486,64.53750708004644,10.903061139859764,44.89580308654043,84.27162573321478,50.47046988941474,5.6239733669122725,33.42547623664136,69.17639927653805,97.50766666666667,0.34368012019517696,96.3,98.6,33.52077638888889,0.22012222266235038,32.844,34.215999999999994,0.375,0.4842911041133011,0,1,49.43661381834936,6.6609940712667015,26.980092754204446,67.42902465464762,64.53472222222223,11.782611181759345,40,92,50.46618055555556,10.86001403268755,15.2,86.3,49.43881944444444,13.261734153870403,4.7,99.6,97.50722222222223,0.8130472237023166,94.8,100.0,33.52090972222222,0.493159678566895,31.84,35.06,5.29025,1.143716832607492,1.98,8.35,64.54047006251136,10.803366510429298,46.67276254070039,82.76927524756931,64.53960119843651,10.669986673532986,48.23240671978469,80.32534481884475,-0.0013924289121060695,1.8192899484920293,-6.336484849575022,6.029886194366739,50.25684836141201,0.0,50.25684836141202,50.25684836141202,3.587247650713084,1.2306070732422136,0.7107706317445426,7.7226542002771055,3.096160351631662,1.3021652884046802,0.5864331168173051,9.418621535272216,50.48665565237876,3.608647913654716,42.01679169900812,57.91802599860755,540.0,0.0,540.0,540.0,0.375,0.0,0.375,0.375,0.3037037037037037,0.0,0.3037037037037037,0.3037037037037037,0.17962962962962964,0.0,0.17962962962962964,0.17962962962962964,68.9,0.0,68.9,68.9,94.9,0.0,94.9,94.9,0.5472222222222223,0.6472204368504761,0,3,46.927083333333336,36.63207888504131,0.0,96.0,1.999982638888889,1.0694066388023973,1.225,8.575,49.59326190549393,16.39703291103454,13.844106677606245,85.79026722153196,55.91366664124181,10.441884052458569,32.89089418427195,74.67091501247886,0.015277777777777777,0.12269809298218745,0.0,1.0,0.024305555555555556,0.15404958804610774,0.0,1.0,0.0,0.0,0.0,0.0,0.0,0.0,0.0,0.0,0.03958333333333333,0.19504592214211197,0.0,1.0,58.95513888888888,4.392498024656394,45.9,67.4,user_001,1440
2024-01-20,3.125,3.0284153469349437,0,14,7230.8875,1640.7474079905373,5480,9980,5.287476388888889,0.9494827973617587,3.154,7.13,64.37246892878457,10.806525691938374,44.42749358597509,83.33470797580576,50.66382459176267,5.676239553372054,34.255275187504225,68.90582183878062,97.49347222222222,0.36333051217364487,96.46,98.67999999999999,33.467979166666666,0.22167591394530964,32.658,34.062,0.375,0.4842911041133011,0,1,49.420652511181856,6.786741893377505,26.100458824094662,69.67870790597298,64.37777777777778,11.72064484397696,40,91,50.67,10.774006244795421,15.0,83.0,49.409375,13.61980896611453,3.3,98.2,97.49409722222222,0.8087515694171263,94.8,99.9,33.46839583333333,0.49675136043059354,31.81,34.82,5.287729166666667,1.1177115613527118,1.91,8.53,64.36955693855819,10.709283913245937,45.70111748133746,82.28795897011115,64.36819007425048,10.58681397446009,48.15088024580048,79.75638935721759,0.0026544244966042263,1.8601448608017852,-5.467449103283158,7.839869908342131,50.25684836141201,0.0,50.25684836141202,50.25684836141202,3.567337178450223,1.0920855914556833,0.7956657206035906,8.474188517050075,3.056763096261492,1.1893222190211916,0.28727714704270846,8.77529359123883,50.64370893310275,3.8039415102388014,42.73185421409563,59.38564479072355,540.0,0.0,540.0,540.0,0.375,0.0,0.375,0.375,0.32407407407407407,0.0,0.32407407407407407,0.32407407407407407,0.17222222222222222,0.0,0.17222222222222222,0.17222222222222222,68.3,0.0,68.3,68.3,94.9,0.0,94.9,94.9,0.5465277777777777,0.6642266995020621,0,3,46.875,37.07839205991055,0.0,106.0,2.0127430555555557,1.1410515872477618,1.225,8.575,49.176344836107305,16.566275302255693,14.46411597705962,80.46724840607077,56.03429969287665,10.63049062406891,37.3247154973291,76.98546710480107,0.011805555555555555,0.1080476356080838,0.0,1.0,0.022916666666666665,0.14968985773719443,0.0,1.0,0.0,0.0,0.0,0.0,0.0,0.0,0.0,0.0,0.034722222222222224,0.19418919456610537,0.0,2.0,59.000277777777775,4.084180219741862,46.9,69.2,user_001,1440
2024-01-21,3.1013888888888888,2.957328821943803,0,13,11757.270833333334,1644.1636256947422,9980,14446,5.271426388888889,0.9818907722709078,3.0420000000000003,7.214,64.44957255682117,10.927356001983032,45.13478930587157,85.07819544897454,50.96250565515773,5.415184114699878,36.07059719643641,67.72760857936647,97.51209722222224,0.3384772202427678,96.32000000000001,98.54,33.48969027777778,0.22770386914793858,32.714,34.3,0.375,0.4842911041133011,0,1,48.84540496074329,6.404828286536562,29.590263219162306,68.87769256824627,64.45208333333333,11.807545606613548,40,94,50.94215277777778,10.713037244838846,20.3,90.2,48.863055555555555,13.37642160696706,7.6,90.7,97.5123611111111,0.7860139374170882,95.0,99.9,33.4893125,0.5104793557064776,31.86,34.99,5.271729166666667,1.140975465759108,1.65,8.36,64.44636393806026,10.834454011182787,46.10800301966057,83.79374049667035,64.43770686698328,10.72681609245183,47.75387612127205,81.09748933115534,0.0012553882560864722,1.8292472304625915,-5.666857806656665,5.510977680803549,50.25684836141201,0.0,50.25684836141202,50.25684836141202,3.610018111925605,1.1147134986768417,0.7909156570135165,8.368577107924843,3.0633672554774805,1.2369732118781243,0.5145414978139229,13.738446172711983,50.98976272535696,3.485153574720627,44.49806561480093,59.504381671680065,540.0,0.0,540.0,540.0,0.375,0.0,0.375,0.375,0.2962962962962963,0.0,0.2962962962962963,0.2962962962962963,0.1962962962962963,0.0,0.1962962962962963,0.1962962962962963,70.7,0.0,70.7,70.7,94.9,0.0,94.9,94.9,0.5381944444444444,0.6348131249842167,0,3,46.520833333333336,36.297659236072896,0.0,98.0,1.9787152777777781,1.030774762508399,1.225,8.575,48.88750546677935,16.404674049616425,12.629567035480315,80.45571129446046,57.01142863608,10.470998928372778,39.043675154451286,77.41068436990135,0.011805555555555555,0.10804763560808384,0.0,1.0,0.02847222222222222,0.16637541148299362,0.0,1.0,0.0,0.0,0.0,0.0,0.0,0.0,0.0,0.0,0.04027777777777778,0.19667826807240008,0.0,1.0,59.61548611111111,4.208209047926552,48.1,68.0,user_001,1440
2024-01-22,3.109027777777778,2.9794154389427137,0,13,16213.929861111112,1637.011290491073,14446,18923,5.2687736111111105,0.9781686815474436,3.168,7.351999999999999,64.54978159284875,10.93433301737808,45.294052081169525,84.98231664519099,50.57120401602898,5.325359558282493,33.50732759076408,69.20849347821819,97.48852777777779,0.375075511404915,96.12,98.6,33.50089166666667,0.22237626131926067,32.7,34.184000000000005,0.375,0.4842911041133011,0,1,49.585563156179354,6.450310714632649,24.82307707543345,74.14814830746526,64.5423611111111,11.841418457500405,40,94,50.58819444444445,10.452681668796,17.1,87.3,49.577986111111116,13.32751943385227,4.1,91.0,97.48798611111111,0.8076261596218268,94.7,100.0,33.50094444444444,0.4951720456557065,32.09,35.2,5.268194444444444,1.1209211148095222,2.21,8.39,64.55486665947191,10.829892397701068,46.95452683145893,82.97479756063959,64.56571770516773,10.692878701917653,48.12732309885031,80.74183632702241,-0.003710240868821435,1.8455877878855558,-6.49651742731254,6.18452092718411,50.25684836141201,0.0,50.25684836141202,50.25684836141202,3.4720679874920912,1.1812855939807063,0.5563081547807723,7.579564737345944,3.0936864022507993,1.3090520892734852,0.20102490891654043,7.695915290093052,50.5562020549329,3.015874210133641,42.44117446832123,56.590227152702205,540.0,0.0,540.0,540.0,0.375,0.0,0.375,0.375,0.31851851851851853,0.0,0.31851851851851853,0.31851851851851853,0.17037037037037037,0.0,0.17037037037037037,0.17037037037037037,67.7,0.0,67.7,67.7,94.9,0.0,94.9,94.9,0.5479166666666667,0.649313396921564,0,3,46.635416666666664,36.518271472241956,0.0,107.0,2.0025347222222223,1.0748525597498273,1.225,8.575,49.510129032665304,15.773203025864436,18.531126787113426,84.36384275467567,55.62092977323676,9.876606322459146,35.341055826416095,72.07006791291737,0.013888888888888888,0.11707051450463932,0.0,1.0,0.029166666666666667,0.16833196296834294,0.0,1.0,0.0,0.0,0.0,0.0,0.0,0.0,0.0,0.0,0.043055555555555555,0.20644675096428106,0.0,2.0,58.73666666666667,4.270491539004793,45.0,67.4,user_001,1440
2024-01-23,3.129166666666667,2.9984910497447856,0,14,9531.191666666668,8559.324462178864,0,19994,5.291858333333333,0.9697474260121175,3.378,7.32,64.36478089901672,10.763974206144619,45.50126854006246,86.35611017807635,50.77407918739233,5.561517036409314,34.436095012613556,67.44804119373364,97.48155555555556,0.3603686202059764,96.28,98.5,33.486149999999995,0.2191563576617056,32.806,34.202,0.375,0.4842911041133011,0,1,48.808109113129895,6.573434599085641,27.69566913064217,68.15764051896222,64.37361111111112,11.721252806499482,40,95,50.77076388888889,10.57022839840869,16.8,87.3,48.802361111111104,13.3299094160375,0.2,95.6,97.48236111111112,0.807716421823615,94.6,100.0,33.486173611111106,0.5174551620685311,31.59,35.42,5.2926111111111105,1.137528556857626,2.48,8.57,64.3585158711566,10.667665366469311,46.954695044271034,84.00116039645093,64.35224556646301,10.5493772227784,48.45516347355008,81.32431954931535,0.004415106047195898,1.90512256667204,-8.215351630585516,6.176865615882036,50.25684836141201,0.0,50.25684836141202,50.25684836141202,3.4877301290711764,1.1515550110776003,0.7778306720686721,7.62572527427834,2.983368154706251,1.199440317854951,0.4677862492996713,9.229430263096301,50.78649233825624,3.844948006855285,42.51132904800361,59.437283435584085,540.0,0.0,540.0,540.0,0.375,0.0,0.375,0.375,0.3055555555555556,0.0,0.3055555555555556,0.3055555555555556,0.21851851851851853,0.0,0.21851851851851853,0.21851851851851853,72.9,0.0,72.9,72.9,94.9,0.0,94.9,94.9,0.5472222222222223,0.6450694425767464,0,3,46.9375,36.68772467413474,0.0,98.0,1.99828125,1.0754974837033435,1.225,8.575,49.0178258006666,16.565465094691454,15.663414088795639,85.48919965434867,57.53775382739004,10.64014271599471,36.69144200624155,77.15151102643414,0.013194444444444444,0.11414639404811405,0.0,1.0,0.025694444444444443,0.15827708911662625,0.0,1.0,0.0,0.0,0.0,0.0,0.0,0.0,0.0,0.0,0.03888888888888889,0.2004550456106975,0.0,2.0,59.97527777777778,4.40221688173845,45.1,68.8,user_001,1440
2024-01-24,3.1555555555555554,2.9655369999534362,0,13,5261.550694444444,1677.2867270170973,3429,7973,5.270280555555555,0.9675866220649869,3.278,7.258,64.5031219965391,10.721954408444798,45.15893495647077,86.18674802871074,51.05408469452699,6.135996881426856,33.946868380727985,69.98861769106831,97.52900000000001,0.3542347407632199,96.3,98.74,33.480958333333334,0.2177104526869858,32.762,34.162,0.375,0.4842911041133011,0,1,48.858849448271435,7.179480711887471,29.978174295531847,70.58017145833787,64.49722222222222,11.69629547884051,40,96,51.040416666666665,11.110677888145304,12.7,85.0,48.87215277777777,13.877475195743306,9.7,100.0,97.528125,0.8029700502931757,95.0,100.0,33.480958333333334,0.4960604195950441,31.91,35.34,5.269652777777778,1.1395192488097112,2.18,8.15,64.50521343253853,10.61447064061795,46.60831035756833,84.22351352747584,64.48919629953058,10.501604372180369,48.856728204390635,80.42446573827377,-0.0029498871584345684,1.9011055508307066,-6.130637415136135,6.281874509025634,50.25684836141201,0.0,50.25684836141202,50.25684836141202,3.576251702734237,1.2243870088917908,0.413957874304417,8.294530857576051,3.1296761268659274,1.3108955016991426,0.47509015799009835,10.523048335053101,51.052445121356456,4.242878460319035,43.06116911911665,60.085752631005725,540.0,0.0,540.0,540.0,0.375,0.0,0.375,0.375,0.28703703703703703,0.0,0.28703703703703703,0.28703703703703703,0.18148148148148152,0.0,0.1814814814814815,0.1814814814814815,69.3,0.0,69.3,69.3,94.9,0.0,94.9,94.9,0.5472222222222223,0.6363927664765594,0,3,47.333333333333336,36.96332912213837,0.0,103.0,1.9914756944444447,1.0350077932749553,1.225,8.575,48.84770814413328,17.03587186282946,17.18178809574609,83.53239403497751,56.630196262561306,10.9905603765133,38.409490407829836,76.80205651909105,0.013888888888888888,0.11707051450463947,0.0,1.0,0.029166666666666667,0.16833196296834274,0.0,1.0,0.0,0.0,0.0,0.0,0.0,0.0,0.0,0.0,0.043055555555555555,0.20644675096428086,0.0,2.0,59.56027777777778,4.416132838661753,46.5,69.4,user_001,1440
2024-01-25,3.0430555555555556,2.9634477595759336,0,15,9684.572222222223,1605.8192794851363,7973,12355,5.268480555555556,0.9524279859492929,3.182,7.186,64.2462384984467,10.694415522323357,42.60291954739596,83.33290616663129,50.81937361386233,5.285439432353584,34.72327812057809,66.29396480187226,97.51337500000001,0.3425356106229306,96.4,98.64,33.49871944444445,0.22850106277294477,32.678,34.257999999999996,0.375,0.4842911041133011,0,1,49.27984414301732,6.6425164369549154,28.141630561008963,69.05695325321956,64.24791666666667,11.601756766819479,40,89,50.83284722222223,10.407311414246182,20.5,82.1,49.27409722222222,13.375649304610846,6.6,90.2,97.51340277777777,0.8216372603665054,94.8,100.0,33.49888888888889,0.48117907523882186,32.07,35.07,5.268791666666667,1.1109086669774142,2.29,8.02,64.24765716465316,10.588943273741117,45.31786680278083,81.99125708866468,64.26414300219831,10.434062365458058,47.5991312378105,79.49735091297663,0.0008390841099852281,1.8384486118463916,-6.228576715841683,5.8598116547590635,50.25684836141201,0.0,50.25684836141202,50.25684836141202,3.475025569371082,1.1473876248571802,0.7308042324267328,8.053939072871492,2.983607609722863,1.199172564997394,0.49622083578365894,8.365931235998474,50.82154545888928,3.4244136437628567,43.78522628515341,58.08731716968472,540.0,0.0,540.0,540.0,0.375,0.0,0.375,0.375,0.29074074074074074,0.0,0.29074074074074074,0.29074074074074074,0.22407407407407404,0.0,0.22407407407407406,0.22407407407407406,73.3,0.0,73.3,73.3,94.9,0.0,94.9,94.9,0.5118055555555555,0.6423762055106207,0,3,45.645833333333336,35.632236411941214,0.0,97.0,1.9514930555555556,1.0580663358423121,1.225,8.575,48.862369797030816,16.018010562856688,16.47552281367285,83.92608325847581,57.74487969432479,10.163555951884888,38.921972874304174,76.49833945154366,0.017361111111111112,0.13065817303496727,0.0,1.0,0.029166666666666667,0.16833196296834282,0.0,1.0,0.0,0.0,0.0,0.0,0.0,0.0,0.0,0.0,0.04652777777777778,0.2139710885773339,0.0,2.0,60.081805555555555,4.0521481966156205,47.5,68.8,user_001,1440
2024-01-26,3.1680555555555556,3.06126130009064,0,14,14173.631944444445,1680.0949853460559,12355,16917,5.2793,0.9544767939783676,3.35,7.256,64.51230916310853,10.807311183565059,45.208046996890324,84.98374337945599,50.69228052462509,5.0046637638268905,35.241314455364794,67.89801672836124,97.51488888888889,0.35739772756020904,96.52000000000001,98.53999999999999,33.500077777777776,0.22474632335200131,32.76,34.45399999999999,0.375,0.4842911041133011,0,1,49.43402653588553,6.257036766910744,26.884917749642725,68.32239155044039,64.51388888888889,11.653609623186867,40,94,50.69402777777778,10.4222135622811,19.0,87.3,49.416875000000005,13.662848383365674,2.7,97.4,97.514375,0.8142034983295916,95.1,100.0,33.499611111111115,0.509855872358389,31.93,35.49,5.278791666666667,1.1167697938301326,2.33,8.02,64.5097744454765,10.716102349721803,46.91498338037353,82.25568365789891,64.50942431470448,10.596504131818175,49.041705278146694,80.02800612917675,0.0007898628901854703,1.7819472918168051,-6.081275978548824,5.387077463415814,50.25684836141201,0.0,50.25684836141202,50.25684836141202,3.5342274879196807,1.188818541904795,0.5201907868505079,7.914769164516831,3.0406227530356165,1.2199950624373488,0.30091278844053754,8.126346367407768,50.674765157523964,2.827110151816041,43.847398574371525,56.92536333112407,540.0,0.0,540.0,540.0,0.375,0.0,0.375,0.375,0.3148148148148148,0.0,0.3148148148148148,0.3148148148148148,0.20555555555555555,0.0,0.20555555555555555,0.20555555555555555,71.3,0.0,71.3,71.3,94.9,0.0,94.9,94.9,0.5569444444444445,0.6644609678013068,0,3,47.520833333333336,37.198445862235594,0.0,105.0,2.0263541666666667,1.1194824108597954,1.225,8.575,49.29890784748717,15.470280883240848,18.02180696900057,79.37513672844707,56.85969979930282,9.717140328790366,38.1433510750167,73.18539477053521,0.015277777777777777,0.12269809298218738,0.0,1.0,0.025694444444444443,0.15827708911662636,0.0,1.0,0.0,0.0,0.0,0.0,0.0,0.0,0.0,0.0,0.04097222222222222,0.19829474360964983,0.0,1.0,59.59826388888889,3.9698066200035282,47.9,68.2,user_001,1440
2024-01-27,3.1256944444444446,3.0123961296059227,0,13,13037.961805555555,7684.057092190191,2,19994,5.285770833333333,0.947616445975436,3.502,7.078,64.39686963436299,10.675766188619813,44.52423292525814,84.07272286472009,50.32172126159635,5.4479897138201885,34.961697006311404,67.58972694490771,97.50826388888889,0.3330592500114993,96.52000000000001,98.85999999999999,33.4954625,0.2282673596332551,32.714000000000006,34.36,0.375,0.4842911041133011,0,1,49.83339728571632,6.536411090485098,28.99501610292252,69.99477917753158,64.3951388888889,11.526751251817696,40,92,50.31923611111111,10.558834707580987,15.7,89.0,49.85138888888889,13.114981890216114,6.9,97.5,97.50881944444446,0.7791221129518723,95.1,100.0,33.49579861111111,0.4924839408191038,32.01,35.42,5.2860625,1.1061967644619324,2.48,8.2,64.39980789674348,10.580084097478137,46.055109560245576,82.70358916967585,64.39303546727483,10.45965767816175,48.88359127535848,80.60466712992326,-0.0008653727370468002,1.77231948558817,-6.07105863657123,5.502236840068846,50.25684836141201,0.0,50.25684836141202,50.25684836141202,3.5025340742195783,1.1740312917868998,0.8630138506161719,7.406388260847213,2.968131121527682,1.1403685904097387,0.48751762986930164,7.256392651196252,50.352915166356716,3.844657403686573,41.81709688422336,59.35868772653972,540.0,0.0,540.0,540.0,0.375,0.0,0.375,0.375,0.28888888888888886,0.0,0.28888888888888886,0.28888888888888886,0.20185185185185187,0.0,0.20185185185185187,0.20185185185185187,71.2,0.0,71.2,71.2,94.9,0.0,94.9,94.9,0.5451388888888888,0.6548403049849763,0,3,46.885416666666664,36.762465503212795,0.0,102.0,2.0033854166666667,1.0891790780208905,1.225,8.575,49.608689161829076,16.37107429651609,16.6207676648159,80.00222131137066,56.57550347982114,10.560647784102477,37.51207516851483,76.19626478215673,0.01875,0.13568796214689594,0.0,1.0,0.03125,0.17405308193218055,0.0,1.0,0.0,0.0,0.0,0.0,0.0,0.0,0.0,0.0,0.05,0.2180206619429714,0.0,1.0,59.59979166666666,4.207666151068378,47.7,67.6,user_001,1440
2024-01-28,3.0770833333333334,2.953713314102112,0,14,3171.7381944444446,1625.7096472165713,1418,5849,5.301829166666667,0.9890186859037178,3.442,7.406000000000001,64.70983701371141,10.987637051434689,44.78231115407866,86.95573639955195,51.003711730599996,5.839539743477123,35.41304906859421,67.54553310896995,97.49361111111111,0.3712499988625935,96.36,98.6,33.50411388888889,0.21921026572490268,32.718,34.278000000000006,0.375,0.4842911041133011,0,1,48.7074778713398,6.650579391070662,25.50237087233165,66.91548580246265,64.71180555555556,11.859420926064093,40,93,50.998194444444444,10.76657683406406,17.5,90.2,48.702083333333334,13.198577264230451,0.0,85.3,97.49347222222222,0.8089400742349132,95.1,99.8,33.503993055555554,0.49259431491850614,31.85,35.04,5.301972222222222,1.1379065910388848,2.48,8.12,64.70765519310827,10.8928857703756,46.47355859171771,85.35224785260608,64.7080332143487,10.752025675577961,48.66968240123251,81.73157731182998,0.0009842709220770018,1.8244817493260517,-6.08878836706279,5.599745507740678,50.25684836141201,0.0,50.25684836141202,50.25684836141202,3.4992393661024424,1.1662862581536373,0.8616790689585604,7.8026493395342555,3.043124357601182,1.2452334488390127,0.42037791266632746,7.6100305771927,50.967032220606384,4.049361106893614,42.57829341609703,58.48846717282265,540.0,0.0,540.0,540.0,0.375,0.0,0.375,0.375,0.30185185185185187,0.0,0.30185185185185187,0.30185185185185187,0.2,0.0,0.2,0.2,71.1,0.0,71.1,71.1,94.9,0.0,94.9,94.9,0.5395833333333333,0.6358218759659926,0,3,46.15625,36.04377158805487,0.0,100.0,1.9812673611111111,1.0394900932535065,1.225,8.575,49.14128044449993,17.07690433053849,14.578895013138881,85.77980853027364,56.96777678647367,10.968896467622509,35.75102552700701,76.97913372832113,0.013888888888888888,0.11707051450463939,0.0,1.0,0.022916666666666665,0.14968985773719448,0.0,1.0,0.0,0.0,0.0,0.0,0.0,0.0,0.0,0.0,0.03680555555555556,0.1883495219775089,0.0,1.0,59.57972222222222,4.539890975422268,44.9,69.8,user_001,1440
2024-01-29,3.088888888888889,2.943836356921413,0,13,7595.204861111111,1631.1657096439483,5849,10297,5.325227777777778,0.9551885672210942,3.0959999999999996,7.266,64.65724608257193,10.632680598328694,44.72977801135454,85.6460207545117,50.412307528151054,5.070694759645493,32.53328974346565,64.33769611632607,97.48095833333332,0.3677324516698475,96.38,98.53999999999999,33.498529166666664,0.23259933246127615,32.674,34.344,0.375,0.4842911041133011,0,1,49.43688232001628,6.034068557999362,32.68604006929458,68.33892368694717,64.65277777777777,11.536159090715099,40,95,50.41770833333333,10.194580801528911,18.0,81.0,49.431041666666665,12.868635001760966,12.4,90.7,97.48083333333332,0.7962520789145964,94.9,100.0,33.498423611111114,0.5081951888431485,31.68,35.19,5.325020833333333,1.1236584617623215,2.39,8.33,64.65937195945011,10.531959183266421,46.55682232170449,83.72394655112204,64.67712673859664,10.382271731867345,48.41773545300839,80.85830984680675,-0.00223415239707268,1.8210484681590138,-5.234543641959277,5.383627143627415,50.25684836141201,0.0,50.25684836141202,50.25684836141202,3.4403982471569425,1.1024885548323977,0.6202774359503581,7.172626351285021,2.9130340102175385,1.1156659493661294,0.29298191325967493,7.68101035121839,50.45820845214015,3.2612001831165274,42.26555607864568,57.422948921312674,540.0,0.0,540.0,540.0,0.375,0.0,0.375,0.375,0.28888888888888886,0.0,0.28888888888888886,0.28888888888888886,0.20185185185185187,0.0,0.20185185185185187,0.20185185185185187,71.0,0.0,71.0,71.0,94.9,0.0,94.9,94.9,0.5416666666666666,0.6443748148517969,0,3,46.333333333333336,36.17248848037828,0.0,98.0,1.990625,1.0619863963235938,1.225,8.575,49.80330840711452,15.671992109908016,20.15194991157447,82.3355964027013,56.41666713817733,9.960646944508266,38.104176713967256,73.5521504448009,0.011111111111111112,0.10485842807805604,0.0,1.0,0.027777777777777776,0.16439264022169936,0.0,1.0,0.0,0.0,0.0,0.0,0.0,0.0,0.0,0.0,0.03888888888888889,0.20045504561069755,0.0,2.0,59.41972222222222,4.150884253935333,47.2,68.3,user_001,1440
2024-01-30,3.1625,3.0529238426271235,0,15,12114.638194444444,1676.0447364707659,10297,14851,5.2932375,0.978622017255947,3.2,7.2219999999999995,64.58788272296252,10.870449113312704,45.086735367395725,87.09012709456283,50.86485878787601,5.619560723428048,34.52003592494597,71.02119382411834,97.48279166666667,0.3590493756223654,96.34,98.53999999999999,33.498490277777776,0.21260973108288836,32.8,34.122,0.375,0.4842911041133011,0,1,49.25792928534223,6.575105869318904,25.346453120255404,70.6332865384085,64.59236111111112,11.79780182268164,40,92,50.86020833333333,10.705029568033284,18.9,90.6,49.262708333333336,13.337537809806044,4.7,85.9,97.48305555555557,0.7831470855328306,95.0,99.9,33.49861111111111,0.505250006729013,31.74,35.26,5.2931180555555555,1.1392806759546064,2.04,8.36,64.58471602903586,10.775160224865047,46.89417635433749,84.16680680793965,64.56655101219785,10.671855274157302,48.085024690601735,81.03312099231836,0.002239194074297717,1.8776249048851577,-5.484345684896617,6.810977733463204,50.25684836141201,0.0,50.25684836141202,50.25684836141202,3.508902335867033,1.2224162783705321,0.8277311799369382,7.762961564858371,3.0024918119205855,1.3185518497709356,0.48530547746188685,8.789163872822169,50.835644432248216,3.6681998006722982,42.968719705492454,58.48654721467492,540.0,0.0,540.0,540.0,0.375,0.0,0.375,0.375,0.2814814814814815,0.0,0.2814814814814815,0.2814814814814815,0.2222222222222222,0.0,0.2222222222222222,0.2222222222222222,73.2,0.0,73.2,73.2,94.9,0.0,94.9,94.9,0.5513888888888889,0.6617711731636952,0,3,47.4375,37.03112128616835,0.0,97.0,2.016996527777778,1.129363096686578,1.225,8.575,49.17609657530149,16.616159419690593,12.703773000380716,81.61122317582416,57.54409731901881,10.6175324972322,38.86899728162474,77.21979457300243,0.019444444444444445,0.1381289533454051,0.0,1.0,0.02847222222222222,0.1663754114829937,0.0,1.0,0.0,0.0,0.0,0.0,0.0,0.0,0.0,0.0,0.04791666666666667,0.2136641353898941,0.0,1.0,60.068472222222226,4.4348052174599,46.4,68.8,user_001,1440
2024-01-31,3.127083333333333,3.0247696171725393,0,13,16632.061805555557,1652.3962841421016,14851,19354,5.312794444444445,0.9558517259482776,3.2079999999999997,7.168000000000001,64.67476078265746,10.816774078151253,45.265510986351636,84.80566508283903,50.50565876758498,5.261447819503955,33.2411233943779,66.18987267046747,97.48783333333334,0.36040402777766156,96.3,98.74,33.48707916666667,0.22746660932210885,32.694,34.41,0.375,0.4842911041133011,0,1,49.687031582240444,6.418378729902914,25.805713130822834,72.04621916075493,64.67291666666667,11.645234935332853,40,92,50.51277777777777,10.385913004783868,10.9,84.4,49.69402777777778,13.090363457689216,5.6,96.1,97.48791666666668,0.7876962786379824,94.5,99.8,33.487069444444444,0.5052090252330198,31.77,35.4,5.312756944444445,1.1168904624110245,1.92,8.42,64.67508955037016,10.72428112568648,46.183523484334955,83.38516789807049,64.68116678873928,10.596329823555722,47.990480635629154,81.36969328210935,-0.0009220579953961305,1.7586910788074532,-7.498184988552673,5.497020249483704,50.25684836141201,0.0,50.25684836141202,50.25684836141202,3.460808036952038,1.1701776163820305,0.558070311820308,8.50284805836215,2.9773123575852884,1.2223711097132273,0.4429155985254378,8.171010257896171,50.50318088018074,3.2854556296072843,43.02103474989215,59.48092105135549,540.0,0.0,540.0,540.0,0.375,0.0,0.375,0.375,0.31296296296296294,0.0,0.31296296296296294,0.31296296296296294,0.21851851851851853,0.0,0.21851851851851853,0.21851851851851853,72.6,0.0,72.6,72.6,94.9,0.0,94.9,94.9,0.5527777777777778,0.6563893957390687,0,3,46.90625,36.70435140304207,0.0,98.0,2.0144444444444445,1.087436004700671,1.225,8.575,49.705685946742726,15.986522429044424,13.79027213006882,83.03295210546119,56.961684028736535,10.128375461157997,38.60930763808981,79.49580107132705,0.01597222222222222,0.12541145316260568,0.0,1.0,0.029166666666666667,0.1683319629683428,0.0,1.0,0.0,0.0,0.0,0.0,0.0,0.0,0.0,0.0,0.04513888888888889,0.2076808173752317,0.0,1.0,59.88305555555556,4.288519716518553,47.0,69.6,user_001,1440
2024-02-01,3.0861111111111112,2.9805160928009804,0,14,8744.306944444445,8472.532582093883,5,19999,5.2973944444444445,0.9623683029330897,3.2080000000000006,7.3180000000000005,64.52782125090587,10.807147253306626,45.18101322933162,85.22021190886026,50.767310719583676,5.696356193841436,30.881971323403036,67.84551712699806,97.48304166666665,0.37123676017553253,96.13999999999999,98.55999999999999,33.49616805555555,0.21794179580559686,32.772,34.098,0.375,0.4842911041133011,0,1,49.18934629485219,7.089343656997775,28.96779359278445,71.71974609234968,64.52083333333333,11.664566391578576,40,92,50.77166666666666,10.804572166825048,10.0,85.4,49.16791666666667,13.588982419214283,9.9,96.7,97.483125,0.8013799501677867,94.6,100.0,33.4960625,0.4966648842125516,31.99,35.01,5.297194444444444,1.1160508983699147,2.16,8.1,64.53421188259757,10.708121134458375,46.55063735735868,83.18139435251732,64.53869831815877,10.590667776915367,48.42732176543453,81.5649878268654,-0.00349395878627041,1.7810231125136742,-6.3248292077346235,5.851954641830808,50.25684836141201,0.0,50.25684836141202,50.25684836141202,3.573937672344239,1.1187494227227726,0.596610636493532,7.681254624377541,3.0594853731376657,1.2028847712856507,0.41934571965682127,7.517901981142764,50.74890681107048,3.845903742889896,41.01607134516225,59.37923132590699,540.0,0.0,540.0,540.0,0.375,0.0,0.375,0.375,0.2833333333333333,0.0,0.2833333333333333,0.2833333333333333,0.2351851851851852,0.0,0.2351851851851852,0.2351851851851852,74.5,0.0,74.5,74.5,94.9,0.0,94.9,94.9,0.5381944444444444,0.6380887601644432,0,3,46.291666666666664,36.288182306663025,0.0,95.0,1.9812673611111111,1.0394900932535065,1.225,8.575,49.23765987044427,16.715588932043843,17.547525170574,87.71518150373552,57.877425351346595,10.717603381641858,36.87763785154454,76.66787975939317,0.014583333333333334,0.11991933239532471,0.0,1.0,0.02638888888888889,0.16034453484796282,0.0,1.0,0.0,0.0,0.0,0.0,0.0,0.0,0.0,0.0,0.04097222222222222,0.19829474360964994,0.0,1.0,60.229791666666664,4.252601863705118,44.6,69.0,user_001,1440
2024-02-02,3.21875,3.070640833533205,0,14,5638.992361111111,1704.9789580331023,3798,8433,5.256675,0.9971609984924857,2.998,7.298000000000002,64.21587439746263,10.75224679534888,44.591494321000006,84.32240250658545,50.457283171455025,5.67448797572612,33.6495084329846,66.21357379720347,97.50909722222222,0.3543738680436972,96.32000000000001,98.76,33.49262361111111,0.21637474890733713,32.874,34.152,0.375,0.4842911041133011,0,1,49.28128442869599,6.57485425746617,29.874695281010077,71.59829781134682,64.22777777777777,11.622486917461,40,93,50.45375,10.593705099470059,17.4,90.9,49.28916666666666,12.992998355050437,5.1,92.5,97.50840277777777,0.7861502359345599,94.8,100.0,33.492243055555555,0.5036202881837616,31.75,35.1,5.257180555555555,1.1414077457907763,2.41,8.47,64.20683400108547,10.66472426651509,46.02337751442502,83.20014960494183,64.1921003597047,10.563878477268455,48.56022484227309,80.8088758525134,0.005951690157572327,1.8176314886732314,-5.352829877193628,5.872707195942006,50.25684836141201,0.0,50.25684836141202,50.25684836141202,3.4614136731695573,1.1778401866039085,0.7419102775355906,7.947107722447189,2.9546929407172406,1.2716442270700004,0.4620963724837727,8.0133520756683,50.459981882807966,3.7033492012877023,43.147197665298776,58.897397321028,540.0,0.0,540.0,540.0,0.375,0.0,0.375,0.375,0.28888888888888886,0.0,0.28888888888888886,0.28888888888888886,0.2037037037037037,0.0,0.2037037037037037,0.2037037037037037,71.3,0.0,71.3,71.3,94.9,0.0,94.9,94.9,0.5708333333333333,0.6631232563350691,0,3,48.28125,37.86111826672883,0.0,104.0,2.043368055555556,1.1220669943328063,1.225,8.575,49.23237937672715,16.536508046793877,16.977714860975784,87.01319770160663,56.85702118139189,10.577982861346937,36.55471623980024,75.75168412609837,0.01597222222222222,0.1254114531626056,0.0,1.0,0.03680555555555556,0.18834952197750865,0.0,1.0,0.0,0.0,0.0,0.0,0.0,0.0,0.0,0.0,0.05277777777777778,0.2236672191899365,0.0,1.0,59.67090277777778,4.151064301378943,45.6,69.8,user_001,1440
2024-02-03,3.111111111111111,2.9971288348038914,0,13,10201.769444444444,1642.3463573948309,8433,12913,5.290644444444445,0.9445603136960381,3.338000000000001,7.182,64.50799513234102,10.668873056643681,43.800833682507026,86.03769630535824,50.37700770427395,5.626664974710724,33.17111458740564,68.45936632014961,97.51843055555557,0.3553651657260495,96.22,98.64,33.49039722222222,0.2253093692582049,32.76,34.089999999999996,0.375,0.4842911041133011,0,1,50.01391039024054,6.721918842306558,28.44119043489898,70.53137502602193,64.49930555555555,11.601981550144476,40,93,50.37597222222222,10.547211068315145,17.7,89.7,50.02284722222222,13.046980334497945,0.0,92.7,97.51923611111111,0.8118464270240593,94.8,100.0,33.49079166666667,0.5184985925530557,31.85,35.0,5.290319444444445,1.112211469265902,2.23,8.4,64.51326598099389,10.560575311162653,45.77768854447771,82.96085511350327,64.52974849942873,10.39276434210151,48.37568584283895,80.77840783469082,-0.004344788392731757,1.8502077416399458,-6.481267832882381,5.418976939563812,50.25684836141201,0.0,50.25684836141202,50.25684836141202,3.4483564558685975,1.1663847227002064,0.6925207586253245,7.532224171382461,3.0378743340478107,1.2808239465350604,0.41303184944079563,8.45906709329947,50.35005584157318,3.599004764938892,43.523311585963974,57.70294050232871,540.0,0.0,540.0,540.0,0.375,0.0,0.375,0.375,0.2962962962962963,0.0,0.2962962962962963,0.2962962962962963,0.2148148148148148,0.0,0.21481481481481482,0.21481481481481482,72.3,0.0,72.3,72.3,94.9,0.0,94.9,94.9,0.5354166666666667,0.6447487942169392,0,3,46.666666666666664,36.64691699672481,0.0,102.0,1.9829687500000002,1.05716077514855,1.225,8.575,49.67921964368528,16.252275134872317,18.497941916684194,84.48277379659893,56.84315606173365,10.322482548677357,39.417627043022215,75.76003920949442,0.017361111111111112,0.1306581730349673,0.0,1.0,0.027083333333333334,0.16238268871881767,0.0,1.0,0.0,0.0,0.0,0.0,0.0,0.0,0.0,0.0,0.044444444444444446,0.20615200399945696,0.0,1.0,59.931875,4.341792872673778,46.5,68.7,user_001,1440
2024-02-04,3.039423076923077,3.054428245904676,0,12,13856.646153846154,1049.225194577459,12913,16074,5.5156727564102574,0.9814354382635173,3.406000000000001,7.214,67.3839332595846,10.815481793661133,44.99663451380136,84.83402119782066,49.58087264307131,5.747380340608825,32.444061626118526,69.21082807840422,97.55928846153847,0.3515781462733401,96.34,98.67999999999999,33.45900881410256,0.21548142996684244,32.81400000000001,34.209999999999994,0.40384615384615385,0.4909034073286392,0,1,50.566926008959925,6.549154688425471,32.249929717851934,67.93127546337092,67.42980769230769,11.664993159471999,40,92,49.56673076923077,10.768626626778548,15.0,89.6,50.580576923076926,13.082026979341022,5.0,89.4,97.5589423076923,0.8146734417468382,94.5,100.0,33.45897115384616,0.5018222800026312,31.63,35.12,5.516153846153847,1.1396049056942537,2.24,8.07,67.34506387600054,10.747791565281757,46.60636478959686,82.61705325525153,67.0999889821876,10.789924399730207,48.92470586274689,80.34399245044298,0.022937216361546966,1.8178530933726953,-5.119422921808251,5.785288042360321,50.25684836141202,0.0,50.25684836141202,50.25684836141202,3.538732497886924,1.1449855861317813,0.570472905433457,7.184178709414535,3.088318238224573,1.2917737707456696,0.4031090831771328,8.355749034802184,49.70028300504144,3.9154119130804093,42.73657976060367,57.87418255710803,420.0,0.0,420.0,420.0,0.40384615384615385,0.0,0.40384615384615385,0.40384615384615385,0.2857142857142857,0.0,0.2857142857142857,0.2857142857142857,0.20714285714285716,0.0,0.20714285714285716,0.20714285714285716,72.1,0.0,72.1,72.1,94.9,0.0,94.9,94.9,0.5326923076923077,0.660218750415973,0,2,45.16923076923077,38.057150370287246,0.0,98.0,1.991802884615385,1.0919093900433396,1.225,4.9,53.78172470653578,16.73672244853604,15.8273181222564,82.67802750464521,54.25935342764499,10.835159890695111,37.451656444113155,76.71598705231273,0.023076923076923078,0.15022009469122713,0.0,1.0,0.025,0.15620006420532553,0.0,1.0,0.0,0.0,0.0,0.0,0.0,0.0,0.0,0.0,0.04807692307692308,0.2140317271286313,0.0,1.0,58.706057692307695,4.584328226711083,47.5,68.0,user_001,1040
2024-01-01,3.097916666666667,2.9874876606582212,0,13,1755.65625,1631.84328618369,0,4461,5.269232523148148,0.960135587279757,3.371999999999999,7.233999999999999,64.32017804284853,10.669914557179892,44.47700386895943,85.72953603157411,50.84217250126381,5.484433180018054,32.78666611817811,69.35687828471794,97.52755208333332,0.3443028791856541,96.24,98.74000000000001,33.51716967592593,0.2159200052847257,32.724000000000004,34.22,0.375,0.4842911041133011,0,1,49.28976074832867,6.714276198753033,24.2,68.52228849928332,64.31458333333333,11.547782526169954,40,97,50.84013888888889,10.324892499351096,19.2,85.7,49.300555555555555,13.302715412884279,4.9,90.0,97.52819444444445,0.7763330822465175,95.2,100.0,33.5174375,0.48323660094337983,32.02,35.11,5.269402777777778,1.1090029223832918,2.3,8.47,64.32377611522269,10.571266754912893,45.58137675752132,81.89406723701185,64.3382583972381,10.445871831170827,48.33748275460804,80.46205811977798,-0.000651617014040203,1.8043241254394633,-5.918250304514444,6.745667880117082,50.26037991958566,0.0,50.26037991958566,50.26037991958566,3.3943274282277653,1.11464021265844,0.0,7.48822565418218,2.932050885055105,1.1949986625332476,0.0,8.121854440489562,50.84232653582968,3.7744065147288297,42.31387863576151,60.28406626721668,540.0,0.0,540.0,540.0,0.375,0.0,0.375,0.375,0.32592592592592595,0.0,0.32592592592592595,0.32592592592592595,0.17777777777777778,0.0,0.17777777777777778,0.17777777777777778,68.8,0.0,68.8,68.8,94.9,0.0,94.9,94.9,0.5416666666666666,0.6432954592953112,0,3,46.46875,36.2413594096911,0.0,95.0,1.9897743055555557,1.0709089297522012,1.225,8.575,47.934966964548835,15.857364320223997,16.295660585051067,80.00138082108934,57.127177243270154,10.135027650588803,38.44851750307955,76.05114961023851,0.015277777777777777,0.12269809298218749,0.0,1.0,0.029861111111111113,0.17026319858084826,0.0,1.0,0.0,0.0,0.0,0.0,0.0,0.0,0.0,0.0,0.04513888888888889,0.21748766425159338,0.0,2.0,55.34333333333333,4.783915603969908,42.8,65.3,user_002,1440
2024-01-02,3.0319444444444446,2.8967080781041252,0,12,6185.69375,1600.6486007168814,4461,8827,5.251668055555555,0.9937396246041409,3.1599999999999993,7.1739999999999995,64.35746150447876,11.130114915637332,43.235344384926385,84.12105554662169,50.31298478424393,5.874691159852017,33.58935298578851,68.66276715701548,97.52241666666667,0.3424447019165913,96.58,98.47999999999999,33.50966111111111,0.20986866176885438,32.818,34.174,0.375,0.4842911041133011,0,1,49.68362585657066,7.029492208748116,28.081577345254164,69.94260685223098,64.35902777777778,11.995000772382522,40,91,50.31305555555556,10.938053337316285,15.2,85.9,49.69416666666667,13.69244251154252,2.8,100.0,97.5225,0.7737039421717054,94.9,100.0,33.509541666666664,0.49143045271336794,31.94,35.15,5.251458333333334,1.148639687797525,2.17,7.97,64.35703214861827,11.035815171907826,44.97214721016222,83.05580431281894,64.3581223291092,10.919803681348387,47.92753743640057,81.27876236415506,0.000783136649509528,1.8280180306495508,-5.446428736828381,5.95206475210604,50.26037991958566,0.0,50.26037991958566,50.26037991958566,3.568183282684214,1.202754445851532,0.8149610742836955,8.031302473909214,3.0888995120206073,1.3133051238439266,0.4452703347152911,8.134979771317571,50.3036641130207,3.9205912279765918,42.38080656518651,59.413199330566485,540.0,0.0,540.0,540.0,0.375,0.0,0.375,0.375,0.2851851851851852,0.0,0.2851851851851852,0.2851851851851852,0.2222222222222222,0.0,0.2222222222222222,0.2222222222222222,73.1,0.0,73.1,73.1,94.9,0.0,94.9,94.9,0.5291666666666667,0.6275884550696911,0,2,45.479166666666664,35.580789991233715,0.0,95.0,1.9617013888888892,1.0053372446088196,1.225,4.9,48.55687207370405,16.59414704142124,16.029205007914346,81.40499423359992,57.92003481345372,10.597433524225172,39.46924983928452,77.86082550326367,0.0125,0.11114102755310222,0.0,1.0,0.027083333333333334,0.16238268871881775,0.0,1.0,0.0,0.0,0.0,0.0,0.0,0.0,0.0,0.0,0.03958333333333333,0.20204608354262435,0.0,2.0,59.81118055555556,4.306457971378167,47.8,67.8,user_002,1440
2024-01-03,3.107638888888889,2.959104626263591,0,15,10607.245833333332,1646.4871319238064,8827,13302,5.292952777777777,0.9961833115763878,3.323999999999999,7.459999999999999,64.38868202910987,11.02245101129432,44.77567012208277,87.32067136556775,50.651779476289974,5.403184366599663,35.04250056337957,66.35048504415813,97.52588888888889,0.343224765866703,96.56,98.8,33.512908333333336,0.22060436901906313,32.836,34.182,0.375,0.4842911041133011,0,1,49.253985156094636,6.599686773142918,29.83217270224621,66.31792828390883,64.3875,11.861189712830342,40,94,50.660625,10.59059456056562,18.1,86.3,49.23909722222223,13.24776113163901,7.7,89.9,97.5251388888889,0.766411805137201,94.7,100.0,33.513284722222224,0.49737781019700256,31.71,35.05,5.292673611111111,1.1554598934583147,2.2,8.29,64.38992315733286,10.931019974413115,46.167521714448704,84.79256476741553,64.38882462919042,10.808620481653982,48.24130630910849,81.55629667310905,-0.0005910145549399232,1.7868235664121266,-5.387530609343585,5.258341759170072,50.26037991958566,0.0,50.26037991958566,50.26037991958566,3.533365042098747,1.1393475192141562,0.31785522364098456,7.840266899192171,3.0595168752859214,1.2390764133669494,0.25000067925203506,7.611051827527062,50.67885376712524,3.374983101579638,44.338313647236326,59.8892468046776,540.0,0.0,540.0,540.0,0.375,0.0,0.375,0.375,0.30925925925925923,0.0,0.30925925925925923,0.30925925925925923,0.19444444444444445,0.0,0.19444444444444445,0.19444444444444445,70.2,0.0,70.2,70.2,94.9,0.0,94.9,94.9,0.5354166666666667,0.6447487942169403,0,3,46.614583333333336,36.38821539211849,0.0,99.0,1.9829687500000002,1.0689325056307295,1.225,8.575,48.22678564205116,15.83150382860737,16.38442854863411,80.19640233898674,57.33232683642473,10.022097417926924,40.12300300239813,76.51895192095215,0.024305555555555556,0.15404958804610766,0.0,1.0,0.025694444444444443,0.1582770891166263,0.0,1.0,0.0,0.0,0.0,0.0,0.0,0.0,0.0,0.0,0.05,0.21802066194297157,0.0,1.0,59.39604166666667,4.101663880204111,47.3,68.4,user_002,1440
2024-01-04,3.1479166666666667,3.0042237755197614,0,12,15089.311805555555,1669.5626857056188,13302,17835,5.3090722222222215,0.9691228105263433,3.272,7.624,64.55360244875477,10.758072499153627,43.78081985211768,86.06665407872673,51.26119438507966,5.2014875979491,33.47528739072236,67.00812652189995,97.46773611111112,0.3483999161083122,96.46000000000001,98.74,33.493918055555554,0.22383491001787106,32.879999999999995,34.42,0.375,0.4842911041133011,0,1,48.48992030389442,6.520995161577049,29.15298518407326,69.9510924015925,64.55625,11.671477196625753,40,93,51.251666666666665,10.249913167651997,15.4,89.0,48.49722222222222,13.091320055609135,0.0,90.8,97.4675,0.8147097096815172,94.9,99.9,33.493861111111116,0.48662495259776056,31.81,35.09,5.309166666666666,1.123151713115407,1.83,8.47,64.5501525002574,10.665335567062206,46.10278884739567,83.80015805089221,64.5407054046267,10.558170822404193,48.09140717827733,81.00467208022822,0.0013237756226102397,1.8514914434624572,-5.346135356566521,5.489167911574057,50.26037991958566,0.0,50.26037991958566,50.26037991958566,3.438339844994964,1.0967690544984205,0.7000738342405364,7.394367289834431,2.946661629178315,1.1934068106057945,0.43780575985616876,7.673366727171347,51.27413157230296,3.3725219209291986,44.607558249868674,58.18283943953095,540.0,0.0,540.0,540.0,0.375,0.0,0.375,0.375,0.3314814814814815,0.0,0.3314814814814815,0.3314814814814815,0.21851851851851853,0.0,0.21851851851851853,0.21851851851851853,72.8,0.0,72.8,72.8,94.9,0.0,94.9,94.9,0.55625,0.6400159342613347,0,2,47.21875,36.97186441994218,0.0,101.0,2.0059375,1.0387921416403298,1.225,4.9,47.708195942070454,15.605359744875754,17.6534451415849,77.05621367997223,58.57717079156892,9.935483945159351,41.8498336543679,75.93530788078321,0.014583333333333334,0.11991933239532476,0.0,1.0,0.030555555555555555,0.17216997022928524,0.0,1.0,0.0,0.0,0.0,0.0,0.0,0.0,0.0,0.0,0.04513888888888889,0.20768081737523159,0.0,1.0,60.274652777777774,4.261266375535849,47.7,68.2,user_002,1440
2024-01-05,3.1284722222222223,3.0097401113379068,0,14,11352.456944444444,8395.106079561821,1,19995,5.2651861111111105,0.9640651933851513,3.2659999999999996,7.343999999999999,64.2578098639529,10.743982523580167,44.757670830916275,84.24226483226913,50.73081175642099,5.422555934893486,28.529794896821087,65.30018928752146,97.49515277777778,0.34075598249057876,96.32000000000001,98.72,33.498443055555555,0.2294165081497917,32.788,34.406,0.375,0.4842911041133011,0,1,49.402192270568484,6.656816513875258,28.68215430345222,71.84936900229808,64.25833333333334,11.577694761191527,40,93,50.73173611111111,10.60652504990562,10.8,84.7,49.39868055555556,13.612441869754296,9.5,100.0,97.49506944444444,0.8060813821309717,94.2,100.0,33.49772222222222,0.5067836752106023,31.88,35.31,5.265430555555556,1.1194640746772955,2.09,8.12,64.25922698839801,10.650852679052843,45.90692053823458,82.22957892438474,64.27088635775503,10.537807918180235,47.94255161953216,80.24426798920481,0.0002617346902132716,1.7618332853827654,-5.849254774179499,6.563502105813576,50.26037991958566,0.0,50.26037991958566,50.26037991958566,3.544761399715217,1.1229049685573091,0.709950850697288,8.169560558045562,3.055749722336975,1.2612646344209923,0.29446482611879815,8.115165136424876,50.73875047423313,3.367937840447127,43.930604688020416,58.55183092514219,540.0,0.0,540.0,540.0,0.375,0.0,0.375,0.375,0.30185185185185187,0.0,0.30185185185185187,0.30185185185185187,0.1962962962962963,0.0,0.1962962962962963,0.1962962962962963,70.5,0.0,70.5,70.5,94.9,0.0,94.9,94.9,0.5416666666666666,0.6486742774895434,0,3,46.927083333333336,36.62384478417771,0.0,100.0,1.9940277777777777,1.0790284471582992,1.225,8.575,47.985869219148675,15.579994235009668,16.002669955270864,76.45159952759423,57.58021117478425,9.876200891273076,41.11748596645269,76.88105381828011,0.018055555555555554,0.13319862317014997,0.0,1.0,0.027083333333333334,0.16238268871881767,0.0,1.0,0.0,0.0,0.0,0.0,0.0,0.0,0.0,0.0,0.04513888888888889,0.20768081737523184,0.0,1.0,59.808125,4.045810892769891,48.2,68.6,user_002,1440
2024-01-06,3.089583333333333,2.996342889060857,0,14,4107.697916666667,1636.512129402936,2340,6789,5.315074999999999,0.953260726369855,3.403999999999999,7.258,64.434890965258,11.098110461968874,43.55899985146448,86.32524817866742,50.89206947739001,5.508345053741183,30.692279303946762,69.06600605715653,97.52777777777777,0.3684025286739321,96.34,98.78,33.5021,0.2190598929337542,32.9,34.40599999999999,0.375,0.4842911041133011,0,1,49.10561732060447,6.545169929066529,28.898854899820986,74.50082539825588,64.43333333333334,11.9447884373506,40,93,50.88368055555556,10.540059803544946,15.2,87.3,49.113194444444446,12.941850739357273,4.0,94.5,97.52847222222222,0.7941991910286118,94.9,100.0,33.50246527777778,0.491164709188669,31.65,35.01,5.315006944444444,1.1098818874016796,2.34,8.31,64.43384783753467,11.005586527408623,44.63290807215837,83.73022804749023,64.42990570443264,10.87950626611292,47.6131800306619,80.7665735304999,-0.0007788159623392953,1.8011618150007915,-6.144550865322827,5.854040764047717,50.26037991958566,0.0,50.26037991958566,50.26037991958566,3.4664787377736213,1.2079213781200437,0.870070048636474,9.00354336967438,2.969229818548362,1.2211995339855732,0.41585337304927067,7.456755992040038,50.8969505141065,3.7410250689413718,39.577019583687914,60.27854904755893,540.0,0.0,540.0,540.0,0.375,0.0,0.375,0.375,0.2962962962962963,0.0,0.2962962962962963,0.2962962962962963,0.20185185185185187,0.0,0.20185185185185187,0.20185185185185187,71.3,0.0,71.3,71.3,94.9,0.0,94.9,94.9,0.5368055555555555,0.6468232659897772,0,3,46.34375,36.391936843677236,0.0,101.0,1.9863715277777778,1.074303648675308,1.225,8.575,47.991566249660224,16.103483423907168,17.75404944660263,80.28699766495808,57.86689316279806,10.251662440639311,36.795625989944675,75.15388500182083,0.0125,0.11114102755310226,0.0,1.0,0.02847222222222222,0.16637541148299373,0.0,1.0,0.0,0.0,0.0,0.0,0.0,0.0,0.0,0.0,0.04097222222222222,0.19829474360964974,0.0,1.0,59.7625,4.390373812087971,47.0,69.0,user_002,1440
2024-01-07,3.1006944444444446,2.9925085181335502,0,13,8563.866666666667,1643.8200738834767,6789,11254,5.288449999999999,0.9578304577656168,3.147999999999999,7.1819999999999995,64.50512753749108,10.697449186199307,44.14945020015737,83.95413763842781,50.82506475829735,5.522597902001977,33.61329381445115,69.1620941547319,97.52220833333334,0.3543065514263035,96.30000000000001,98.66,33.501018055555555,0.21222308455204822,32.822,34.282,0.375,0.4842911041133011,0,1,48.95827419560332,6.54556429778888,25.142467148284492,68.05945329699696,64.50625,11.62597388449801,40,93,50.826597222222226,10.481257348834681,13.6,87.4,48.95444444444444,13.150407808977988,4.5,95.7,97.521875,0.7867743355675206,94.9,100.0,33.50140277777778,0.49827748212528444,31.54,35.47,5.28775,1.1151013160698748,2.11,8.24,64.5052860329105,10.59344896758136,46.021116601943376,82.68147200400705,64.50924066981939,10.468043948799075,48.39705114600669,80.9969897406532,0.0005612312544580068,1.8601366498116352,-6.154268382005718,5.761323184919078,50.26037991958566,0.0,50.26037991958566,50.26037991958566,3.4475179859201077,1.142227705553362,0.8410985243291466,7.510899178856782,2.959703944329511,1.2262745341628674,0.4367620242866921,8.357791924492528,50.82558576702733,3.7946852250074987,44.37601372294629,60.18836611601047,540.0,0.0,540.0,540.0,0.375,0.0,0.375,0.375,0.337037037037037,0.0,0.337037037037037,0.337037037037037,0.18148148148148152,0.0,0.1814814814814815,0.1814814814814815,69.1,0.0,69.1,69.1,94.9,0.0,94.9,94.9,0.5305555555555556,0.6428391872606555,0,3,46.510416666666664,36.40842218799928,0.0,95.0,1.9753125000000002,1.069947232751285,1.225,8.575,48.153904824941044,15.958694599982318,15.247991279687785,81.42627316494737,57.082799270813666,10.210350401143272,39.50881171643325,75.6766016601966,0.011805555555555555,0.1080476356080838,0.0,1.0,0.02847222222222222,0.1663754114829936,0.0,1.0,0.0,0.0,0.0,0.0,0.0,0.0,0.0,0.0,0.04027777777777778,0.19667826807240013,0.0,1.0,59.47215277777777,4.248249717371367,46.6,68.6,user_002,1440
2024-01-08,3.2118055555555554,3.087151893597987,0,13,13114.078472222222,1714.907517332612,11254,15879,5.299622222222221,0.9554398477314009,3.3319999999999994,7.193999999999998,64.5896178475621,10.517420672358615,44.51000364010141,83.20845102287323,50.62213775261869,5.546261644619134,31.954168002846284,69.35028498998956,97.4597361111111,0.37440961143972296,96.32000000000001,98.8,33.49589027777778,0.21988902795960072,32.727999999999994,34.242000000000004,0.375,0.4842911041133011,0,1,49.168154620243826,6.3283039829993655,26.28411743747087,71.68161668308586,64.58680555555556,11.49992142178052,40,95,50.623333333333335,10.555476925284916,16.5,88.6,49.17854166666667,13.058504345648053,8.0,89.4,97.4592361111111,0.8106385919999243,94.8,100.0,33.495645833333334,0.4923958244467474,31.86,35.3,5.3005625,1.1272551312399877,2.45,8.08,64.59200075350056,10.409109009609667,46.84675640051164,82.01707253476783,64.58634966940559,10.302680764027729,49.24289392723958,80.23473871046872,-0.0014061460032664186,1.8949920637712934,-7.537271998988331,5.8984011790020645,50.26037991958566,0.0,50.26037991958566,50.26037991958566,3.487308910234243,1.1382007850268587,0.6478197142977598,7.857372700294662,2.9807755178886755,1.221862301328947,0.33075960766406665,8.059032241020608,50.618694005026796,3.819748472958976,42.29091172120208,58.275094183402764,540.0,0.0,540.0,540.0,0.375,0.0,0.375,0.375,0.31666666666666665,0.0,0.31666666666666665,0.31666666666666665,0.2148148148148148,0.0,0.21481481481481482,0.21481481481481482,72.5,0.0,72.5,72.5,94.9,0.0,94.9,94.9,0.5694444444444444,0.6715997701419567,0,3,48.177083333333336,37.601064588654125,0.0,97.0,2.0484722222222222,1.1322248169241795,1.225,8.575,48.47976402142438,15.797458589130123,17.04865956743034,77.54743813834337,57.8648610453726,10.143290234017858,39.71119397212031,75.5066510030574,0.015277777777777777,0.12269809298218741,0.0,1.0,0.027083333333333334,0.1623826887188178,0.0,1.0,0.0,0.0,0.0,0.0,0.0,0.0,0.0,0.0,0.04236111111111111,0.20826556692616255,0.0,2.0,60.19583333333333,4.159957953361041,48.8,69.6,user_002,1440
2024-01-09,3.2104166666666667,3.070770960955746,0,13,14589.966666666667,6243.517828253274,6,19999,5.278319444444443,0.9556568701934756,3.2359999999999984,7.277999999999999,64.43292174138575,10.74752976040504,45.26093809127146,87.58734461677159,50.56297592249054,5.618135582551266,31.750050776437913,70.12539257842788,97.47679166666666,0.35529077394638836,96.28,98.64,33.507041666666666,0.22142108074102804,32.730000000000004,34.44,0.375,0.4842911041133011,0,1,49.430160800635115,6.606505613863537,30.85903372019662,69.02856406585677,64.4375,11.636681327939066,40,99,50.566180555555555,10.849865673073376,11.9,89.8,49.412708333333335,13.439986221345283,8.7,89.9,97.47680555555556,0.8080146249663571,94.6,100.0,33.50692361111111,0.5037538527157246,31.9,35.28,5.278631944444444,1.1227510158504246,2.55,8.64,64.43066789846047,10.654438365620347,46.46988524221868,84.2145544968104,64.42414213181196,10.548293906402366,48.99601600218311,81.59608326852273,0.0022891293071260143,1.827376125327713,-6.188926916009777,6.145227861325864,50.26037991958566,0.0,50.26037991958566,50.26037991958566,3.5986229079973913,1.1783153238473945,0.9252377022454353,8.23511456473926,3.094901636234955,1.2812325298612897,0.6432987388798915,9.005266191229692,50.58721441276957,3.650971615527611,42.04082342240159,59.38091896706793,540.0,0.0,540.0,540.0,0.375,0.0,0.375,0.375,0.2759259259259259,0.0,0.2759259259259259,0.2759259259259259,0.2037037037037037,0.0,0.2037037037037037,0.2037037037037037,71.3,0.0,71.3,71.3,94.9,0.0,94.9,94.9,0.5597222222222222,0.6663060757491159,0,3,48.15625,37.6525559734563,0.0,107.0,2.0314583333333336,1.11860876609183,1.225,8.575,48.361885981131984,15.789228533939628,17.27540135020767,79.77235821116462,57.56960610619239,10.09574965966614,38.141266637378116,76.63358445014315,0.022916666666666665,0.14968985773719443,0.0,1.0,0.030555555555555555,0.1721699702292854,0.0,1.0,0.0,0.0,0.0,0.0,0.0,0.0,0.0,0.0,0.05347222222222222,0.2281183246495631,0.0,2.0,59.900277777777774,4.207140087977488,46.4,69.5,user_002,1440
2024-01-10,3.1486111111111112,2.9961983350532444,0,13,2284.334027777778,1666.5967954544176,502,5036,5.292711111111109,0.9495023647514919,3.0939999999999985,7.211999999999999,64.4896523546656,10.636003225263032,44.5055824150219,83.85495328592661,50.79288925644708,6.113096790067677,32.575274783982685,70.23466234867031,97.48654166666667,0.347858311378348,96.24,98.53999999999999,33.49564166666667,0.21148531131174447,32.862,34.11,0.375,0.4842911041133011,0,1,49.511008640035726,7.195019068271963,25.63565024641083,69.09662498539517,64.4875,11.52209633534992,40,91,50.80229166666667,10.88734282547921,11.6,83.1,49.508125,13.567060294825598,5.2,93.7,97.48694444444445,0.8135725638059981,95.4,99.9,33.495534722222224,0.4984576547108903,31.8,35.18,5.292194444444444,1.1128359259847351,2.5,8.27,64.49005183543048,10.536158028819656,46.55806625766526,82.82441746294731,64.49598513165198,10.3935215289809,48.511802961047785,80.6810625092897,-0.0010761773327924975,1.8062478021376993,-5.552834628322692,6.4984290633179285,50.26037991958566,0.0,50.26037991958566,50.26037991958566,3.4842812506296563,1.1618270826581476,0.7822083209868358,7.297454710280075,3.0228688547369265,1.2981135921461346,0.4302260426632793,7.737112566582699,50.71871025535273,4.32248469857386,42.05017380564277,60.68470150481415,540.0,0.0,540.0,540.0,0.375,0.0,0.375,0.375,0.3074074074074074,0.0,0.3074074074074074,0.3074074074074074,0.17777777777777778,0.0,0.17777777777777778,0.17777777777777778,69.0,0.0,69.0,69.0,94.9,0.0,94.9,94.9,0.5520833333333334,0.6543242327232267,0,3,47.229166666666664,36.989925708111265,0.0,101.0,2.0118923611111112,1.082081526357642,1.225,8.575,48.186475646528066,16.66683778485452,11.87765162247528,82.91952214697265,56.99843022853132,10.7228157508866,38.43794032968831,77.58086885480388,0.013194444444444444,0.11414639404811415,0.0,1.0,0.027777777777777776,0.1643926402216993,0.0,1.0,0.0,0.0,0.0,0.0,0.0,0.0,0.0,0.0,0.04097222222222222,0.19829474360964977,0.0,1.0,59.536319444444445,4.444647638333959,46.0,68.8,user_002,1440
2024-01-11,3.140277777777778,2.984051176476081,0,13,6834.645138888889,1664.9482091138027,5036,9558,5.288558333333332,0.9670157899140118,3.3759999999999986,7.1679999999999975,64.50364291708928,10.661377509424085,44.49254920593529,83.65271469926022,51.003345910188386,5.704082076051301,31.96515690580811,67.39195810355606,97.5073888888889,0.3693095771033504,96.12,98.66,33.48840277777778,0.21528868798026293,32.786,34.182,0.375,0.4842911041133011,0,1,48.89739680799985,6.730159776472561,29.380565507795563,68.5568713118062,64.50208333333333,11.543554219720525,40,92,50.98173611111111,11.107517681005898,13.1,94.7,48.91763888888889,13.649109916384143,0.0,93.8,97.506875,0.8188119741383587,94.8,100.0,33.48874305555556,0.5022448736282539,31.96,35.07,5.288493055555556,1.1185018739033625,2.3,8.2,64.50532867993408,10.562003165721842,46.863772790272286,82.09405672865543,64.52075972392133,10.41334264523369,48.608126620710955,80.50018116884549,-0.0007797918779735211,1.8047041613301469,-5.491305178551471,6.051228043793955,50.26037991958566,0.0,50.26037991958566,50.26037991958566,3.6928509588809213,1.227312682457919,0.5736598348676794,8.15270033048245,3.233087485410051,1.3359440997407617,0.4821003254310337,9.017871955090245,51.094981842006796,3.6442583983760466,44.01481360095485,59.265843754216576,540.0,0.0,540.0,540.0,0.375,0.0,0.375,0.375,0.3,0.0,0.3,0.3,0.2111111111111111,0.0,0.2111111111111111,0.2111111111111111,72.1,0.0,72.1,72.1,94.9,0.0,94.9,94.9,0.5465277777777777,0.6364439508967,0,3,47.104166666666664,36.948608967808376,0.0,99.0,1.990625,1.041161111972632,1.225,8.575,47.93243647404693,15.680344657129117,17.369925323347257,80.02220806100866,58.18741765051299,10.000730527987992,40.98999493386821,76.03273979602308,0.006944444444444444,0.08307232695009274,0.0,1.0,0.025,0.15617918826278057,0.0,1.0,0.0,0.0,0.0,0.0,0.0,0.0,0.0,0.0,0.03194444444444444,0.17591329351414406,0.0,1.0,60.246319444444445,4.204982359728255,48.3,69.6,user_002,1440
2024-01-12,3.095833333333333,2.9671323223285953,0,12,11320.753472222223,1640.385115014535,9558,14016,5.274694444444443,0.9538931462732028,3.287999999999998,7.277999999999999,64.5881516468621,10.809968657678107,45.16533206459834,85.60190727669108,50.425903988887896,5.533462651906777,33.27183709193853,66.84342278298966,97.504375,0.34384414498273697,96.38,98.52000000000001,33.49081388888889,0.21358818442069805,32.83,34.19,0.375,0.4842911041133011,0,1,49.47050880723038,6.800657597094194,28.660573639731023,70.1650747337052,64.58888888888889,11.67817890592857,40,92,50.43034722222222,10.587860797428931,15.4,82.7,49.46805555555556,13.60477398927321,0.0,92.8,97.50486111111111,0.7884970318902075,94.6,100.0,33.49042361111111,0.4939486779554547,31.85,35.01,5.2747222222222225,1.1045348713658434,2.24,7.91,64.58397566304325,10.718711232809905,46.42036461294119,84.05556457548822,64.5732824188029,10.609657455234178,48.55496539490159,80.92790850198466,0.000368621013392614,1.8049554894121236,-5.572905743334616,5.254573991247355,50.26037991958566,0.0,50.26037991958566,50.26037991958566,3.4917028959483027,1.1789004500617586,0.4694713235051446,7.677040046676729,3.0705257089488827,1.3313416302474665,0.46749403476790136,8.478932391408646,50.404505637016854,3.4735182417331996,43.679441647479855,57.10270088871298,540.0,0.0,540.0,540.0,0.375,0.0,0.375,0.375,0.29259259259259257,0.0,0.29259259259259257,0.29259259259259257,0.22592592592592592,0.0,0.22592592592592592,0.22592592592592592,73.4,0.0,73.4,73.4,94.9,0.0,94.9,94.9,0.5368055555555555,0.647896744467052,0,2,46.4375,36.129451977693726,0.0,99.0,1.9872222222222224,1.0595231921205595,1.225,4.9,48.687527611003844,15.757542690677392,17.860024976525477,78.32615489445122,57.96262284406509,9.981339876962673,41.29953540349417,76.07673935232386,0.016666666666666666,0.12806357003774754,0.0,1.0,0.02638888888888889,0.16034453484796288,0.0,1.0,0.0,0.0,0.0,0.0,0.0,0.0,0.0,0.0,0.043055555555555555,0.20305271955426935,0.0,1.0,60.056875,4.333625971814586,47.7,68.6,user_002,1440
2024-01-13,3.0694444444444446,2.936323943520109,0,13,15763.84513888889,1615.0003312125139,14016,18436,5.267045833333332,0.9525927360425022,3.2319999999999984,7.229999999999999,64.52613089260497,10.674653140343043,45.0685641220789,86.46279642155251,50.737319748336915,5.473862959924885,31.023154545333245,72.20489676953747,97.48152777777777,0.35650125840917174,96.4,98.62,33.49581944444445,0.2292355987468759,32.617999999999995,34.321999999999996,0.375,0.4842911041133011,0,1,49.42683473590444,6.473009349280163,27.94321958311779,69.28532909656143,64.52638888888889,11.575806803096443,40,92,50.74298611111111,10.587014912292675,10.0,83.1,49.419374999999995,13.214331655825276,7.5,93.7,97.481875,0.805702805056826,95.3,100.0,33.49597222222222,0.507350445508771,31.87,35.3,5.267159722222222,1.1160505302834003,2.06,8.2,64.52721884035671,10.575724578106591,46.20583787198309,84.28875037456316,64.53138259435241,10.441856815612898,49.153700980269136,80.54377622617133,0.0001289981419619964,1.8284249293375736,-5.818870019022185,5.58273136145705,50.26037991958566,0.0,50.26037991958566,50.26037991958566,3.495883421474888,1.213725483582281,0.6748667410761012,8.737417165982556,3.0017935958088504,1.2895035800515842,0.46472576085587197,9.07695497048073,50.69883799320862,3.7034422076862814,43.85981749690632,58.78062117895482,540.0,0.0,540.0,540.0,0.375,0.0,0.375,0.375,0.2759259259259259,0.0,0.2759259259259259,0.2759259259259259,0.20740740740740743,0.0,0.2074074074074074,0.2074074074074074,71.8,0.0,71.8,71.8,94.9,0.0,94.9,94.9,0.5333333333333333,0.6350871198164669,0,3,46.041666666666664,36.12253776436359,0.0,110.0,1.9727604166666668,1.0315736180686812,1.225,8.575,48.2788979709259,15.878221466019506,15.136137773745173,78.91926515416327,57.79016136098129,10.160182599294517,40.96315304612455,76.50260813012528,0.013194444444444444,0.1141463940481141,0.0,1.0,0.030555555555555555,0.17216997022928532,0.0,1.0,0.0,0.0,0.0,0.0,0.0,0.0,0.0,0.0,0.04375,0.2209395409394189,0.0,2.0,59.90506944444444,4.130007899365619,48.8,67.9,user_002,1440
2024-01-14,3.115972222222222,3.019928324891768,0,14,10440.917361111111,8568.698354437738,6,19998,5.2556916666666655,0.9650148317532867,3.0959999999999988,7.073999999999998,64.3522212421493,10.861105949661518,44.1246609760621,83.53682114207011,50.53988790333793,5.409755073800782,30.13194513430771,67.15243357623632,97.487625,0.36191587093860494,96.46000000000001,98.6,33.501177777777784,0.20443891671195502,32.910000000000004,34.092,0.375,0.4842911041133011,0,1,49.48966600083283,6.527266446423834,28.0145361403047,71.48227130434363,64.35763888888889,11.78132985399851,40,94,50.53222222222222,10.606139963542834,11.5,81.0,49.501736111111114,13.271513947543767,3.0,92.7,97.48784722222223,0.8119235331968041,95.0,100.0,33.50096527777778,0.4844724162153963,31.9,34.93,5.255881944444445,1.1293302669867151,1.72,8.33,64.3481762345021,10.76658307057057,45.203793324363765,81.39906174495117,64.32877580135484,10.692673946035113,47.72942354288216,79.59256635814201,0.0027088233697941887,1.8696991009223705,-6.025731055780071,5.939258698814307,50.26037991958566,0.0,50.26037991958566,50.26037991958566,3.51799523649815,1.202808573665113,0.8135667894460227,9.133733046925979,3.042375532480719,1.3295267681749798,0.5321262199074853,12.756656898174201,50.5519373857278,3.414990567027006,43.62408085849125,59.5083158011007,540.0,0.0,540.0,540.0,0.375,0.0,0.375,0.375,0.2722222222222222,0.0,0.2722222222222222,0.2722222222222222,0.2111111111111111,0.0,0.2111111111111111,0.2111111111111111,72.0,0.0,72.0,72.0,94.9,0.0,94.9,94.9,0.5402777777777777,0.6498323346534441,0,3,46.739583333333336,36.513682678673476,0.0,99.0,1.9931770833333335,1.070419225104385,1.225,8.575,48.290697311942,15.78851158686596,12.6699544717162,85.20333457630038,57.81874535728933,10.036371960513721,40.5864831782155,78.79755434671283,0.009027777777777777,0.09461762000761871,0.0,1.0,0.03888888888888889,0.19339730396295743,0.0,1.0,0.0,0.0,0.0,0.0,0.0,0.0,0.0,0.0,0.04791666666666667,0.21689217786087678,0.0,2.0,59.82673611111111,4.19077552316525,46.5,67.9,user_002,1440
2024-01-15,3.1118055555555557,2.9802452788083205,0,13,4689.836805555556,1660.322258430896,2923,7404,5.294095833333332,0.9545918428113978,3.1599999999999984,7.3759999999999994,64.58000767694108,10.683074623047482,44.137275963581374,85.09220502708357,50.14829490683937,5.537632935700713,32.95136828000984,65.22608833636602,97.5287638888889,0.3521981008455474,96.41999999999999,98.66,33.50232083333333,0.2177610496777924,32.83800000000001,34.14,0.375,0.4842911041133011,0,1,49.79243729846394,6.837223459978732,30.751681652126923,73.0614631189252,64.57430555555555,11.586879105772326,40,94,50.16395833333334,10.624655639679759,16.9,80.5,49.76618055555556,13.634418772201919,9.2,93.3,97.52770833333332,0.8109502647065701,94.8,100.0,33.50204861111111,0.4973468570082349,31.81,34.89,5.293881944444444,1.115008982575233,2.4,8.23,64.58333795626541,10.58023679365863,45.84435858843376,83.08316763227643,64.59714368734392,10.457195070353695,48.31452325529094,80.91865997090453,-0.0028510606927594265,1.8247407061412633,-7.837218762227451,6.971775006040957,50.26037991958566,0.0,50.26037991958566,50.26037991958566,3.523196705271528,1.1426907143602434,0.6568195285337903,7.319915648231923,2.9974447988100823,1.2217299503527406,0.42469339267088985,7.61682011776779,50.13887320438097,3.7673013787047847,43.20233683371683,58.56909176786117,540.0,0.0,540.0,540.0,0.375,0.0,0.375,0.375,0.2962962962962963,0.0,0.2962962962962963,0.2962962962962963,0.19444444444444445,0.0,0.19444444444444445,0.19444444444444445,70.2,0.0,70.2,70.2,94.9,0.0,94.9,94.9,0.5430555555555555,0.6410394592334709,0,3,46.677083333333336,36.60660694219979,0.0,97.0,1.9897743055555557,1.0472775857719827,1.225,8.575,49.00430874746031,15.842318058679068,16.96302824233548,80.6379854329469,56.743708856939946,10.120914455203598,37.113546862585686,77.62805879926708,0.015277777777777777,0.12269809298218745,0.0,1.0,0.035416666666666666,0.18489474495776004,0.0,1.0,0.0,0.0,0.0,0.0,0.0,0.0,0.0,0.0,0.050694444444444445,0.22569375025878757,0.0,2.0,59.45729166666667,4.058872130598633,45.6,67.9,user_002,1440
2024-01-16,3.14375,3.0095104926121214,0,14,9200.703472222222,1664.6774536192722,7404,11931,5.279976388888888,0.9555853189199723,3.3719999999999986,7.305999999999999,64.40247450820421,10.679662326888318,44.993964661305064,83.5693809230975,50.61000823990356,5.780441308031559,28.696976132270724,69.71176598123846,97.50255555555555,0.337650998888525,96.4,98.62,33.49581666666667,0.22366691891847815,32.798,34.188,0.375,0.4842911041133011,0,1,49.44080649836672,6.906746873795795,22.974243893337114,72.70401981568953,64.40972222222223,11.62837415113616,40,94,50.595277777777774,10.944367115999118,10.0,86.8,49.47,13.452989313652399,4.2,98.6,97.50402777777776,0.7965250445230145,95.0,100.0,33.49581944444445,0.49571242493884154,32.04,35.06,5.279729166666667,1.1250898178569182,2.32,8.42,64.39921748761081,10.582467363051515,46.226258575196496,82.52618099834608,64.39686252797566,10.474031890591515,49.2210339506557,80.18268464269929,0.0036238570090079184,1.886061598895382,-6.143117772203453,6.006437892742873,50.26037991958566,0.0,50.26037991958566,50.26037991958566,3.6054970568995817,1.1771910399814967,0.760470462975513,8.01861090055523,3.0434389789030116,1.2219066572621897,0.3586247746220345,8.97589471488448,50.62260664099779,3.976562535306307,42.732651912733694,59.18536511270254,540.0,0.0,540.0,540.0,0.375,0.0,0.375,0.375,0.3055555555555556,0.0,0.3055555555555556,0.3055555555555556,0.22037037037037038,0.0,0.22037037037037038,0.22037037037037038,73.1,0.0,73.1,73.1,94.9,0.0,94.9,94.9,0.5604166666666667,0.6536069537839586,0,3,47.15625,36.87830826374917,0.0,98.0,2.0221006944444446,1.080385654382493,1.225,8.575,48.265468952716645,16.12199245388535,15.047632363033767,80.870177683523,58.17480393600378,10.361826738131231,37.280583874979946,76.43335317516868,0.017361111111111112,0.13065817303496732,0.0,1.0,0.027777777777777776,0.16439264022169936,0.0,1.0,0.0,0.0,0.0,0.0,0.0,0.0,0.0,0.0,0.04513888888888889,0.211000416992402,0.0,2.0,60.25145833333334,4.3522870217069825,46.4,70.5,user_002,1440
2024-01-17,3.0305555555555554,2.939588115262228,0,13,13656.25486111111,1604.9551842586764,11931,16295,5.299170833333331,0.9848244729453888,3.2659999999999982,7.249999999999998,64.60776550423489,10.967948913084,42.77531959154023,85.2556423949634,50.32161457916417,4.8643387808916625,33.32426273997094,65.22547229192794,97.49038888888889,0.3439618963154261,96.44,98.72,33.51102916666667,0.21918329482505758,32.688,34.220000000000006,0.375,0.4842911041133011,0,1,49.62532352277711,5.976195246086046,31.128150484983593,68.78108494395379,64.59930555555556,11.848939142163214,40,94,50.32881944444444,10.242561123520082,16.9,84.9,49.61819444444444,13.323476521522684,1.6,91.6,97.49027777777778,0.7828707745723806,95.1,100.0,33.511583333333334,0.4884725309386242,31.81,35.13,5.299326388888889,1.1379387283186126,2.15,8.04,64.61568117019729,10.859784218827507,44.76990542268737,84.26104221832124,64.61564451506143,10.728415942318637,47.39694124662118,82.09159613242532,-0.004229974339666221,1.8203037185423596,-5.9763138135509735,7.89285409434865,50.26037991958566,0.0,50.26037991958566,50.26037991958566,3.5075954910793214,1.1129960650208637,0.8145839895064364,7.531997954768649,3.018705148655529,1.222679296935627,0.3332325859307898,7.804332944764169,50.32538269179292,2.696633172550873,44.624028573952394,56.557955221436266,540.0,0.0,540.0,540.0,0.375,0.0,0.375,0.375,0.3074074074074074,0.0,0.3074074074074074,0.3074074074074074,0.22407407407407404,0.0,0.22407407407407406,0.22407407407407406,73.1,0.0,73.1,73.1,94.9,0.0,94.9,94.9,0.5152777777777777,0.6412201109124392,0,3,45.458333333333336,35.552538225669636,0.0,97.0,1.9548958333333335,1.054731961041341,1.225,8.575,48.838144367050354,14.854636344694844,18.8592601353778,78.40970173204514,57.75818293753774,9.24945624267265,40.995934446733386,74.97429147662578,0.013194444444444444,0.11414639404811412,0.0,1.0,0.02013888888888889,0.14052411628109424,0.0,1.0,0.0,0.0,0.0,0.0,0.0,0.0,0.0,0.0,0.03333333333333333,0.17956785434898084,0.0,1.0,59.89423611111111,3.9999550170961107,47.0,68.5,user_002,1440
2024-01-18,3.1215277777777777,2.994752491787366,0,14,14141.620833333332,6824.838083745018,0,19995,5.267397222222221,0.9742191701635564,3.0459999999999985,7.091999999999999,64.39250773843125,10.824255089717543,42.988089860887975,84.1349783713964,50.63027911380485,5.487428418429399,32.912404762876115,67.6959782692215,97.508875,0.35408759462865813,96.48,98.64000000000001,33.51410138888889,0.23688569681297217,32.676,34.379999999999995,0.375,0.4842911041133011,0,1,49.30548801792705,6.696653551108779,27.12498510745806,72.52624196588586,64.39930555555556,11.669153557870464,40,92,50.622569444444444,10.520524844852444,17.4,83.5,49.30694444444445,12.968361847325426,7.6,92.4,97.50791666666666,0.7755603905489664,95.1,100.0,33.51379166666667,0.5176419898669196,31.71,35.36,5.267611111111111,1.1276808940935203,1.75,8.16,64.3862027017791,10.739489396821355,44.5540580053947,82.30292109280852,64.39190375203052,10.595145552459067,48.273635466444304,80.92447092256704,0.003398908562152246,1.7882450490639337,-6.401947275599639,6.204431655351314,50.26037991958566,0.0,50.26037991958566,50.26037991958566,3.4966096936807327,1.096309353465369,0.7255839436494467,8.21620777834262,3.0054767829754,1.2249745663130935,0.41949689386850575,8.44005447120478,50.63678959038485,3.3840078045348063,42.86238580181589,57.30510628581212,540.0,0.0,540.0,540.0,0.375,0.0,0.375,0.375,0.32592592592592595,0.0,0.32592592592592595,0.32592592592592595,0.21296296296296297,0.0,0.21296296296296297,0.21296296296296297,72.1,0.0,72.1,72.1,94.9,0.0,94.9,94.9,0.5576388888888889,0.6559801202422513,0,3,46.822916666666664,36.61720777607424,0.0,100.0,2.0203993055555554,1.0921935058421772,1.225,8.575,48.229620613240904,15.651958346752284,14.389862871583057,80.63686420828971,57.9151831340211,9.918370415078305,39.61610846325779,76.22183798030049,0.018055555555555554,0.13319862317015,0.0,1.0,0.025694444444444443,0.15827708911662636,0.0,1.0,0.0,0.0,0.0,0.0,0.0,0.0,0.0,0.0,0.04375,0.204609409421721,0.0,1.0,59.890902777777775,3.9691348114002767,46.9,68.6,user_002,1440
2024-01-19,3.1152777777777776,2.990471768138129,0,14,2573.009722222222,1645.3794300954282,790,5276,5.287170833333332,0.9205961562041891,3.3279999999999985,7.249999999999998,64.49564877397464,10.739744773110107,44.716624136913744,87.67466973907544,50.95595962658311,5.3396080670867745,34.16304073417572,66.91081007576882,97.5082361111111,0.35987211044158096,96.44000000000001,98.47999999999999,33.488550000000004,0.2324308327402794,32.812,34.254,0.375,0.4842911041133011,0,1,49.10148580745523,6.187375901162767,31.23496477080029,67.86841214664247,64.49305555555556,11.593890538332726,40,96,50.968472222222225,10.342991659524753,19.8,85.3,49.080555555555556,13.070582844572847,7.4,88.0,97.50840277777777,0.7974543960762498,94.6,100.0,33.488395833333335,0.5150237614865552,31.8,35.13,5.286854166666666,1.083579200708368,2.4,8.28,64.49762086358034,10.646960841448752,46.6388136090574,84.41129429120764,64.47890994199386,10.557257127989258,48.72794427595956,81.93739706586129,-0.0012966092095439998,1.7801663923401132,-6.037004415056543,5.974079392427903,50.26037991958566,0.0,50.26037991958566,50.26037991958566,3.4316763440310343,1.1273440274715765,0.5546858983790446,7.039449860061114,2.9057147556721588,1.1726732505547592,0.3118818052566019,9.210287189163157,50.94030195339174,3.5145633302703274,42.72481820229359,58.00033096705637,540.0,0.0,540.0,540.0,0.375,0.0,0.375,0.375,0.3037037037037037,0.0,0.3037037037037037,0.3037037037037037,0.18703703703703703,0.0,0.18703703703703703,0.18703703703703703,69.6,0.0,69.6,69.6,94.9,0.0,94.9,94.9,0.5506944444444445,0.6512399599572645,0,3,46.729166666666664,36.54867550306706,0.0,97.0,2.0076388888888888,1.0798657105859932,1.225,8.575,48.012043149158835,15.657309053620352,16.4965302322823,82.15227859888007,57.33526830702952,9.958930674521298,37.06823515315777,75.10339990482028,0.016666666666666666,0.12806357003774774,0.0,1.0,0.029861111111111113,0.17026319858084826,0.0,1.0,0.0,0.0,0.0,0.0,0.0,0.0,0.0,0.0,0.04652777777777778,0.21397108857733402,0.0,2.0,59.581319444444446,4.17595182652285,45.3,68.3,user_002,1440
2024-01-20,3.140277777777778,2.9873097229351355,0,16,7098.222222222223,1663.5406597608212,5276,9798,5.285008333333332,0.9713771171654225,3.1739999999999986,7.2559999999999985,64.49582405560531,10.631406957512612,45.029362731831476,85.2913199913448,50.70190457588866,5.513792464010569,32.74729423863577,65.60742759563301,97.51825,0.34484790334576976,96.52,98.78,33.49950555555556,0.22321452168985104,32.69,34.303999999999995,0.375,0.4842911041133011,0,1,49.093509540734836,6.548913418863397,30.245697173414396,74.86287957057847,64.49583333333334,11.55233957634914,40,96,50.69201388888889,10.414496437117004,11.2,86.7,49.10395833333333,13.254268785065241,8.5,93.9,97.51875,0.7774505072185792,94.7,100.0,33.49979861111111,0.49321275301232564,31.35,34.98,5.285277777777778,1.1409585015310777,2.12,8.26,64.4958088633257,10.526960375748018,45.61183532006089,82.65358710434722,64.49730735978632,10.385002783241998,47.679247883627234,79.90819583257263,4.638864006759983e-06,1.8452631103753896,-6.268215594007842,7.114822328926522,50.26037991958566,0.0,50.26037991958566,50.26037991958566,3.434654204099155,1.1076571586705366,0.6377049145359078,7.810358234004474,2.973183643981662,1.235708321822402,0.3304613039648862,8.051380684428482,50.73196958012257,3.602969281691904,42.567987693850824,58.90264102891089,540.0,0.0,540.0,540.0,0.375,0.0,0.375,0.375,0.29444444444444445,0.0,0.29444444444444445,0.29444444444444445,0.18518518518518515,0.0,0.18518518518518517,0.18518518518518517,69.5,0.0,69.5,69.5,94.9,0.0,94.9,94.9,0.5513888888888889,0.6360696408906006,0,3,47.104166666666664,36.86378184738687,0.0,101.0,1.9965798611111114,1.0342350477493174,1.225,8.575,48.26944002773053,15.60648959109243,19.058044311481403,78.58540328950497,57.12600647899872,9.942898674049484,39.38123708942626,74.47837153721723,0.017361111111111112,0.1306581730349674,0.0,1.0,0.03125,0.17405308193218041,0.0,1.0,0.0,0.0,0.0,0.0,0.0,0.0,0.0,0.0,0.04861111111111111,0.21512835708569916,0.0,1.0,59.60194444444445,4.160111600740467,48.5,68.5,user_002,1440
2024-01-21,3.1486111111111112,3.0153875953843245,0,14,11588.5125,1669.1844375117864,9798,14332,5.289047222222221,0.9440587448259453,3.0979999999999985,7.135999999999998,64.55861782592216,10.710552400361227,43.86435971648194,85.35969324257663,50.71179653359101,5.593547462762979,30.429125100261626,68.36095329638475,97.47125,0.3667843378897151,96.36,98.7,33.51375972222222,0.2232999722307521,32.79,34.232,0.375,0.4842911041133011,0,1,49.58132054745151,6.575974869844776,27.75162205663518,72.9138227497245,64.55625,11.619561390798005,40,95,50.72958333333334,10.728894298253635,13.3,85.3,49.57222222222222,13.162580125440602,4.9,87.9,97.47131944444445,0.8101705364689004,94.4,100.0,33.513597222222224,0.5060175530503446,31.49,35.1,5.288972222222222,1.1081536456444228,2.42,8.19,64.55992569642522,10.612555571310379,44.99655500098718,82.75504479241982,64.5696910146786,10.479503241485716,48.53625061047047,80.6884038088641,-0.0011839129610747771,1.8363336104594936,-5.242275018337487,6.002085243514081,50.26037991958566,0.0,50.26037991958566,50.26037991958566,3.5220383965647306,1.2187115633567982,0.7105141376117822,8.58154268385594,3.0096977430023686,1.2389371954036454,0.3715366219545786,8.909194820840703,50.70334642419888,3.538997938808454,41.411299410076566,58.55654847081805,540.0,0.0,540.0,540.0,0.375,0.0,0.375,0.375,0.3055555555555556,0.0,0.3055555555555556,0.3055555555555556,0.2037037037037037,0.0,0.2037037037037037,0.2037037037037037,71.2,0.0,71.2,71.2,94.9,0.0,94.9,94.9,0.5555555555555556,0.646557976675955,0,3,47.229166666666664,36.9295139797386,0.0,97.0,2.0101909722222224,1.0619287729833633,1.225,8.575,48.35251116835367,15.658778475178643,16.744140857568453,85.50057604102344,57.56366041034109,9.936197621116605,37.53095539721632,76.32478415981676,0.014583333333333334,0.11991933239532479,0.0,1.0,0.034722222222222224,0.18313896660804702,0.0,1.0,0.0,0.0,0.0,0.0,0.0,0.0,0.0,0.0,0.049305555555555554,0.2260014475891877,0.0,2.0,59.81590277777777,4.268847822054427,46.2,68.6,user_002,1440
2024-01-22,3.111111111111111,2.957684214951511,0,15,16122.935416666667,1651.3242406436016,14332,18812,5.281918055555554,0.9722364931953905,3.2539999999999987,7.297999999999999,64.52658620178926,10.856759338667842,45.016570339901534,84.5811036362921,50.506391236789476,5.647579645922436,33.0119263175772,67.33515414185511,97.52663888888888,0.3457520755139238,96.2,98.64000000000001,33.507266666666666,0.22759035899613503,32.786,34.144,0.375,0.4842911041133011,0,1,49.30249796193386,6.68221807600494,30.07758485434584,71.49057672282123,64.52569444444444,11.740507063973789,40,92,50.49416666666667,10.659511799320875,15.8,86.1,49.31645833333333,13.452197299596921,4.5,95.1,97.52624999999999,0.8240342758883151,94.9,100.0,33.50727083333334,0.5053549068867571,32.15,35.31,5.281743055555555,1.1350406387065306,2.19,8.39,64.52662284333027,10.75855813759703,46.387469514326874,82.71570635109319,64.54248711128413,10.630557916429892,48.522820078022036,80.98197497792356,-0.000445878672406794,1.8231639250894904,-5.488914503928214,5.429324979679315,50.26037991958566,0.0,50.26037991958566,50.26037991958566,3.4915925977567515,1.214954887073313,0.2869254167420868,7.756302637178619,3.012421212613119,1.268068585049345,0.28534489386609063,8.129961733492303,50.46740503237578,3.6506780957441824,42.01567048652388,57.91777817876609,540.0,0.0,540.0,540.0,0.375,0.0,0.375,0.375,0.31666666666666665,0.0,0.31666666666666665,0.31666666666666665,0.18518518518518515,0.0,0.18518518518518517,0.18518518518518517,69.4,0.0,69.4,69.4,94.9,0.0,94.9,94.9,0.5486111111111112,0.6428076565098623,0,3,46.666666666666664,36.5025916050442,0.0,101.0,1.99828125,1.063798402128391,1.225,8.575,48.529125833494874,15.976252734096986,18.853701779990068,81.532904736458,56.857893175362044,10.16570308593478,37.86412733717509,75.8433363120721,0.008333333333333333,0.09093751529854271,0.0,1.0,0.029861111111111113,0.17026319858084824,0.0,1.0,0.0,0.0,0.0,0.0,0.0,0.0,0.0,0.0,0.03819444444444445,0.19173199378189323,0.0,1.0,59.40013888888889,4.181821406936819,47.5,68.7,user_002,1440
2024-01-23,3.1506944444444445,3.0124018968285693,0,15,9650.729166666666,8544.06855050183,2,19994,5.241620833333332,0.9614306013610641,3.1159999999999988,7.201999999999998,64.30266904406322,10.780720329124467,44.18595718699186,84.48951975646801,50.54965349144813,5.57528811188656,27.218574491994787,68.95543743853251,97.50391666666668,0.34110020048160145,96.46,98.85999999999999,33.496125,0.22361519100536878,32.664,34.132,0.375,0.4842911041133011,0,1,49.30972359982378,6.420677525048926,32.046636828285905,73.93632660599903,64.30625,11.656239735615811,40,91,50.54548611111111,10.655040556944565,17.7,83.8,49.31104166666666,13.312036239870796,5.3,92.0,97.5038888888889,0.8047972142695664,94.6,99.9,33.495979166666665,0.5004101301775313,31.8,35.23,5.241708333333333,1.1249623876038168,2.14,7.97,64.30062467316117,10.685903061076804,46.355499365865114,83.65503374966605,64.2782690269791,10.604983982019606,47.744454320443445,80.40211579124211,0.001790477968393055,1.8139620776443475,-5.332290907014375,5.3898959423119095,50.26037991958566,0.0,50.26037991958566,50.26037991958566,3.5323245347693772,1.126926734628206,0.7498178166399925,7.549277364753876,3.057898335916085,1.234804958610619,0.43362206038622164,8.255767194591925,50.59386158984872,3.6955281351488285,39.82814274664281,57.70398646824264,540.0,0.0,540.0,540.0,0.375,0.0,0.375,0.375,0.3,0.0,0.3,0.3,0.1962962962962963,0.0,0.1962962962962963,0.1962962962962963,70.5,0.0,70.5,70.5,94.9,0.0,94.9,94.9,0.5506944444444445,0.6469575482084179,0,3,47.260416666666664,36.93424602399063,0.0,103.0,2.0042361111111116,1.0628806916317821,1.225,8.575,48.22458765754871,15.619311018681472,16.731271220017828,86.64059997623721,57.42417894669265,9.967260742088378,35.05668691650785,74.93449471951905,0.021527777777777778,0.14518598670619182,0.0,1.0,0.029166666666666667,0.16833196296834277,0.0,1.0,0.0,0.0,0.0,0.0,0.0,0.0,0.0,0.0,0.050694444444444445,0.21944922140492926,0.0,1.0,59.65625,4.109118299181032,45.7,69.0,user_002,1440
2024-01-24,3.1354166666666665,3.0234885150362234,0,14,5129.790972222222,1662.7806353623675,3349,7864,5.2796861111111095,0.9662206731611921,3.0959999999999988,7.181999999999998,64.30875602243627,10.896100608275177,42.438542408225565,83.76386211940188,50.58441709469106,5.398960944200012,36.90338075479735,69.78345856307676,97.54084722222223,0.3647765948276362,96.28,98.74,33.48238333333333,0.2289278336571015,32.827999999999996,34.238,0.375,0.4842911041133011,0,1,49.44379863724149,6.4742320997739125,23.769248935038902,69.08580257614318,64.30555555555556,11.755783269305462,40,92,50.58965277777778,10.430477200953142,17.3,91.9,49.44048611111111,12.863853005554816,0.0,88.0,97.54048611111111,0.8026319023188825,95.0,100.0,33.48235416666667,0.4995957499766368,31.62,35.33,5.279625,1.1239724664249782,2.48,8.04,64.31220859250898,10.796200557914952,44.671103734463294,83.01763837329887,64.31867770891928,10.665125145826586,48.24339110127615,79.90902670515023,-0.0016002334403543866,1.7974980768350917,-5.131944194950883,5.158759126199577,50.26037991958566,0.0,50.26037991958566,50.26037991958566,3.471130679167813,1.1035831343187248,0.7611272711056973,7.368246521646722,3.029032126580221,1.2602459327964897,0.2472667685264494,8.66059974704441,50.56372049235453,3.29734021538039,43.008051375843124,58.63897820008852,540.0,0.0,540.0,540.0,0.375,0.0,0.375,0.375,0.31666666666666665,0.0,0.31666666666666665,0.31666666666666665,0.17962962962962964,0.0,0.17962962962962964,0.17962962962962964,68.8,0.0,68.8,68.8,94.9,0.0,94.9,94.9,0.5465277777777777,0.6515511181384966,0,3,47.03125,36.87719410793746,0.0,97.0,2.0025347222222223,1.0806580975227138,1.225,8.575,48.209887250333296,15.665454809797518,17.138154580748527,77.91981126353014,56.9034684224686,9.882518344560031,39.915369955734285,74.32448497699377,0.017361111111111112,0.13065817303496732,0.0,1.0,0.02013888888888889,0.14052411628109435,0.0,1.0,0.0,0.0,0.0,0.0,0.0,0.0,0.0,0.0,0.0375,0.1936715946851997,0.0,2.0,59.261805555555554,4.052276473561024,49.1,69.0,user_002,1440
2024-01-25,3.107638888888889,3.0170140621879846,0,14,9627.696527777778,1649.9916440883144,7864,12339,5.274344444444443,0.9694092041607478,3.1419999999999986,7.311999999999999,64.29936057046743,10.714230491955265,44.58223535264434,83.97314539842442,50.91954574259786,5.402396765298264,33.60025110526547,66.43858795594498,97.48093055555556,0.34613958896524955,96.38,98.56,33.5000625,0.2271577875426652,32.762,34.222,0.375,0.4842911041133011,0,1,49.61577172053967,6.545993538902675,27.279802350084168,69.93729005352101,64.29930555555555,11.60204144726081,40,90,50.92326388888889,10.590866646813767,19.4,85.9,49.608333333333334,13.324889322957839,1.7,89.8,97.48166666666667,0.7836923706137295,95.0,100.0,33.500548611111114,0.5102179469971216,31.92,35.31,5.274715277777778,1.120110898430954,2.13,8.16,64.29799232405229,10.619442439430642,46.2904304950663,83.11111399222959,64.30235392140399,10.505919273046654,48.27942540945608,80.67065019366986,-2.7507455938261907e-05,1.8170947415136425,-5.903025109451832,5.641539209952626,50.26037991958566,0.0,50.26037991958566,50.26037991958566,3.5235459443837094,1.1782431514797462,0.7238738530352901,8.225116659235757,2.988047166279138,1.2440327247786782,0.4967253298994186,8.91566526086668,50.93389553181544,3.5912014824051464,43.21820027981426,60.75732799697264,540.0,0.0,540.0,540.0,0.375,0.0,0.375,0.375,0.2814814814814815,0.0,0.2814814814814815,0.2814814814814815,0.21666666666666667,0.0,0.21666666666666667,0.21666666666666667,72.6,0.0,72.6,72.6,94.9,0.0,94.9,94.9,0.5388888888888889,0.6563011638467432,0,3,46.614583333333336,36.56504949890731,0.0,103.0,1.9965798611111114,1.0930604372126758,1.225,8.575,47.82253804736925,15.600310464729,14.557084475753133,78.82523152615822,58.346911494007166,9.935713169824158,40.06065407986175,77.90187637669587,0.01597222222222222,0.1254114531626056,0.0,1.0,0.024305555555555556,0.15404958804610785,0.0,1.0,0.0,0.0,0.0,0.0,0.0,0.0,0.0,0.0,0.04027777777777778,0.19667826807240016,0.0,1.0,60.21833333333333,4.124054085324251,47.3,68.7,user_002,1440
2024-01-26,3.1180555555555554,2.9784879116988026,0,12,14138.102083333333,1649.653562298369,12339,16829,5.297599999999998,0.9954179560851447,3.3259999999999983,7.1839999999999975,64.66711882511676,11.02020096753521,44.500770959830355,85.43462762109357,50.42987282444419,5.201337243120819,34.62716804389856,67.3330692550983,97.54227777777778,0.37142900510011945,96.46,98.7,33.514802777777774,0.21058960215148909,32.598,34.112,0.375,0.4842911041133011,0,1,49.69476548546548,6.253570523300493,30.74325659757074,70.60191866472854,64.6673611111111,11.86311977607738,40,93,50.424305555555556,10.277578681863115,12.9,93.4,49.70006944444445,13.033646253908874,5.9,99.3,97.54215277777779,0.8103445703627525,95.2,100.0,33.514375,0.505558702975505,31.92,35.79,5.2975208333333335,1.1492027176667166,2.26,8.42,64.66969083180099,10.923354044343885,47.41593282912964,83.7449389559205,64.68530380449837,10.804740192779713,48.304162776880354,80.90317373015206,0.00012114299717858046,1.7933260347655944,-5.1331171031261675,5.681565939718027,50.26037991958566,0.0,50.26037991958566,50.26037991958566,3.4290784697216004,1.1578558116696913,0.7426390944229307,7.688347411732962,2.943408306858137,1.2429323121503428,0.2977224661986149,7.910015359707625,50.38885309465759,3.280821596129543,43.77299711002522,57.586163149743626,540.0,0.0,540.0,540.0,0.375,0.0,0.375,0.375,0.2740740740740741,0.0,0.2740740740740741,0.2740740740740741,0.2,0.0,0.2,0.2,70.8,0.0,70.8,70.8,94.9,0.0,94.9,94.9,0.5368055555555555,0.631603024463276,0,2,46.770833333333336,36.799537483497055,0.0,105.0,1.9744618055555558,1.0160688487597422,1.225,4.9,48.77486576658755,15.827980794377309,16.964046191082236,80.17042331874646,57.11743734062625,10.007247027505752,39.60595942273956,74.77391638337828,0.016666666666666666,0.12806357003774754,0.0,1.0,0.025,0.15617918826278077,0.0,1.0,0.0,0.0,0.0,0.0,0.0,0.0,0.0,0.0,0.041666666666666664,0.19989573376648223,0.0,1.0,59.51166666666667,4.260416576968993,46.9,67.9,user_002,1440
2024-01-27,3.1729166666666666,3.020424307135588,0,14,13102.120833333332,7616.156667341971,1,19993,5.28337361111111,0.9492552213857747,3.2399999999999984,7.441999999999998,64.47129669154498,10.746873886557763,44.82735748681669,85.93409171658182,50.650607811166566,5.328967244558748,33.277457321647155,70.30842259294297,97.51140277777779,0.3621083025641465,96.38,98.67999999999999,33.497281944444445,0.23297216327430012,32.69199999999999,34.135999999999996,0.375,0.4842911041133011,0,1,49.04239611417343,6.388440087241957,27.34595695923152,65.85944167980814,64.47291666666666,11.628334704445457,40,93,50.64534722222223,10.577617709329344,18.0,85.4,49.05381944444444,13.126994477482354,8.7,91.3,97.51083333333334,0.789388887586044,94.8,100.0,33.49761111111111,0.5168909180293509,31.9,35.44,5.2828333333333335,1.1072944821444888,2.51,8.21,64.46473773228324,10.661626081282922,46.56490316608161,83.68385195665981,64.44626810274896,10.59049194264714,48.09119716479961,80.89886949119796,0.0008099875608409561,1.8151702195516521,-5.263821999332066,5.610676716451721,50.26037991958566,0.0,50.26037991958566,50.26037991958566,3.5229483694004555,1.2175465773964775,0.8484697091217362,8.468529311605684,3.013376308558582,1.2672739018275823,0.4951879008095248,8.015229956875292,50.68518247958393,3.333509084950321,43.67163972867319,59.106182203674464,540.0,0.0,540.0,540.0,0.375,0.0,0.375,0.375,0.3,0.0,0.3,0.3,0.18518518518518515,0.0,0.18518518518518517,0.18518518518518517,69.4,0.0,69.4,69.4,94.9,0.0,94.9,94.9,0.5520833333333334,0.6479205793435647,0,3,47.59375,37.21715984089403,0.0,100.0,2.0067881944444443,1.0712740333275121,1.225,8.575,48.291749866231385,15.48957323277129,15.21222055607743,82.14637911107023,57.076991676412554,9.874359200432885,38.2325776610419,75.3361215886642,0.01875,0.13568796214689607,0.0,1.0,0.035416666666666666,0.18489474495776007,0.0,1.0,0.0,0.0,0.0,0.0,0.0,0.0,0.0,0.0,0.05416666666666667,0.22642491434161416,0.0,1.0,59.42319444444444,4.074919074777695,45.1,68.2,user_002,1440
2024-01-28,3.158333333333333,3.020879391867287,0,13,3172.1805555555557,1664.4590289245398,1398,5946,5.275965277777776,0.9732506054329478,3.3579999999999983,7.223999999999998,64.45070471802468,10.906693335689031,44.363426672175514,85.4548596098263,50.55169542933605,5.517920484120731,33.4552385251308,68.12566529093282,97.5107361111111,0.34525918568068376,96.24,98.58,33.48995138888889,0.23367945561352182,32.816,34.260000000000005,0.375,0.4842911041133011,0,1,49.60340257166402,6.617908811510396,30.382328930247724,69.08758134882898,64.45416666666667,11.741451875612503,40,94,50.55201388888889,10.492504825444113,15.4,82.1,49.60736111111112,12.904238681000166,16.1,94.4,97.511875,0.7825436232170533,95.2,100.0,33.48976388888889,0.4998773440397574,32.17,35.4,5.276506944444445,1.1257347627360332,2.47,7.96,64.45099063823453,10.815255263364927,46.10875343596591,84.20097367432679,64.45134896998341,10.681156538915651,48.4501194900223,80.85129562569732,0.0017309743209943285,1.7791203830989673,-6.2409526183998025,5.775917010452659,50.26037991958566,0.0,50.26037991958566,50.26037991958566,3.461773449372581,1.1348585131246032,0.8298981701603122,8.094093066812082,2.9475403211340723,1.2253020079011805,0.5079202944401023,8.551338719866855,50.55540232299096,3.806914174311272,43.25691625755904,58.213553488747024,540.0,0.0,540.0,540.0,0.375,0.0,0.375,0.375,0.30185185185185187,0.0,0.30185185185185187,0.30185185185185187,0.2111111111111111,0.0,0.2111111111111111,0.2111111111111111,72.1,0.0,72.1,72.1,94.9,0.0,94.9,94.9,0.5506944444444445,0.6586671875100519,0,3,47.375,37.17886354329689,0.0,104.0,2.01359375,1.0990201989668542,1.225,8.575,48.39781816128674,16.12242540962231,18.73354404140777,80.34540733144428,57.7772655243588,10.329705704306813,39.26432194634869,74.4700443063961,0.01597222222222222,0.12541145316260566,0.0,1.0,0.02638888888888889,0.16034453484796293,0.0,1.0,0.0,0.0,0.0,0.0,0.0,0.0,0.0,0.0,0.04236111111111111,0.20826556692616255,0.0,2.0,59.9375,4.345369281247561,46.9,67.5,user_002,1440
2024-01-29,3.1798611111111112,2.9871645702432628,0,12,7768.815277777778,1687.4701318982125,5946,10525,5.292547222222221,0.9759322596327383,3.361999999999999,7.1899999999999995,64.6554623132869,10.716930631971673,44.691736429300114,83.77935341568455,50.436605102342654,5.675697393354124,32.89977497993712,66.81339645812963,97.48927777777777,0.33785824308069323,96.42,98.52000000000001,33.517744444444446,0.2169383171885427,32.766000000000005,34.251999999999995,0.375,0.4842911041133011,0,1,49.61785778887428,7.174505301550945,29.278845262762278,73.50895574943583,64.65555555555555,11.603992613899338,40,95,50.44798611111111,10.448986376811641,20.4,82.6,49.594791666666666,13.687501360502061,4.0,93.2,97.48833333333334,0.7953757945910009,95.1,100.0,33.51784027777778,0.48756930211698646,31.86,35.04,5.2925763888888895,1.1358175662702028,2.21,8.46,64.65527490684975,10.618341746848643,46.09975770323513,82.64538730441885,64.64373681099666,10.518131252918208,49.20248335094864,80.96782760058548,4.6621134328573966e-05,1.8166890706508667,-5.0626200274854085,6.541936812704961,50.26037991958566,0.0,50.26037991958566,50.26037991958566,3.4088622318783774,1.0954974449637254,0.7283948213690347,6.569313187799137,2.9750835121694474,1.2544907786587542,0.4516791995348457,9.263818882710229,50.39180664521154,3.5743944419134897,42.05763924693089,59.01770025829676,540.0,0.0,540.0,540.0,0.375,0.0,0.375,0.375,0.2962962962962963,0.0,0.2962962962962963,0.2962962962962963,0.2037037037037037,0.0,0.2037037037037037,0.2037037037037037,71.2,0.0,71.2,71.2,94.9,0.0,94.9,94.9,0.5555555555555556,0.6465579766759554,0,2,47.697916666666664,37.12433884825539,0.0,97.0,2.0101909722222224,1.0560202745919687,1.225,4.9,48.76133176293116,15.798998711557452,17.09482988661147,79.44545388836443,57.2509442123704,9.998524002284565,39.73940899218558,76.14995340881619,0.0125,0.11114102755310219,0.0,1.0,0.024305555555555556,0.1540495880461077,0.0,1.0,0.0,0.0,0.0,0.0,0.0,0.0,0.0,0.0,0.03680555555555556,0.18834952197750873,0.0,1.0,59.83097222222223,4.1868684022776455,47.5,68.4,user_002,1440
2024-01-30,3.08125,2.9597125480224404,0,13,12305.727777777778,1628.5312352600004,10525,14962,5.280994444444443,0.9472118538152015,3.085999999999999,7.227999999999999,64.42699372038936,10.771748679293948,43.94339160351643,86.0233756544872,51.25201106819608,5.191700074162251,31.652533342073905,67.77770014090267,97.49943055555555,0.3315295412640553,96.48,98.64,33.50765972222222,0.21884314776673622,32.78,34.208,0.375,0.4842911041133011,0,1,48.69102072213201,6.3665404977285345,30.678814592902835,70.22177621155868,64.42291666666667,11.70477245519689,40,91,51.243611111111115,10.372403556558757,10.6,82.0,48.70388888888889,13.41637622287011,7.7,91.6,97.49951388888888,0.7960158171688071,94.4,100.0,33.507465277777776,0.508714227809698,31.9,35.32,5.280868055555556,1.109147327255677,2.14,8.02,64.43240253474914,10.662628990768603,45.883796902849724,82.98276885913997,64.44565567929355,10.533023498569479,48.31978591460715,80.4225845155431,-0.0020385268613431692,1.8649801081118567,-6.397911047346334,5.545121560339773,50.26037991958566,0.0,50.26037991958566,50.26037991958566,3.4799682030228207,1.1555323367865162,0.7450855761168684,6.897295228686318,2.990958711313311,1.246909665404059,0.3534079408416563,9.489010350644232,51.26359845017597,3.108107757543914,44.41376306165892,58.31811243282084,540.0,0.0,540.0,540.0,0.375,0.0,0.375,0.375,0.2611111111111111,0.0,0.2611111111111111,0.2611111111111111,0.22777777777777777,0.0,0.22777777777777777,0.22777777777777777,73.8,0.0,73.8,73.8,94.9,0.0,94.9,94.9,0.5194444444444445,0.6378470756987551,0,3,46.21875,36.16974203503761,0.0,100.0,1.957447916666667,1.0455058679273728,1.225,8.575,47.59075641851508,15.34010497106527,16.6968416805586,81.6295925825799,58.918521413668095,9.64057284325937,40.03492547737182,75.97135544188906,0.019444444444444445,0.13812895334540526,0.0,1.0,0.029861111111111113,0.1702631985808484,0.0,1.0,0.0,0.0,0.0,0.0,0.0,0.0,0.0,0.0,0.049305555555555554,0.21658045183358277,0.0,1.0,60.62909722222222,4.015163304651765,47.2,68.3,user_002,1440
2024-01-31,3.035416666666667,2.908040870168649,0,13,16702.696527777778,1604.6554795497668,14962,19333,5.280798611111109,0.9693042652234738,3.3999999999999986,7.465999999999998,64.53079905272554,10.839395450050873,44.47363189389514,85.24638369379058,50.83586527575945,5.535258373916808,34.0101275699638,67.71133724552298,97.4618611111111,0.34863200562417546,96.22,98.7,33.47855972222222,0.21511709380515492,32.762,34.286,0.375,0.4842911041133011,0,1,48.779468808088644,6.904635684661611,26.767609528726748,70.14088317276152,64.5375,11.732955641651044,40,93,50.842638888888885,10.462146000620814,17.1,84.4,48.76631944444444,13.289397522596326,7.9,86.1,97.4625,0.7851713781845476,94.8,100.0,33.478500000000004,0.5050158145027203,31.72,35.21,5.280451388888889,1.1316814890996598,2.32,8.6,64.52343736267473,10.750115869692024,45.8274240533993,83.1165942188323,64.52020430985625,10.630780939304787,49.06159774363063,80.33790044239704,0.0033504736372297513,1.8405820955995742,-5.272972717010191,5.880347495553941,50.26037991958566,0.0,50.26037991958566,50.26037991958566,3.4388954605526023,1.1345716845397467,0.4885805239705113,7.197021606401381,2.9936132389619616,1.2506451994302799,0.35611275810514886,8.477208456397369,50.823468630020855,3.750103195215375,43.003758203278416,58.013728040566086,540.0,0.0,540.0,540.0,0.375,0.0,0.375,0.375,0.29444444444444445,0.0,0.29444444444444445,0.29444444444444445,0.16666666666666666,0.0,0.16666666666666666,0.16666666666666666,67.8,0.0,67.8,67.8,94.9,0.0,94.9,94.9,0.51875,0.6290918866165821,0,3,45.53125,35.56245759751793,0.0,91.0,1.9497916666666668,1.0160178872028045,1.225,8.575,48.16752737563526,16.130410629470394,15.887348019252283,79.64935057397892,56.70708525277089,10.357986498867042,38.60155005281383,75.89692003073888,0.009027777777777777,0.09461762000761866,0.0,1.0,0.02847222222222222,0.16637541148299353,0.0,1.0,0.0,0.0,0.0,0.0,0.0,0.0,0.0,0.0,0.0375,0.19004955280816943,0.0,1.0,58.94826388888889,4.357713892411733,46.0,68.1,user_002,1440
2024-02-01,3.1381944444444443,2.972832665200868,0,15,8745.159722222223,8432.805504065547,1,19998,5.277279166666665,0.9707344460151464,3.443999999999998,7.317999999999998,64.5312711920527,10.807932164590145,45.91729088340245,84.5805940672569,50.26689254458019,5.513187998273239,34.832336419131245,70.00802416270568,97.54045833333333,0.3454290998597013,96.42,98.6,33.51446388888889,0.21411319465794545,32.8,34.168000000000006,0.375,0.4842911041133011,0,1,49.43195253221714,6.749457141948188,24.919873708498994,70.88984763423021,64.52569444444444,11.648161782088462,40,93,50.26513888888889,10.400386545050342,10.2,88.3,49.44361111111111,13.157031514145839,1.2,99.9,97.53972222222222,0.798795083266883,95.1,100.0,33.51471527777778,0.5082754250975439,31.76,35.38,5.2773125,1.1209457870577795,2.31,8.1,64.53715658848346,10.712541661070526,46.94867420509284,82.65633746301837,64.53568444205635,10.600782314455797,48.54807185503032,81.25867903925136,-0.002788373804130901,1.767405897500931,-5.860194765921037,5.941719927917497,50.26037991958566,0.0,50.26037991958566,50.26037991958566,3.4178287533187617,1.1293463618843762,0.7609100416903813,7.612836063723642,2.9760596370928334,1.2729738302148612,0.5054656483462592,8.035178672211323,50.31098337156302,3.733172229111804,42.10376523674674,58.218273164944925,540.0,0.0,540.0,540.0,0.375,0.0,0.375,0.375,0.26296296296296295,0.0,0.26296296296296295,0.26296296296296295,0.23333333333333334,0.0,0.23333333333333334,0.23333333333333334,74.2,0.0,74.2,74.2,94.9,0.0,94.9,94.9,0.5451388888888888,0.6332604075152285,0,3,47.072916666666664,36.629726473668754,0.0,98.0,1.9863715277777778,1.0327298968135414,1.225,8.575,48.80378945724202,15.931323896988145,16.990207569090426,79.28236158023984,58.10238841547387,10.17209928886752,39.62698551932602,75.99128324668868,0.017361111111111112,0.1306581730349673,0.0,1.0,0.027083333333333334,0.16238268871881784,0.0,1.0,0.0,0.0,0.0,0.0,0.0,0.0,0.0,0.0,0.044444444444444446,0.20949583007381128,0.0,2.0,60.08263888888889,4.207167018789539,48.4,68.2,user_002,1440
2024-02-02,3.1125,3.0220150073512224,0,12,5604.988888888889,1634.8609910075395,3852,8334,5.264777777777776,0.9625194213500018,3.419999999999999,7.267999999999999,64.11896469876874,10.592254033937625,45.464037848990664,85.58668805097928,50.60171571564529,5.200801774587315,33.77902317236954,65.53643259333104,97.53434722222222,0.35307207939949614,96.44000000000001,98.64000000000001,33.50684583333334,0.23974737366505475,32.757999999999996,34.217999999999996,0.375,0.4842911041133011,0,1,49.50030022527541,6.14461235430826,32.030932669452056,69.77741336939378,64.1138888888889,11.495333138392647,40,92,50.596944444444446,10.24672583024138,16.6,80.4,49.50229166666667,12.610618600425857,14.3,88.4,97.5342361111111,0.8251527791327556,95.0,100.0,33.50707638888889,0.5193071449243105,31.75,35.15,5.2646250000000006,1.134524417969367,2.1,8.29,64.12140828189142,10.487292183801394,46.648396732662675,83.14190269164843,64.13880749340169,10.337123923265619,48.53332529434208,80.76621288494955,-0.0025379049399205903,1.8164731869029944,-5.497297891099073,5.903709528169998,50.26037991958566,0.0,50.26037991958566,50.26037991958566,3.4124461852101375,1.154737495744556,0.7776719563360625,8.210730242505473,2.8963620894980457,1.1737486903875145,0.4419529382360008,9.3015750725189,50.58602053158184,3.3997150826335276,43.388717286255094,56.65411673513413,540.0,0.0,540.0,540.0,0.375,0.0,0.375,0.375,0.31851851851851853,0.0,0.31851851851851853,0.31851851851851853,0.1925925925925926,0.0,0.1925925925925926,0.1925925925925926,70.1,0.0,70.1,70.1,94.9,0.0,94.9,94.9,0.5416666666666666,0.6540088597283651,0,2,46.6875,36.47470374387726,0.0,104.0,1.99828125,1.0754974837033437,1.225,4.9,47.98188846807659,15.369315560286848,20.648465410664024,78.12255701092957,57.43573782266432,9.78384062143126,40.66598350467696,73.58199972466922,0.015277777777777777,0.12269809298218742,0.0,1.0,0.027777777777777776,0.16439264022169928,0.0,1.0,0.0,0.0,0.0,0.0,0.0,0.0,0.0,0.0,0.043055555555555555,0.21307268504985344,0.0,2.0,59.682916666666664,3.9124682424828032,48.0,67.5,user_002,1440
2024-02-03,3.1395833333333334,3.007627984726514,0,16,10110.890277777778,1667.910367141217,8334,12855,5.288383333333332,0.9652273322480508,3.3659999999999983,7.233999999999997,64.51199852807058,10.963405143026886,45.247014200701905,85.80422663356582,50.50260416821057,5.215752545244475,35.58639175889991,66.82340892509491,97.44804166666667,0.3707364320980397,96.38,98.56,33.52373333333333,0.220901044448638,32.756,34.278000000000006,0.375,0.4842911041133011,0,1,49.26938544210264,6.166712445494976,29.543044349645083,68.07223017993964,64.51597222222222,11.829388047137614,40,93,50.50333333333334,10.35018620184132,16.7,82.8,49.26465277777778,12.9026140836681,10.6,89.6,97.44763888888889,0.8001441723035384,94.4,100.0,33.52336111111111,0.491816654978379,31.89,34.89,5.288784722222222,1.123963988497149,2.3,8.69,64.50941521500837,10.865307295598738,46.794600786712884,84.20546559368717,64.49725164899617,10.752066319790377,48.51110575178361,80.491033655017,0.0019868470758201084,1.8194039663922528,-5.557589258648463,5.638678793745726,50.26037991958566,0.0,50.26037991958566,50.26037991958566,3.4887581773897876,1.0686192973999795,0.716778468342562,7.841603103856069,2.9923569206768934,1.2135371652006608,0.29260427774233994,8.692505547575744,50.53284922912262,3.4025415049870524,43.74369614904912,57.33370242947592,540.0,0.0,540.0,540.0,0.375,0.0,0.375,0.375,0.3055555555555556,0.0,0.3055555555555556,0.3055555555555556,0.21851851851851853,0.0,0.21851851851851853,0.21851851851851853,72.6,0.0,72.6,72.6,94.9,0.0,94.9,94.9,0.5513888888888889,0.6479760665188584,0,3,47.09375,36.748249935875165,0.0,104.0,2.0059375,1.0830250932405046,1.225,8.575,48.50549877347284,15.735078242659313,18.83853538976586,78.41449035831468,57.86230950678483,9.999311608855365,39.414500256706496,74.81690112126665,0.017361111111111112,0.13065817303496732,0.0,1.0,0.019444444444444445,0.13812895334540518,0.0,1.0,0.0,0.0,0.0,0.0,0.0,0.0,0.0,0.0,0.03680555555555556,0.1883495219775088,0.0,1.0,59.83611111111111,4.200916725645031,48.0,67.4,user_002,1440
2024-02-04,2.9269230769230767,2.9789841616024244,0,12,13762.838461538462,1015.7761545780525,12855,15899,5.492264903846152,0.9960608494719678,3.3939999999999984,7.4179999999999975,67.30112576090856,10.791632617032718,45.719185938102896,83.98775211040264,49.87439539630644,5.3906398891648815,35.06178567851171,67.8757299477238,97.49448237179487,0.33363526061171295,96.38,98.52,33.48157371794872,0.22112383816687076,32.834,34.30200000000001,0.40384615384615385,0.4909034073286392,0,1,49.97381522272078,6.470727300195514,29.946239398099195,70.36343949514752,67.33269230769231,11.679258964221907,40,92,49.852788461538466,10.362835792050092,17.6,92.8,50.00625,13.047920465149621,10.1,92.3,97.49548076923077,0.7995359335050061,94.5,99.9,33.48191346153846,0.5008961096069546,31.99,35.1,5.492057692307692,1.1533348710884375,2.42,8.15,67.26854611747326,10.723405394490907,46.65801288364545,82.69695541025166,67.0480482547464,10.777964433311844,48.41581333147026,81.20265649124072,0.01578327339187188,1.8480437542234596,-5.680984675106416,6.673619937002016,50.26037991958566,0.0,50.26037991958566,50.26037991958566,3.4097700487974256,1.1890537374358587,0.47258174962049326,7.917095628946434,2.978403848048906,1.2443907717124358,0.20869891779661445,7.1834806519911565,49.936791014428294,3.4929855181921385,43.76127437845079,58.52014245027074,420.0,0.0,420.0,420.0,0.40384615384615385,0.0,0.40384615384615385,0.40384615384615385,0.3238095238095238,0.0,0.3238095238095238,0.3238095238095238,0.1619047619047619,0.0,0.1619047619047619,0.1619047619047619,67.6,0.0,67.6,67.6,94.9,0.0,94.9,94.9,0.5019230769230769,0.6463015040332517,0,2,43.348076923076924,36.619653655302464,0.0,100.0,1.942331730769231,1.0575633781934508,1.225,4.9,52.25165009902804,15.750471471756759,18.97810296236036,79.01016548986885,54.05245911681005,10.093001269945383,37.54790876622247,74.43645506146709,0.010576923076923078,0.10234805327788467,0.0,1.0,0.02980769230769231,0.17013825985720912,0.0,1.0,0.0,0.0,0.0,0.0,0.0,0.0,0.0,0.0,0.04038461538461539,0.20178187499348546,0.0,2.0,58.1023076923077,4.298305781410706,47.3,67.6,user_002,1040
2024-01-01,3.092361111111111,2.965251147151966,0,13,1733.317361111111,1631.993491000227,0,4453,5.248732291666666,0.9600597322048668,3.146,7.066,64.34374379674777,10.721295319799829,43.55114988104679,84.77730550239654,50.581941937370246,5.575145451190159,32.66444696968019,69.81541844472292,97.46870601851853,0.3504879949470428,96.38,98.64,33.49726481481481,0.2417870070374056,32.634,34.254,0.375,0.4842911041133011,0,1,49.47653497154163,6.5980071053577065,29.566292325510275,70.94862108080864,64.34027777777777,11.55105486878047,40,93,50.59069444444445,10.672208564941828,18.7,89.0,49.47138888888889,13.171827001659855,4.6,88.0,97.46833333333333,0.808956121770067,94.4,99.9,33.49757638888889,0.5168434971575159,31.29,35.19,5.24875,1.1159539090713582,2.3,8.43,64.35196318424131,10.617288060875802,45.59812975754038,82.80004244816917,64.34101135770325,10.53135711214491,47.60325980518454,80.41106034541372,-0.005855097251584714,1.7599288932433153,-6.600000000000001,6.3743627456871295,50.29235808301627,0.0,50.29235808301627,50.29235808301627,3.5535343246828366,1.1520085621089455,0.0,8.867119036079306,3.0957566451561296,1.3001086126568338,0.0,9.422847463944876,50.559645015758484,3.5557919765764003,39.5,57.850749296218936,540.0,0.0,540.0,540.0,0.375,0.0,0.375,0.375,0.32037037037037036,0.0,0.32037037037037036,0.32037037037037036,0.17407407407407408,0.0,0.17407407407407408,0.17407407407407408,68.3,0.0,68.3,68.3,94.9,0.0,94.9,94.9,0.5361111111111111,0.6414684239008687,0,3,46.385416666666664,36.583878829838085,0.0,101.0,1.9812673611111111,1.0484800912669552,1.225,8.575,48.77335746867728,16.306903363110738,14.591441887284617,83.73731907178009,56.28700036741885,10.363912282511075,36.47468731992156,74.64401875275617,0.009722222222222222,0.09815493450003052,0.0,1.0,0.02847222222222222,0.1663754114829934,0.0,1.0,0.0,0.0,0.0,0.0,0.0,0.0,0.0,0.0,0.03819444444444445,0.19884885106589428,0.0,2.0,54.971875,5.1470030774511075,40.8,65.8,user_003,1440
2024-01-02,3.1333333333333333,2.9846025992532192,0,13,6232.220833333334,1659.4698425361707,4453,8965,5.278690277777778,0.9770129307012206,3.154,7.714,64.56638217149066,10.926078130705589,45.45669340401823,85.03907159921836,50.974564994340874,5.6584401587056865,32.120798379469534,69.56866720217485,97.48248611111111,0.35404649789267423,96.4,98.54,33.49673194444445,0.21379326087391978,32.87,34.164,0.375,0.4842911041133011,0,1,48.92250160333422,6.770549046551593,29.58269193132225,70.12831603189323,64.56805555555556,11.770899989254119,40,93,50.962777777777774,10.68521430053181,10.1,83.3,48.93055555555556,13.540007266336684,3.2,91.7,97.48298611111112,0.8020964364365077,94.7,100.0,33.49646527777778,0.49515126970604983,31.87,35.14,5.278895833333333,1.1320672832590695,1.97,8.81,64.56444061619551,10.8323942601348,46.553019235398736,83.17524745262281,64.56233826577977,10.709090492145416,48.91852179505745,80.61823231711531,0.0008366920324480424,1.7900866904540949,-6.665244474050965,5.945413263534036,50.29235808301627,0.0,50.29235808301627,50.29235808301627,3.5061227681344445,1.1768647025578305,0.3779941048729284,8.294348377368754,2.9916428317404904,1.213167753236005,0.34429316460727655,9.642733513078936,50.96622180303642,3.9604472074554935,42.15873678517743,59.591647274148755,540.0,0.0,540.0,540.0,0.375,0.0,0.375,0.375,0.2777777777777778,0.0,0.2777777777777778,0.2777777777777778,0.1962962962962963,0.0,0.1962962962962963,0.1962962962962963,70.7,0.0,70.7,70.7,94.9,0.0,94.9,94.9,0.5458333333333333,0.6473203438168081,0,3,47.0,36.62595714275128,0.0,97.0,1.99828125,1.06379840212839,1.225,8.575,48.5279796305794,16.79665906187066,15.780628217935112,83.1613184325793,57.24503056052559,10.783751996830894,37.23603684712989,76.71346641949717,0.008333333333333333,0.09093751529854277,0.0,1.0,0.03263888888888889,0.17775132394292376,0.0,1.0,0.0,0.0,0.0,0.0,0.0,0.0,0.0,0.0,0.04097222222222222,0.20176882665203738,0.0,2.0,59.65506944444444,4.517122316121356,46.1,69.1,user_003,1440
2024-01-03,3.084722222222222,2.972618134679838,0,14,10707.134722222223,1632.4406600522968,8965,13407,5.289108333333333,0.9700827010660381,2.9420000000000006,7.286,64.58390076086576,10.818601773293116,45.01096390529358,85.34031572603654,50.56027023226148,5.292990003728037,30.967468819449035,65.93304410297144,97.47394444444446,0.38756487099006026,96.08000000000001,98.9,33.490747222222225,0.2268239115661269,32.79600000000001,34.232000000000006,0.375,0.4842911041133011,0,1,49.21119856517092,6.357192625140698,32.21623139475385,71.15598655873426,64.58125,11.66847149661889,40,98,50.576388888888886,10.745265687376085,17.2,86.3,49.19847222222222,13.371946317737498,3.5,95.5,97.47375000000001,0.8214581139288479,94.5,100.0,33.49095138888889,0.5029174071491624,31.81,35.34,5.288805555555555,1.1211326378399635,2.19,8.22,64.58516846511677,10.719756331106556,45.773963244538585,83.09024058790585,64.59084005859928,10.589308129140147,48.883124292153724,81.47348352274862,-0.0013253804328784448,1.7807977780959177,-5.772456437329254,6.4116013509647445,50.29235808301627,0.0,50.29235808301627,50.29235808301627,3.6118856455708537,1.214800219944089,0.6037129013770118,8.010282547538969,3.035654074570549,1.2451085033484484,0.43159149459802815,8.307058088720401,50.560798267752844,3.2628831058792493,43.738781470359115,56.68345335373468,540.0,0.0,540.0,540.0,0.375,0.0,0.375,0.375,0.30185185185185187,0.0,0.30185185185185187,0.30185185185185187,0.19074074074074077,0.0,0.19074074074074074,0.19074074074074074,69.9,0.0,69.9,69.9,94.9,0.0,94.9,94.9,0.5326388888888889,0.6481201620234327,0,3,46.270833333333336,36.304407302366116,0.0,98.0,1.9821180555555555,1.0719704275720434,1.225,8.575,49.05732129742447,15.808215868377586,17.81388778649865,83.1732110279667,56.60483380372419,10.027755523639055,37.35784917737543,73.86567007884057,0.015277777777777777,0.12269809298218748,0.0,1.0,0.029861111111111113,0.17026319858084826,0.0,1.0,0.0,0.0,0.0,0.0,0.0,0.0,0.0,0.0,0.04513888888888889,0.21100041699240188,0.0,2.0,59.289097222222225,4.054765710397941,46.1,67.8,user_003,1440
2024-01-04,3.225,3.05873701606169,0,15,15254.977083333333,1712.1656882902098,13407,18051,5.309354166666667,0.9624558419245107,3.2880000000000003,7.0920000000000005,64.58864356471899,10.727085424538778,44.505510639413366,84.31494703397479,50.87758654425323,5.669675138126284,32.91613089847629,67.40608757249709,97.48193055555556,0.35737813792199974,96.4,98.62,33.502629166666665,0.2150780422622849,32.897999999999996,34.128,0.375,0.4842911041133011,0,1,49.14795535510947,6.804030957862688,28.173809461905496,71.62221723394403,64.59652777777778,11.591931926172634,40,90,50.87444444444444,10.52022373359207,12.4,83.7,49.14194444444444,13.310318969658413,0.1,100.0,97.48152777777777,0.8013923944622501,94.7,99.9,33.50250694444445,0.48292401168675086,31.79,35.11,5.309597222222222,1.1189949347184562,2.17,7.91,64.58542066583524,10.63897854994442,46.550602758948955,82.54612527469881,64.58495820954158,10.532320648655837,48.89795224546188,79.88868508675341,0.0039421065293925505,1.8037736225584131,-5.799424336338518,6.2218598033615535,50.29235808301627,0.0,50.29235808301627,50.29235808301627,3.449193980629362,1.0992070048958564,0.6323533423744085,8.398003524616657,3.026671868550758,1.2360366126445375,0.45312529601732626,9.278783277216952,50.857684125911604,3.836655822018784,43.24845322119288,59.010466959585756,540.0,0.0,540.0,540.0,0.375,0.0,0.375,0.375,0.2962962962962963,0.0,0.2962962962962963,0.2962962962962963,0.20185185185185187,0.0,0.20185185185185187,0.20185185185185187,71.2,0.0,71.2,71.2,94.9,0.0,94.9,94.9,0.5652777777777778,0.6520741957004009,0,3,48.375,37.80118337970632,0.0,100.0,2.027204861111111,1.082394690422785,1.225,8.575,48.67438507088941,16.592829289729245,15.986380348698166,81.20665662213612,57.277976270691205,10.618878255593101,38.66476661375974,75.72001951167704,0.011805555555555555,0.10804763560808377,0.0,1.0,0.02638888888888889,0.16034453484796285,0.0,1.0,0.0,0.0,0.0,0.0,0.0,0.0,0.0,0.0,0.03819444444444445,0.1988488510658945,0.0,2.0,59.87263888888889,4.241884044238925,46.9,69.6,user_003,1440
2024-01-05,3.057638888888889,2.9366979007493472,0,14,11115.075694444444,8494.050385036388,1,19997,5.253329166666667,0.9583147168741001,3.3220000000000005,7.286,64.46530262853187,10.732082694544058,44.37444366283211,85.91625126185356,50.670282609042545,5.309946722277186,33.66227979651298,69.61225494970724,97.45886111111112,0.3535588274824654,96.25999999999999,98.67999999999999,33.51074305555556,0.22439235364480753,32.815999999999995,34.260000000000005,0.375,0.4842911041133011,0,1,49.29171450234105,6.502266799378199,23.927411718345898,70.65966184338494,64.46319444444444,11.62167253985996,40,95,50.661249999999995,10.28504307305484,15.9,88.7,49.311458333333334,12.893604842004088,3.1,93.2,97.45986111111112,0.8076166138781238,94.6,100.0,33.510465277777776,0.5079772175538775,32.01,35.22,5.253263888888889,1.115814632036241,2.08,8.04,64.46483116886392,10.632636665704467,46.55087249315828,84.57529265278187,64.46499707419055,10.510680058276519,48.22093824255017,81.289199373543,-0.0010540920437149184,1.818258268315253,-5.418942885179817,5.882986206713014,50.29235808301627,0.0,50.29235808301627,50.29235808301627,3.424858310718725,1.1032093948759127,0.6690821218345099,7.659389691292062,2.960586759951541,1.1749919975040017,0.4080406547767577,7.937582597933571,50.708117142977436,3.5146458866150265,44.050694766698136,57.05153982353946,540.0,0.0,540.0,540.0,0.375,0.0,0.375,0.375,0.32037037037037036,0.0,0.32037037037037036,0.32037037037037036,0.20185185185185187,0.0,0.20185185185185187,0.20185185185185187,71.1,0.0,71.1,71.1,94.9,0.0,94.9,94.9,0.5284722222222222,0.6396840770859766,0,3,45.864583333333336,36.01322621826143,0.0,102.0,1.9702083333333336,1.0558807117683158,1.225,8.575,48.77342137807473,16.14212055266443,17.212274265855932,80.14529629531542,57.16907587166129,10.305655483191932,39.59712809297899,74.18906904969931,0.016666666666666666,0.12806357003774752,0.0,1.0,0.030555555555555555,0.1721699702292854,0.0,1.0,0.0,0.0,0.0,0.0,0.0,0.0,0.0,0.0,0.04722222222222222,0.2217952039629468,0.0,2.0,59.805902777777774,4.293096080752739,47.1,68.3,user_003,1440
2024-01-06,3.1458333333333335,3.02633507085453,0,14,4268.325,1670.7471161933051,2454,6984,5.294559722222223,0.9551217528652093,3.2000000000000006,7.218000000000001,64.4998512918535,10.80102938016211,44.82410149863856,85.66142960289869,50.86753795056971,5.69897329998113,34.841706672487426,66.40996740114552,97.49762499999999,0.3574532315103092,96.16,98.56,33.50765555555555,0.23138213769709767,32.786,34.232,0.375,0.4842911041133011,0,1,49.34775520697177,6.996746023152616,27.547949568338897,71.7838125144521,64.49722222222222,11.71576715634835,40,93,50.87458333333333,10.66787210784055,18.9,85.6,49.338125,13.406075524595579,0.0,92.7,97.49729166666667,0.7960026249603147,94.6,100.0,33.50771527777778,0.5069108114042125,31.65,35.22,5.294972222222222,1.114330495104697,2.39,8.23,64.50281958781919,10.694646553278172,45.80159634921885,83.13801371843019,64.48524209991265,10.590667263533764,47.919798821987534,80.47600094961993,-0.0013145348156446178,1.8496095914392519,-6.241360192260913,6.2049873617360305,50.29235808301627,0.0,50.29235808301627,50.29235808301627,3.4935612845214457,1.1456168376309017,0.6630142883935016,6.912158974035564,2.9737312919710184,1.2165281839401345,0.4557014911842434,8.158026145544707,50.82969293236446,4.00266116489086,42.83318851726917,59.46452205167857,540.0,0.0,540.0,540.0,0.375,0.0,0.375,0.375,0.3314814814814815,0.0,0.3314814814814815,0.3314814814814815,0.17777777777777778,0.0,0.17777777777777778,0.17777777777777778,68.7,0.0,68.7,68.7,94.9,0.0,94.9,94.9,0.55,0.6608268663761571,0,3,47.1875,37.10825377544306,0.0,105.0,2.0144444444444445,1.1102128888109561,1.225,8.575,48.60593505337053,16.810685800658987,14.3377299896058,81.53035153800963,56.56419638028157,10.79912048982422,37.06464272250231,75.57856257641818,0.013888888888888888,0.11707051450463946,0.0,1.0,0.027777777777777776,0.16439264022169925,0.0,1.0,0.0,0.0,0.0,0.0,0.0,0.0,0.0,0.0,0.041666666666666664,0.1998957337664822,0.0,1.0,59.19215277777778,4.385234981369522,46.9,68.4,user_003,1440
2024-01-07,3.079861111111111,2.9847674403282713,0,14,8741.702083333334,1631.6007601249828,6984,11419,5.2902458333333335,0.9344297532968531,3.3520000000000003,7.246,64.61901517197242,10.710908466265272,45.05333599736654,83.7597863234365,50.921071568756645,5.54676191890942,33.42346023402156,68.57869450474142,97.52315277777778,0.3476042160672374,96.22,98.53999999999999,33.496920833333334,0.22054273658922563,32.782,34.128,0.375,0.4842911041133011,0,1,48.82564325004492,6.760213546656035,28.675143252757252,75.87958026842709,64.61736111111111,11.593358129793895,40,91,50.923541666666665,10.531222711448272,10.0,89.2,48.82020833333334,13.058588294302616,4.9,91.1,97.52305555555556,0.7806710089100098,95.0,100.0,33.49729166666667,0.504503028846564,31.88,34.92,5.2903125,1.096786055756615,2.2,8.24,64.6177653632995,10.61782815434633,46.77918830802411,82.3598751684084,64.62808031090341,10.488746871336984,48.522484560719484,80.81297644184778,-0.0008270304306578207,1.8088881361147804,-6.156288852347785,6.352481395980227,50.29235808301627,0.0,50.29235808301627,50.29235808301627,3.4654759295573587,1.1623786481287777,0.8657673266891599,7.542617580997166,3.089413036246821,1.2914360011137571,0.5248310806382528,7.865686687040674,50.93250482088618,3.7362388420887775,43.600486249079296,58.36262545008525,540.0,0.0,540.0,540.0,0.375,0.0,0.375,0.375,0.31296296296296294,0.0,0.31296296296296294,0.31296296296296294,0.1925925925925926,0.0,0.1925925925925926,0.1925925925925926,70.3,0.0,70.3,70.3,94.9,0.0,94.9,94.9,0.5416666666666666,0.6550705631216529,0,3,46.197916666666664,36.37917633738836,0.0,104.0,1.9991319444444444,1.0840623688463153,1.225,8.575,48.648040976634206,16.41994581525631,15.498375578504545,80.42521654423479,57.0631174429369,10.553489428244891,37.2680779096792,76.35060980468552,0.013888888888888888,0.11707051450463937,0.0,1.0,0.02847222222222222,0.1663754114829936,0.0,1.0,0.0,0.0,0.0,0.0,0.0,0.0,0.0,0.0,0.04236111111111111,0.20148160768772322,0.0,1.0,59.605486111111105,4.234228526653851,47.8,68.2,user_003,1440
2024-01-08,3.170138888888889,3.0180503963211076,0,13,13241.517361111111,1679.4522485481793,11419,15984,5.2833708333333345,0.9356059951506943,3.1800000000000006,7.2700000000000005,64.33374247572286,10.759342197484704,45.20295041548703,86.57562581240104,50.888306358087874,5.299319758297737,33.53335016662265,67.24637299510152,97.47154166666665,0.3520934883392827,96.24,98.67999999999999,33.47450138888889,0.22262702489789143,32.714,34.269999999999996,0.375,0.4842911041133011,0,1,49.283717810333435,6.26151443741442,28.096545277053064,67.66640205032752,64.33819444444444,11.669775864691836,40,97,50.886041666666664,10.49460927298221,17.7,95.9,49.290277777777774,13.321451084306993,3.1,89.5,97.47118055555555,0.7937096306590603,95.1,100.0,33.47399305555556,0.49514413420922565,31.88,34.93,5.283125,1.101407822810119,2.39,8.29,64.33261557138572,10.6603484177017,46.8803253451362,84.34613720895045,64.33019355001976,10.540664317789743,49.01727228752676,81.23454978131093,0.002225984360789927,1.8503646304030321,-7.829686676916722,6.4887527314612825,50.29235808301627,0.0,50.29235808301627,50.29235808301627,3.495150519704946,1.205941714207359,0.6199616032019969,8.357131343714503,3.0196425535951037,1.219290959473459,0.2770785886040514,8.088133376153493,50.91076565334427,3.4609390433203333,42.03262164323739,59.37436062205521,540.0,0.0,540.0,540.0,0.375,0.0,0.375,0.375,0.26296296296296295,0.0,0.26296296296296295,0.26296296296296295,0.20555555555555555,0.0,0.20555555555555555,0.20555555555555555,71.4,0.0,71.4,71.4,94.9,0.0,94.9,94.9,0.5541666666666667,0.646675896473586,0,3,47.552083333333336,37.47089761399652,0.0,105.0,2.0084895833333336,1.0622042456684861,1.225,8.575,48.38129147614765,15.94174100401906,17.35849568757439,82.91011382759463,57.52573175252425,10.127034783223484,37.297562732865195,75.9821424321638,0.019444444444444445,0.13812895334540518,0.0,1.0,0.025694444444444443,0.15827708911662644,0.0,1.0,0.0,0.0,0.0,0.0,0.0,0.0,0.0,0.0,0.04513888888888889,0.20768081737523153,0.0,1.0,59.842013888888886,4.049511862390695,47.4,68.5,user_003,1440
2024-01-09,3.2,3.056612012983529,0,14,14549.275,6368.072131724302,1,19994,5.285998611111111,0.978324862091734,3.3680000000000008,7.390000000000001,64.5477424039275,10.788340816910788,44.24603082852823,86.29284167333333,50.926322767281846,5.656245065352192,35.61565545187333,71.05285919686669,97.52404166666666,0.3322173463023188,96.22,98.46000000000001,33.4975875,0.21714342137111572,32.656,34.196000000000005,0.375,0.4842911041133011,0,1,49.102008851874515,6.863258800121349,28.463507804263852,69.46909142099081,64.54930555555555,11.698152337301424,40,92,50.92180555555555,10.81996440919426,15.6,90.1,49.09729166666667,13.77077555956142,1.4,98.6,97.52430555555556,0.7711931792842389,95.0,100.0,33.49771527777778,0.49720747858850856,31.86,35.16,5.286048611111111,1.1375983921729027,2.31,8.08,64.54580774313658,10.688460858192528,45.673906310243176,84.10403779806897,64.54466903218096,10.563562168761633,47.80627209597675,81.13286617438015,0.0007815758140242293,1.8482203011141685,-5.379476193196936,6.402549313634154,50.29235808301627,0.0,50.29235808301627,50.29235808301627,3.56784442676686,1.2069481547878371,0.781119433659105,7.532380612107897,3.105000640676023,1.2980982838953268,0.3871368004873813,9.085240478889462,50.88580671118529,3.806740377052988,43.789181071996595,60.50301682608001,540.0,0.0,540.0,540.0,0.375,0.0,0.375,0.375,0.30185185185185187,0.0,0.30185185185185187,0.30185185185185187,0.18148148148148152,0.0,0.1814814814814815,0.1814814814814815,69.2,0.0,69.2,69.2,94.9,0.0,94.9,94.9,0.5569444444444445,0.6464370492329138,0,3,48.0,37.578511743053284,0.0,104.0,2.0118923611111112,1.084968837780519,1.225,8.575,48.56519194881129,16.696951074279205,9.007527217428017,81.29802950925466,56.76448627670173,10.682540685429704,37.27612021631228,78.61427788044836,0.016666666666666666,0.12806357003774763,0.0,1.0,0.022916666666666665,0.1496898577371945,0.0,1.0,0.0,0.0,0.0,0.0,0.0,0.0,0.0,0.0,0.03958333333333333,0.20545674469395334,0.0,2.0,59.56381944444444,4.325977657303727,46.6,69.0,user_003,1440
2024-01-10,3.036111111111111,2.9381062838584033,0,14,2344.141666666667,1611.3444170962637,592,4964,5.322518055555556,0.938617451157912,3.1900000000000004,7.266000000000001,64.85171951634678,10.651496626191786,46.032670447851025,86.81861500408478,50.314712217877585,5.546016882232716,29.756476803640243,65.9983993654031,97.50030555555556,0.36098993839007637,96.16,98.41999999999999,33.49946388888889,0.2401836136318992,32.815999999999995,34.20399999999999,0.375,0.4842911041133011,0,1,49.715520739687264,6.7186288583215035,30.356141198227487,73.84382066600257,64.84166666666667,11.590532548304283,40,93,50.32458333333333,10.70528208196693,10.8,82.7,49.713263888888896,13.454602242903645,0.0,98.0,97.49965277777778,0.7855230356037518,95.0,100.0,33.499659722222226,0.5253467918879577,31.98,35.14,5.322041666666666,1.113898673751649,2.53,8.83,64.85833730769797,10.536490782446393,47.14010019273597,84.54773138218239,64.86812905694745,10.376330422630788,49.60037189645946,81.24111160863494,-0.005026424840055466,1.852034662179527,-7.00987061746325,6.114735137821384,50.29235808301627,0.0,50.29235808301627,50.29235808301627,3.559949710215718,1.1323013012033278,0.6093753992331957,7.021713789487478,3.0793936936473894,1.225000779982424,0.34551612120368913,8.233068257764629,50.3260773699146,3.5298119018536114,42.63642520247259,58.308362509579666,540.0,0.0,540.0,540.0,0.375,0.0,0.375,0.375,0.3296296296296296,0.0,0.3296296296296296,0.3296296296296296,0.2037037037037037,0.0,0.2037037037037037,0.2037037037037037,71.2,0.0,71.2,71.2,94.9,0.0,94.9,94.9,0.5208333333333334,0.6301300923515756,0,3,45.541666666666664,35.86074041714919,0.0,96.0,1.9531944444444447,1.0187114268521456,1.225,8.575,49.65337288613694,16.014887941049327,17.88139705659593,82.969918614195,56.57320798087715,10.175344246938295,36.3806120111633,76.35487245750862,0.009722222222222222,0.09815493450003047,0.0,1.0,0.03611111111111111,0.18663142061103402,0.0,1.0,0.0,0.0,0.0,0.0,0.0,0.0,0.0,0.0,0.04583333333333333,0.20919615168989691,0.0,1.0,59.634236111111115,4.2619151668368085,46.8,67.8,user_003,1440
2024-01-11,3.0694444444444446,2.983514532966018,0,13,6704.961805555556,1622.4115688531795,4964,9384,5.253880555555557,0.9476895614248382,3.280000000000001,7.198,64.36763858115422,10.635204232635862,43.89086389578788,84.36280345894505,50.428571038899605,5.1557092806565885,35.38654540264992,65.12540854273747,97.4887638888889,0.352496309447188,96.3,98.44000000000001,33.52205555555555,0.23186157769892543,32.86,34.318,0.375,0.4842911041133011,0,1,49.70416945088584,6.2229056068757505,30.089759499234834,67.86250492411774,64.37222222222222,11.591389560575703,40,94,50.41291666666667,10.437031805297668,17.9,85.5,49.713541666666664,13.191431346565855,7.9,97.2,97.48944444444443,0.8079261432349835,94.9,99.8,33.52172916666667,0.4920002107203328,31.91,35.3,5.2545625,1.1084687973135685,2.44,7.86,64.36631342446093,10.534924613146018,45.57206823339579,82.55459608197839,64.3712326667826,10.39953154366104,48.25726703468023,80.28608037420123,0.002291820534000946,1.888817683548025,-5.858400768654462,5.204575760653178,50.29235808301627,0.0,50.29235808301627,50.29235808301627,3.516677236149842,1.157294903946342,0.9154897108257981,6.9835035570455775,3.0373733198981125,1.209777496321809,0.42196231794618577,9.237001682245754,50.44119388273626,3.187958991936277,43.334280150733555,57.5578882360305,540.0,0.0,540.0,540.0,0.375,0.0,0.375,0.375,0.32037037037037036,0.0,0.32037037037037036,0.32037037037037036,0.20185185185185187,0.0,0.20185185185185187,0.20185185185185187,71.0,0.0,71.0,71.0,94.9,0.0,94.9,94.9,0.5270833333333333,0.6505163128202928,0,3,46.041666666666664,36.014238362579505,0.0,94.0,1.9770138888888888,1.0726471284683563,1.225,8.575,48.94143863809839,15.595697569575485,17.442115230991078,81.91485250736346,56.97201696468555,9.88733821914216,38.74371323709615,75.65027009873484,0.018055555555555554,0.13319862317014988,0.0,1.0,0.03125,0.17405308193218044,0.0,1.0,0.0,0.0,0.0,0.0,0.0,0.0,0.0,0.0,0.049305555555555554,0.21976566197147804,0.0,2.0,59.48013888888889,4.133143043640704,47.6,67.8,user_003,1440
2024-01-12,3.157638888888889,3.050332461427982,0,13,11204.475,1672.433676542151,9384,13931,5.24057638888889,0.9965326313448565,3.240000000000001,7.412000000000001,64.37634852317355,10.898141242312112,43.492519496719616,85.85837702420064,50.72207210764298,5.379876303725255,33.77966438206506,67.8136260158178,97.46054166666666,0.35264273548184466,96.44,98.8,33.515325,0.22233173303321035,32.652,34.251999999999995,0.375,0.4842911041133011,0,1,49.23690491171689,6.596384029137207,29.559387477540273,69.85966373690675,64.37361111111112,11.76882364649891,40,92,50.74055555555555,10.860089814006177,14.5,91.7,49.213263888888896,13.608119450623358,2.2,91.8,97.460625,0.7889514322215598,94.9,100.0,33.515965277777774,0.4967697309378041,32.07,35.31,5.239763888888889,1.1525874808999657,2.24,8.64,64.37893867431468,10.796382138615286,45.88855390647565,82.92597960088611,64.38852909078165,10.653564192158846,48.04751797538047,80.46332398340883,-0.0013687060312204816,1.8095997350949073,-6.15812577813773,6.194337649615335,50.29235808301627,0.0,50.29235808301627,50.29235808301627,3.6498906754922333,1.2233541879347059,0.49390938116163646,7.767370138978437,3.0962391267720175,1.2692453986813879,0.39487918084986845,9.444833402618194,50.67987810544541,3.372078246638372,43.199868182633395,57.87175157763454,540.0,0.0,540.0,540.0,0.375,0.0,0.375,0.375,0.32222222222222224,0.0,0.32222222222222224,0.32222222222222224,0.19814814814814818,0.0,0.19814814814814816,0.19814814814814816,70.8,0.0,70.8,70.8,94.9,0.0,94.9,94.9,0.5402777777777777,0.6519676152170379,0,3,47.364583333333336,37.04514828746173,0.0,101.0,1.9948784722222221,1.0818004044980256,1.225,8.575,48.641295838176525,16.238961910674497,16.011739016468912,78.3640719023376,57.13486326762653,10.30084743482925,39.64971701131114,76.2865501492074,0.01597222222222222,0.12541145316260563,0.0,1.0,0.027777777777777776,0.16439264022169933,0.0,1.0,0.0,0.0,0.0,0.0,0.0,0.0,0.0,0.0,0.04375,0.2079780384781733,0.0,2.0,59.59958333333333,4.1282800465998815,47.7,68.7,user_003,1440
2024-01-13,3.0840277777777776,2.996967733124676,0,14,15686.999305555555,1635.6334305855337,13931,18372,5.278641666666668,0.9455733813551676,3.162000000000001,7.210000000000001,64.55053560498203,10.81226837675526,43.69044984753551,84.29388513940829,50.751643117884136,5.687726704875253,32.0841038533955,66.95622711301995,97.49052777777777,0.40040389519016345,96.32000000000001,98.85999999999999,33.51110277777778,0.2192431874719869,32.81,34.164,0.375,0.4842911041133011,0,1,48.884718725492924,6.807082939100537,27.12208025080759,72.4675711178469,64.55347222222223,11.648365617963892,40,90,50.7575,10.692483997534255,18.7,80.4,48.89013888888889,13.245485154520063,10.3,95.0,97.49027777777778,0.8063696599046853,94.5,100.0,33.510666666666665,0.4997924239031297,31.78,35.02,5.278986111111111,1.1058244056843962,2.14,8.56,64.54718522758456,10.721821295313445,45.29824954349996,83.3944342166441,64.52420953913973,10.615010052439715,47.997469066371956,80.83611116140679,0.0014683086200928052,1.7736064542373386,-6.761088556983921,6.0898916086647645,50.29235808301627,0.0,50.29235808301627,50.29235808301627,3.5123949851821736,1.1351413972886293,0.6903626956130698,7.087432837468517,3.057616613040783,1.2527458750462133,0.35864607431607715,7.9665136583835165,50.76548284532789,3.784277570776764,42.84287679597908,59.24160894232829,540.0,0.0,540.0,540.0,0.375,0.0,0.375,0.375,0.32407407407407407,0.0,0.32407407407407407,0.32407407407407407,0.18888888888888888,0.0,0.18888888888888888,0.18888888888888888,69.9,0.0,69.9,69.9,94.9,0.0,94.9,94.9,0.5465277777777777,0.6558035344589245,0,3,46.260416666666664,36.23593967813159,0.0,97.0,2.0059375,1.0916566311801448,1.225,8.575,48.7796128834526,16.513766952921987,11.087500237492224,82.54017060148067,56.83635770698916,10.574518924231452,36.763856768330406,77.69276176409227,0.02013888888888889,0.14052411628109424,0.0,1.0,0.03263888888888889,0.17775132394292395,0.0,1.0,0.0,0.0,0.0,0.0,0.0,0.0,0.0,0.0,0.05277777777777778,0.22675290297035278,0.0,2.0,59.421875,4.351091253016629,47.3,68.7,user_003,1440
2024-01-14,3.078472222222222,2.955323183822726,0,13,10407.148611111112,8569.638744752583,1,19996,5.306541666666667,0.9839082771860496,3.190000000000001,7.45,64.49805620193843,11.003222138782565,43.64023073271818,86.66899137831051,50.64476872652994,5.561438042568011,31.288900988945958,71.40997578471139,97.506625,0.35711491357970643,96.4,98.62,33.48611666666667,0.21905050712086752,32.656,34.44,0.375,0.4842911041133011,0,1,49.22366956733448,6.567000081026127,30.972439424913954,70.32726999103357,64.50208333333333,11.80923166726903,40,92,50.62902777777778,10.500920461289184,14.5,84.9,49.23520833333333,13.06168039513349,10.1,100.0,97.50708333333334,0.8124413700982485,94.9,99.9,33.48625694444444,0.4946311651400823,31.77,34.79,5.307041666666667,1.1355296197691978,2.49,8.27,64.49403121872372,10.914662996871066,44.811603803352966,84.75087322679732,64.49076384354402,10.780069832774211,49.047779611675146,81.25505263626633,0.002013565697452095,1.755773105665202,-5.0348220706181905,5.010522351566557,50.29235808301627,0.0,50.29235808301627,50.29235808301627,3.470889558444877,1.1028988618542053,0.72226662565771,7.736715073367346,3.0317670102410172,1.2511189084750973,0.25900373277764194,9.489569573117995,50.649058501785326,3.6934423015023143,42.13371044063157,58.08577844313359,540.0,0.0,540.0,540.0,0.375,0.0,0.375,0.375,0.3055555555555556,0.0,0.3055555555555556,0.3055555555555556,0.20740740740740743,0.0,0.2074074074074074,0.2074074074074074,71.7,0.0,71.7,71.7,94.9,0.0,94.9,94.9,0.5319444444444444,0.638432407179934,0,3,46.177083333333336,36.13729363811216,0.0,101.0,1.9736111111111112,1.0405210053758491,1.225,8.575,48.835255621788725,16.7532196561151,9.979987625460208,82.81406514035018,57.27848188998742,10.685167428242481,36.46915569026628,78.39374482609706,0.0125,0.11114102755310212,0.0,1.0,0.027083333333333334,0.16238268871881786,0.0,1.0,0.0,0.0,0.0,0.0,0.0,0.0,0.0,0.0,0.03958333333333333,0.19504592214211217,0.0,1.0,59.627430555555556,4.316909758512199,46.0,69.0,user_003,1440
2024-01-15,3.1194444444444445,3.029098577151485,0,13,4582.927083333333,1655.1651635995215,2805,7297,5.282319444444445,0.9560328867309712,3.2620000000000013,7.192,64.6364213295741,10.797948832958626,46.11305344329505,86.1610899828634,50.47437997368627,5.601639364131465,32.5983855512555,66.23522100797038,97.50619444444445,0.352723884471336,96.36,98.64000000000001,33.48407361111111,0.21658628286940754,32.914,34.239999999999995,0.375,0.4842911041133011,0,1,49.34995065872101,6.866231705790398,28.88631691906114,73.9104945600477,64.63819444444445,11.699577966930164,40,91,50.47451388888889,10.47614102080459,16.0,88.2,49.344027777777775,13.589085486645867,6.1,89.6,97.50618055555555,0.8049684980630664,94.6,99.7,33.48404861111111,0.4804042603562818,31.75,35.1,5.282222222222222,1.1102035100985876,2.03,8.11,64.63532340952949,10.700294265045894,46.988349172352805,84.41658321986814,64.63705895512744,10.56042970672503,49.431701389184724,80.44567154905903,0.0008865574351684558,1.8405464689707813,-5.645525262120785,6.919413225455038,50.29235808301627,0.0,50.29235808301627,50.29235808301627,3.4062733278201245,1.1870935577162083,0.7037182029761713,8.088821262145903,3.0032396537362067,1.3038587821856582,0.47586636995478304,9.42443054401186,50.518654532147835,3.806092657869932,43.871840533303036,59.7172138283116,540.0,0.0,540.0,540.0,0.375,0.0,0.375,0.375,0.31851851851851853,0.0,0.31851851851851853,0.31851851851851853,0.21296296296296297,0.0,0.21296296296296297,0.21296296296296297,72.2,0.0,72.2,72.2,94.9,0.0,94.9,94.9,0.53125,0.640639963002598,0,3,46.791666666666664,36.66079037714731,0.0,100.0,1.9744618055555558,1.0523684224946455,1.225,8.575,49.19684168373598,16.485198599722047,17.727679253244794,80.17912799649066,57.210023360482936,10.56108890548216,39.345206057613225,76.764366658024,0.015277777777777777,0.12269809298218745,0.0,1.0,0.027083333333333334,0.16238268871881764,0.0,1.0,0.0,0.0,0.0,0.0,0.0,0.0,0.0,0.0,0.04236111111111111,0.20826556692616233,0.0,2.0,59.705625000000005,4.2133927603315815,48.2,69.1,user_003,1440
2024-01-16,3.134027777777778,3.006494318667262,0,13,9076.085416666667,1656.3858910109261,7297,11810,5.304034722222223,0.9682405219334885,3.2220000000000004,7.526000000000001,64.6229341995562,10.835481366813939,43.65433934478616,85.45450997796594,50.279009347890515,5.52974261089947,33.89549487602107,67.16655873305278,97.48718055555557,0.35572060099645597,96.34,98.74,33.50049305555555,0.23114003638814393,32.71,34.19,0.375,0.4842911041133011,0,1,49.72347417910181,6.609312560483338,30.091780108445835,68.52644167178875,64.61458333333333,11.667834230434913,40,92,50.27333333333334,10.614466769225704,17.9,81.6,49.73125,13.4397917102953,0.0,88.9,97.48694444444445,0.784887909808056,95.1,99.7,33.500527777777776,0.5046942936205296,32.01,35.24,5.3033125000000005,1.1301189921098187,2.01,8.28,64.62728582632948,10.738788072968989,44.875546681249,83.4327866963934,64.63513992551042,10.617548407462996,48.155275737756156,80.44099521931757,-0.004175433111433863,1.7558030519156205,-5.983567958368816,5.473049658979981,50.29235808301627,0.0,50.29235808301627,50.29235808301627,3.529354797903122,1.118918536438582,0.48599585411161883,7.125686663698578,3.01414966501121,1.2343729900656382,0.32196655280608555,8.821707743298031,50.254015906255425,3.774816337811181,42.798780738742465,58.54374342320504,540.0,0.0,540.0,540.0,0.375,0.0,0.375,0.375,0.2851851851851852,0.0,0.2851851851851852,0.2851851851851852,0.19814814814814818,0.0,0.19814814814814816,0.19814814814814816,70.7,0.0,70.7,70.7,94.9,0.0,94.9,94.9,0.5465277777777777,0.6515511181384965,0,3,47.010416666666664,36.73592296325864,0.0,98.0,2.0025347222222223,1.0748525597498275,1.225,8.575,49.42680654883205,16.613152485886513,16.394735841383458,79.96531394238706,56.536293262031975,10.652067647478232,38.199913804285124,75.71954045135486,0.02013888888888889,0.14052411628109426,0.0,1.0,0.02361111111111111,0.15188695510640673,0.0,1.0,0.0,0.0,0.0,0.0,0.0,0.0,0.0,0.0,0.04375,0.20460940942172096,0.0,1.0,59.42284722222222,4.396531762677096,46.5,68.0,user_003,1440
2024-01-17,3.0631944444444446,2.992142745750771,0,14,13546.242361111112,1615.3156668450881,11810,16221,5.292936111111112,0.9453132796852501,3.206000000000001,7.3340000000000005,64.5825925970397,10.638746593508696,44.79605708773264,83.82219311692877,50.570712461428954,5.275706987094624,33.286490712796706,66.73632683955475,97.49727777777777,0.3585350946550344,96.58,98.74,33.5071125,0.22136468166757234,32.846,34.176,0.375,0.4842911041133011,0,1,49.756819829512665,6.23712311907985,31.675814258786307,69.3456461174526,64.58125,11.571108185868,40,92,50.584097222222226,10.743494430059556,14.6,81.9,49.74576388888889,13.495555445747474,6.9,95.7,97.49736111111112,0.8159417416686261,95.2,100.0,33.50660416666667,0.5030397483766447,31.69,35.3,5.292763888888889,1.1102036073809665,2.17,8.23,64.58428762747002,10.53572024281153,47.1330670459299,82.57100625198873,64.58359304686577,10.40990526779979,48.5832193899411,80.73069973633483,-0.0006712985198560142,1.855657556930098,-7.610900518704113,7.420088220047546,50.29235808301627,0.0,50.29235808301627,50.29235808301627,3.62800277387353,1.1776124623983422,0.5035336281360939,7.374315887872797,3.1020933567669426,1.247696983837287,0.4076951614683719,8.024591264478167,50.57277093895979,3.2186985091245344,43.783099073612206,58.727674514786294,540.0,0.0,540.0,540.0,0.375,0.0,0.375,0.375,0.32037037037037036,0.0,0.32037037037037036,0.32037037037037036,0.21296296296296297,0.0,0.21296296296296297,0.21296296296296297,72.1,0.0,72.1,72.1,94.9,0.0,94.9,94.9,0.5284722222222222,0.6525901985635517,0,3,45.947916666666664,36.27086247571807,0.0,101.0,1.9804166666666667,1.083807152133618,1.225,8.575,49.04317832626224,15.727236665508997,17.499493861865638,78.6775351554498,57.27036166831691,9.961983748757655,38.52497847081441,76.94984831447799,0.013888888888888888,0.11707051450463939,0.0,1.0,0.034027777777777775,0.1813635307637598,0.0,1.0,0.0,0.0,0.0,0.0,0.0,0.0,0.0,0.0,0.04791666666666667,0.21366413538989434,0.0,1.0,59.84909722222222,4.187701543292884,48.2,67.8,user_003,1440
2024-01-18,3.1506944444444445,3.0250631665486165,0,14,14202.663888888888,6734.289839598998,2,19994,5.288483333333334,0.9581574480971241,3.242000000000001,7.306,64.7183059143362,10.765603055295875,44.65178499724838,84.98748453464542,50.656436552039416,5.57659469642193,32.92129802281574,68.92950436475343,97.46791666666665,0.38097580537450576,96.34,98.88,33.51308472222222,0.22474300613684892,32.862,34.138,0.375,0.4842911041133011,0,1,49.09695401682467,6.7145694094983375,23.096970876150095,69.52102933381607,64.72152777777778,11.658546410469238,40,90,50.64944444444444,10.842908852356516,14.2,89.8,49.11298611111111,13.492079038285606,3.7,86.6,97.46784722222223,0.8205666470372447,94.2,100.0,33.51385416666666,0.5030566122121256,31.78,35.17,5.288993055555555,1.1154685456765334,2.56,8.22,64.7181690018395,10.670425134438448,46.72938862016173,83.05098647702854,64.72143310098116,10.535494373278421,48.61264103462938,80.45167354375894,0.001610931720789551,1.8317737077472251,-5.05115206112756,6.054740870551072,50.29235808301627,0.0,50.29235808301627,50.29235808301627,3.5931287971446264,1.2306701580329578,0.2994905032782403,7.764001957961594,3.0973466519599824,1.3515306312539395,0.15957568655559567,10.55535352924263,50.65981794525877,3.3856036004111907,43.786866463928284,57.66554088769973,540.0,0.0,540.0,540.0,0.375,0.0,0.375,0.375,0.3074074074074074,0.0,0.3074074074074074,0.3074074074074074,0.18518518518518515,0.0,0.18518518518518517,0.18518518518518517,69.4,0.0,69.4,69.4,94.9,0.0,94.9,94.9,0.55,0.6491561850633305,0,3,47.260416666666664,37.02837166786937,0.0,103.0,2.005086805555556,1.0686181071339673,1.225,8.575,49.08469193177203,16.200399866681458,14.460126712076823,81.36715874784959,56.44431216606011,10.237759155451942,38.633501412135764,75.87914073581538,0.01875,0.13568796214689613,0.0,1.0,0.024305555555555556,0.1540495880461077,0.0,1.0,0.0,0.0,0.0,0.0,0.0,0.0,0.0,0.0,0.043055555555555555,0.2030527195542691,0.0,1.0,59.20173611111111,4.226515925988616,46.9,69.6,user_003,1440
2024-01-19,3.134027777777778,3.0039506809300263,0,14,2549.9034722222223,1656.8947620966774,758,5271,5.306481944444445,0.9901401412559266,3.000000000000001,7.414,64.41813926581571,10.874216277286278,44.897704887760575,84.1405036971836,50.26527066013653,5.74538453562311,34.628113984264644,69.65299820906198,97.45865277777777,0.36560552302097554,96.35999999999999,98.47999999999999,33.49784861111111,0.21753495960399666,32.854,34.108,0.375,0.4842911041133011,0,1,49.59474907942594,6.78817261199954,26.622739939705557,71.11265675730641,64.42222222222222,11.784528581611532,40,92,50.27854166666667,10.651226962880946,17.0,93.8,49.585486111111116,13.131173002422239,0.3,92.8,97.45930555555555,0.7959222453719614,95.1,100.0,33.49752083333333,0.4880571240553802,31.93,35.21,5.306770833333333,1.1450179979755695,2.31,8.81,64.41312009136674,10.781054621775054,46.101566401541604,82.62878842548793,64.40517738856813,10.67722074752261,47.870708641965436,80.92722765394517,0.002041478203252166,1.859236541490466,-6.085314604468678,6.413036262146662,50.29235808301627,0.0,50.29235808301627,50.29235808301627,3.4708829382749413,1.1257359335601744,0.6870154043950601,7.619723685556703,3.0105562285504086,1.2472308284167843,0.3279341405649417,8.250998773306895,50.2545501633515,4.013100517608991,41.481172467368104,58.72815285663673,540.0,0.0,540.0,540.0,0.375,0.0,0.375,0.375,0.31666666666666665,0.0,0.31666666666666665,0.31666666666666665,0.18518518518518515,0.0,0.18518518518518517,0.18518518518518517,69.6,0.0,69.6,69.6,94.9,0.0,94.9,94.9,0.5451388888888888,0.6495125516155946,0,3,47.010416666666664,36.71357539536742,0.0,98.0,1.9991319444444444,1.0869444184589252,1.225,8.575,49.20602572906552,16.897462883346552,11.005251485805907,82.05176605465346,56.35946955120159,10.883747954596492,37.37825534357531,78.0674508657168,0.01597222222222222,0.12541145316260557,0.0,1.0,0.029166666666666667,0.1683319629683428,0.0,1.0,0.0,0.0,0.0,0.0,0.0,0.0,0.0,0.0,0.04513888888888889,0.20768081737523159,0.0,1.0,59.21638888888889,4.376243055590023,46.4,67.9,user_003,1440
2024-01-20,3.0861111111111112,2.960161967825832,0,13,7039.745833333333,1641.4291072807953,5271,9715,5.275302777777778,0.9772520776861146,3.374000000000001,7.276000000000001,64.38172608912447,10.925237926624169,42.98174365298873,84.1786357990093,50.865401857328315,5.503270910217738,35.54223789007355,69.34838114411242,97.47540277777777,0.35312283640091446,96.36,98.46000000000001,33.50887222222222,0.2069309145522277,32.739999999999995,34.142,0.375,0.4842911041133011,0,1,49.104500475467084,6.485157269883053,29.15791734064453,67.15428271610324,64.37638888888888,11.800342665376583,40,91,50.84631944444444,10.569082465603927,10.0,86.3,49.11604166666667,12.78660531552982,2.8,96.6,97.47527777777778,0.8033459774456073,95.0,100.0,33.508604166666665,0.49314078605197886,31.64,35.49,5.275173611111111,1.1415565360269933,2.55,7.97,64.38688936562136,10.822622446023,45.344992262150456,82.47974139510478,64.404030682321,10.689445594383645,48.126643628290914,80.65414241544553,-0.002668600117790919,1.8135483881533532,-5.235935259980977,5.5031187712353,50.29235808301627,0.0,50.29235808301627,50.29235808301627,3.500560445474763,1.1834494329999912,0.8088259016301683,7.685342668671655,2.9987323500793286,1.2603133230542833,0.3866670624447598,9.319881522111883,50.88687931563748,3.8679274539213964,43.43463794410961,59.31116386665118,540.0,0.0,540.0,540.0,0.375,0.0,0.375,0.375,0.2814814814814815,0.0,0.2814814814814815,0.2814814814814815,0.2222222222222222,0.0,0.2222222222222222,0.2222222222222222,73.2,0.0,73.2,73.2,94.9,0.0,94.9,94.9,0.5333333333333333,0.6437813932379228,0,3,46.291666666666664,36.15245977058153,0.0,101.0,1.9795659722222223,1.0605776494318477,1.225,8.575,48.44867546397233,16.75152894486658,16.379621875351955,80.86126806623022,58.02310673049805,10.777518168054163,38.799393984489065,77.53426450562392,0.014583333333333334,0.11991933239532478,0.0,1.0,0.024305555555555556,0.15404958804610774,0.0,1.0,0.0,0.0,0.0,0.0,0.0,0.0,0.0,0.0,0.03888888888888889,0.19339730396295737,0.0,1.0,60.06916666666667,4.318011069571532,47.2,68.6,user_003,1440
2024-01-21,3.0965277777777778,2.974945487308844,0,13,11463.6,1628.903907527487,9715,14174,5.256409722222223,0.9670002483856764,3.0240000000000005,7.376,64.33990077736078,10.8871177939044,44.46848097284923,84.31219540489903,50.78279876451253,5.471842845003268,35.79735853659271,71.50847585172062,97.48895833333334,0.3649349399878062,96.16,98.6,33.49743472222222,0.23149381628840407,32.718,34.181999999999995,0.375,0.4842911041133011,0,1,49.683480223385395,6.4730154318282365,26.89958864869563,67.13500512602279,64.34166666666667,11.780005085118608,40,91,50.78819444444444,10.444019981513671,15.4,89.9,49.681041666666665,12.966693111791683,7.7,91.5,97.488125,0.7936802750999273,94.6,100.0,33.49766666666667,0.49951773823665635,31.32,34.99,5.255645833333333,1.1211939553875774,2.53,8.57,64.3354466336224,10.79486065156325,45.990321990127896,83.41596239129831,64.31980306332282,10.700568810574167,48.36017076264263,80.67979531228045,0.0008829446529422944,1.839128821317008,-5.523636039672681,5.652339489847989,50.29235808301627,0.0,50.29235808301627,50.29235808301627,3.4369699204922153,1.1695535296884148,0.4058972865661088,7.030812765343425,2.932039023106977,1.2291155158255926,0.23059579936734179,8.121804800217186,50.76968141704372,3.620828842875337,42.17305480403684,59.24498215926242,540.0,0.0,540.0,540.0,0.375,0.0,0.375,0.375,0.2833333333333333,0.0,0.2833333333333333,0.2833333333333333,0.2111111111111111,0.0,0.2111111111111111,0.2111111111111111,72.1,0.0,72.1,72.1,94.9,0.0,94.9,94.9,0.5381944444444444,0.6488881309605133,0,3,46.447916666666664,36.54692352314013,0.0,105.0,1.9897743055555557,1.06798360781085,1.225,8.575,48.498869953311726,16.440664489432645,14.25395270230996,81.04455367708458,57.652192871350074,10.494645556924125,37.13862476198328,76.24876617369546,0.021527777777777778,0.14518598670619184,0.0,1.0,0.03194444444444444,0.17591329351414434,0.0,1.0,0.0,0.0,0.0,0.0,0.0,0.0,0.0,0.0,0.05347222222222222,0.23413175387283505,0.0,2.0,59.756388888888885,4.258886080634971,48.0,68.3,user_003,1440
2024-01-22,3.0909722222222222,2.989335066698442,0,13,15931.694444444445,1633.9530223328945,14174,18625,5.275454166666668,0.9645310976545016,3.3620000000000005,7.048,64.52814766287534,10.595100601649442,44.174295509318846,83.89875426220378,50.176538037639226,5.480825704757975,31.154227034685196,66.64864174450292,97.49806944444444,0.3567109354799835,96.48,98.64000000000001,33.511525,0.21917690980149288,32.856,34.227999999999994,0.375,0.4842911041133011,0,1,49.89475769394131,6.295410035615869,29.826506478417624,69.42779303113343,64.525,11.50197432972207,40,90,50.17902777777778,10.518903419295548,16.8,87.2,49.89041666666667,13.336788033299857,9.6,98.0,97.49875,0.8056255258113258,94.9,100.0,33.511229166666666,0.49716424786004454,31.92,35.26,5.276340277777778,1.1144971827248016,2.32,8.13,64.53397904416704,10.491631494027343,46.010282786912136,81.9725171452449,64.53732159066575,10.36759564410219,49.456719874329686,79.91543212805426,-0.0015738314376702552,1.8228442425320759,-5.840289497803809,6.070627085813314,50.29235808301627,0.0,50.29235808301627,50.29235808301627,3.484012138557227,1.1419798722727463,0.9533233433547611,6.851909535780281,3.033419971382807,1.2994455646720326,0.3997200897695366,8.839941528991856,50.17508363252971,3.373035581247845,42.75942269377525,57.79821612034001,540.0,0.0,540.0,540.0,0.375,0.0,0.375,0.375,0.3055555555555556,0.0,0.3055555555555556,0.3055555555555556,0.20185185185185187,0.0,0.20185185185185187,0.20185185185185187,71.0,0.0,71.0,71.0,94.9,0.0,94.9,94.9,0.5368055555555555,0.647896744467052,0,3,46.364583333333336,36.25691655996709,0.0,109.0,1.9872222222222224,1.077093816834588,1.225,8.575,49.448254769864775,15.799044994852393,17.607578041835705,83.00933609550187,56.59779255256889,10.019937591054143,37.167474263839644,75.2366611456914,0.013888888888888888,0.11707051450463939,0.0,1.0,0.022222222222222223,0.14745675539232905,0.0,1.0,0.0,0.0,0.0,0.0,0.0,0.0,0.0,0.0,0.03611111111111111,0.1866314206110342,0.0,1.0,59.514097222222226,4.2398653906927875,47.4,68.7,user_003,1440
2024-01-23,3.0659722222222223,2.9570392380753,0,13,10083.704861111111,8605.760720665667,3,19997,5.301733333333334,0.9823284225112218,3.3680000000000008,7.288000000000001,64.59676624576966,10.8607582053789,42.95703953732298,84.96840090786304,50.21244596446542,5.7183878689698595,32.153214464219126,68.14868380001485,97.48223611111112,0.3439584793637318,96.12,98.5,33.50388611111111,0.23122961239839068,32.412,34.19,0.375,0.4842911041133011,0,1,50.23931483114324,7.096623218691266,30.048040169849617,73.05759729404055,64.59722222222223,11.785740341270948,40,92,50.225208333333335,10.790691524832242,19.5,89.7,50.22451388888889,13.874256227452019,5.3,89.6,97.48166666666667,0.8174929045941917,94.8,100.0,33.504013888888885,0.49422389844528536,31.76,35.02,5.301972222222222,1.1384291137522962,2.4,8.44,64.59683555655079,10.756693614875447,44.87419177968936,83.81604663540409,64.59969153330425,10.625288578490025,47.213460217542874,80.57053238099014,0.00022798822628426288,1.8691989619550202,-5.60772631961045,6.881457655789703,50.29235808301627,0.0,50.29235808301627,50.29235808301627,3.556017540994755,1.1095846737257302,0.8603610296654215,7.653881812436204,3.053390894723236,1.1987431988560027,0.473298925884538,8.461539956241442,50.18523698428805,3.7548000206192285,42.59826814414842,57.92172506798511,540.0,0.0,540.0,540.0,0.375,0.0,0.375,0.375,0.2759259259259259,0.0,0.2759259259259259,0.2759259259259259,0.1962962962962963,0.0,0.1962962962962963,0.1962962962962963,70.5,0.0,70.5,70.5,94.9,0.0,94.9,94.9,0.5284722222222222,0.6353237774678712,0,3,45.989583333333336,36.009948086443046,0.0,98.0,1.9668055555555557,1.0443890439013779,1.225,8.575,49.478120563661115,16.639404387396034,14.29687525570227,82.71838283446883,56.43132172623303,10.608814708470666,37.3544013742634,76.57190411989083,0.011805555555555555,0.10804763560808375,0.0,1.0,0.03125,0.17405308193218044,0.0,1.0,0.0,0.0,0.0,0.0,0.0,0.0,0.0,0.0,0.043055555555555555,0.20305271955426912,0.0,1.0,59.214444444444446,4.323562120083784,46.1,68.3,user_003,1440
2024-01-24,3.120833333333333,3.0375201792699,0,14,4816.54375,1650.440394666613,3040,7534,5.272983333333334,0.9535602690220486,3.224000000000001,7.148000000000001,64.31286032998614,10.753790505053903,43.9659180904653,83.6279542269336,50.467916220526796,5.48348369041187,30.247934819833613,68.22392166698307,97.54043055555556,0.35394425329067647,96.34,98.7,33.49975277777778,0.22323732216537517,32.742000000000004,34.15,0.375,0.4842911041133011,0,1,49.72793604244219,6.892884038348386,25.63735975388933,69.70613384745631,64.31666666666666,11.611668905039027,40,90,50.45180555555556,10.462727628447148,13.9,83.6,49.739374999999995,13.492873506682647,8.8,92.2,97.540625,0.7961745915278794,93.7,100.0,33.49982638888889,0.4989064181142551,31.82,35.23,5.272708333333333,1.1158978278168985,2.39,8.82,64.30853717589402,10.66309141138848,44.44743969291918,82.14999385882588,64.30164595313393,10.528467099269148,48.78320925743213,79.83949057462543,0.0019031683402622069,1.7937420136213567,-5.908056870719925,6.302722114162222,50.29235808301627,0.0,50.29235808301627,50.29235808301627,3.453787931068104,1.1706468640327357,0.5657025294927909,7.671688010002519,2.9663444693905734,1.222486028574285,0.292134060373143,9.015225786184677,50.47749539875147,3.6773230975159152,43.74152637179118,59.11222265620939,540.0,0.0,540.0,540.0,0.375,0.0,0.375,0.375,0.30185185185185187,0.0,0.30185185185185187,0.30185185185185187,0.19074074074074077,0.0,0.19074074074074074,0.19074074074074074,70.1,0.0,70.1,70.1,94.9,0.0,94.9,94.9,0.5347222222222222,0.6586485040621651,0,3,46.8125,36.54163023316404,0.0,98.0,1.9931770833333335,1.1105830033174675,1.225,8.575,48.8363674299308,16.295049582845902,11.75291763820088,81.14180852662457,56.78531517515422,10.407921686271424,39.53454060166594,77.14193816759689,0.01597222222222222,0.12541145316260566,0.0,1.0,0.02638888888888889,0.1603445348479629,0.0,1.0,0.0,0.0,0.0,0.0,0.0,0.0,0.0,0.0,0.04236111111111111,0.20148160768772333,0.0,1.0,59.36020833333333,3.97799803134529,47.8,66.9,user_003,1440
2024-01-25,3.171527777777778,3.016589830178509,0,13,9334.83125,1674.163794257478,7534,12101,5.29362638888889,0.964346309540083,3.2720000000000007,7.186000000000002,64.50994618039206,10.862059069579127,44.74279555147808,84.50679037058934,50.3719463775963,5.651638556058265,29.076367946000044,66.61808028591956,97.54358333333334,0.37802154028584367,96.11999999999999,98.8,33.48310138888889,0.21384380717900875,32.714,34.116,0.375,0.4842911041133011,0,1,49.90599220964185,6.674960601997482,29.45812694256952,72.9271933707298,64.5125,11.77203477062155,40,91,50.368125000000006,10.705907747276255,10.0,82.7,49.910625,13.256980209648548,1.2,93.1,97.54333333333332,0.8323363969530843,94.9,100.0,33.48331944444445,0.49508391624529496,31.58,35.3,5.292784722222222,1.1278626564570533,1.97,8.32,64.50894138411739,10.762997263014876,45.95405478534375,82.14454221562019,64.49906226653998,10.662883179055362,48.229538127072345,80.3162334591293,0.0012769098039691654,1.8558510405101354,-5.71810303250458,7.198791663055914,50.29235808301627,0.0,50.29235808301627,50.29235808301627,3.518681983671063,1.175678614302682,0.38606463026403187,7.64539402694234,3.0449174456085744,1.2431833707178697,0.2561306427027279,8.749431613571184,50.37905047175,3.674567642007126,42.95676001781084,57.71577410157185,540.0,0.0,540.0,540.0,0.375,0.0,0.375,0.375,0.2722222222222222,0.0,0.2722222222222222,0.2722222222222222,0.20555555555555555,0.0,0.20555555555555555,0.20555555555555555,71.5,0.0,71.5,71.5,94.9,0.0,94.9,94.9,0.5625,0.6512803448291722,0,3,47.572916666666664,36.98109450468466,0.0,94.0,2.022951388888889,1.0744320563160283,1.225,8.575,49.17941442470015,16.60723034369197,15.527717142103407,83.90291960615431,56.95949356448509,10.607079848135438,36.946775559847296,76.64229255650362,0.016666666666666666,0.1280635700377476,0.0,1.0,0.03333333333333333,0.17956785434898098,0.0,1.0,0.0,0.0,0.0,0.0,0.0,0.0,0.0,0.0,0.05,0.23041793614070905,0.0,2.0,59.70055555555556,4.3373965376934285,46.8,68.0,user_003,1440
2024-01-26,3.04375,2.966601646680985,0,13,13818.451388888889,1605.9279169238137,12101,16484,5.315531944444445,0.9687034558409882,3.5180000000000007,7.4300000000000015,64.777925735923,10.824540505681796,46.337277350003696,84.68376628155005,50.66153013446082,5.562532438154152,35.89007717856055,66.00729692558853,97.51693055555556,0.35263214868077686,96.4,98.78,33.50920416666667,0.2249043530392043,32.83,34.316,0.375,0.4842911041133011,0,1,49.57590199586754,6.785869320205289,25.65132736173284,66.86944298739274,64.77430555555556,11.671066524487369,40,94,50.660138888888895,10.374599868276345,15.5,80.6,49.581805555555555,13.126917300790375,3.7,92.3,97.51722222222222,0.799379923384541,94.9,99.9,33.50935416666667,0.5035173705471035,32.05,35.43,5.316576388888889,1.126698184469199,2.56,8.3,64.7814926701636,10.727840724760282,47.01542785500288,83.58562237839217,64.80257040487793,10.58884654535389,48.765508835982686,80.95064548309202,-0.0018100901837264575,1.7767529088753926,-5.833330867011313,5.508699710108587,50.29235808301627,0.0,50.29235808301627,50.29235808301627,3.3874185182811427,1.128911383575662,0.6635582306776908,8.122531537419245,2.9537684577208236,1.2436077269601193,0.42615408267547517,10.590107142595496,50.6642206698674,3.644350695659804,42.84557326244691,57.8645651067864,540.0,0.0,540.0,540.0,0.375,0.0,0.375,0.375,0.3296296296296296,0.0,0.3296296296296296,0.3296296296296296,0.20185185185185187,0.0,0.20185185185185187,0.20185185185185187,71.0,0.0,71.0,71.0,94.9,0.0,94.9,94.9,0.5263888888888889,0.6386863375863564,0,3,45.65625,35.83235271188122,0.0,107.0,1.9668055555555557,1.041389228747305,1.225,8.575,49.14757385648383,16.403928528417246,18.381619010505766,79.3488896388999,56.89862850833948,10.49667587577007,37.69494582784059,75.69325028162474,0.013194444444444444,0.11414639404811405,0.0,1.0,0.025,0.15617918826278077,0.0,1.0,0.0,0.0,0.0,0.0,0.0,0.0,0.0,0.0,0.03819444444444445,0.1917319937818932,0.0,1.0,59.568125,4.393575679705661,47.6,67.6,user_003,1440
2024-01-27,3.173611111111111,3.0287706841224313,0,13,13633.875694444445,7203.193237086286,3,19996,5.294011111111112,0.9611019647638039,3.224000000000001,7.1720000000000015,64.4090415842422,10.994048242357218,43.87907989793509,84.1470805487502,50.218856586232505,5.578279368042459,30.43564789175905,66.90747314403514,97.49365277777777,0.3391515252004395,96.48,98.86,33.500122222222224,0.22116499063980177,32.806,34.312,0.375,0.4842911041133011,0,1,49.52614159596717,6.7496584436911276,28.08473144166618,71.70175638209895,64.40694444444445,11.843945053802596,40,90,50.22208333333334,10.593315373929721,10.5,83.6,49.51645833333333,13.135200095202233,7.4,100.0,97.49375,0.7912673791602595,95.0,100.0,33.49981944444444,0.4891449568183147,32.02,35.31,5.293777777777778,1.1276102908168906,1.91,8.06,64.41226731732768,10.895285559855274,45.980861449259365,82.57885979305931,64.42139698224156,10.76228427568442,47.35706080097237,80.14059769802076,-0.0010485698988756632,1.7955386603385093,-5.839283959047904,6.473130157307821,50.29235808301627,0.0,50.29235808301627,50.29235808301627,3.4749263164797486,1.2080413689892773,0.7403850502035199,8.178750763481082,2.968975504241679,1.245799046962118,0.615535151406312,7.529128704760356,50.19803930787217,3.6388106563433626,43.06026270619121,57.63936938251627,540.0,0.0,540.0,540.0,0.375,0.0,0.375,0.375,0.32592592592592595,0.0,0.32592592592592595,0.32592592592592595,0.20185185185185187,0.0,0.20185185185185187,0.20185185185185187,71.0,0.0,71.0,71.0,94.9,0.0,94.9,94.9,0.5576388888888889,0.6517288561140638,0,3,47.604166666666664,37.29694503714136,0.0,101.0,2.016996527777778,1.0754436145243935,1.225,8.575,49.257677298142625,16.652462302590568,16.89422677455685,84.70426945293534,56.71552703479858,10.614869084024427,38.886150407240855,76.24584879660492,0.013888888888888888,0.11707051450463943,0.0,1.0,0.027083333333333334,0.16238268871881778,0.0,1.0,0.0,0.0,0.0,0.0,0.0,0.0,0.0,0.0,0.04097222222222222,0.1982947436096497,0.0,1.0,59.38111111111111,4.230673772744075,45.9,68.5,user_003,1440
2024-01-28,3.076388888888889,2.9491400169585504,0,13,2819.086111111111,1630.7527453770253,1054,5484,5.26955138888889,0.9579018456672664,3.152000000000001,7.276000000000001,64.50923186215526,10.727863027233155,44.59978429866959,84.99222375632824,50.28007302353121,5.307603100838994,36.54610348292979,64.62176670937335,97.52581944444444,0.36176276118830925,96.28,98.74,33.488194444444446,0.21973224206747488,32.632,34.162,0.375,0.4842911041133011,0,1,49.76341952573499,6.216119902818266,26.971485634123,69.31499903459355,64.51180555555555,11.615743770396753,40,93,50.28409722222223,10.114340950382772,20.6,82.4,49.770208333333336,12.56921938079686,0.0,92.1,97.52583333333334,0.8145988153814425,95.1,100.0,33.48838194444444,0.49348734905420855,32.01,34.97,5.269472222222222,1.1117275523805068,2.57,8.55,64.50467021699006,10.636461820715619,45.47962072516068,82.7472232958959,64.47508697043976,10.562807126866579,47.57474333775158,80.58023113604548,0.0012868467001465453,1.8220550315391968,-5.917908073465604,5.347192693185484,50.29235808301627,0.0,50.29235808301627,50.29235808301627,3.3559280179327606,1.0435360420893527,0.5559504977811378,9.362046519091455,2.8614291494084463,1.1342790418723376,0.4969086108186698,7.311950467861171,50.3132562302697,3.60938944379979,43.91836023829232,57.74653227946303,540.0,0.0,540.0,540.0,0.375,0.0,0.375,0.375,0.28703703703703703,0.0,0.28703703703703703,0.28703703703703703,0.18888888888888888,0.0,0.18888888888888888,0.18888888888888888,69.8,0.0,69.8,69.8,94.9,0.0,94.9,94.9,0.54375,0.645314404789241,0,3,46.145833333333336,35.92637223101881,0.0,96.0,1.9940277777777777,1.0644330150015158,1.225,8.575,49.28555258245467,16.33117947481866,18.546769605626082,80.13411652019116,56.388369384788774,10.473048756422113,38.32629785119534,74.00345307534863,0.01875,0.1356879621468961,0.0,1.0,0.025,0.1561791882627809,0.0,1.0,0.0,0.0,0.0,0.0,0.0,0.0,0.0,0.0,0.04375,0.2079780384781734,0.0,2.0,59.34236111111111,4.18844301380979,48.2,67.1,user_003,1440
2024-01-29,3.126388888888889,2.9914166325054405,0,13,7270.138888888889,1657.3615954616987,5484,9986,5.274509722222223,0.9534553545806557,3.3000000000000007,7.102000000000001,64.34530502835274,10.793855645048312,43.87267709872217,82.78155557694585,50.50113529832429,5.623596442750172,33.89858653626163,71.14489389715236,97.48529166666667,0.36745890127723435,96.4,98.66,33.50485277777778,0.23485219397572385,32.928,34.318,0.375,0.4842911041133011,0,1,49.49882396350006,7.064042062780348,25.134053394188598,70.94411427475218,64.34444444444445,11.684262848005817,40,91,50.506458333333335,10.912606589783719,14.2,95.0,49.49256944444445,13.783231760277015,5.9,95.5,97.48465277777777,0.8163252744526159,94.8,100.0,33.50447916666666,0.5147084761396566,31.99,35.17,5.274513888888889,1.116187563389726,2.08,7.99,64.34650590116922,10.697886936343453,45.47457358455695,81.20271069586899,64.37175163156715,10.549932930625616,48.49579327693671,80.1070871173337,-0.000430291954143532,1.8252391459671047,-6.178899336363735,5.511564106624952,50.29235808301627,0.0,50.29235808301627,50.29235808301627,3.5894517557436227,1.288267053182616,0.48836056501700703,8.557997206531299,3.0600986563182264,1.3438081918068943,0.3553798201329917,9.90247832351686,50.497153934808544,3.6953332457435093,42.6972844195029,57.419340552545805,540.0,0.0,540.0,540.0,0.375,0.0,0.375,0.375,0.2851851851851852,0.0,0.2851851851851852,0.2851851851851852,0.20185185185185187,0.0,0.20185185185185187,0.20185185185185187,71.1,0.0,71.1,71.1,94.9,0.0,94.9,94.9,0.5465277777777777,0.6526168198972874,0,3,46.895833333333336,36.666863956973394,0.0,94.0,2.0033854166666667,1.0776285384663535,1.225,8.575,48.85400024949318,16.475356842947324,17.301287736986474,78.98288568657861,57.06154191767275,10.511972301627933,37.883615481792226,75.5272339530375,0.009027777777777777,0.09461762000761863,0.0,1.0,0.029166666666666667,0.16833196296834282,0.0,1.0,0.0,0.0,0.0,0.0,0.0,0.0,0.0,0.0,0.03819444444444445,0.19173199378189318,0.0,1.0,59.54055555555555,4.179086183745356,48.3,69.3,user_003,1440
2024-01-30,3.1638888888888888,3.062395178075593,0,13,11780.002777777778,1668.112643949451,9986,14542,5.289027777777778,0.9570232132908552,3.378000000000001,7.380000000000001,64.56059286848223,10.740694574318368,43.86978288883156,87.34537161136696,50.75697808148379,5.656297679402388,33.176061627736864,67.37847583895173,97.48819444444445,0.3448589015185824,96.35999999999999,98.6,33.48585,0.22383440903605462,32.868,34.232000000000006,0.375,0.4842911041133011,0,1,49.528928077111736,6.31923856117803,30.82600224110429,73.38014811505403,64.56041666666667,11.584920578745649,40,92,50.742916666666666,10.755117008631457,11.8,86.5,49.54458333333333,12.998913135461214,2.0,95.0,97.48840277777776,0.7969697327759755,94.7,100.0,33.48572222222222,0.5050366535861768,31.67,35.24,5.2886597222222225,1.1061412726791822,2.29,8.44,64.5621313989552,10.649397010301707,46.50564514645726,85.46561174998688,64.56759312949733,10.527579325832981,48.179741553324355,81.60904590568458,-8.810090777864568e-05,1.7721172481664664,-7.155584393155728,5.67455382318078,50.29235808301627,0.0,50.29235808301627,50.29235808301627,3.539393196412427,1.1969404646296462,0.7766611874970614,7.628556213766327,3.062266212893784,1.302281894944671,0.47558360345513784,8.66941486076597,50.78665796416157,3.6976343954224413,42.759664622679665,59.263867750648814,540.0,0.0,540.0,540.0,0.375,0.0,0.375,0.375,0.3296296296296296,0.0,0.3296296296296296,0.3296296296296296,0.20925925925925926,0.0,0.20925925925925926,0.20925925925925926,71.9,0.0,71.9,71.9,94.9,0.0,94.9,94.9,0.5458333333333333,0.654792032615221,0,3,47.458333333333336,37.294887278220926,0.0,107.0,2.0042361111111116,1.089049084328432,1.225,8.575,48.775598533023114,16.428298160871286,14.052428546201867,86.01769033124972,57.42575518135565,10.501214684651679,35.57031695897141,76.08287934652179,0.01597222222222222,0.12541145316260566,0.0,1.0,0.02847222222222222,0.16637541148299362,0.0,1.0,0.0,0.0,0.0,0.0,0.0,0.0,0.0,0.0,0.044444444444444446,0.20615200399945668,0.0,1.0,59.915486111111115,4.290751942319982,45.6,68.5,user_003,1440
2024-01-31,3.1041666666666665,2.963101201154551,0,14,16310.983333333334,1638.8316508135058,14542,19012,5.256279166666667,0.9376891693417939,3.466000000000001,7.0840000000000005,64.39540319960673,10.80470882655488,44.208116361502846,86.17344652139423,50.81928881892942,5.180778847485969,35.63933403099651,67.14611731176576,97.5035,0.3373592002907991,96.3,98.58,33.469388888888886,0.21214656291631925,32.652,34.19,0.375,0.4842911041133011,0,1,48.95648829273367,6.312062875390983,31.342104929750377,68.35244344848081,64.39861111111111,11.69769781945768,40,91,50.831875,10.484557191313105,19.7,90.8,48.93416666666666,13.143490423561227,9.5,90.3,97.50486111111111,0.7918653360072406,95.3,100.0,33.46972916666667,0.48805637296647414,31.68,34.83,5.256652777777778,1.099927556648229,2.45,8.19,64.38907385562945,10.714997295007944,46.86062529042834,83.44496520017728,64.37755834733419,10.6220744310231,47.785120381818984,80.6651410928434,0.0016039557521843298,1.8342060653046575,-5.781506045753318,7.246869578676751,50.29235808301627,0.0,50.29235808301627,50.29235808301627,3.5601586034774932,1.0752475994591646,0.7491030235314564,7.8166674253111434,3.0408856292806603,1.132123523696464,0.4346226058298579,7.568126474782681,50.761655459026315,3.156268453964366,44.46199529003731,58.454929903366015,540.0,0.0,540.0,540.0,0.375,0.0,0.375,0.375,0.3055555555555556,0.0,0.3055555555555556,0.3055555555555556,0.1962962962962963,0.0,0.1962962962962963,0.1962962962962963,70.5,0.0,70.5,70.5,94.9,0.0,94.9,94.9,0.5409722222222222,0.6400913323517463,0,3,46.5625,36.39792790343507,0.0,97.0,1.9863715277777778,1.0447769316240743,1.225,8.575,48.53139490392327,15.745856445281424,16.935365595567806,78.01549210780547,57.13154083510271,9.945705213786896,40.79617685946096,75.1991032798073,0.014583333333333334,0.11991933239532465,0.0,1.0,0.020833333333333332,0.14287575576154848,0.0,1.0,0.0,0.0,0.0,0.0,0.0,0.0,0.0,0.0,0.035416666666666666,0.19226485597644066,0.0,2.0,59.677569444444444,4.020258419244846,48.2,67.1,user_003,1440
2024-02-01,3.203472222222222,3.0558142031185658,0,16,9255.804166666667,8486.597856979177,1,19997,5.279683333333334,0.9675538285381511,3.102000000000001,7.242,64.18717675618296,10.767541230977875,44.059290833305134,84.46115605454442,50.74396758927466,5.471939128486542,34.97846575855172,66.26311313746318,97.47983333333333,0.35909232341257197,96.46000000000001,98.46000000000001,33.49854027777778,0.22649935863189233,32.772,34.19199999999999,0.375,0.4842911041133011,0,1,49.33854048168302,6.608563963051767,26.393467754693877,70.39865245445951,64.18333333333334,11.64901341535312,40,92,50.74347222222222,10.656244067333358,20.0,83.6,49.34673611111111,13.508335384139588,6.2,91.3,97.47888888888889,0.800893447508123,94.5,100.0,33.49841666666667,0.5120607848625225,31.67,35.36,5.279555555555556,1.122606082580779,2.35,8.32,64.1918904999881,10.666764056162807,46.5870611254332,83.19613293060485,64.19737022713687,10.554098360739253,48.87601310515741,80.40830849646825,-0.0019217114248100378,1.8096872167003943,-6.03069639273275,6.715381267610873,50.29235808301627,0.0,50.29235808301627,50.29235808301627,3.5461133744804374,1.1528207998859374,0.7826550379886212,7.071872645774841,3.0393852961126986,1.2688377476726578,0.5676947991074708,8.208178718367936,50.76478962264382,3.5836736505170457,43.12577289572856,58.46266841968202,540.0,0.0,540.0,540.0,0.375,0.0,0.375,0.375,0.34074074074074073,0.0,0.34074074074074073,0.34074074074074073,0.17222222222222222,0.0,0.17222222222222222,0.17222222222222222,68.2,0.0,68.2,68.2,94.9,0.0,94.9,94.9,0.5638888888888889,0.6596281209684419,0,3,48.052083333333336,37.390814814441235,0.0,101.0,2.0314583333333336,1.1017004474699665,1.225,8.575,48.38990937314355,16.249719355116817,18.606605442806007,79.75693537630596,56.54847909335611,10.404957871338093,38.19166196194949,74.97810624467397,0.016666666666666666,0.1280635700377474,0.0,1.0,0.03263888888888889,0.17775132394292403,0.0,1.0,0.0,0.0,0.0,0.0,0.0,0.0,0.0,0.0,0.049305555555555554,0.216580451833583,0.0,1.0,59.225,4.119328497332638,46.9,67.5,user_003,1440
2024-02-02,3.0541666666666667,2.9498677842245438,0,12,5388.051388888889,1616.561207542916,3625,8023,5.2766930555555565,0.9688410650172526,3.2060000000000004,7.428,64.59277057759193,10.925339017403065,44.9502264778118,85.20013256570793,50.40880820783853,5.26105399568668,34.07760056526448,66.5338317591174,97.52276388888889,0.36899634711606283,96.24,98.74000000000001,33.51513055555556,0.2215898324065429,32.592,34.188,0.375,0.4842911041133011,0,1,49.78890598757124,6.542448024926824,28.048059699475786,71.57082005731168,64.59652777777778,11.783446258435063,40,93,50.405208333333334,10.56890462244531,17.4,82.0,49.79208333333334,13.387529325921104,4.1,94.4,97.52270833333334,0.8116710503791709,94.9,100.0,33.51529861111111,0.4962989300151032,31.97,35.06,5.276652777777778,1.1335439719468154,1.9,8.54,64.5889445511765,10.833225963164786,46.769432148990504,83.47784964205468,64.57058427117363,10.723759807464935,48.59659647560219,80.55434725963276,0.0018786000929230094,1.8072604580572769,-5.996015652489177,5.914917040308559,50.29235808301627,0.0,50.29235808301627,50.29235808301627,3.5566708528105186,1.1728206328107558,0.855714622126761,8.597031529858123,3.0714368400081997,1.2766824342064258,0.40169486003437,8.368606416284976,50.43411194159464,3.153567887605051,43.860053783109834,58.489760282781226,540.0,0.0,540.0,540.0,0.375,0.0,0.375,0.375,0.2962962962962963,0.0,0.2962962962962963,0.2962962962962963,0.2,0.0,0.2,0.2,70.8,0.0,70.8,70.8,94.9,0.0,94.9,94.9,0.5256944444444445,0.6376257349499268,0,2,45.8125,35.849497918972226,0.0,98.0,1.9651041666666667,1.0325493136125252,1.225,4.9,49.22357089880466,15.93792887031008,19.151789321641328,81.8551685511716,56.73616814764788,10.042913377796639,38.3364196069238,75.02312445425423,0.017361111111111112,0.13065817303496738,0.0,1.0,0.02361111111111111,0.15188695510640673,0.0,1.0,0.0,0.0,0.0,0.0,0.0,0.0,0.0,0.0,0.04097222222222222,0.1982947436096496,0.0,1.0,59.484097222222225,4.13362504703284,47.1,70.4,user_003,1440
2024-02-03,3.00625,2.888348998555502,0,12,9743.404166666667,1593.4426946421345,8023,12352,5.290687500000001,0.9348764971314725,3.2360000000000007,7.304,64.67095921232902,10.618033417820824,45.49985674964464,84.64031213532148,50.43544028014862,5.8686066919035715,34.38696181267798,68.66435122864746,97.49631944444445,0.34893274494844645,96.52000000000001,98.72,33.4980125,0.2193151064027637,32.842,34.154,0.375,0.4842911041133011,0,1,49.57423156100523,7.16727774675855,27.496820596375816,71.16541168118955,64.675,11.555645353737177,40,91,50.431527777777774,10.85526579317644,11.7,95.4,49.57666666666666,13.563781228811962,0.0,96.5,97.4961111111111,0.7790508570173532,94.8,100.0,33.49760416666667,0.4809222336721053,31.57,35.03,5.290631944444445,1.0986794540218527,2.46,8.26,64.6685264502956,10.516792577208465,46.44337217718774,83.48421550460694,64.6613679296504,10.399812077938375,48.967718017439374,80.6284789550837,0.002020393835484866,1.8657951538076902,-6.202301576129798,7.633508619525017,50.29235808301627,0.0,50.29235808301627,50.29235808301627,3.538488247552809,1.1718114252248268,0.659674299438639,7.409457152671087,3.02793081226275,1.237416654021378,0.48434575577462635,8.123805760732532,50.43223715604891,4.102408842638303,40.26075441238273,58.86872089587444,540.0,0.0,540.0,540.0,0.375,0.0,0.375,0.375,0.3055555555555556,0.0,0.3055555555555556,0.3055555555555556,0.20925925925925926,0.0,0.20925925925925926,0.20925925925925926,71.9,0.0,71.9,71.9,94.9,0.0,94.9,94.9,0.5125,0.6303506199727809,0,2,45.09375,35.30886593654361,0.0,97.0,1.942986111111111,1.0136658850734082,1.225,4.9,49.28241298882435,16.60698209438653,12.825595472683315,81.37243074393605,57.035752025434014,10.69921709824637,36.28721253894409,77.84355837672184,0.014583333333333334,0.11991933239532465,0.0,1.0,0.027777777777777776,0.16439264022169922,0.0,1.0,0.0,0.0,0.0,0.0,0.0,0.0,0.0,0.0,0.04236111111111111,0.20490166495602907,0.0,2.0,59.585972222222225,4.413942518965207,48.0,69.1,user_003,1440
2024-02-04,2.985576923076923,3.0451816898823574,0,13,13272.661538461538,1028.6936747539878,12352,15457,5.497430288461539,0.9903396276773594,3.130000000000001,7.116000000000001,67.16041262671996,10.943033250093377,44.255836136779806,83.75043235963678,49.86588859506463,5.7540759921746085,32.731934776786844,68.51758534476814,97.47946634615386,0.35974262110296434,96.38,98.66,33.50199391025641,0.23158682371705447,32.67999999999999,34.209999999999994,0.40384615384615385,0.4909034073286392,0,1,50.22945445224685,6.633568034908575,29.47536686272099,70.04061166801677,67.18942307692308,11.79466950504543,40,91,49.855673076923075,10.64356305849775,17.9,84.7,50.23875,13.028249766852339,4.7,89.5,97.47980769230769,0.8023761400992926,95.2,100.0,33.50258653846154,0.5017627658150443,31.82,35.68,5.497682692307692,1.1424969342381044,2.4,8.29,67.1301195529739,10.866562525602308,45.83205290089022,82.05465149702043,66.91586328489927,10.880082155542226,48.42406745080317,80.01346611607501,0.014505225101558434,1.8111411391897234,-6.155832557174108,4.8440695557234505,50.29235808301627,0.0,50.29235808301627,50.29235808301627,3.4507793960505353,1.1938484429972682,0.6202556848375659,7.868635704514257,2.971890201037356,1.252852314484843,0.2513617463020258,8.77538816898524,49.92571452858724,3.8555387335954365,42.689310476956294,59.640912493169225,420.0,0.0,420.0,420.0,0.40384615384615385,0.0,0.40384615384615385,0.40384615384615385,0.3119047619047619,0.0,0.3119047619047619,0.3119047619047619,0.20238095238095238,0.0,0.20238095238095238,0.20238095238095238,71.7,0.0,71.7,71.7,94.9,0.0,94.9,94.9,0.5125,0.6550591594704708,0,3,44.340384615384615,37.597528022765935,0.0,105.0,1.9623557692307694,1.0877329066429056,1.225,8.575,52.72625278560272,16.984910050000696,10.601971075193003,85.34463264246098,54.835940301768865,10.899300504415631,36.669523996306545,80.04919818883464,0.015384615384615385,0.12313613738060243,0.0,1.0,0.025961538461538463,0.1590970625872964,0.0,1.0,0.0,0.0,0.0,0.0,0.0,0.0,0.0,0.0,0.041346153846153845,0.20396010901145542,0.0,2.0,58.54971153846154,4.487773993014661,47.0,67.2,user_003,1040
