timestamp,steps_per_min_mean,steps_per_min_std,steps_per_min_min,steps_per_min_max,cumulative_steps_mean,cumulative_steps_std,cumulative_steps_min,cumulative_steps_max,calories_burned_mean,calories_burned_std,calories_burned_min,calories_burned_max,heart_rate_bpm_mean,heart_rate_bpm_std,heart_rate_bpm_min,heart_rate_bpm_max,hrv_ms_mean,hrv_ms_std,hrv_ms_min,hrv_ms_max,spo2_pct_mean,spo2_pct_std,spo2_pct_min,spo2_pct_max,skin_temp_c_mean,skin_temp_c_std,skin_temp_c_min,skin_temp_c_max,is_sleep_period_mean,is_sleep_period_std,is_sleep_period_min,is_sleep_period_max,stress_score_mean,stress_score_std,stress_score_min,stress_score_max,heart_rate_bpm_raw_mean,heart_rate_bpm_raw_std,heart_rate_bpm_raw_min,heart_rate_bpm_raw_max,hrv_ms_raw_mean,hrv_ms_raw_std,hrv_ms_raw_min,hrv_ms_raw_max,stress_score_raw_mean,stress_score_raw_std,stress_score_raw_min,stress_score_raw_max,spo2_pct_raw_mean,spo2_pct_raw_std,spo2_pct_raw_min,spo2_pct_raw_max,skin_temp_c_raw_mean,skin_temp_c_raw_std,skin_temp_c_raw_min,skin_temp_c_raw_max,calories_burned_raw_mean,calories_burned_raw_std,calories_burned_raw_min,calories_burned_raw_max,hr_trend_5min_mean,hr_trend_5min_std,hr_trend_5min_min,hr_trend_5min_max,hr_trend_30min_mean,hr_trend_30min_std,hr_trend_30min_min,hr_trend_30min_max,hr_roc_mean,hr_roc_std,hr_roc_min,hr_roc_max,resting_hr_mean,resting_hr_std,resting_hr_min,resting_hr_max,hrv_rmssd_proxy_mean,hrv_rmssd_proxy_std,hrv_rmssd_proxy_min,hrv_rmssd_proxy_max,hrv_sdnn_proxy_mean,hrv_sdnn_proxy_std,hrv_sdnn_proxy_min,hrv_sdnn_proxy_max,hrv_trend_30min_mean,hrv_trend_30min_std,hrv_trend_30min_min,hrv_trend_30min_max,sleep_duration_min_mean,sleep_duration_min_std,sleep_duration_min_min,sleep_duration_min_max,sleep_efficiency_mean,sleep_efficiency_std,sleep_efficiency_min,sleep_efficiency_max,deep_ratio_mean,deep_ratio_std,deep_ratio_min,deep_ratio_max,rem_ratio_mean,rem_ratio_std,rem_ratio_min,rem_ratio_max,sleep_quality_score_mean,sleep_quality_score_std,sleep_quality_score_min,sleep_quality_score_max,sleep_consistency_mean,sleep_consistency_std,sleep_consistency_min,sleep_consistency_max,activity_intensity_mean,activity_intensity_std,activity_intensity_min,activity_intensity_max,step_intensity_15min_mean,step_intensity_15min_std,step_intensity_15min_min,step_intensity_15min_max,energy_expenditure_proxy_mean,energy_expenditure_proxy_std,energy_expenditure_proxy_min,energy_expenditure_proxy_max,computed_stress_mean,computed_stress_std,computed_stress_min,computed_stress_max,recovery_score_mean,recovery_score_std,recovery_score_min,recovery_score_max,anomaly_hr_spike_mean,anomaly_hr_spike_std,anomaly_hr_spike_min,anomaly_hr_spike_max,anomaly_hrv_drop_mean,anomaly_hrv_drop_std,anomaly_hrv_drop_min,anomaly_hrv_drop_max,anomaly_low_spo2_mean,anomaly_low_spo2_std,anomaly_low_spo2_min,anomaly_low_spo2_max,anomaly_critical_hr_mean,anomaly_critical_hr_std,anomaly_critical_hr_min,anomaly_critical_hr_max,anomaly_score_mean,anomaly_score_std,anomaly_score_min,anomaly_score_max,health_score_mean,health_score_std,health_score_min,health_score_max,user_id,sample_count
2024-01-01 00:00:00,0.0,0.0,0,0,0.0,0.0,0,0,3.840675,0.2911668201581645,3.126,4.57,48.67881049384208,2.1796605328675516,44.57563348609566,53.8,55.01214179854408,5.093146526266247,46.480939638301514,65.77953626735331,97.42113888888888,0.3189298389194214,96.46,98.06,33.56340277777778,0.2099897748646535,33.134,33.99400000000001,1.0,0.0,1,1,44.33470443799704,5.260506994339256,34.3276923076923,55.79523085657207,48.666666666666664,4.564664083159941,40,59,54.888333333333335,10.168247214364396,36.0,80.3,44.66,11.787413568890669,18.1,74.3,97.43833333333332,0.8289449423900982,94.6,99.1,33.56733333333333,0.4432540177976806,32.8,34.51,3.8393333333333337,0.589581485194045,2.57,5.07,48.72370337067188,1.8084450104739855,45.62661763770883,52.21293203434139,49.17533198065498,1.4601734052892528,47.49608481041284,52.0,-0.0135390061829054,1.6892182639532598,-3.201246455621962,4.045472936672958,50.25684836141202,0.0,50.25684836141202,50.25684836141202,3.207625694399463,1.4602981928291991,0.0,6.582533014075924,2.861454401118503,1.5137638010181431,0.0,6.639464933600558,56.460382579147605,2.5572510520520018,53.1090476068679,59.98653382561413,540.0,0.0,540.0,540.0,0.375,0.0,0.375,0.375,0.3277777777777778,0.0,0.3277777777777778,0.3277777777777778,0.1925925925925926,0.0,0.1925925925925926,0.1925925925925926,70.2,0.0,70.2,70.2,94.9,0.0,94.9,94.9,0.0,0.0,0,0,0.0,0.0,0.0,0.0,1.225,0.0,1.225,1.225,26.203737659078165,4.911118031697608,17.760806077131868,36.300117738865026,71.97403405279992,2.5108519514708285,67.65979057124927,76.1445201679144,0.0,0.0,0.0,0.0,0.05,0.2197841776510827,0.0,1.0,0.0,0.0,0.0,0.0,0.0,0.0,0.0,0.0,0.05,0.2197841776510827,0.0,1.0,53.208333333333336,2.008312527730575,49.9,57.7,user_001,60
2024-01-01 01:00:00,0.0,0.0,0,0,0.0,0.0,0,0,3.9463,0.2341168258276053,3.5159999999999996,4.586,50.0179561548201,1.840097635370546,46.55558708719007,54.15195720803611,55.49329741054588,4.381561393728452,45.84477242854547,67.44841261807663,97.51533333333332,0.3321295778716109,96.82,98.54,33.589533333333335,0.230062148321699,32.92,34.038,1.0,0.0,1,1,43.58785262248104,5.380501117362732,31.520120239940713,53.68044430815393,50.05,4.604437800386398,40,62,55.376666666666665,10.567047703835792,29.3,79.4,43.535,11.844126413901304,17.2,63.2,97.48666666666666,0.832489968721906,95.8,99.5,33.582166666666666,0.4760611400225276,31.38,34.36,3.953333333333333,0.5942083942685503,2.53,5.78,49.98798435833869,1.1914975076559124,47.437090830483626,52.25078713619462,49.727146636601255,0.56378129779354,48.508107176086966,50.53267451506247,0.016021922589181,1.7178865666156038,-4.717319069345663,4.385915909293033,50.25684836141202,0.0,50.25684836141202,50.25684836141202,3.766578558778333,0.808223245604142,2.310813717527459,5.866014948930586,3.0952365033108995,0.7872579725654066,1.4111897060329437,5.1133407736149685,54.98680842364613,1.9360151261790688,51.932243042036845,58.13836007378713,540.0,0.0,540.0,540.0,0.375,0.0,0.375,0.375,0.3277777777777778,0.0,0.3277777777777778,0.3277777777777778,0.1925925925925926,0.0,0.1925925925925926,0.1925925925925926,70.2,0.0,70.2,70.2,94.9,0.0,94.9,94.9,0.0,0.0,0,0,0.0,0.0,0.0,0.0,1.225,0.0,1.225,1.225,27.301453095676433,4.446200398487913,18.947887932829463,34.880320315596656,70.74654657024605,2.583641003265108,66.70880641580449,74.42326007981247,0.0,0.0,0.0,0.0,0.0166666666666666,0.1290994448735805,0.0,1.0,0.0,0.0,0.0,0.0,0.0,0.0,0.0,0.0,0.0166666666666666,0.1290994448735805,0.0,1.0,54.013333333333335,1.924636586137902,50.2,58.7,user_001,60
2024-01-01 02:00:00,0.0,0.0,0,0,0.0,0.0,0,0,4.191133333333333,0.2173150073726583,3.654,4.584,51.81702266389528,1.8476505223837216,48.37456821970769,57.1382950675183,54.16787819604925,4.029781889169227,45.544442208513395,62.14981640369046,97.45966666666666,0.3307821581618201,96.7,98.04,33.56,0.225858212610014,33.094,34.041999999999994,1.0,0.0,1,1,45.19191343406134,4.556886456242869,33.493424286613084,56.05631567646811,51.983333333333334,4.9591267228320906,43,65,54.24333333333333,9.984400827641368,33.9,75.6,45.12,12.895535950770991,16.0,78.9,97.47,0.7805473959268172,95.3,99.2,33.566833333333335,0.4803123689344377,32.6,34.89,4.193666666666667,0.6529982133717265,2.76,5.65,51.685938942690456,1.1464907798279211,49.20474633032397,54.275692045378854,51.174217885481184,0.6113406442845987,49.83114750113567,52.53521197978641,0.0831553347190293,1.8352535856355991,-3.437813709202601,3.9308524662408577,50.25684836141202,0.0,50.25684836141202,50.25684836141202,3.651015672924886,1.0017218971683686,1.7662662867556078,5.269767275067194,3.2088658834788175,1.2318552303325314,0.5421273527766651,6.404457830729775,54.1919163506565,0.7011111912065205,52.75482039016456,55.347112970759405,540.0,0.0,540.0,540.0,0.375,0.0,0.375,0.375,0.3277777777777778,0.0,0.3277777777777778,0.3277777777777778,0.1925925925925926,0.0,0.1925925925925926,0.1925925925925926,70.2,0.0,70.2,70.2,94.9,0.0,94.9,94.9,0.0,0.0,0,0,0.0,0.0,0.0,0.0,1.225,0.0,1.225,1.225,30.95398076823266,3.7224782603226614,24.24945614399848,39.800855251624306,68.166137322252,1.3520226677493297,65.24623128000613,71.33015234267233,0.0333333333333333,0.1810203347193925,0.0,1.0,0.0333333333333333,0.1810203347193925,0.0,1.0,0.0,0.0,0.0,0.0,0.0,0.0,0.0,0.0,0.0666666666666666,0.2515488742932317,0.0,1.0,54.13666666666666,1.3285606671611505,50.6,56.5,user_001,60
2024-01-01 03:00:00,0.0,0.0,0,0,0.0,0.0,0,0,4.213333333333334,0.2550559039196975,3.746,4.754,54.27501865916245,2.2482434901511588,50.78500252585375,60.89463710716209,52.96322608586856,4.9573221208591915,40.286442824788864,65.54562706496641,97.46566666666666,0.2746730979445628,96.7,98.12,33.62186666666667,0.239355311141724,33.122,34.129999999999995,1.0,0.0,1,1,44.71477537984061,5.759388716900974,29.39802332005678,54.4644906106706,54.18333333333333,5.1106126425234875,44,73,53.083333333333336,11.87564330698772,25.8,89.3,44.68333333333333,14.701114527871075,0.0,80.3,97.46833333333332,0.7621316374277889,95.3,99.2,33.630833333333335,0.5790181393097431,32.43,34.75,4.209833333333333,0.5928972005292993,2.96,5.39,54.32807004687429,1.6783975765802046,52.27811242704972,59.6735022953363,54.04449172862728,0.805650878180591,52.712363542079835,55.01437354839339,-0.0458426629145574,1.885778707560924,-4.279303306338171,6.0526814464189584,50.25684836141202,0.0,50.25684836141202,50.25684836141202,4.011320818589737,1.4660338425332515,1.5077347454870125,7.032267640627194,3.525518713261906,1.461069171997257,0.8475420139688389,6.3528199368476415,54.073381638398374,1.490229328758805,50.85426134340585,56.542105056369714,540.0,0.0,540.0,540.0,0.375,0.0,0.375,0.375,0.3277777777777778,0.0,0.3277777777777778,0.3277777777777778,0.1925925925925926,0.0,0.1925925925925926,0.1925925925925926,70.2,0.0,70.2,70.2,94.9,0.0,94.9,94.9,0.0,0.0,0,0,0.0,0.0,0.0,0.0,1.225,0.0,1.225,1.225,34.958982169094575,4.574700953101978,22.513518548381693,42.84285992035082,66.42729979648423,2.442161303665058,63.07930623983601,71.06426782156214,0.0333333333333333,0.1810203347193925,0.0,1.0,0.05,0.2197841776510827,0.0,1.0,0.0,0.0,0.0,0.0,0.0,0.0,0.0,0.0,0.0833333333333333,0.2787178067853021,0.0,1.0,54.68,1.8568973575860823,50.6,57.7,user_001,60
2024-01-01 04:00:00,0.0,0.0,0,0,0.0,0.0,0,0,4.527966666666667,0.2682016675251606,3.962,4.99,56.76345813262582,2.0460426716541784,51.42919817925023,61.5974760980125,53.868082011387784,3.5157740339162564,46.16476309704988,63.682291274239766,97.47666666666667,0.3519084369869539,96.68,98.14,33.6416,0.1561124323217868,33.296,33.944,1.0,0.0,1,1,45.68180822762265,5.379180166010494,31.827920662051444,56.079078832068866,56.93333333333333,5.21362838184261,41,68,53.68666666666666,8.710902318878311,36.6,81.2,45.865,12.616613005431116,12.5,71.6,97.485,0.8223210227197056,95.8,99.4,33.62983333333333,0.4606645592599814,32.41,34.83,4.529833333333333,0.5848641495649461,2.81,5.96,56.57778749146726,1.521134827569668,53.02113781684394,59.18834320850796,55.87724497881913,0.9296861135175906,54.03607148752896,57.283110756394144,0.0849376003537567,1.954541268607088,-5.214599089625118,4.20452363661726,50.25684836141202,0.0,50.25684836141202,50.25684836141202,3.1302954385393535,1.349759459682534,1.0953020074320117,5.937526181654714,2.517298640190298,1.1501312745418948,0.8217309875743994,5.909417944712388,53.11603681432218,0.9025956465936305,50.967717502484646,54.22579496353244,540.0,0.0,540.0,540.0,0.375,0.0,0.375,0.375,0.3277777777777778,0.0,0.3277777777777778,0.3277777777777778,0.1925925925925926,0.0,0.1925925925925926,0.1925925925925926,70.2,0.0,70.2,70.2,94.9,0.0,94.9,94.9,0.0,0.0,0,0,0.0,0.0,0.0,0.0,1.225,0.0,1.225,1.225,36.61916884325441,2.9157856909744657,28.540806561865736,42.922187889766136,64.8038797847103,1.3401495613699856,62.95135039600278,67.77922353665194,0.0166666666666666,0.1290994448735805,0.0,1.0,0.0166666666666666,0.1290994448735805,0.0,1.0,0.0,0.0,0.0,0.0,0.0,0.0,0.0,0.0,0.0333333333333333,0.1810203347193925,0.0,1.0,56.06333333333334,1.5188049122852885,53.0,59.6,user_001,60
2024-01-01 05:00:00,0.0,0.0,0,0,0.0,0.0,0,0,4.9821333333333335,0.2364528452410727,4.41,5.47,60.89871533536575,1.8561622089408891,56.48462684844767,64.9485651016745,52.12437917363955,3.637901399891645,44.01575572887399,61.87912014173525,97.50466666666668,0.4096028116075949,96.8,98.36,33.486599999999996,0.2054581651507632,32.992000000000004,33.839999999999996,1.0,0.0,1,1,48.55043352724565,4.756672809185531,36.219014413766125,58.11948793222634,60.88333333333333,3.782617095397774,53,71,51.98166666666667,9.583150673768946,29.8,74.0,48.751666666666665,11.66795541711654,19.3,74.3,97.50666666666666,0.7469410311094226,96.0,99.2,33.493833333333335,0.4563565795336106,32.1,34.39,4.967,0.5478967489022245,3.98,6.15,60.87473669702717,1.5128796444600738,57.56391209267578,63.928595758074,60.30804430318617,1.4017151384498638,57.27762939315165,62.10290834861898,-0.0076910010162081,1.3423396802053034,-2.6565507516140414,3.5151738725789414,50.25684836141202,0.0,50.25684836141202,50.25684836141202,3.31102136864809,1.1178680976491242,1.2140963520618029,6.008694735578866,2.4906891342518875,0.9433601456340538,0.6654059522772603,4.657800212622668,52.27663787700415,1.1185174172640222,50.33095286558394,53.62752430124898,540.0,0.0,540.0,540.0,0.375,0.0,0.375,0.375,0.3277777777777778,0.0,0.3277777777777778,0.3277777777777778,0.1925925925925926,0.0,0.1925925925925926,0.1925925925925926,70.2,0.0,70.2,70.2,94.9,0.0,94.9,94.9,0.0,0.0,0,0,0.0,0.0,0.0,0.0,1.225,0.0,1.225,1.225,43.47637017470548,3.3170971836604375,37.853855715260735,52.52357882789282,60.41459512315544,1.741753972164204,57.24441011570634,63.15883510699193,0.0,0.0,0.0,0.0,0.0333333333333333,0.1810203347193925,0.0,1.0,0.0,0.0,0.0,0.0,0.0,0.0,0.0,0.0,0.0333333333333333,0.1810203347193925,0.0,1.0,57.04833333333333,1.6287139219482418,53.7,60.4,user_001,60
2024-01-01 06:00:00,0.0,0.0,0,0,0.0,0.0,0,0,5.231533333333333,0.2731653417891848,4.6240000000000006,5.686,64.93245000883675,2.056586040757753,60.3360118270701,70.29130311487104,49.67185914975439,5.366523029666562,34.55300718218737,60.231503247619656,97.51233333333332,0.3691509574395467,96.7,98.42,33.4366,0.2202741896910931,32.876,34.072,1.0,0.0,1,1,50.58590052493687,6.940367211171422,38.81039956814539,69.67378012135917,65.18333333333334,4.90413753597423,54,75,49.65,10.787979814338565,20.4,76.8,50.526666666666664,15.021418230304276,21.4,84.7,97.505,0.8466133930479334,95.6,99.7,33.425666666666665,0.5387725115566306,31.73,35.02,5.2265,0.5827835746786746,4.11,6.49,64.70204523164027,1.6260678365993708,60.24795078634524,68.34435791910566,63.74975803346978,1.6631497468907537,59.89452110720607,65.32136880645375,0.1254416622482901,1.8656722398360792,-3.3076003105819183,3.7990478184168026,50.25684836141202,0.0,50.25684836141202,50.25684836141202,3.569389609340908,1.402816347954834,0.6031650161218309,6.469159071501883,3.324210643564652,1.7276793608649383,0.698793548485459,7.879347131168835,50.64483770173438,0.9822758847348942,49.011397030565334,52.60303038014761,540.0,0.0,540.0,540.0,0.375,0.0,0.375,0.375,0.3277777777777778,0.0,0.3277777777777778,0.3277777777777778,0.1925925925925926,0.0,0.1925925925925926,0.1925925925925926,70.2,0.0,70.2,70.2,94.9,0.0,94.9,94.9,0.0,0.0,0,0,0.0,0.0,0.0,0.0,1.225,0.0,1.225,1.225,50.68965772073838,6.036994790846397,37.31092306347068,64.73292634764697,56.24677644677112,2.720692101201513,51.16413778872702,62.16873449176754,0.0166666666666666,0.1290994448735805,0.0,1.0,0.0833333333333333,0.2787178067853021,0.0,1.0,0.0,0.0,0.0,0.0,0.0,0.0,0.0,0.0,0.1,0.3025316904537665,0.0,1.0,56.85,2.09878899707362,50.3,60.6,user_001,60
2024-01-01 07:00:00,4.916666666666667,2.3237292256466313,1,11,147.55,82.90824517889682,4,295,5.666300000000001,0.3360245804164747,4.906000000000001,6.33,68.10533185459941,2.63089181701604,62.991467109696465,74.58361302471958,49.419742527907104,4.073683422633678,40.93356586200402,58.00629773333418,97.50433333333334,0.4109202845151217,96.76,98.4,33.50436666666666,0.2145100816773973,32.79600000000001,33.976,0.0,0.0,0,0,49.21115064207609,4.959735693583812,35.120108176052895,61.39096894533327,68.36666666666666,5.719329896349471,57,84,49.276666666666664,9.674768278513849,25.6,76.6,49.52333333333333,12.014741886485538,21.2,75.5,97.51,0.8198180864772643,96.2,100.0,33.516,0.5542232310454949,32.38,34.49,5.690666666666667,0.6837455832390215,3.98,7.23,67.89114609983926,1.7458662345539926,65.6886813538347,71.95483735355258,67.15463621643597,0.7814672080373577,64.87713821558822,68.28909647751554,0.1306674060336313,2.020644736527317,-3.907383763751312,4.708193487640216,50.25684836141202,0.0,50.25684836141202,50.25684836141202,3.293095166609978,1.296676106653725,1.1960362137839542,6.432804772397188,3.0748915775982937,1.5876294969768712,0.8990613390713789,6.826879306657402,49.60001074199709,0.5415868693145843,48.53270239942562,50.62674399314795,540.0,0.0,540.0,540.0,0.375,0.0,0.375,0.375,0.3277777777777778,0.0,0.3277777777777778,0.3277777777777778,0.1925925925925926,0.0,0.1925925925925926,0.1925925925925926,70.2,0.0,70.2,70.2,94.9,0.0,94.9,94.9,0.85,0.6593525329532482,0,2,62.93333333333333,18.80936177533625,4.0,82.0,2.45,1.1719442776132782,1.225,4.9,54.38550156371726,3.473885720656032,48.583997437593936,64.78202111593583,53.396147970342845,1.0821958183269738,50.115048596579264,55.76876579438512,0.0666666666666666,0.2515488742932317,0.0,1.0,0.05,0.2197841776510827,0.0,1.0,0.0,0.0,0.0,0.0,0.0,0.0,0.0,0.0,0.1166666666666666,0.3237317715130933,0.0,1.0,55.45666666666667,2.1666475444614703,49.4,58.9,user_001,60
2024-01-01 08:00:00,4.983333333333333,2.004162335407655,0,9,446.98333333333335,87.52558786476929,299,594,5.8459,0.3204838344372351,5.252000000000001,6.467999999999999,70.81354911002718,1.878880387692948,66.78516193408774,74.96918144158438,49.85075542481229,3.667419484731742,41.906707931936126,60.97431153256238,97.53666666666666,0.4174688323560193,96.56,98.54,33.44063333333334,0.234901058628167,32.982,33.896,0.0,0.0,0,0,49.62619350301596,4.429167357859974,37.38767962039464,59.75001251989912,70.7,4.484625336277232,63,82,50.25666666666667,8.889192956192895,33.0,73.1,49.095,11.78418108010962,25.1,76.4,97.53666666666666,0.863961445048952,95.7,99.6,33.42616666666667,0.4936927325009895,32.44,34.29,5.836,0.6719417852104931,4.46,7.5,70.88990244436336,1.4072505749319382,68.50247840034265,74.03760159434921,70.51400095873214,1.0570827832798926,68.22885833131312,71.73522068406835,-0.0567745550135903,1.6836229404742151,-3.3230604805281274,4.041121613089871,50.25684836141202,0.0,50.25684836141202,50.25684836141202,3.148636059645633,1.0115711845832145,1.2922040890472717,5.1437496398757245,2.6404702476569666,1.150098487715243,0.625485132787018,5.524018158239465,49.195698110853805,0.7103367820039928,48.11067485465317,50.74509240714473,540.0,0.0,540.0,540.0,0.375,0.0,0.375,0.375,0.3277777777777778,0.0,0.3277777777777778,0.3277777777777778,0.1925925925925926,0.0,0.1925925925925926,0.1925925925925926,70.2,0.0,70.2,70.2,94.9,0.0,94.9,94.9,0.8666666666666667,0.5664838521990366,0,2,76.81666666666666,4.409126385149999,68.0,86.0,2.4091666666666667,0.9822467184059256,1.225,4.9,57.79858667283978,3.4432964041093226,50.602299740401705,65.60864929263651,51.010050938079885,1.252763516585078,48.81347016052193,53.11581602059142,0.0166666666666666,0.1290994448735805,0.0,1.0,0.0,0.0,0.0,0.0,0.0,0.0,0.0,0.0,0.0,0.0,0.0,0.0,0.0166666666666666,0.1290994448735805,0.0,1.0,54.108333333333334,1.5237433462728351,50.2,57.0,user_001,60
2024-01-01 09:00:00,4.883333333333334,1.966599634977538,1,10,742.0,86.0232526704262,599,887,6.328133333333333,0.2350307204346328,5.882,6.95,74.94779738289252,1.9577017735766735,69.83875964213217,79.3589489761104,47.28593892666525,3.516701170160079,37.78864164046882,54.06050320174364,97.503,0.350395901996007,96.48,98.18,33.59133333333333,0.2219377425809338,33.178000000000004,34.116,0.0,0.0,0,0,51.33122239622404,4.9340160966539415,40.673455016983795,64.86975605330456,75.06666666666666,4.711567685653807,63,86,47.288333333333334,9.0633381747597,28.6,63.8,51.24333333333333,11.74714342004359,23.5,84.6,97.515,0.769949370996761,95.7,99.3,33.60633333333333,0.491721178630863,32.42,34.6,6.321666666666667,0.6027006077638135,5.02,7.81,74.839815597379,1.496193094014548,71.05274193615416,77.71470887691717,73.65223345590938,1.7267393304871954,70.33772804555926,75.28958839105773,0.0594346418870747,1.77419769240298,-4.570870916806427,3.5794430159804165,50.25684836141202,0.0,50.25684836141202,50.25684836141202,3.1929371916472618,1.0440476598664503,1.0976217761324043,5.319257408522848,2.71566887508886,1.064392768931656,0.7342147470573811,5.502276111802972,48.09935250721894,1.052261089073302,46.460163678797365,50.86892995873099,540.0,0.0,540.0,540.0,0.375,0.0,0.375,0.375,0.3277777777777778,0.0,0.3277777777777778,0.3277777777777778,0.1925925925925926,0.0,0.1925925925925926,0.1925925925925926,70.2,0.0,70.2,70.2,94.9,0.0,94.9,94.9,0.8166666666666667,0.5672313570575753,0,2,73.43333333333334,5.904226198719841,62.0,88.0,2.3275,0.9488809198208172,1.225,4.9,64.9095607053085,3.2232748226125865,56.649662386896765,71.77800134553586,47.06014085359986,2.0344998130080776,44.56930824403418,52.585678801344685,0.0166666666666666,0.1290994448735805,0.0,1.0,0.0333333333333333,0.1810203347193925,0.0,1.0,0.0,0.0,0.0,0.0,0.0,0.0,0.0,0.0,0.05,0.2197841776510827,0.0,1.0,50.516666666666666,1.632837466525801,47.6,53.8,user_001,60
2024-01-01 10:00:00,5.233333333333333,1.977557701630179,1,10,1043.7666666666669,91.44422522873514,892,1201,6.3937,0.3059424616337338,5.768,7.008,77.88667425917801,2.45482977409395,71.70484528075728,83.14503134887345,44.78711325144444,5.722298490591928,35.15585766323465,57.952754360723326,97.51533333333332,0.3175406909287051,96.88,98.2,33.49163333333333,0.179303924037209,33.074,33.908,0.0,0.0,0,0,57.11679170117267,6.881846107436066,39.076112935502394,71.62787542766999,78.0,5.575369562882075,64,90,44.30333333333333,12.22965230414283,14.1,72.2,57.663333333333334,14.880996488715908,9.7,92.4,97.48833333333332,0.8256669962524643,95.6,99.4,33.486000000000004,0.520473057314046,32.27,34.72,6.396333333333333,0.6816081847470176,4.69,8.09,77.74193669191533,1.920546109549496,74.07623530133215,81.12168012176913,77.36452796259216,0.9951652586608992,75.42500224787752,79.02062192742618,0.0566628704109968,2.058705043174195,-3.852422640378649,4.560568300963169,50.25684836141202,0.0,50.25684836141202,50.25684836141202,4.107240555578645,1.6537491581748869,1.6202051796549286,7.330174505204199,3.8898015277161817,1.7735955869920637,1.6842013893010737,9.0749733195371,45.628087628540456,1.1905386662474184,43.048076223048525,47.45719282544145,540.0,0.0,540.0,540.0,0.375,0.0,0.375,0.375,0.3277777777777778,0.0,0.3277777777777778,0.3277777777777778,0.1925925925925926,0.0,0.1925925925925926,0.1925925925925926,70.2,0.0,70.2,70.2,94.9,0.0,94.9,94.9,0.9333333333333332,0.5783280010825675,0,2,77.6,5.474749433164244,67.0,87.0,2.5316666666666667,1.0546694665229577,1.225,4.9,70.67095259852375,6.903070694381108,56.50156792753584,81.21377978261343,42.9711610300029,3.3185264082199444,37.10381702730271,48.41111459298097,0.0166666666666666,0.1290994448735805,0.0,1.0,0.0333333333333333,0.1810203347193925,0.0,1.0,0.0,0.0,0.0,0.0,0.0,0.0,0.0,0.0,0.05,0.2867113353714995,0.0,2.0,47.885,3.1754794112898015,42.7,55.5,user_001,60
2024-01-01 11:00:00,4.95,1.917139465144244,1,9,1354.3166666666666,85.30175583200275,1206,1498,6.4581333333333335,0.2090711878330461,5.876,6.9719999999999995,78.55761813612298,1.8354441378205844,74.45709888567883,82.39893311322051,44.854659179705386,3.774194670158851,36.71953963166883,54.0690294384556,97.64666666666668,0.4005025092143698,97.0,98.46,33.523066666666665,0.2403617236418706,32.926,34.18,0.0,0.0,0,0,54.709034301560955,4.288597334350885,46.23456314267713,63.81665570288461,78.6,5.015906900441665,66,88,45.28,10.24100763050861,20.0,67.8,54.46,10.981157976665056,32.0,80.9,97.64833333333333,0.7572232204903134,95.7,100.0,33.51983333333333,0.6096052951043069,32.4,35.13,6.459833333333333,0.6599858541541749,5.16,8.01,78.51488450069102,1.2160803289322744,75.74309831097791,80.67645739074607,78.19301173424365,0.6908006594302664,76.81144023307837,78.97953043984064,0.0211909319385102,1.9055735711275612,-4.937550369021068,4.514300371440385,50.25684836141202,0.0,50.25684836141202,50.25684836141202,3.6543137975226463,1.1870482630660644,1.5401342809746683,6.333320820920497,3.102363553357404,1.131140726479655,0.7779765614186278,6.357560591456923,44.3214685887939,0.6990849823011299,43.235552258210376,46.052370000686466,540.0,0.0,540.0,540.0,0.375,0.0,0.375,0.375,0.3277777777777778,0.0,0.3277777777777778,0.3277777777777778,0.1925925925925926,0.0,0.1925925925925926,0.1925925925925926,70.2,0.0,70.2,70.2,94.9,0.0,94.9,94.9,0.9,0.6022556470526282,0,2,74.55,6.198482591786314,60.0,86.0,2.4908333333333337,1.0808714965667268,1.225,4.9,72.51717983557597,2.9860428260834397,65.36777828903247,78.86437758737134,40.883249462343585,1.295814184343846,38.08268462214591,42.78344903397604,0.0,0.0,0.0,0.0,0.0,0.0,0.0,0.0,0.0,0.0,0.0,0.0,0.0,0.0,0.0,0.0,0.0,0.0,0.0,0.0,47.83833333333334,1.524054768652724,45.3,51.8,user_001,60
2024-01-01 12:00:00,5.266666666666667,2.032504230334511,2,10,1652.2,92.31904884508414,1504,1814,6.662533333333333,0.3364484228569634,6.066,7.268000000000001,79.47693385233828,2.3902160854738494,74.5522869987786,84.16136594675226,47.446231641627264,4.2955417818880886,37.372176615903165,55.82027187332282,97.36033333333332,0.2374580545772592,96.88,97.88,33.45216666666667,0.1969531620020352,32.988,33.868,0.0,0.0,0,0,53.66500570565499,5.791876073153174,40.615311074711535,67.3818934735907,79.5,5.10400308166317,70,93,47.43666666666666,10.125215489092811,23.3,66.3,53.361666666666665,13.035610830241676,30.8,87.0,97.375,0.652667278382473,95.8,99.1,33.45216666666667,0.4853134289238097,31.97,34.79,6.671166666666666,0.7174060894466546,5.0,8.66,79.50249636887553,1.8485380042046984,75.4627713061857,82.40048629525901,79.05082268816787,0.492623130590497,78.44095265146504,80.20538350761383,0.0115330738308609,1.8408906436520984,-4.72045531558409,5.303477827281128,50.25684836141202,0.0,50.25684836141202,50.25684836141202,3.625180200874538,0.9353929753058294,1.3938202550132983,5.462510063784017,3.252806459528694,1.242512077137233,0.9582222731491872,6.1698871253788745,46.70227267658061,1.1785751304465528,45.26380168016182,49.17465037312768,540.0,0.0,540.0,540.0,0.375,0.0,0.375,0.375,0.3277777777777778,0.0,0.3277777777777778,0.3277777777777778,0.1925925925925926,0.0,0.1925925925925926,0.1925925925925926,70.2,0.0,70.2,70.2,94.9,0.0,94.9,94.9,0.9833333333333332,0.5672313570575753,0,2,77.86666666666666,5.359821229837723,70.0,91.0,2.6133333333333337,1.0690410983944898,1.225,4.9,70.04971816062226,3.934156331712536,62.8787263929054,78.9932754199748,43.152207261440026,1.6314817766741767,40.945552407015434,46.27645517339366,0.0333333333333333,0.1810203347193925,0.0,1.0,0.0166666666666666,0.1290994448735805,0.0,1.0,0.0,0.0,0.0,0.0,0.0,0.0,0.0,0.0,0.05,0.2197841776510827,0.0,1.0,48.415,2.0920207569375653,43.4,51.9,user_001,60
2024-01-01 13:00:00,4.933333333333334,2.3133120043302697,1,14,1973.3666666666663,84.40619438001914,1817,2110,6.6101,0.2784169352437249,5.984,7.146000000000001,79.39519105335445,1.9038389011832049,75.16315245511569,84.44139060858413,47.46706603493341,3.3283410742160795,38.65209462711115,54.77440164895667,97.57933333333334,0.3159696760105204,96.9,98.2,33.55846666666667,0.1883089299723859,33.053999999999995,33.98199999999999,0.0,0.0,0,0,51.4266881884564,6.068561017715834,40.12848886315314,66.17867974302004,79.38333333333334,4.302508793820642,71,90,47.52833333333333,8.340407900984356,25.9,65.1,51.675,12.848090605354155,19.3,78.5,97.56333333333332,0.7723981292419729,95.7,99.1,33.554,0.5463009662838906,32.35,34.75,6.61,0.5558441435010418,5.69,7.94,79.36835806988903,1.4283964746845104,75.90354306691177,82.54353930471913,79.76022471827241,0.551767569575144,78.99728213629702,80.76799385370954,-0.0059288600105581,1.5755993417247778,-3.2729240001374933,3.123977414056938,50.25684836141202,0.0,50.25684836141202,50.25684836141202,2.899543041778591,0.8603862528971912,1.1680113052053,5.039881710597736,2.270300095062459,0.730905935455312,0.9489466956359092,4.141329745232534,47.77933726376602,1.42803390302203,45.719618072173915,49.75458776487734,540.0,0.0,540.0,540.0,0.375,0.0,0.375,0.375,0.3277777777777778,0.0,0.3277777777777778,0.3277777777777778,0.1925925925925926,0.0,0.1925925925925926,0.1925925925925926,70.2,0.0,70.2,70.2,94.9,0.0,94.9,94.9,0.7666666666666667,0.6474635430261868,0,3,76.76666666666667,11.427541317578848,59.0,98.0,2.307083333333334,1.237223618055138,1.225,8.575,69.73180386379344,4.021799687898159,62.00753217441737,76.87612256910364,43.22885598327839,2.02042093961999,39.26134164864382,46.94342561634582,0.0166666666666666,0.1290994448735805,0.0,1.0,0.0333333333333333,0.1810203347193925,0.0,1.0,0.0,0.0,0.0,0.0,0.0,0.0,0.0,0.0,0.05,0.2197841776510827,0.0,1.0,49.22166666666667,1.789810298315104,45.4,52.8,user_001,60
2024-01-01 14:00:00,5.266666666666667,1.9560134714681725,1,10,2275.0666666666666,90.89216308755388,2115,2426,6.498500000000001,0.1938997207190234,5.958,6.892,79.10574094249533,1.9993285313675997,75.10501352253758,83.01666288563548,46.521197706068264,3.155090149176893,37.80011605079292,53.020281774766865,97.44666666666669,0.3020981245161205,96.68,98.1,33.594433333333335,0.2663414634285142,33.08,34.221999999999994,0.0,0.0,0,0,52.36623965483026,4.25926887388711,41.19656924972156,63.01676301698536,79.06666666666666,4.722347400578596,70,90,46.3,7.5616337576442945,24.4,62.1,52.37833333333333,10.457550863203927,22.3,73.4,97.435,0.7969911638495355,95.6,99.2,33.6095,0.566204805133205,32.06,34.8,6.4965,0.6166580927789974,5.11,7.63,79.10764173583145,1.424757560183726,76.68576982687196,81.85844008187443,78.78809873709183,0.6117959519956776,77.96395302066682,79.95018643669623,-0.0195371379143333,1.746028353606674,-2.8314808875601756,3.7750055363285218,50.25684836141202,0.0,50.25684836141202,50.25684836141202,2.710910036073801,1.028405644882092,1.188916439358251,5.764806706188827,2.1603026244768406,1.0495212698158722,0.7924884217245449,5.306617565876544,46.77268721455754,0.9462432228859016,45.03741138321395,48.24633089109349,540.0,0.0,540.0,540.0,0.375,0.0,0.375,0.375,0.3277777777777778,0.0,0.3277777777777778,0.3277777777777778,0.1925925925925926,0.0,0.1925925925925926,0.1925925925925926,70.2,0.0,70.2,70.2,94.9,0.0,94.9,94.9,0.9833333333333332,0.5672313570575754,0,2,77.76666666666667,4.724141628306014,66.0,89.0,2.6133333333333337,1.0690410983944898,1.225,4.9,70.53926245612756,3.3104561048457786,63.19560312422284,76.44928584480114,43.29283211429808,1.803406609041643,40.92683454346054,47.49990935808766,0.0,0.0,0.0,0.0,0.05,0.2197841776510827,0.0,1.0,0.0,0.0,0.0,0.0,0.0,0.0,0.0,0.0,0.05,0.2197841776510827,0.0,1.0,49.375,1.539934513245531,45.9,52.3,user_001,60
2024-01-01 15:00:00,4.966666666666667,2.107023498349952,1,10,2582.95,86.45140204331126,2430,2724,6.1892,0.2032686124652776,5.734,6.614,75.58567888299015,1.902252340559869,71.24707873822275,79.50405845409291,48.80129148000254,4.747169539962615,40.395982417132814,62.93641196945142,97.42566666666669,0.3946608355806807,96.66,98.28,33.55213333333333,0.212923433892483,33.002,33.992000000000004,0.0,0.0,0,0,52.16488104194028,6.246632103334875,39.19425712230193,61.87976367642793,75.55,4.641102294549708,64,86,48.82833333333333,10.580892462865998,28.7,76.0,52.28666666666666,13.441290629448895,19.7,87.2,97.445,0.821826201264444,95.3,99.6,33.5435,0.5005516448405121,32.38,34.59,6.1905,0.5503478868953433,5.12,7.73,75.66243638721987,1.524506903759918,72.79539163892593,79.48341597786,76.83768984079087,1.922744337895317,74.40930758136317,79.81268211972824,-0.0178394414950778,1.7361280694746763,-3.62353936911137,3.3470364194994033,50.25684836141202,0.0,50.25684836141202,50.25684836141202,3.5872029177329754,1.4004923433219465,1.0066973419780394,6.425239339693929,2.968229582438953,1.4514088068530069,0.5411881064631145,6.5893620623747475,48.345399165834614,2.212585184709277,45.3296580032312,51.95293230147134,540.0,0.0,540.0,540.0,0.375,0.0,0.375,0.375,0.3277777777777778,0.0,0.3277777777777778,0.3277777777777778,0.1925925925925926,0.0,0.1925925925925926,0.1925925925925926,70.2,0.0,70.2,70.2,94.9,0.0,94.9,94.9,0.8666666666666667,0.5956528014598821,0,2,74.96666666666667,5.8279474732887415,61.0,89.0,2.4295833333333334,1.0455868888286597,1.225,4.9,64.03566019206527,5.624583491511336,51.372339913826,73.70196361170287,46.83557156802156,3.797246468316908,41.274925153802045,52.454605169711705,0.0333333333333333,0.1810203347193925,0.0,1.0,0.0166666666666666,0.1290994448735805,0.0,1.0,0.0,0.0,0.0,0.0,0.0,0.0,0.0,0.0,0.05,0.2197841776510827,0.0,1.0,53.31666666666667,2.5743958755975713,48.9,59.4,user_001,60
2024-01-01 16:00:00,4.766666666666667,2.294921930407801,0,10,2870.366666666667,83.7552865352321,2725,3010,5.946766666666666,0.3328036203491695,5.116,6.678,72.71733230335934,2.671729225485115,65.2769045188466,77.36158523015379,48.806747190332985,5.9071273476825095,36.57714255755588,63.47999705505486,97.59966666666666,0.3354832925020605,96.78,98.2,33.45753333333333,0.1638864289132034,33.044,33.833999999999996,0.0,0.0,0,0,50.39247494588814,7.814742835715666,30.077538674532956,67.11174749748086,72.55,4.900449650762779,60,82,49.044999999999995,11.78513031791204,21.4,74.3,49.91166666666666,14.914991794365452,18.7,79.1,97.59833333333331,0.7141408650548168,96.0,99.3,33.46633333333333,0.5314577543255607,31.91,34.38,5.9446666666666665,0.7095462065355854,4.02,7.37,72.8917556167769,2.429624412536793,67.44522377897195,77.17868104453063,73.07387642103296,1.4849921819978342,70.80127002889552,75.34891978816407,-0.0836661516796645,1.7113376926760215,-3.5942172325866153,3.847675096943334,50.25684836141202,0.0,50.25684836141202,50.25684836141202,3.709597178421968,1.3751625000495422,0.9539602516546032,6.9730633624270615,3.278763805636662,1.4668671325428422,0.7473956104391047,7.715694900207178,47.54818581020738,1.6280086724014469,44.915236514985544,50.889700075494645,540.0,0.0,540.0,540.0,0.375,0.0,0.375,0.375,0.3277777777777778,0.0,0.3277777777777778,0.3277777777777778,0.1925925925925926,0.0,0.1925925925925926,0.1925925925925926,70.2,0.0,70.2,70.2,94.9,0.0,94.9,94.9,0.7833333333333333,0.6402241838994506,0,2,71.73333333333333,6.4463014403522125,56.0,89.0,2.3275,1.097992196878821,1.225,4.9,61.37606275108643,4.757884299333306,50.3307223312393,70.72505155070994,47.907458481479075,1.936734673318828,45.8770900253921,55.171594459272065,0.05,0.2197841776510827,0.0,1.0,0.0166666666666666,0.1290994448735805,0.0,1.0,0.0,0.0,0.0,0.0,0.0,0.0,0.0,0.0,0.0666666666666666,0.2515488742932317,0.0,1.0,55.94833333333334,2.320979605184765,50.7,61.9,user_001,60
2024-01-01 17:00:00,5.35,2.192630182827024,2,11,3173.9666666666667,95.1703141770846,3016,3331,5.612666666666667,0.2750138774105076,5.132,6.403999999999999,68.82892660617735,2.232353411346767,63.91392909374766,74.00985648290583,48.2644718918468,4.555472720866084,38.34934998435027,57.41179554745663,97.594,0.3456519264191725,96.6,98.44,33.475033333333336,0.1884669612431464,32.866,33.81,0.0,0.0,0,0,53.19124398668082,5.431176044924463,40.62801076137498,62.84770618259736,68.76666666666667,5.120138592756992,54,79,48.00666666666667,8.804464712295493,27.5,63.5,53.96333333333334,10.507446377618637,30.5,75.5,97.585,0.7537083462364274,95.3,98.8,33.46666666666667,0.4864839839775473,32.12,34.72,5.623500000000001,0.7085167725249367,4.09,7.27,68.94546059045938,1.7971396629878655,65.41532532317296,72.39659154775234,70.34959151211602,1.824513695839489,67.90427996182432,73.59669358137107,-0.0311299697553335,1.895209710720898,-5.360699527823144,3.430650388690381,50.25684836141202,0.0,50.25684836141202,50.25684836141202,3.107424339895261,0.8497320266620686,1.4025724859001287,4.969296189544641,2.9517733713314045,1.052589252291377,0.9148549061373576,5.201369723809198,49.05499149845198,2.0885249190890183,45.659587628523624,51.90321153257543,540.0,0.0,540.0,540.0,0.375,0.0,0.375,0.375,0.3277777777777778,0.0,0.3277777777777778,0.3277777777777778,0.1925925925925926,0.0,0.1925925925925926,0.1925925925925926,70.2,0.0,70.2,70.2,94.9,0.0,94.9,94.9,0.9666666666666668,0.6369063647932279,0,2,80.56666666666666,7.6410281202507795,70.0,97.0,2.63375,1.1897142603106177,1.225,4.9,56.78736429841533,5.511553422022185,45.72805859238211,66.18315785317422,51.60047579179708,2.815536524490247,47.49813468392333,56.35519720567313,0.0166666666666666,0.1290994448735805,0.0,1.0,0.0166666666666666,0.1290994448735805,0.0,1.0,0.0,0.0,0.0,0.0,0.0,0.0,0.0,0.0,0.0333333333333333,0.1810203347193925,0.0,1.0,59.165,2.329677725584536,55.2,64.4,user_001,60
2024-01-01 18:00:00,4.6,2.35925871724897,1,13,3483.5666666666666,83.02549468905109,3335,3607,5.378966666666667,0.3079250385703166,4.744000000000001,5.952,66.05354322649347,1.7669209218086914,60.82195688743001,69.77652269146962,48.70141589766149,4.0274952718244235,39.72098185131109,58.54048568170725,97.66066666666669,0.3341159175012236,97.04,98.62,33.52493333333334,0.2222389816655757,33.001999999999995,34.002,0.0,0.0,0,0,52.00550093912477,5.495801729323287,38.882226698057075,63.39502362973672,65.91666666666667,4.816256604834902,50,77,48.7,10.266252101102422,23.4,70.7,51.66166666666666,14.3034793878577,20.4,87.3,97.65333333333334,0.7729465231719578,96.1,99.8,33.53183333333333,0.4826111592922879,32.34,34.68,5.367333333333334,0.6861557531013817,3.99,7.01,66.14309525987656,1.3293902142580616,63.61791129059666,68.42562006902617,66.34008435320116,0.7119054257176713,65.3176610520082,67.84729775232732,-0.068438279913407,1.8578847816568032,-5.410978443715003,4.726014370856667,50.25684836141202,0.0,50.25684836141202,50.25684836141202,3.7597532662107938,0.8940658685591922,1.978242542445504,5.8480543187003935,3.1950476126801197,1.115825695024404,1.5996457621431153,5.798390271630183,49.50034453925001,0.953990286479527,47.6966426249785,51.12700103380009,540.0,0.0,540.0,540.0,0.375,0.0,0.375,0.375,0.3277777777777778,0.0,0.3277777777777778,0.3277777777777778,0.1925925925925926,0.0,0.1925925925925926,0.1925925925925926,70.2,0.0,70.2,70.2,94.9,0.0,94.9,94.9,0.7166666666666667,0.6661721329614917,0,3,70.46666666666667,12.996044596000852,47.0,94.0,2.245833333333333,1.2591290932411687,1.225,8.575,53.391590262816784,3.4859915267048143,45.10825555641078,59.33926153347531,53.97697995448222,1.2236522010103017,51.99499575543798,56.69482382380902,0.05,0.2197841776510827,0.0,1.0,0.0333333333333333,0.1810203347193925,0.0,1.0,0.0,0.0,0.0,0.0,0.0,0.0,0.0,0.0,0.0833333333333333,0.2787178067853021,0.0,1.0,61.59666666666667,1.4532216304970962,59.0,65.3,user_001,60
2024-01-01 19:00:00,5.366666666666666,2.590508533720133,1,12,3778.9333333333334,95.9296823449467,3614,3929,5.080333333333333,0.2813702950523616,4.585999999999999,5.87,60.52257336410522,2.6886380223944952,55.342789537632974,65.60239181890513,51.279956703363915,5.0916836931884815,39.12886501225726,60.619715833889224,97.45166666666668,0.4367723165416646,96.38,98.38,33.54873333333333,0.1768296955913733,33.217999999999996,33.988,0.0,0.0,0,0,48.796491133813575,6.1162323050919785,33.57319702359467,61.06381018784907,60.416666666666664,5.6965397366955495,48,73,51.626666666666665,11.149703449224548,26.1,74.0,48.41166666666666,14.419667497361491,18.4,82.6,97.45833333333331,0.8743601373104284,95.2,99.6,33.542833333333334,0.4123561553682175,32.72,34.45,5.086833333333333,0.6202063398215163,3.65,6.5,60.661412247827506,2.287022797933831,56.91660740550698,65.69512555787254,62.16501905400951,1.917927058262916,59.86784441217047,66.545610688304,-0.0529533487192743,2.0865671949737283,-4.954247156108146,4.69716856259457,50.25684836141202,0.0,50.25684836141202,50.25684836141202,3.786953688833449,0.9525639197413682,1.4915398511084257,5.783327611742397,3.4006784318483785,1.1107450244695485,1.0441359225191391,5.901561908899426,50.50948715734966,1.7440732705105568,48.11354443352431,53.818242516116094,540.0,0.0,540.0,540.0,0.375,0.0,0.375,0.375,0.3277777777777778,0.0,0.3277777777777778,0.3277777777777778,0.1925925925925926,0.0,0.1925925925925926,0.1925925925925926,70.2,0.0,70.2,70.2,94.9,0.0,94.9,94.9,1.0,0.663835797544615,0,2,79.28333333333333,10.359784806787143,57.0,95.0,2.715416666666667,1.2576131858171824,1.225,4.9,44.53817189573388,5.638361662976301,33.8430959191242,55.7935191301555,58.57921182119885,3.425914209090714,51.84011450037322,65.33360623176803,0.0333333333333333,0.1810203347193925,0.0,1.0,0.0166666666666666,0.1290994448735805,0.0,1.0,0.0,0.0,0.0,0.0,0.0,0.0,0.0,0.0,0.05,0.2197841776510827,0.0,1.0,62.080000000000005,1.8422351935826704,58.0,65.4,user_001,60
2024-01-01 20:00:00,4.65,1.744968553939379,0,8,4064.65,79.94019480688462,3935,4208,4.707333333333334,0.2871011554249262,4.238,5.4079999999999995,57.35694070659892,2.148800019320087,53.276878252908794,62.01359458158089,53.248633584514984,3.865130108350695,45.898667615041035,64.58533105591361,97.383,0.431345156536847,96.72,98.44,33.4805,0.221996984251924,32.992000000000004,34.019999999999996,0.0,0.0,0,0,47.35148426964933,4.71826136146951,36.39196266296473,56.657246014265944,57.15,5.09178467596978,47,70,53.18833333333334,9.889424100499893,32.4,80.4,47.68,12.449502066143658,18.2,85.4,97.39666666666668,0.8995227862249249,95.4,99.5,33.491166666666665,0.546235473116123,32.24,35.11,4.692833333333334,0.6179328351047264,3.54,6.32,57.499139446987975,1.8377236689079095,54.20526639204695,61.26688060132242,58.085088406838096,0.6947835085274487,57.18185887369411,59.767451830335865,-0.1034703532994569,1.9328598437724505,-3.3743523337642713,4.539559143582252,50.25684836141202,0.0,50.25684836141202,50.25684836141202,3.5114842906783483,1.3868423944375228,0.8446796469443011,6.364899729688162,3.044176816306269,1.45460333483789,0.4988202732018554,7.315692413305628,52.626175287920574,0.9239937997605442,49.35000281596338,53.9862823740534,540.0,0.0,540.0,540.0,0.375,0.0,0.375,0.375,0.3277777777777778,0.0,0.3277777777777778,0.3277777777777778,0.1925925925925926,0.0,0.1925925925925926,0.1925925925925926,70.2,0.0,70.2,70.2,94.9,0.0,94.9,94.9,0.85,0.5150283849343992,0,2,67.65,6.24316575497301,60.0,84.0,2.347916666666667,0.8526416039592837,1.225,4.9,38.49965916574585,3.0213756159490095,32.874638525848454,43.35306017596457,63.382690194553824,0.999672368204475,61.433537473087185,65.30895749447774,0.0166666666666666,0.1290994448735805,0.0,1.0,0.0,0.0,0.0,0.0,0.0,0.0,0.0,0.0,0.0,0.0,0.0,0.0,0.0166666666666666,0.1290994448735805,0.0,1.0,61.99333333333333,1.4669080438253608,59.1,65.4,user_001,60
2024-01-01 21:00:00,4.933333333333334,2.27638329460458,1,11,4362.95,83.19579214424702,4214,4504,4.468733333333334,0.2515794086765778,3.908,5.044,54.21275610682748,2.1607969508671903,47.99174729646137,58.45404357130881,53.84761400955424,5.127194319774751,40.71787935658113,64.11228598644065,97.467,0.3347617417340408,96.86,98.24,33.5041,0.2022009153527533,33.026,33.88,0.0,0.0,0,0,47.57838773628764,5.037936135336168,34.61515661485629,56.9173022618663,54.05,4.548886993689328,43,66,53.723333333333336,9.714175674731646,20.6,80.4,47.35666666666667,11.68524154891533,15.7,71.6,97.46666666666668,0.8198111950200642,95.7,99.5,33.4935,0.4468299832131958,32.67,34.68,4.4825,0.5953025864982661,3.29,6.3,54.400935898424144,1.641051053086574,50.09382232961123,57.68409166156306,54.79063896259988,0.9169514314556426,53.7754041139626,57.110128138018304,-0.0813780534137401,1.6382176648308349,-3.098849570014636,5.112945045230809,50.25684836141202,0.0,50.25684836141202,50.25684836141202,2.993723955408752,1.4024443031352591,0.9435210944984472,6.077259250433416,2.6506087561876153,1.4951058099523933,0.5307780718010323,6.417549134453952,53.95789791537486,1.915456219842561,51.81305889706373,57.24679977239987,540.0,0.0,540.0,540.0,0.375,0.0,0.375,0.375,0.3277777777777778,0.0,0.3277777777777778,0.3277777777777778,0.1925925925925926,0.0,0.1925925925925926,0.1925925925925926,70.2,0.0,70.2,70.2,94.9,0.0,94.9,94.9,0.9,0.5734226707429991,0,2,75.25,9.736572675106329,55.0,90.0,2.470416666666667,1.0209717420294253,1.225,4.9,34.05527736944811,5.789664291153237,21.62566103319145,44.964495270614336,66.71296061830452,3.1424157246697217,62.81376315579316,72.41842923093893,0.0,0.0,0.0,0.0,0.05,0.2197841776510827,0.0,1.0,0.0,0.0,0.0,0.0,0.0,0.0,0.0,0.0,0.05,0.2197841776510827,0.0,1.0,61.525,2.0584365467386054,55.9,65.6,user_001,60
2024-01-01 22:00:00,0.0,0.0,0,0,4504.0,0.0,4504,4504,4.0941,0.2303484243709289,3.696,4.776,50.74263559374337,2.115191667474313,46.000942143934274,55.11554666031966,53.60971378227446,2.785611051812167,48.404189060155694,59.71873495232547,97.62166666666668,0.3026502521744257,96.94,98.32,33.547133333333335,0.1790605869121156,33.245999999999995,33.955999999999996,1.0,0.0,1,1,45.91260131109206,4.084792092615738,37.41621161987323,53.39601179865451,50.81666666666667,4.999971751332629,40,61,53.49666666666667,8.171902391766862,34.2,74.4,46.18333333333333,11.343095662518216,22.3,68.9,97.63666666666668,0.7754641402207846,95.3,99.5,33.54666666666667,0.4779818685543067,32.46,34.77,4.088,0.6315055993686027,2.84,5.87,50.72224304516483,1.5239943134697131,48.03498993641776,54.0531695443954,51.58546791035624,1.4648175753952426,49.63380421786651,54.441793330465245,0.037015536461644,1.8329678934323097,-3.691077202750421,3.700373744809781,50.25684836141202,0.0,50.25684836141202,50.25684836141202,2.9245759523664887,0.9242271521076384,1.3255165737828238,4.958457562902068,2.282214545701098,0.9135715486987248,0.9085653360326448,4.087343503834067,53.18091885436226,0.5988232748695246,52.29619089726881,54.6318720833879,540.0,0.0,540.0,540.0,0.375,0.0,0.375,0.375,0.3277777777777778,0.0,0.3277777777777778,0.3277777777777778,0.1925925925925926,0.0,0.1925925925925926,0.1925925925925926,70.2,0.0,70.2,70.2,94.9,0.0,94.9,94.9,0.0,0.0,0,0,8.35,18.82193545407295,0.0,76.0,1.225,0.0,1.225,1.225,30.39000533458091,2.4894385672964225,24.68779283451028,35.365775767162155,67.80098706243484,1.802323786347912,63.35602154383757,69.62678181782319,0.0166666666666666,0.1290994448735805,0.0,1.0,0.0,0.0,0.0,0.0,0.0,0.0,0.0,0.0,0.0,0.0,0.0,0.0,0.0166666666666666,0.1290994448735805,0.0,1.0,60.4,1.398425264481077,56.6,63.4,user_001,60
2024-01-01 23:00:00,0.0,0.0,0,0,4504.0,0.0,4504,4504,4.1499,0.219158459814981,3.658,4.642,51.36165896497669,2.095806721307552,45.54081710876832,55.36560225033762,55.29683864874458,4.764261461267025,42.77541659629417,64.49198045346004,97.50933333333332,0.3137410497969365,96.84,98.18,33.5238,0.278291080388374,32.926,34.12,1.0,0.0,1,1,46.5648347526026,5.697437420490734,34.910086554137045,58.373491469486304,51.31666666666667,4.890293626298162,40,61,55.77833333333333,9.921302054835186,36.4,77.1,46.11666666666667,13.295368974127497,19.2,88.1,97.495,0.8322778626624456,95.7,99.1,33.5265,0.4559617327089151,32.62,34.69,4.153666666666667,0.6972584732587145,2.92,5.76,51.36408385345936,1.582106405786183,48.18930522203746,53.684517290177,51.3272578353454,0.3141783728110052,50.24354623445156,51.82872257634492,-0.0224961491550127,1.813198503490804,-2.7704085543841543,4.8197276304105685,50.25684836141202,0.0,50.25684836141202,50.25684836141202,3.5384158754253443,0.7005013094584474,1.6873366383629056,4.764974438547323,3.1331211142403443,1.0738690129011177,1.3247549052640717,6.4458760119254555,55.36533789342917,1.3745969353167902,53.11306504160301,57.759005829163605,540.0,0.0,540.0,540.0,0.375,0.0,0.375,0.375,0.3277777777777778,0.0,0.3277777777777778,0.3277777777777778,0.1925925925925926,0.0,0.1925925925925926,0.1925925925925926,70.2,0.0,70.2,70.2,94.9,0.0,94.9,94.9,0.0,0.0,0,0,0.0,0.0,0.0,0.0,1.225,0.0,1.225,1.225,29.42391488566096,4.297657113997302,22.022997373942538,38.2493822405781,69.62844988193572,2.1470949593067488,65.66493013241298,73.40260848231466,0.0,0.0,0.0,0.0,0.0666666666666666,0.2515488742932317,0.0,1.0,0.0,0.0,0.0,0.0,0.0,0.0,0.0,0.0,0.0666666666666666,0.2515488742932317,0.0,1.0,61.16833333333333,2.0509189066323215,55.9,65.0,user_001,60
2024-01-02 00:00:00,0.0,0.0,0,0,4504.0,0.0,4504,4504,4.0450333333333335,0.3522503908487646,3.464,5.026000000000001,50.80858422314259,2.550898617421974,44.705449799383906,56.744489429758005,56.340418245581034,3.948522574751269,47.41084006408189,65.33110027820074,97.41166666666666,0.3779748295209825,96.64,98.32,33.4319,0.2130273874331894,33.104,33.962,1.0,0.0,1,1,43.83296997996517,5.206450010179573,28.732431826229774,55.64415402041067,50.86666666666667,5.2090750884236785,41,63,56.14,9.341237169904575,34.5,73.6,44.151666666666664,11.038630037615382,18.5,66.3,97.405,0.6306910388143141,96.0,98.8,33.422,0.5101937152872861,32.26,34.88,4.0405,0.6264520082528812,2.65,5.6,50.70014088853859,1.8282533692678824,47.16027726483336,55.80402692473681,50.62465249236686,0.5721810535660681,49.30371364893129,51.515934518187265,0.0290412217620361,1.8381607490582383,-4.566012948250361,4.673266696387564,50.25684836141202,0.0,50.25684836141202,50.25684836141202,3.2461758306658504,1.146729576093401,1.4641271407589238,6.24439319826162,3.014532078397296,1.3251072748293238,1.1655917489028098,6.640681095077259,55.72513059365064,0.9326877839779436,53.912292683115,57.171342043858616,540.0,0.0,540.0,540.0,0.375,0.0,0.375,0.375,0.3092592592592592,0.0,0.3092592592592592,0.3092592592592592,0.187037037037037,0.0,0.187037037037037,0.187037037037037,69.7,0.0,69.7,69.7,94.9,0.0,94.9,94.9,0.0,0.0,0,0,0.0,0.0,0.0,0.0,1.225,0.0,1.225,1.225,26.873448700177292,3.85046486885648,19.29123548745159,34.85937036284629,71.14224554906096,1.2166679996584966,68.09128470784668,72.98286922929836,0.0333333333333333,0.1810203347193925,0.0,1.0,0.0166666666666666,0.1290994448735805,0.0,1.0,0.0,0.0,0.0,0.0,0.0,0.0,0.0,0.0,0.05,0.2197841776510828,0.0,1.0,61.266666666666666,1.6966234330122647,57.6,65.1,user_001,60
2024-01-02 01:00:00,0.0,0.0,0,0,4504.0,0.0,4504,4504,4.049433333333334,0.2806977001509926,3.4120000000000004,4.596,50.203771781239986,2.2142485518350448,44.46929572956028,55.14721479815419,55.5493064318216,4.4254675809387205,45.20225550914367,63.52430597054047,97.42666666666668,0.4266013368063567,96.32,98.34,33.478899999999996,0.1983858336249106,33.089999999999996,33.912,1.0,0.0,1,1,45.28140951668546,4.866897720606555,36.237596031837775,56.45597550896792,50.083333333333336,4.886132804714863,40,59,55.14666666666667,10.764260807619966,38.5,78.6,45.525,11.449826066327494,17.4,67.4,97.42833333333331,0.800019420668229,95.7,99.1,33.47983333333333,0.4940270069700835,32.09,34.81,4.046333333333333,0.7180906100860709,2.57,5.95,50.354739739687126,1.7877350683668884,46.825178324476816,55.66935128315788,50.58295292599021,0.6383813626753728,49.44579927757101,51.6163210243111,-0.0602192239533255,1.8080519929178795,-3.07626812821276,4.2290453934310435,50.25684836141202,0.0,50.25684836141202,50.25684836141202,3.7442329110462818,1.1237396691208683,1.048034187484066,5.910538197227674,3.1598041144776925,1.1317280059449422,0.6307092356538369,5.538539285663358,56.43624816507674,0.7648579406668907,54.62874292951774,57.46590569788168,540.0,0.0,540.0,540.0,0.375,0.0,0.375,0.375,0.3092592592592592,0.0,0.3092592592592592,0.3092592592592592,0.187037037037037,0.0,0.187037037037037,0.187037037037037,69.7,0.0,69.7,69.7,94.9,0.0,94.9,94.9,0.0,0.0,0,0,0.0,0.0,0.0,0.0,1.225,0.0,1.225,1.225,27.187646319082372,4.385002056606583,18.93318833479403,35.505634429071364,70.99866627732645,1.7030001100193812,67.42434044864116,73.89329698311363,0.0,0.0,0.0,0.0,0.0666666666666666,0.2515488742932317,0.0,1.0,0.0,0.0,0.0,0.0,0.0,0.0,0.0,0.0,0.0666666666666666,0.2515488742932317,0.0,1.0,60.708333333333336,1.5759088490661486,57.1,64.3,user_001,60
2024-01-02 02:00:00,0.0,0.0,0,0,4504.0,0.0,4504,4504,4.164266666666666,0.362473511208314,3.4620000000000006,5.022,50.85573532569223,1.950530425824121,46.125737313939545,56.422842279306394,55.26084069249701,5.005158665651877,42.468170339429115,67.10797144803814,97.47,0.3801783702689254,96.58,98.22,33.375,0.1845751879316426,33.056,33.938,1.0,0.0,1,1,43.947254181203625,6.665144752677018,26.27129622749448,56.52487800398575,50.93333333333333,5.21037643542864,40,67,55.75333333333333,10.72654661388683,30.5,81.1,43.458333333333336,14.725295791874338,4.6,72.6,97.475,0.8363814311096879,95.9,99.5,33.3835,0.5252241652178751,32.15,34.7,4.175166666666667,0.7282286185697144,2.71,5.86,50.7953352548466,1.2036544902079025,48.09019894627467,53.901777088725055,50.38975163966629,0.3866889783049586,49.5129478270686,51.193539217281135,0.0387990038205496,1.9632341400152735,-3.722331453916965,5.288578860346796,50.25684836141202,0.0,50.25684836141202,50.25684836141202,3.745186495107208,0.8325733591999128,1.7953094648265655,5.332992277693635,3.2282363387133155,1.410925586575286,1.0942080457261711,6.604831416025588,54.72561327334306,1.729413323930862,51.97815548021127,57.06979457940292,540.0,0.0,540.0,540.0,0.375,0.0,0.375,0.375,0.3092592592592592,0.0,0.3092592592592592,0.3092592592592592,0.187037037037037,0.0,0.187037037037037,0.187037037037037,69.7,0.0,69.7,69.7,94.9,0.0,94.9,94.9,0.0,0.0,0,0,0.0,0.0,0.0,0.0,1.225,0.0,1.225,1.225,28.826241800418423,4.694143807464273,17.262994526785224,40.07414837804027,69.63387782834315,2.709712827901941,65.80597613468287,74.95990601592753,0.0333333333333333,0.1810203347193925,0.0,1.0,0.0166666666666666,0.1290994448735805,0.0,1.0,0.0,0.0,0.0,0.0,0.0,0.0,0.0,0.0,0.05,0.2197841776510827,0.0,1.0,60.815000000000005,2.297959669808805,56.3,65.6,user_001,60
2024-01-02 03:00:00,0.0,0.0,0,0,4504.0,0.0,4504,4504,4.320133333333334,0.2613230656347967,3.756,4.918,54.94297384015998,1.956220289613522,51.38634262315495,60.35502868218299,53.10517830662652,4.46952878463627,45.07081355536667,61.687421430714586,97.39966666666666,0.3376587720283332,96.6,98.28,33.43686666666667,0.2120090713334773,33.007999999999996,33.95,1.0,0.0,1,1,47.02492308612887,5.2492721358854775,35.62828414965066,57.6096556284751,55.03333333333333,4.701123798811452,43,67,52.681666666666665,9.827313919380847,23.0,77.2,47.425,12.871103162129092,18.4,85.3,97.395,0.7898562409425733,95.4,99.2,33.43533333333333,0.4805945000167276,32.54,35.2,4.312666666666667,0.6681263116818422,3.2,5.65,54.80626017008861,1.381529362184589,52.55634537276668,58.37744834052078,54.2880859223764,1.1908055654486265,51.34013725596521,55.55505898949746,0.0451797465866763,1.746796984348857,-4.289756967366223,3.571956552082064,50.25684836141202,0.0,50.25684836141202,50.25684836141202,3.458468211253854,1.1128823046179668,1.6011227590251331,6.623621696345953,3.063926674863175,1.3071233897316616,1.2617855340928832,6.976980837862123,53.76577415737718,1.84646482613913,50.977447295919006,56.11322409238672,540.0,0.0,540.0,540.0,0.375,0.0,0.375,0.375,0.3092592592592592,0.0,0.3092592592592592,0.3092592592592592,0.187037037037037,0.0,0.187037037037037,0.187037037037037,69.7,0.0,69.7,69.7,94.9,0.0,94.9,94.9,0.0,0.0,0,0,0.0,0.0,0.0,0.0,1.225,0.0,1.225,1.225,35.3006283768808,4.836369832880176,28.742276404168543,44.54898104878181,65.64143730565799,2.9256546395750407,59.47567136864261,69.93034251020003,0.0166666666666666,0.1290994448735805,0.0,1.0,0.0,0.0,0.0,0.0,0.0,0.0,0.0,0.0,0.0,0.0,0.0,0.0,0.0166666666666666,0.1290994448735805,0.0,1.0,61.63166666666667,1.685279403145565,58.2,65.7,user_001,60
2024-01-02 04:00:00,0.0,0.0,0,0,4504.0,0.0,4504,4504,4.602133333333333,0.1837905464700279,4.138,5.0280000000000005,57.53628168860711,1.630450001269497,53.37984837680201,61.36516414847328,50.353922540955686,3.690998066860084,41.99052620879539,56.82641264558984,97.55733333333332,0.4121784485466526,96.84,98.6,33.5702,0.1791095489036608,33.124,34.066,1.0,0.0,1,1,48.67217468199352,5.079375438563379,38.823799571823194,60.624482070533865,57.65,4.3795557394073965,46,67,50.285,10.022142011988985,27.4,69.5,48.751666666666665,13.657772253843346,22.5,78.4,97.55833333333334,0.7985774782076962,95.7,99.4,33.5735,0.4570347500047054,32.68,34.74,4.595833333333333,0.567696181775305,3.26,5.96,57.545067953701256,1.0935767587861356,55.39290006254352,59.82562044159827,56.89658976435108,1.1985843681540027,54.783000951897975,58.182232079502654,0.0568591556964454,1.6560700059390578,-4.007582824590827,3.5461181361346235,50.25684836141202,0.0,50.25684836141202,50.25684836141202,3.4679687207619097,1.4294058075564908,1.212177715092359,6.248288806596855,2.737683710041686,1.1996662323596072,1.0409618015243265,6.076450539919552,50.81254708990454,0.5955495271964281,49.72542525809233,52.031793438755635,540.0,0.0,540.0,540.0,0.375,0.0,0.375,0.375,0.3092592592592592,0.0,0.3092592592592592,0.3092592592592592,0.187037037037037,0.0,0.187037037037037,0.187037037037037,69.7,0.0,69.7,69.7,94.9,0.0,94.9,94.9,0.0,0.0,0,0,0.0,0.0,0.0,0.0,1.225,0.0,1.225,1.225,41.73725450210588,2.436367379061231,37.23579933534239,46.83559597258744,61.200984994097176,1.4359836850117016,58.50450692906967,65.69438163147983,0.0,0.0,0.0,0.0,0.0333333333333333,0.1810203347193925,0.0,1.0,0.0,0.0,0.0,0.0,0.0,0.0,0.0,0.0,0.0333333333333333,0.1810203347193925,0.0,1.0,61.69666666666667,1.4920088456440963,58.1,64.3,user_001,60
2024-01-02 05:00:00,0.0,0.0,0,0,4504.0,0.0,4504,4504,4.853899999999999,0.3809028391615844,3.982,5.6240000000000006,60.44689106586703,2.323518147471584,56.18870126348105,66.56346859743937,52.093979750293855,4.45112641040967,41.456503695354655,61.5628016894436,97.42633333333332,0.4778552602174715,96.3,98.74,33.50723333333333,0.2593629984630643,32.894,33.980000000000004,1.0,0.0,1,1,48.56599549471523,5.685039396255296,35.38454753725411,61.758408598337354,60.5,4.91107361661344,47,71,52.3,11.087112689812898,26.1,80.0,48.288333333333334,13.791831181704364,11.5,76.3,97.415,0.8884999737703029,95.7,99.8,33.501333333333335,0.6098498472232271,32.0,35.06,4.850833333333333,0.6647933071586523,3.53,6.24,60.32284185289094,1.9450930545761385,56.57462225001935,65.25495485588726,59.95134591661898,1.2095864121918316,57.39106796586018,61.71408166999352,0.0265544670664894,1.7670347588826918,-5.508426372166355,4.122042530702252,50.25684836141202,0.0,50.25684836141202,50.25684836141202,3.9376299350900648,1.224029221645554,1.0655966176993317,6.107359717826817,3.4674639445546713,1.2584952136668237,0.9481615657920766,6.332693602977052,51.26140217514675,0.9477491280597788,49.82672118631374,53.28194462683635,540.0,0.0,540.0,540.0,0.375,0.0,0.375,0.375,0.3092592592592592,0.0,0.3092592592592592,0.3092592592592592,0.187037037037037,0.0,0.187037037037037,0.187037037037037,69.7,0.0,69.7,69.7,94.9,0.0,94.9,94.9,0.0,0.0,0,0,0.0,0.0,0.0,0.0,1.225,0.0,1.225,1.225,43.18743332605269,4.8285714412378065,32.92692750154055,54.41639608906237,60.22202794996352,2.3001285355715715,55.99657882229498,64.34131827052848,0.0,0.0,0.0,0.0,0.0166666666666666,0.1290994448735805,0.0,1.0,0.0,0.0,0.0,0.0,0.0,0.0,0.0,0.0,0.0166666666666666,0.1290994448735805,0.0,1.0,63.34666666666667,1.7157759194165547,58.0,67.5,user_001,60
2024-01-02 06:00:00,0.0,0.0,0,0,4504.0,0.0,4504,4504,5.0905000000000005,0.3220356070427453,4.2379999999999995,5.668,63.923479989896414,2.120215092964309,58.51729363912195,67.55211510007852,50.97918412329669,3.958025045775713,41.71326568213496,59.95558739726107,97.51866666666666,0.3377265299610717,96.76,98.24,33.459266666666664,0.177296827303117,32.962,33.962,1.0,0.0,1,1,50.05816355548278,5.324775470019432,39.77514649346387,63.83981244073447,64.08333333333333,4.662477942572139,54,74,50.855,9.39712226054663,25.1,71.0,50.445,12.67838712139679,23.1,83.2,97.54,0.8271248957807651,95.4,99.1,33.45883333333333,0.449425590706538,32.41,34.73,5.086666666666667,0.6290473471621602,3.31,6.47,63.74047014001846,1.67686330748546,60.563514658721225,66.26579057243104,62.5821428837075,1.671225037191803,59.58637185570276,64.71527127232933,0.0799266717184587,1.7014838092607911,-3.3410540889005205,4.301525713958803,50.25684836141202,0.0,50.25684836141202,50.25684836141202,3.289613298809961,1.0342471442062775,1.652457992192778,6.279281655910321,3.078980953811744,1.206567165276138,0.943011641581736,5.507161185193045,51.90917671018861,0.9780911435377456,50.36690003365811,53.58298974238142,540.0,0.0,540.0,540.0,0.375,0.0,0.375,0.375,0.3092592592592592,0.0,0.3092592592592592,0.3092592592592592,0.187037037037037,0.0,0.187037037037037,0.187037037037037,69.7,0.0,69.7,69.7,94.9,0.0,94.9,94.9,0.0,0.0,0,0,0.0,0.0,0.0,0.0,1.225,0.0,1.225,1.225,47.95863623234897,4.258792149132054,38.527422201801905,57.2118481244489,57.97757150428087,2.09827924297542,55.15746286171643,63.510532566024786,0.0166666666666666,0.1290994448735805,0.0,1.0,0.0333333333333333,0.1810203347193925,0.0,1.0,0.0,0.0,0.0,0.0,0.0,0.0,0.0,0.0,0.05,0.2197841776510827,0.0,1.0,64.055,1.193119398176512,60.9,66.4,user_001,60
2024-01-02 07:00:00,4.583333333333333,2.0277036077553237,1,10,4653.216666666666,80.54035553718737,4513,4779,5.718066666666667,0.2795279232688671,5.236,6.442,68.26863115471156,1.94203939494857,64.47875245701279,73.1048155428186,50.48863591545543,3.39065924238388,44.62195415415021,57.158974528580906,97.54066666666668,0.3945556035513687,96.86,98.52,33.37786666666667,0.2474800088941728,32.972,33.831999999999994,0.0,0.0,0,0,49.94040883015525,4.872781096840667,38.37332000400588,58.90655963923931,68.28333333333333,4.744637174843191,59,80,50.541666666666664,8.596930703112845,34.1,69.5,49.623333333333335,12.299819023977504,23.8,75.6,97.53,0.8653988989115291,95.4,99.4,33.380833333333335,0.5103049658704988,32.51,34.92,5.727333333333333,0.6327525734511394,4.32,6.98,68.2595563372184,1.1574015379706677,66.24171572516475,71.08561510938787,67.44095129725468,1.2328583124200962,64.73240307044178,68.76279048508592,0.0073510893108879,1.770332240690472,-4.385898598936095,3.671388342886047,50.25684836141202,0.0,50.25684836141202,50.25684836141202,3.1552512258372207,0.7095558615506812,1.4416438632667663,4.622457109140032,2.640520721636526,0.7796430270298693,0.6931620731692238,4.535153771834133,50.60951883465319,0.4411435212392841,49.91815034589043,51.27506778118343,540.0,0.0,540.0,540.0,0.375,0.0,0.375,0.375,0.3092592592592592,0.0,0.3092592592592592,0.3092592592592592,0.187037037037037,0.0,0.187037037037037,0.187037037037037,69.7,0.0,69.7,69.7,94.9,0.0,94.9,94.9,0.8166666666666667,0.5672313570575753,0,2,62.15,16.87021746416256,9.0,81.0,2.3275,0.9488809198208172,1.225,4.9,53.6987707741025,3.2814283925075927,46.7727599962883,62.42059709441297,54.06198067361683,0.7799664107117804,52.63365868089582,55.32578054990106,0.0333333333333333,0.1810203347193925,0.0,1.0,0.0,0.0,0.0,0.0,0.0,0.0,0.0,0.0,0.0,0.0,0.0,0.0,0.0333333333333333,0.1810203347193925,0.0,1.0,62.30333333333333,1.7519932151662825,57.6,65.8,user_001,60
2024-01-02 08:00:00,4.833333333333333,1.9672459168022545,1,12,4924.4,81.59598694020356,4784,5069,6.0376666666666665,0.2531818309990327,5.624,6.632,72.23004957652947,2.1888935176495528,64.88805901325627,76.03118376031146,47.91637102417417,4.329442718878292,37.76461111247904,57.51289856844513,97.67266666666666,0.2854664138674291,97.0,98.4,33.35133333333333,0.1756130826625967,33.016000000000005,33.67,0.0,0.0,0,0,50.71781524155612,5.352318025974962,39.99509182858576,61.81006856604455,72.45,5.738437158055246,57,88,48.055,10.582723769090892,22.6,77.8,50.69666666666667,13.289845322672676,22.9,82.1,97.67166666666668,0.8207255299308199,95.6,99.5,33.3515,0.5402473538943349,32.13,34.44,6.057666666666666,0.6207195569349996,4.51,7.82,71.99988075809647,1.8617649106105576,65.9172556474634,74.71429448960876,71.1854938244437,1.6085774241262456,68.42448823645931,72.90191461605727,0.1099752117352665,2.208934709695815,-5.749364513020666,6.364243440067426,50.25684836141202,0.0,50.25684836141202,50.25684836141202,3.708411101768791,1.2431527368585336,1.7247468142305036,6.893327685215369,3.211373459120004,1.4244108655546304,1.0344958024122113,6.835528278325256,48.43491693779664,0.7937788765697426,47.06556756004139,50.20123364938573,540.0,0.0,540.0,540.0,0.375,0.0,0.375,0.375,0.3092592592592592,0.0,0.3092592592592592,0.3092592592592592,0.187037037037037,0.0,0.187037037037037,0.187037037037037,69.7,0.0,69.7,69.7,94.9,0.0,94.9,94.9,0.8333333333333334,0.5261522196019802,0,2,69.95,6.887534797968018,59.0,83.0,2.3275,0.8647364152136824,1.225,4.9,61.12758468180394,3.808468466352831,52.016813218089894,68.79235649728493,48.97081682518226,1.8178906510748016,45.77668648947257,53.0455443034108,0.0,0.0,0.0,0.0,0.0333333333333333,0.1810203347193925,0.0,1.0,0.0,0.0,0.0,0.0,0.0,0.0,0.0,0.0,0.0333333333333333,0.1810203347193925,0.0,1.0,58.44833333333334,1.9482709993749991,54.5,64.9,user_001,60
2024-01-02 09:00:00,4.95,2.625978429436237,0,11,5221.333333333333,87.97566432897445,5074,5366,6.2767333333333335,0.3150649040837632,5.446,6.894,74.82600537241642,2.617177606898049,69.39054285163678,81.32410276075888,46.54076281147788,3.4825808676172207,39.85499146541684,54.70944888267618,97.43633333333334,0.2023419380331418,96.92,97.9,33.41036666666667,0.1984128521215458,32.896,33.791999999999994,0.0,0.0,0,0,53.10516897456727,5.013247921424536,40.65777598672269,62.8712288306298,74.83333333333333,5.136003414469883,60,89,46.36333333333334,10.029278607084914,23.8,68.4,53.14333333333333,13.004814840648368,16.1,89.9,97.44333333333334,0.611850947470789,95.9,98.6,33.411833333333334,0.5311627528888836,32.33,34.38,6.256833333333334,0.6373421816396393,4.99,7.52,74.73817250308163,2.0925650666533024,71.80132169727439,78.60142845377823,74.09164025276804,0.7347450351895168,72.5690004243161,75.10868169081371,0.0036639804584588,1.8053391459626105,-4.69527142581839,4.13543492185849,50.25684836141202,0.0,50.25684836141202,50.25684836141202,3.545073398452202,1.013265316509356,1.491950067281356,5.958024430279463,2.9721763848107523,1.058854819963455,1.0694388128510062,5.460343240569201,46.49131910178774,0.7342131503886588,45.33703604416401,48.00351171814588,540.0,0.0,540.0,540.0,0.375,0.0,0.375,0.375,0.3092592592592592,0.0,0.3092592592592592,0.3092592592592592,0.187037037037037,0.0,0.187037037037037,0.187037037037037,69.7,0.0,69.7,69.7,94.9,0.0,94.9,94.9,0.9,0.681473975776784,0,2,75.5,8.636736671856049,59.0,91.0,2.5520833333333335,1.2413283247743143,1.225,4.9,65.52438288421185,3.448235324447034,58.81695590919561,71.69956380122291,45.89093174629632,1.4665985601980611,43.25318894563233,49.364810758717546,0.0166666666666666,0.1290994448735805,0.0,1.0,0.0,0.0,0.0,0.0,0.0,0.0,0.0,0.0,0.0,0.0,0.0,0.0,0.0166666666666666,0.1290994448735805,0.0,1.0,55.77,1.99178822643951,52.3,61.6,user_001,60
2024-01-02 10:00:00,4.516666666666667,2.174518584295459,0,11,5506.516666666666,76.542331628149,5370,5637,6.3793,0.2689975930835548,5.617999999999999,6.93,76.92089533479248,2.2050600859688316,72.37849447765849,81.47106535676384,47.72011553186045,3.733031530317427,38.51785311082367,55.193468097103874,97.49766666666666,0.3069829491575066,96.8,98.16,33.5093,0.1806511105108787,33.032,33.839999999999996,0.0,0.0,0,0,53.46001891395181,4.660067102063578,44.47916348002567,65.44953007446426,77.05,4.366377702087639,65,85,47.71,8.231228258532733,26.7,66.7,53.455000000000005,11.16048454388237,29.2,87.6,97.48166666666664,0.9001867351789231,95.5,99.4,33.51116666666667,0.5055659412024867,32.42,34.66,6.3755,0.6306155857169664,4.32,7.62,76.89865311218182,1.7096521364363444,73.20459835749617,80.16885994598428,76.63400963006681,0.8658776185044722,74.68180669222438,77.63439778064081,0.0645523326037618,1.563971502247154,-4.085451276462706,3.5175772104610132,50.25684836141202,0.0,50.25684836141202,50.25684836141202,2.9842953603026467,1.090177695821687,1.4031101168908886,5.963327938653283,2.8771002403211257,1.233457169842494,0.9843868219680352,5.763695409666567,47.48927041359061,0.8536643203533124,45.93279053359922,48.99149581593879,540.0,0.0,540.0,540.0,0.375,0.0,0.375,0.375,0.3092592592592592,0.0,0.3092592592592592,0.3092592592592592,0.187037037037037,0.0,0.187037037037037,0.187037037037037,69.7,0.0,69.7,69.7,94.9,0.0,94.9,94.9,0.7,0.5908913118102866,0,2,67.11666666666666,6.717272617099097,56.0,81.0,2.164166666666667,0.9399036042652112,1.225,4.9,66.84055098519671,4.0025339779997955,58.73411979418647,72.87654997606036,45.136211227098315,1.4158815150223114,42.258023902131455,48.28646048632764,0.0,0.0,0.0,0.0,0.0166666666666666,0.1290994448735805,0.0,1.0,0.0,0.0,0.0,0.0,0.0,0.0,0.0,0.0,0.0166666666666666,0.1290994448735805,0.0,1.0,54.67833333333333,1.933828350809728,51.6,58.5,user_001,60
2024-01-02 11:00:00,4.933333333333334,2.2236530233742813,1,11,5791.333333333333,84.73661419546283,5647,5933,6.5357,0.1931616781307956,6.034,6.994,78.68623179179617,1.818283276401777,73.11690223032672,81.76906419960659,46.62249888587882,4.781891124939316,34.64840189827411,57.24433477988273,97.48766666666668,0.393111734953552,96.52,98.24,33.590833333333336,0.2060065135276525,33.138,34.059999999999995,0.0,0.0,0,0,53.886754262520974,6.65716797788398,41.62375003418665,68.61284631452715,78.8,4.696915684696986,66,91,46.53666666666666,10.39434276815619,20.2,74.1,53.92666666666666,13.355172509869035,27.1,86.1,97.495,0.762339174481509,95.5,99.1,33.57966666666667,0.5164315849373512,32.26,34.79,6.550166666666667,0.5982672484475241,5.13,7.63,78.59576968419574,1.2406495758268132,76.1138864216578,81.29696924967158,78.34823084244273,0.8336920899874277,76.97178659682841,79.37240418353333,0.0568841041019136,1.7672073103197892,-3.5584511151633507,5.418466171038503,50.25684836141202,0.0,50.25684836141202,50.25684836141202,3.4407955164622956,1.4560766670887957,1.4915784112698791,7.196677164310159,2.8887518972221033,1.5616461753994235,1.0315724254561758,7.597590471812677,47.36053189840483,1.1706066384634983,45.75342270838042,49.74218394428702,540.0,0.0,540.0,540.0,0.375,0.0,0.375,0.375,0.3092592592592592,0.0,0.3092592592592592,0.3092592592592592,0.187037037037037,0.0,0.187037037037037,0.187037037037037,69.7,0.0,69.7,69.7,94.9,0.0,94.9,94.9,0.8333333333333334,0.6152487898779874,0,2,74.26666666666667,6.117124245881233,59.0,85.0,2.3887500000000004,1.0680493168484029,1.225,4.9,69.83066576998765,4.741916351253585,60.5459933792309,80.32166741606827,43.39558493090617,1.8365237479610987,39.93177859836648,46.24931787305334,0.0166666666666666,0.1290994448735805,0.0,1.0,0.0666666666666666,0.2515488742932317,0.0,1.0,0.0,0.0,0.0,0.0,0.0,0.0,0.0,0.0,0.0833333333333333,0.2787178067853021,0.0,1.0,52.92833333333333,1.988704685890696,48.9,59.7,user_001,60
2024-01-02 12:00:00,4.616666666666666,2.4292822868860946,0,13,6077.0,77.19379091567016,5935,6210,6.5482,0.2267960182593713,6.022,7.034000000000001,79.68082532489834,1.6459471713378089,76.66612478146713,83.50194255194712,46.45017232662435,4.369492370065358,37.010922376455376,57.12214770529536,97.57,0.3284581339573035,96.94,98.24,33.59803333333333,0.197275164162849,33.22,34.038,0.0,0.0,0,0,52.31863492307425,6.107880676616759,37.11537946435623,66.90319262793666,79.7,5.139742128992695,68,90,46.586666666666666,10.873595240136895,22.4,69.9,52.37166666666667,13.859832117586546,20.2,84.9,97.57666666666668,0.746827565392026,95.6,99.3,33.597500000000004,0.4457164295751497,32.7,34.49,6.5521666666666665,0.6328254951759076,5.35,7.81,79.62692679441939,0.8037512758952872,77.70690411111958,80.98358071637823,79.28410026062323,0.4033455422426614,78.53540858686253,79.79915471102018,0.0095873375508278,1.986073487232731,-4.575038794449597,3.987326970407665,50.25684836141202,0.0,50.25684836141202,50.25684836141202,3.812285642652264,1.078276301096759,1.2766068197655998,5.9052834351809995,3.3051446951116854,1.2840182600011063,0.802066735827859,6.25852614646466,46.61255987411969,1.1105096153078056,44.55374280703383,48.511120765763046,540.0,0.0,540.0,540.0,0.375,0.0,0.375,0.375,0.3092592592592592,0.0,0.3092592592592592,0.3092592592592592,0.187037037037037,0.0,0.187037037037037,0.187037037037037,69.7,0.0,69.7,69.7,94.9,0.0,94.9,94.9,0.7666666666666667,0.721736762817483,0,3,68.66666666666667,8.10454291241703,54.0,85.0,2.3683333333333336,1.3878854378876395,1.225,8.575,71.31813096226145,3.7301458937208016,64.23439412295343,78.1243580392622,42.336963737010954,1.660751069531374,40.105393409975605,45.48520722117757,0.0166666666666666,0.1290994448735805,0.0,1.0,0.05,0.2197841776510827,0.0,1.0,0.0,0.0,0.0,0.0,0.0,0.0,0.0,0.0,0.0666666666666666,0.3117292755628477,0.0,2.0,52.165,1.9948939056790105,47.5,56.8,user_001,60
2024-01-02 13:00:00,4.6,1.870375653377086,1,9,6352.65,84.50831370194166,6214,6486,6.554233333333333,0.2510485378598766,6.086,7.023999999999999,78.68000895378484,1.6683348267824745,74.56422480665563,83.07925160803403,47.6887558005156,3.1978257199949796,40.9582605142912,54.837709905755,97.448,0.4408958522626006,96.36,98.24,33.4655,0.1993836689842643,32.989999999999995,33.836,0.0,0.0,0,0,51.11868601311189,4.610314150910354,38.91775871414799,59.757372252131205,78.61666666666666,5.025668575698994,66,89,47.568333333333335,7.537780360846393,31.1,61.4,51.365,11.35896308528562,26.9,79.4,97.43333333333334,0.8448581601277596,95.5,99.3,33.47816666666667,0.4964022824168924,32.1,34.42,6.546,0.6381201204597714,5.14,8.29,78.76831528227419,1.0174168788441669,76.94976374836592,81.01748921961178,79.12558597844023,0.4822620230565621,78.28354455507996,79.98903880597793,-0.0316711435590877,1.942934776131533,-4.282112403327815,2.9603741959829932,50.25684836141202,0.0,50.25684836141202,50.25684836141202,2.778297220781215,0.6419512548157902,1.3220305360801414,4.144409286256377,2.311649188672492,0.843984606678045,0.8792991174610899,4.672006384961515,46.96178231489668,0.6438628010121091,45.823627677096205,48.18410140519891,540.0,0.0,540.0,540.0,0.375,0.0,0.375,0.375,0.3092592592592592,0.0,0.3092592592592592,0.3092592592592592,0.187037037037037,0.0,0.187037037037037,0.187037037037037,69.7,0.0,69.7,69.7,94.9,0.0,94.9,94.9,0.7333333333333333,0.5783280010825674,0,2,71.48333333333333,5.097329532371042,63.0,85.0,2.205,0.9244421130276266,1.225,4.9,68.94810185955961,3.207951053949494,62.293655088792526,76.8139730143711,43.17451284253561,1.2268959780083295,39.98664857043703,45.350056306580385,0.0,0.0,0.0,0.0,0.0,0.0,0.0,0.0,0.0,0.0,0.0,0.0,0.0,0.0,0.0,0.0,0.0,0.0,0.0,0.0,53.17833333333333,1.557931230033638,49.1,56.2,user_001,60
2024-01-02 14:00:00,4.85,2.3056672992683165,0,11,6635.683333333333,83.86823637972913,6493,6777,6.585933333333333,0.2854237329736839,6.0840000000000005,7.197999999999999,78.75527161194626,2.0922670688073977,75.16071017482349,84.75307196782737,47.000760137590504,3.704084041201004,39.71183752559018,53.45225522238841,97.62733333333334,0.3850769972165431,96.72,98.2,33.4633,0.2624481417702271,32.962,34.001999999999995,0.0,0.0,0,0,54.80527638695989,6.023404784715603,43.19908064333458,68.90594958481425,78.68333333333334,4.644996092631832,69,93,47.24166666666667,10.102916035946183,25.8,65.4,54.25333333333333,14.759834029045573,18.3,84.0,97.635,0.7871478227850552,95.2,99.1,33.4675,0.5501606082911199,32.34,34.83,6.585333333333334,0.6565509950030904,5.03,8.8,78.76182054317492,1.4948897671902646,76.12929572921391,82.34789675360882,78.74037158629876,0.7408519030453553,77.74702280520248,79.8219989726997,-0.0359691393064622,1.6877019304611665,-3.4999176917667683,4.1234640160863165,50.25684836141202,0.0,50.25684836141202,50.25684836141202,3.6257250830604297,1.099809795105284,0.7000486549953397,5.614689317807952,2.8912456602377667,1.078077745195977,1.075473738019341,5.560123182718207,46.93674850236759,0.618165914276041,45.80755233586294,48.19699560779984,540.0,0.0,540.0,540.0,0.375,0.0,0.375,0.375,0.3092592592592592,0.0,0.3092592592592592,0.3092592592592592,0.187037037037037,0.0,0.187037037037037,0.187037037037037,69.7,0.0,69.7,69.7,94.9,0.0,94.9,94.9,0.7666666666666667,0.6207340287621397,0,2,70.75,6.258891979700503,60.0,82.0,2.286666666666667,1.0449785768084916,1.225,4.9,69.8613105500842,3.4587668585947453,63.76518084273564,79.36396657938242,43.294841021905626,1.6178059422994715,40.95556618060455,46.82117510942492,0.0166666666666666,0.1290994448735805,0.0,1.0,0.0166666666666666,0.1290994448735805,0.0,1.0,0.0,0.0,0.0,0.0,0.0,0.0,0.0,0.0,0.0333333333333333,0.1810203347193925,0.0,1.0,52.99,1.938696049637837,46.4,56.3,user_001,60
2024-01-02 15:00:00,5.033333333333333,2.5509497511257178,1,12,6929.916666666667,84.73353880766477,6784,7079,6.0766,0.2598581881836744,5.534000000000001,6.6,74.07554841800557,2.131321422421471,69.70868924476196,78.93933511734642,47.91489913379747,3.29292720600653,40.525090367940955,55.83606801261016,97.38266666666668,0.387752614943449,96.46,98.14,33.4382,0.2333649792906451,32.822,33.866,0.0,0.0,0,0,50.091039294031425,4.2356589957353155,42.86126616401943,61.71862355117528,73.95,4.781408203320405,64,83,47.97,8.429393689115587,27.1,64.2,50.145,11.247936533924186,26.5,79.2,97.38166666666666,0.7179282025069073,95.7,99.2,33.42816666666667,0.5127211938264995,32.25,34.74,6.079,0.6664571139584023,4.68,7.53,74.26988395248969,1.7158897775682145,71.10971029100483,78.12648209898035,75.36961122101451,1.5082856657109152,73.59875780508173,78.62472962367794,-0.0627742090027842,1.7590391099049552,-3.9146304220553247,3.76377025174601,50.25684836141202,0.0,50.25684836141202,50.25684836141202,2.945048651172671,0.920353452664326,1.1570761646908383,5.378930839868829,2.4747450378349365,0.9592927935673424,0.5075019886681243,4.463588098380871,47.442757504131045,0.6147241587769711,46.159220435354534,49.0511792982734,540.0,0.0,540.0,540.0,0.375,0.0,0.375,0.375,0.3092592592592592,0.0,0.3092592592592592,0.3092592592592592,0.187037037037037,0.0,0.187037037037037,0.187037037037037,69.7,0.0,69.7,69.7,94.9,0.0,94.9,94.9,0.9,0.6814739757767841,0,2,74.61666666666666,7.989594221186026,53.0,86.0,2.5520833333333335,1.2413283247743143,1.225,4.9,63.589399055429176,3.32038108414633,54.55978826134204,68.6427997817886,46.697404078095126,1.4989517875551956,44.68964594585455,50.53544440661738,0.0166666666666666,0.1290994448735805,0.0,1.0,0.0166666666666666,0.1290994448735805,0.0,1.0,0.0,0.0,0.0,0.0,0.0,0.0,0.0,0.0,0.0333333333333333,0.1810203347193925,0.0,1.0,56.54,1.893539417446528,52.1,61.0,user_001,60
2024-01-02 16:00:00,5.033333333333333,2.262192326990299,0,13,7236.983333333334,88.54042295570503,7083,7381,6.0238,0.2805483009261372,5.424,6.644,72.2459011453154,1.5513774113583028,68.70572207203352,75.66113553863796,48.63025694713213,5.463503571584991,36.86074672974839,60.575888834627,97.42066666666666,0.4303402936765002,96.14,98.24,33.43783333333333,0.2104279067871036,32.97,33.882,0.0,0.0,0,0,52.42951622222878,6.581655447547022,36.87728082141665,64.10020779663057,72.25,4.37103331071611,64,81,48.42333333333333,11.176888482855686,24.7,80.2,52.626666666666665,13.478179058554726,22.4,76.8,97.42833333333331,0.911897196604498,94.9,99.4,33.43683333333333,0.5310223324062028,32.09,34.3,6.0215000000000005,0.6631481798773003,4.56,7.76,72.2187726041027,0.9839286190105696,69.37170753999484,74.02777629130597,72.53311095635283,0.4269970074546242,71.64882017398263,73.49917187005448,0.0020494273423013,1.6678725789241131,-3.2203785128793214,3.9192998304388023,50.25684836141202,0.0,50.25684836141202,50.25684836141202,3.668404030571161,1.6513034237754995,0.6115188297674681,7.257049299166509,3.0608071911099466,1.606170702212821,0.5824311161356881,6.856350483106366,47.94060093746354,1.897716254978115,44.93548728623487,51.79481784103359,540.0,0.0,540.0,540.0,0.375,0.0,0.375,0.375,0.3092592592592592,0.0,0.3092592592592592,0.3092592592592592,0.187037037037037,0.0,0.187037037037037,0.187037037037037,69.7,0.0,69.7,69.7,94.9,0.0,94.9,94.9,0.8833333333333333,0.6402241838994506,0,3,76.56666666666666,6.946201660916874,63.0,89.0,2.4908333333333337,1.2751866485736765,1.225,8.575,60.24463315395968,6.41002234987793,46.32362918994786,71.27700065834253,48.961811407731055,3.5007620714841514,44.11595113493484,56.206092770091246,0.0,0.0,0.0,0.0,0.0333333333333333,0.1810203347193925,0.0,1.0,0.0,0.0,0.0,0.0,0.0,0.0,0.0,0.0,0.0333333333333333,0.1810203347193925,0.0,1.0,58.32,2.8969767994016142,53.0,64.7,user_001,60
2024-01-02 17:00:00,5.05,2.1972633209733683,1,11,7533.583333333333,89.96577346680476,7388,7684,5.587633333333333,0.2296941198650174,5.17,6.2780000000000005,68.97309195584002,1.9853128309855164,65.01370891030514,73.77414540269632,50.77346239736196,3.631661024802041,41.88629897534209,59.85575801835976,97.41833333333334,0.3779030754879866,96.74,98.28,33.539500000000004,0.1597611034310037,33.11,33.843999999999994,0.0,0.0,0,0,50.57927302810568,5.033941246017255,40.64065277441585,65.07044640395914,68.7,5.139742128992696,57,83,51.14333333333333,9.476417950636264,25.9,71.2,50.37166666666666,11.722397679000348,22.6,83.1,97.40666666666668,0.8217110438274648,95.1,99.4,33.53816666666667,0.4159020894664968,32.48,34.39,5.574666666666667,0.6780767084916499,4.21,7.37,69.21528003352805,1.3510829077144677,66.4705589996681,72.55335096713277,69.80546721698853,1.1260877468468573,68.19141260484099,71.6658061573818,-0.1365459779200089,1.939550604979996,-4.0068544551525775,5.800661051312176,50.25684836141202,0.0,50.25684836141202,50.25684836141202,3.1994118250676573,1.0918254288726894,0.8246612338412312,5.575890714746476,2.7173774307763368,1.1426455749452478,0.5744093311033588,5.690822242040946,51.214590021021074,1.0544112128908645,49.48839095063933,53.46822950031495,540.0,0.0,540.0,540.0,0.375,0.0,0.375,0.375,0.3092592592592592,0.0,0.3092592592592592,0.3092592592592592,0.187037037037037,0.0,0.187037037037037,0.187037037037037,69.7,0.0,69.7,69.7,94.9,0.0,94.9,94.9,0.85,0.6057632809459261,0,2,74.83333333333333,9.693902795697374,61.0,96.0,2.4091666666666667,1.0570783074222074,1.225,4.9,54.68172928271208,2.935666695125404,49.770143007075504,60.32740261215473,53.29644836448448,0.7938409887724227,51.88288070341303,55.09965670281551,0.0,0.0,0.0,0.0,0.05,0.2197841776510827,0.0,1.0,0.0,0.0,0.0,0.0,0.0,0.0,0.0,0.0,0.05,0.2197841776510827,0.0,1.0,61.48833333333334,1.7862081480114809,58.5,66.3,user_001,60
2024-01-02 18:00:00,4.5,2.310623952712223,0,10,7820.366666666667,75.64053407717333,7693,7954,5.355433333333334,0.2747298436749268,4.818,5.91,64.86491289539804,2.3235579072840973,60.27346530245484,69.97485182277038,50.330076542629854,4.033638657969812,39.789105808459006,60.83891049532522,97.52400000000002,0.2816127886156153,96.88,98.24,33.4791,0.2016916340710129,33.184000000000005,33.904,0.0,0.0,0,0,50.82553148937093,5.768773692217574,39.29470834079618,66.53250225049699,65.0,5.775459479850053,51,79,50.00833333333333,9.479671231992524,27.1,74.4,51.044999999999995,12.619012088974907,26.6,83.0,97.52,0.7234100040076198,95.5,99.2,33.4835,0.5002501916414305,32.38,34.43,5.380833333333333,0.6450260582481993,4.19,6.79,64.78162442827897,1.602310190410268,62.48265296768566,67.9152044286295,65.6740309057881,1.659355962197051,63.74308627308014,68.36288768538499,0.0675435523009843,2.1339196884662397,-4.636732651227419,5.011475705292078,50.25684836141202,0.0,50.25684836141202,50.25684836141202,3.4351275853752465,0.9774856915257626,1.5281622050959147,5.29236171530531,2.9928950916832378,1.2095122671068286,1.2255624754856496,6.781481513914887,50.44505271513701,1.24077585345039,48.62840212939184,52.052660007928054,540.0,0.0,540.0,540.0,0.375,0.0,0.375,0.375,0.3092592592592592,0.0,0.3092592592592592,0.3092592592592592,0.187037037037037,0.0,0.187037037037037,0.187037037037037,69.7,0.0,69.7,69.7,94.9,0.0,94.9,94.9,0.7166666666666667,0.6402241838994508,0,2,68.03333333333333,8.301453143503567,50.0,87.0,2.225416666666667,1.069635725917096,1.225,4.9,49.90879153455416,3.91267061793871,44.18092992950896,59.201149582987185,55.751993479639545,1.652889756791083,52.27871094811254,58.48380111989217,0.0,0.0,0.0,0.0,0.05,0.2197841776510827,0.0,1.0,0.0,0.0,0.0,0.0,0.0,0.0,0.0,0.0,0.05,0.2197841776510827,0.0,1.0,63.335,1.616632302040263,58.5,67.3,user_001,60
2024-01-02 19:00:00,5.066666666666666,2.192952244811227,1,10,8103.75,88.37010480772666,7959,8258,5.074066666666667,0.2511033190464798,4.476000000000001,5.57,61.346299213806184,2.43182317355912,55.42730503040557,66.77987806546312,50.6631435026384,4.631252712841442,40.7911417627168,59.67938467245358,97.55033333333331,0.3652255707287271,96.66,98.44,33.55843333333333,0.2717808418352903,32.892,33.940000000000005,0.0,0.0,0,0,48.83973543261098,5.636905148841182,37.8346384694737,60.786578846762275,61.1,4.575913357008354,49,69,50.87833333333333,10.644853800282018,30.5,72.0,48.69166666666667,13.938111289829896,22.5,81.3,97.575,0.9703441640006788,95.4,99.6,33.55416666666667,0.537067655576714,31.99,34.88,5.057,0.6493838017951312,3.18,6.72,61.54128084308047,2.361619137279484,57.31451701769472,67.68192839765898,61.86816885907312,1.613869005687878,59.60800106244755,64.43503056201385,-0.1231496069030907,1.68635705350463,-4.350148030245407,3.190898323198141,50.25684836141202,0.0,50.25684836141202,50.25684836141202,3.7749332241471967,1.0980822840800777,1.6540394254635618,5.906385389958109,3.1641204856587835,1.1832910939390275,1.1066688668050773,6.39416312507082,49.83570653665536,1.2107058261910022,48.013046127993974,52.77933965663049,540.0,0.0,540.0,540.0,0.375,0.0,0.375,0.375,0.3092592592592592,0.0,0.3092592592592592,0.3092592592592592,0.187037037037037,0.0,0.187037037037037,0.187037037037037,69.7,0.0,69.7,69.7,94.9,0.0,94.9,94.9,0.9166666666666666,0.618682763281733,0,2,74.51666666666667,4.123071369031135,68.0,84.0,2.5316666666666667,1.1246926761650085,1.225,4.9,46.21997646536987,3.272222247110332,39.96176411318883,52.85569635125741,57.779928708523606,1.711728309863215,54.701482949437555,60.57226021638781,0.0,0.0,0.0,0.0,0.05,0.2197841776510827,0.0,1.0,0.0,0.0,0.0,0.0,0.0,0.0,0.0,0.0,0.05,0.2197841776510827,0.0,1.0,62.95166666666667,2.2554259747736323,58.2,67.1,user_001,60
2024-01-02 20:00:00,4.716666666666667,2.470789804877583,1,11,8402.8,82.27337646272115,8265,8541,4.574,0.2381746973141308,4.11,5.012,56.79469546426385,2.0411388984946797,52.33170136372254,63.18722712267282,52.54701475739614,4.729771939208618,41.32384141475365,62.92231591922109,97.496,0.3616122091834005,96.64,98.26,33.45516666666666,0.1534746892031021,32.994,33.782,0.0,0.0,0,0,47.512601633327435,5.29887015269611,35.12418649148414,60.02295262913916,56.733333333333334,4.5056148272740115,47,66,52.419999999999995,10.819784138953947,28.6,72.5,47.53,12.607292750962614,12.3,72.2,97.48166666666664,0.7621316374277906,95.8,99.3,33.458666666666666,0.4795353212160548,32.58,34.54,4.576833333333334,0.6675238627529603,3.11,5.85,56.91309262032925,1.825065023081863,53.69626910554433,62.85631153604959,58.10818580176667,2.1370617626317494,56.069207805288826,62.40389021881659,-0.0306810654652609,1.6653238443490352,-3.432473850605291,3.237476668678461,50.25684836141202,0.0,50.25684836141202,50.25684836141202,3.7804922750592698,1.0431634310217264,1.3252603026476424,6.551591983224037,3.4818694053468096,1.35347790855481,1.280861541817166,6.47828048684091,52.27546220134155,1.1967519600666106,50.36976867797969,54.29547361638398,540.0,0.0,540.0,540.0,0.375,0.0,0.375,0.375,0.3092592592592592,0.0,0.3092592592592592,0.3092592592592592,0.187037037037037,0.0,0.187037037037037,0.187037037037037,69.7,0.0,69.7,69.7,94.9,0.0,94.9,94.9,0.8,0.6587095756740947,0,2,72.13333333333334,10.57574241760908,50.0,90.0,2.3683333333333336,1.1470842427158543,1.225,4.9,38.407357456631026,4.412261878850697,31.433469157604765,50.4220305360916,62.88023547880541,1.8829889854442503,59.73035186008754,66.5921804239422,0.0666666666666666,0.2515488742932317,0.0,1.0,0.0166666666666666,0.1290994448735805,0.0,1.0,0.0,0.0,0.0,0.0,0.0,0.0,0.0,0.0,0.0833333333333333,0.2787178067853021,0.0,1.0,61.95,1.662089760777482,58.6,67.1,user_001,60
2024-01-02 21:00:00,5.05,2.0454579695229005,0,10,8694.133333333333,90.68280846672346,8545,8844,4.568966666666666,0.2533468157280608,4.116,5.13,55.54352138020694,2.3757640522837593,50.57220463590448,60.50073385365736,53.06178834308238,5.030627339465685,45.17242827160791,64.76838170960401,97.60166666666667,0.3133264213686446,96.84,98.24,33.439566666666664,0.1736909750167232,33.096000000000004,33.88,0.0,0.0,0,0,45.86888738177625,5.4902628443820785,33.363706109537695,56.20154619979093,55.31666666666667,5.205901692250682,41,64,52.858333333333334,9.264956605616389,36.6,81.3,46.169999999999995,11.53413945127056,16.1,64.8,97.61333333333332,0.8646478006732212,95.6,99.3,33.4405,0.4715658194079571,32.55,34.49,4.5665,0.6814586175679542,3.29,6.54,55.748745973629156,1.8787374854609935,51.789398142764625,59.56379035934752,56.26910712092933,0.771668733297916,54.90663197812418,57.62416762174565,-0.1134273567701395,1.9100371897859083,-5.063284947439989,3.3963645587981333,50.25684836141202,0.0,50.25684836141202,50.25684836141202,2.998041009851744,0.903373340330538,0.9934070816493474,5.782770636402301,2.6510307453704582,1.0892799616680575,0.9081075184268632,5.343197820363331,53.045210683323624,1.574301951085766,50.6230771419953,55.48767784585281,540.0,0.0,540.0,540.0,0.375,0.0,0.375,0.375,0.3092592592592592,0.0,0.3092592592592592,0.3092592592592592,0.187037037037037,0.0,0.187037037037037,0.187037037037037,69.7,0.0,69.7,69.7,94.9,0.0,94.9,94.9,0.9333333333333332,0.5783280010825674,0,2,75.95,4.903907124400487,64.0,85.0,2.5316666666666667,1.0546694665229572,1.225,4.9,36.42505905220092,6.059838655981986,24.65873484267472,46.89460480770796,64.73098411938656,3.375965459975816,60.353015484567216,71.40790737975513,0.0166666666666666,0.1290994448735805,0.0,1.0,0.0,0.0,0.0,0.0,0.0,0.0,0.0,0.0,0.0,0.0,0.0,0.0,0.0166666666666666,0.1290994448735805,0.0,1.0,61.74,1.7712582906519865,58.1,66.0,user_001,60
2024-01-02 22:00:00,0.0,0.0,0,0,8844.0,0.0,8844,8844,4.1027000000000005,0.2007720100013944,3.67,4.52,50.82441157276921,2.1068100892328765,47.41865450833541,55.49181235242472,54.34930436817189,4.150762559640227,43.47191412841872,64.3767280962192,97.351,0.2234225304633445,96.7,97.96,33.53746666666667,0.2393493628863968,33.134,34.084,1.0,0.0,1,1,45.33902473729158,4.705635953816469,32.35823413597802,56.15201605768698,50.71666666666667,4.326080414348818,42,65,54.53333333333333,11.493825411883986,24.5,92.5,45.105,13.824326691545458,7.1,75.9,97.355,0.6956097191356172,95.4,99.3,33.528,0.5169526090465154,32.68,35.24,4.099,0.5320848027224003,2.78,5.24,50.82876052317879,1.661490843944179,48.269467510489754,54.69974068493768,51.38045397346041,1.612674769274199,49.48177144578762,54.82664354097167,-0.0538724530512721,1.550400489402088,-3.950994083404453,4.754093823787628,50.25684836141202,0.0,50.25684836141202,50.25684836141202,4.086991832958767,1.536878613499013,1.5406609568506604,8.897509703271867,3.4024353512073975,1.5556752140500223,1.0036120557661328,7.821711420182937,54.46321130116006,0.9609296212680564,52.97746454175647,56.28963758500304,540.0,0.0,540.0,540.0,0.375,0.0,0.375,0.375,0.3092592592592592,0.0,0.3092592592592592,0.3092592592592592,0.187037037037037,0.0,0.187037037037037,0.187037037037037,69.7,0.0,69.7,69.7,94.9,0.0,94.9,94.9,0.0,0.0,0,0,8.466666666666667,18.83061577313605,0.0,75.0,1.225,0.0,1.225,1.225,29.798362385021186,3.2730780587578843,24.51700910451108,38.404788196456856,68.8158123587143,1.2828206371581186,66.31609538637505,71.28812606125945,0.0333333333333333,0.1810203347193925,0.0,1.0,0.05,0.2197841776510827,0.0,1.0,0.0,0.0,0.0,0.0,0.0,0.0,0.0,0.0,0.0833333333333333,0.2787178067853021,0.0,1.0,60.09166666666667,1.8045415086656171,55.8,64.3,user_001,60
2024-01-02 23:00:00,0.0,0.0,0,0,8844.0,0.0,8844,8844,3.9672666666666663,0.2626612090402069,3.5480000000000005,4.702,49.734510027096015,2.220698911645329,46.36256981950864,56.77507573652704,56.09413948992703,5.849755539879485,46.566177439045326,69.96830036481118,97.51366666666668,0.3241362272028686,96.76,98.28,33.501533333333334,0.2184833288188163,33.04,34.024,1.0,0.0,1,1,42.84258424279531,6.9397656545015325,24.500963785744123,54.07729258324773,49.68333333333333,4.8204777408175525,40,61,56.34,12.318502000057627,28.2,80.2,42.684999999999995,15.471809520237397,7.6,69.1,97.485,0.8221148833076365,95.9,99.5,33.5055,0.4926353380251841,32.39,34.47,3.984166666666667,0.5918837828741202,2.45,5.67,49.89289519646574,1.7128615125700994,47.02918526596936,54.34744989115113,50.526476905477026,0.9522331116068682,48.87625428916836,51.86487474938205,-0.0255883468813398,1.7436407994870733,-3.707418627633636,3.671638969310948,50.25684836141202,0.0,50.25684836141202,50.25684836141202,4.160976097588537,1.1389764593542449,2.204960303791718,7.154223150551009,3.4681204958035283,1.3722908799092384,1.361630193792683,7.202111269107842,54.60310086537038,1.4639832179661951,52.39855638528729,58.36812145409522,540.0,0.0,540.0,540.0,0.375,0.0,0.375,0.375,0.3092592592592592,0.0,0.3092592592592592,0.3092592592592592,0.187037037037037,0.0,0.187037037037037,0.187037037037037,69.7,0.0,69.7,69.7,94.9,0.0,94.9,94.9,0.0,0.0,0,0,0.0,0.0,0.0,0.0,1.225,0.0,1.225,1.225,26.859360502715596,6.751838570574185,11.059330464224372,39.22251411614077,70.07030688385024,3.048696082653927,66.11140036213277,77.9712491711911,0.0,0.0,0.0,0.0,0.0,0.0,0.0,0.0,0.0,0.0,0.0,0.0,0.0,0.0,0.0,0.0,0.0,0.0,0.0,0.0,60.45166666666667,1.905166184901042,56.2,64.6,user_001,60
2024-01-03 00:00:00,0.0,0.0,0,0,8844.0,0.0,8844,8844,3.9591333333333334,0.2404062569102188,3.47,4.556,49.73402675294263,2.5294455422785376,43.71852771285711,56.52694787652761,55.200956122392945,6.070394410288074,41.35257634415589,65.78539233139118,97.56133333333334,0.3538239850962309,96.7,98.12,33.39406666666667,0.2557159352641574,32.946000000000005,34.006,1.0,0.0,1,1,45.04060196654203,7.306347325721852,30.335911480756895,61.28089596371779,49.7,5.371929552650899,40,69,54.93,12.475797586676729,20.5,73.4,45.211666666666666,15.274894564441428,7.3,81.9,97.58166666666666,0.8458255753728461,96.0,100.0,33.397,0.5253644417070585,32.22,34.61,3.939666666666666,0.599762570725231,2.65,5.77,49.71932889421953,2.074012192813348,45.05582554916752,52.7658913628329,49.22752233843273,1.0186560393980444,47.853058263282946,50.92621985219505,-0.0170133764713167,1.9291185780639633,-5.508982625509205,6.2365260617361855,50.25684836141202,0.0,50.25684836141202,50.25684836141202,4.356072958053831,1.1583805151701398,2.2663419259048867,7.259618076075021,3.76368678743204,1.1308325023066463,2.013398971035843,6.789392864808062,57.28009543720557,1.987355101476238,54.81525833792826,60.561666128895226,540.0,0.0,540.0,540.0,0.375,0.0,0.375,0.375,0.3166666666666666,0.0,0.3166666666666666,0.3166666666666666,0.1962962962962963,0.0,0.1962962962962963,0.1962962962962963,70.6,0.0,70.6,70.6,94.9,0.0,94.9,94.9,0.0,0.0,0,0,0.0,0.0,0.0,0.0,1.225,0.0,1.225,1.225,26.839738400314673,7.342753113366017,14.8050649911992,39.88159965209564,72.61123838993961,4.27995528747069,66.39713403009551,80.04061925289275,0.0333333333333333,0.1810203347193925,0.0,1.0,0.0833333333333333,0.2787178067853021,0.0,1.0,0.0,0.0,0.0,0.0,0.0,0.0,0.0,0.0,0.1166666666666666,0.3724252474950529,0.0,2.0,60.486666666666665,2.2593284337943036,56.2,66.1,user_001,60
2024-01-03 01:00:00,0.0,0.0,0,0,8844.0,0.0,8844,8844,4.0907,0.2792194507818449,3.508,4.76,49.95429204196704,2.2984838995580854,45.32293833934572,54.06961324445437,55.08191746522808,4.956239081551062,44.76222199847973,64.97056273400983,97.475,0.4146900006151182,96.56,98.22,33.54926666666667,0.2565087547101227,32.778,34.044,1.0,0.0,1,1,47.32099787013606,5.987177862859392,34.96824290592723,60.61383431239841,50.016666666666666,5.143670346432434,40,62,55.095,10.405171872435131,23.7,77.8,47.225,12.60854734304055,0.0,70.1,97.475,0.9067776809735998,95.5,99.6,33.53916666666667,0.5506830632570703,32.06,34.8,4.108,0.5538579638028116,2.74,5.33,49.9234035940214,1.6905920679033504,46.47190355103701,52.74005466308247,50.04122492177552,0.4179259691043718,49.26092729289305,50.92965309439057,0.0311873123498126,1.8878803853646189,-3.4902191813065073,4.9477900666592305,50.25684836141202,0.0,50.25684836141202,50.25684836141202,3.351762274314723,0.991863866305296,1.4233623814000893,6.420376256771345,3.110331978668325,1.4116285352724254,1.1462413150873076,6.7911622027517184,54.65609234864192,1.689543084501882,51.40316349480441,57.5245820033254,540.0,0.0,540.0,540.0,0.375,0.0,0.375,0.375,0.3166666666666666,0.0,0.3166666666666666,0.3166666666666666,0.1962962962962963,0.0,0.1962962962962963,0.1962962962962963,70.6,0.0,70.6,70.6,94.9,0.0,94.9,94.9,0.0,0.0,0,0,0.0,0.0,0.0,0.0,1.225,0.0,1.225,1.225,27.697630010383552,4.771631773334739,17.96784230246404,37.26517808207035,70.16892739373779,2.762397852919422,64.10776580382964,73.32430505062317,0.0,0.0,0.0,0.0,0.05,0.2197841776510828,0.0,1.0,0.0,0.0,0.0,0.0,0.0,0.0,0.0,0.0,0.05,0.2197841776510828,0.0,1.0,60.373333333333335,2.238103515173677,55.9,66.1,user_001,60
2024-01-03 02:00:00,0.0,0.0,0,0,8844.0,0.0,8844,8844,4.056133333333333,0.2470868554259691,3.464,4.545999999999999,50.29350918128698,1.6924209804696515,46.00599438514602,53.675992743195614,55.24088924100343,4.829384622523346,45.19720615332529,69.0833151486266,97.524,0.4177713266320928,96.7,98.56,33.3534,0.208865636803398,32.79,33.674,1.0,0.0,1,1,42.91445222918617,5.169673611709853,28.68310598660319,54.807572231884365,50.3,4.961888650811388,40,61,55.138333333333335,12.072438025809271,21.1,77.8,43.10333333333333,12.939821163811052,14.7,75.3,97.52166666666668,0.8463464183695792,95.8,100.0,33.36666666666667,0.458670394808131,32.1,34.43,4.037,0.5589041942096022,2.52,5.31,50.270797132311074,0.969565785692754,47.9622705922247,51.80528724011894,50.20742795655517,0.2439077399008543,49.8028330343145,50.67733365075424,0.0032454093565089,1.9047726690501476,-3.8986066312138874,4.472382863541895,50.25684836141202,0.0,50.25684836141202,50.25684836141202,4.396849422386931,1.403742772683365,2.142513764726061,7.779064845349803,3.660778258597977,1.0679192278163003,1.684898557458471,5.557564546940238,55.38024334668671,1.1702450354050715,53.810862601306425,57.23498460046863,540.0,0.0,540.0,540.0,0.375,0.0,0.375,0.375,0.3166666666666666,0.0,0.3166666666666666,0.3166666666666666,0.1962962962962963,0.0,0.1962962962962963,0.1962962962962963,70.6,0.0,70.6,70.6,94.9,0.0,94.9,94.9,0.0,0.0,0,0,0.0,0.0,0.0,0.0,1.225,0.0,1.225,1.225,27.783930016833654,4.2536044876129955,16.113661292630102,34.668902170213144,70.75942035912945,1.8599575080098452,68.27910429112498,74.68196066244751,0.0,0.0,0.0,0.0,0.0166666666666666,0.1290994448735805,0.0,1.0,0.0,0.0,0.0,0.0,0.0,0.0,0.0,0.0,0.0166666666666666,0.1290994448735805,0.0,1.0,60.635,1.868455811263429,56.9,65.0,user_001,60
2024-01-03 03:00:00,0.0,0.0,0,0,8844.0,0.0,8844,8844,4.4298,0.2584786520378853,4.0280000000000005,4.9479999999999995,54.01692225778034,2.3251028995085026,49.782630198258936,58.02256161529963,54.237028936302984,3.975170234145409,44.12060267979411,61.74907369017999,97.473,0.3661587133878296,96.66,98.34,33.3822,0.2191384362390312,32.8,33.766,1.0,0.0,1,1,45.37025583410943,6.064705265095671,31.283520307732744,59.54775837974395,54.266666666666666,4.946721792983222,44,63,54.093333333333334,9.861014948736717,19.1,69.9,45.48166666666667,13.895670483718677,15.3,87.5,97.45833333333331,0.7941078923123537,95.5,99.3,33.366166666666665,0.5337621245927029,31.82,34.5,4.4478333333333335,0.5602090761845512,3.09,5.66,53.849632454895634,1.988399065369512,50.24916618628396,57.25659946015686,53.33191987258502,1.2644621433502696,50.6422994047321,54.690766146505595,0.1248722044431661,1.8013201039001536,-4.10819431882279,3.714971067053568,50.25684836141202,0.0,50.25684836141202,50.25684836141202,3.1610810000303755,0.8501776436976927,1.340985232674874,6.8369504526823395,2.822634020586732,1.246505882437302,0.7280182323375785,6.829508967399658,54.25779046582376,0.5451940413076188,53.463163846118846,55.74647826958848,540.0,0.0,540.0,540.0,0.375,0.0,0.375,0.375,0.3166666666666666,0.0,0.3166666666666666,0.3166666666666666,0.1962962962962963,0.0,0.1962962962962963,0.1962962962962963,70.6,0.0,70.6,70.6,94.9,0.0,94.9,94.9,0.0,0.0,0,0,0.0,0.0,0.0,0.0,1.225,0.0,1.225,1.225,33.15329163815421,3.8619026939230743,23.504261592120535,39.64929699698213,67.41235088306561,1.1466884161951327,65.09346482948497,69.82743464917705,0.0166666666666666,0.1290994448735805,0.0,1.0,0.0333333333333333,0.1810203347193925,0.0,1.0,0.0,0.0,0.0,0.0,0.0,0.0,0.0,0.0,0.05,0.2197841776510827,0.0,1.0,61.681666666666665,1.3972723630334836,58.3,64.4,user_001,60
2024-01-03 04:00:00,0.0,0.0,0,0,8844.0,0.0,8844,8844,4.4655000000000005,0.2244642963568663,3.842,5.012,55.49882785633886,1.8557261178866455,51.17809300615761,59.18205623392947,54.001004618746464,3.923479804104715,44.01373511986274,63.497711120888745,97.445,0.362470337769467,96.62,98.12,33.6407,0.1747307177596802,33.136,33.976,1.0,0.0,1,1,46.239308462009554,5.136798939029234,34.54324842631955,59.84269319864893,55.516666666666666,4.626715592636017,42,64,54.068333333333335,10.3054780835764,33.5,76.4,46.10166666666667,13.286076459347052,13.6,70.0,97.445,0.8662064184257892,95.5,99.6,33.65933333333333,0.4456032539008274,32.55,34.54,4.4556666666666676,0.5708315868668902,3.38,5.76,55.46628347109375,1.3104441796023891,51.76972030374069,57.771392260145966,55.181770561367266,0.6718843490219472,54.026124175253926,56.409046102888944,0.0089194051639028,1.7273253882935886,-4.700797921836454,3.515979331964978,50.25684836141202,0.0,50.25684836141202,50.25684836141202,3.846784142518451,1.6691963909308394,0.8147043847764422,8.147701012287506,3.0361460327696195,1.428121433403062,0.7474105293926961,6.550500616639963,54.30974504014042,0.7599794227073341,52.614122299143986,55.67226475479611,540.0,0.0,540.0,540.0,0.375,0.0,0.375,0.375,0.3166666666666666,0.0,0.3166666666666666,0.3166666666666666,0.1962962962962963,0.0,0.1962962962962963,0.1962962962962963,70.6,0.0,70.6,70.6,94.9,0.0,94.9,94.9,0.0,0.0,0,0,0.0,0.0,0.0,0.0,1.225,0.0,1.225,1.225,35.134833448506384,3.0857192011173393,28.626985993371335,41.29352871233099,66.06559379441025,1.1311820972589357,63.433085075133064,68.10787898342643,0.0166666666666666,0.1290994448735805,0.0,1.0,0.0333333333333333,0.1810203347193925,0.0,1.0,0.0,0.0,0.0,0.0,0.0,0.0,0.0,0.0,0.05,0.2197841776510827,0.0,1.0,62.16,1.428428079974985,59.2,64.9,user_001,60
2024-01-03 05:00:00,0.0,0.0,0,0,8844.0,0.0,8844,8844,4.7586,0.237665567623706,4.220000000000001,5.223999999999999,61.02225642975934,2.260274220723371,56.51251860084409,66.49115488845227,50.321776741962005,5.067019316506652,41.07349262480046,62.11251291424503,97.438,0.2667494221873552,96.8,97.9,33.353,0.2161739726254727,32.75,33.672000000000004,1.0,0.0,1,1,49.831984561661514,5.700698074298269,35.84121722103504,60.70688660604122,61.166666666666664,5.5147465380134255,50,72,50.68833333333334,10.92709417025632,29.4,77.8,49.55166666666666,12.898515111841183,20.2,74.5,97.445,0.8183126500429632,95.1,100.0,33.34016666666667,0.5292735400773302,32.14,34.64,4.752166666666667,0.6089560159638223,3.09,6.05,60.8545346668236,1.7644817599444402,55.99751433316305,64.33028067886193,59.6446514042852,2.147895629803185,54.79071294790859,61.75064462401144,0.0722051184536617,2.0699883301917694,-4.830384962817426,4.495827133051968,50.25684836141202,0.0,50.25684836141202,50.25684836141202,3.6456658458137623,1.3437984080702434,1.746934325919752,7.023985709076678,3.4480742615659645,1.4234715306305858,1.2994979852614674,6.235459405676568,50.198006019826515,1.209465508983709,48.020251002696504,52.55227503768188,540.0,0.0,540.0,540.0,0.375,0.0,0.375,0.375,0.3166666666666666,0.0,0.3166666666666666,0.3166666666666666,0.1962962962962963,0.0,0.1962962962962963,0.1962962962962963,70.6,0.0,70.6,70.6,94.9,0.0,94.9,94.9,0.0,0.0,0,0,0.0,0.0,0.0,0.0,1.225,0.0,1.225,1.225,45.93112859189373,4.5545233027125995,37.341744379145354,54.96911103332358,58.86259261566241,2.0439894595941555,56.10736229724102,63.87420881382766,0.05,0.2197841776510827,0.0,1.0,0.0166666666666666,0.1290994448735805,0.0,1.0,0.0,0.0,0.0,0.0,0.0,0.0,0.0,0.0,0.0666666666666666,0.2515488742932318,0.0,1.0,62.82166666666667,2.031789031043003,59.1,67.9,user_001,60
2024-01-03 06:00:00,0.0,0.0,0,0,8844.0,0.0,8844,8844,5.235633333333333,0.2688144698654438,4.742,5.942,64.88629931825763,1.7658801691915305,61.01952890663059,69.05310963047731,52.31183129263946,5.08983147823558,38.55441310679812,61.38838161550984,97.45633333333332,0.339999833831797,96.7,98.22,33.45836666666666,0.1547176725267362,33.14,33.814,1.0,0.0,1,1,48.42575345899076,6.956057911864726,34.5039679771781,62.67765682410526,64.98333333333333,5.388285053633394,52,79,52.266666666666666,10.43817418066918,34.4,76.2,48.39333333333333,13.170046480319847,22.4,72.8,97.47,0.7636442511882643,95.4,99.4,33.46666666666667,0.4062756293523525,32.71,34.29,5.252666666666667,0.516050407032947,4.08,6.18,64.78865611857118,1.2252374719054362,61.1734876633577,66.67540028292885,64.10643970797804,1.4570428461506073,61.24212930664907,65.7357062200831,0.0485170075378501,2.0911694635232245,-4.654320957176118,5.384077388517191,50.25684836141202,0.0,50.25684836141202,50.25684836141202,3.5786658900226316,0.8732944645262574,1.43887412302873,5.4541682088295405,3.0613826870264846,1.0447476039078398,1.159215176172943,6.220622011631421,51.773330420678704,1.508224762472915,49.36276711136623,54.43902908398737,540.0,0.0,540.0,540.0,0.375,0.0,0.375,0.375,0.3166666666666666,0.0,0.3166666666666666,0.3166666666666666,0.1962962962962963,0.0,0.1962962962962963,0.1962962962962963,70.6,0.0,70.6,70.6,94.9,0.0,94.9,94.9,0.0,0.0,0,0,0.0,0.0,0.0,0.0,1.225,0.0,1.225,1.225,47.802339220317,5.504087688074611,39.91011533265536,62.060277165108914,57.86847971304981,3.3215617811894194,51.66262260697792,61.735716689640185,0.0333333333333333,0.1810203347193925,0.0,1.0,0.0833333333333333,0.2787178067853021,0.0,1.0,0.0,0.0,0.0,0.0,0.0,0.0,0.0,0.0,0.1166666666666666,0.3237317715130933,0.0,1.0,64.52,1.9045707732999784,59.0,67.3,user_001,60
2024-01-03 07:00:00,4.683333333333334,2.13519075213963,1,10,8981.466666666667,83.39561966033371,8846,9125,5.675666666666667,0.236403036106193,5.167999999999999,6.214,68.95316495702858,1.9299868490802228,64.82237785944402,72.78823987651795,49.64510663585872,4.4440621916951155,37.98450779094757,57.45481318149418,97.543,0.3615376764950239,96.68,98.5,33.5735,0.2974913472605759,33.03,34.104,0.0,0.0,0,0,49.62154859056646,5.8035208164620595,39.4674943389001,61.64677761019126,68.98333333333333,5.0673152275953015,58,80,49.585,10.50416906740415,23.0,70.5,49.748333333333335,14.583000222184255,15.2,77.6,97.51666666666668,0.8622333371446592,95.2,99.4,33.568,0.5566601373141212,32.31,35.26,5.661666666666666,0.6038553162288572,4.36,7.16,68.87418090749621,1.445629963187442,64.40036529193422,70.99590135040899,67.79189800699115,1.7719736393527294,64.31333514708818,69.4628994111156,0.0150841881523765,1.9229595162480135,-3.411188929722016,3.6058800617410327,50.25684836141202,0.0,50.25684836141202,50.25684836141202,3.782922754078383,0.921235461069533,1.6929604621848175,5.5632570100310685,3.2405864142452723,0.952219029927306,1.3280430848916784,5.739256892890652,51.56067748341377,1.6177592643054042,47.876390205694726,54.481420333624015,540.0,0.0,540.0,540.0,0.375,0.0,0.375,0.375,0.3166666666666666,0.0,0.3166666666666666,0.3166666666666666,0.1962962962962963,0.0,0.1962962962962963,0.1962962962962963,70.6,0.0,70.6,70.6,94.9,0.0,94.9,94.9,0.7333333333333333,0.5783280010825674,0,2,61.36666666666667,20.344463009409782,2.0,91.0,2.205,0.9244421130276264,1.225,4.9,55.15386249184537,4.990401811825241,41.147768649275235,63.24967689067684,53.97625075136592,3.380780871901146,48.93297283553422,61.25684374066178,0.0333333333333333,0.1810203347193925,0.0,1.0,0.1,0.3025316904537664,0.0,1.0,0.0,0.0,0.0,0.0,0.0,0.0,0.0,0.0,0.1333333333333333,0.3891175007353577,0.0,2.0,61.431666666666665,1.8924911093239096,57.5,65.6,user_001,60
2024-01-03 08:00:00,5.066666666666666,2.0981563066191353,0,9,9281.216666666667,88.85373463277915,9133,9429,6.042533333333334,0.3063937572198181,5.292,6.782000000000001,71.93329378818315,2.8349136720141668,64.43339955350703,77.48287488794489,47.9206393918581,5.070890552557593,36.13554563754152,61.05748018714805,97.44566666666668,0.3656819339756324,96.74,98.24,33.411233333333335,0.2256855744859902,32.966,33.962,0.0,0.0,0,0,53.4998318661721,6.442009929447015,39.170791734083345,67.66062983796861,72.08333333333333,5.582331894336909,59,83,47.705000000000005,11.010078972607364,20.0,70.4,53.81333333333334,13.214417738144654,24.1,87.5,97.47,0.8843843017717712,95.7,99.3,33.408833333333334,0.4876720614798665,32.17,34.37,6.034000000000001,0.710137728345945,4.82,7.75,71.76593736633303,2.560946550104942,65.10372754824986,75.32550593094953,70.99129954646808,1.8075918468067775,68.2096762702966,73.1818886304186,0.0750197725750958,2.015105107057288,-4.878785547703927,5.417274140221181,50.25684836141202,0.0,50.25684836141202,50.25684836141202,3.80101431718523,1.272790400651979,1.2048659843441551,5.667942985252289,3.398627189374442,1.612830183242402,0.7325279269742192,7.399189683427106,48.18802648338673,0.5217556290307683,47.43291007997235,49.35624910430672,540.0,0.0,540.0,540.0,0.375,0.0,0.375,0.375,0.3166666666666666,0.0,0.3166666666666666,0.3166666666666666,0.1962962962962963,0.0,0.1962962962962963,0.1962962962962963,70.6,0.0,70.6,70.6,94.9,0.0,94.9,94.9,0.9166666666666666,0.5612234416098718,0,2,76.36666666666666,4.460624972046285,64.0,85.0,2.4908333333333337,1.007808146368646,1.225,4.9,60.53516510768609,6.518426632237485,47.90261605065581,71.65138736718819,49.54709611207167,2.3955117376108666,45.48011258975959,53.168962448283175,0.0,0.0,0.0,0.0,0.0166666666666666,0.1290994448735805,0.0,1.0,0.0,0.0,0.0,0.0,0.0,0.0,0.0,0.0,0.0166666666666666,0.1290994448735805,0.0,1.0,58.47,2.949708402709824,53.1,65.9,user_001,60
2024-01-03 09:00:00,4.966666666666667,2.239602466742602,1,11,9577.933333333332,86.61112518406445,9438,9727,6.2392666666666665,0.2995445054319363,5.496,6.92,75.11995463906634,2.576752044020866,68.23654744082047,80.39516329695955,47.93867891173838,3.2421228411370584,39.82360433622375,54.03627552235085,97.53766666666668,0.2975855761646452,96.7,98.22,33.4619,0.1795865024560794,32.994,33.804,0.0,0.0,0,0,52.63744833035935,4.435398482267877,41.62865344840554,63.60882554279555,75.35,5.284531311898973,60,86,47.93,8.437613527170956,25.5,67.0,52.483333333333334,12.312638768612018,22.5,90.6,97.52666666666669,0.7313481089721745,95.5,99.2,33.466,0.5348853829385842,32.33,34.4,6.263999999999999,0.6567361516479475,4.37,8.16,74.99617202720411,2.1758617396324405,71.30977765467726,79.32988586476924,74.63401140066601,0.9684818454113012,72.59382852234829,75.90189456528273,0.115022680466834,1.9148170528965145,-4.1182737204102295,5.587817519726514,50.25684836141202,0.0,50.25684836141202,50.25684836141202,2.9040120324018295,1.195435511863879,1.4087166058326963,5.65638668150705,2.4385650666002063,1.1654688426257989,0.3112017567877673,5.08521561581239,47.59193831850889,0.7952540657007748,45.84638716751473,48.63544177088232,540.0,0.0,540.0,540.0,0.375,0.0,0.375,0.375,0.3166666666666666,0.0,0.3166666666666666,0.3166666666666666,0.1962962962962963,0.0,0.1962962962962963,0.1962962962962963,70.6,0.0,70.6,70.6,94.9,0.0,94.9,94.9,0.9166666666666666,0.6454972243679029,0,2,74.5,6.408416076548834,60.0,86.0,2.5520833333333335,1.1782572205098578,1.225,4.9,64.38168924580421,3.547159698846552,56.28048941166581,71.75671114344702,46.95061063584396,1.1701087482694763,44.303782236255714,49.24582315347052,0.0166666666666666,0.1290994448735805,0.0,1.0,0.0166666666666666,0.1290994448735805,0.0,1.0,0.0,0.0,0.0,0.0,0.0,0.0,0.0,0.0,0.0333333333333333,0.1810203347193925,0.0,1.0,56.181666666666665,2.007400854859436,52.1,62.1,user_001,60
2024-01-03 10:00:00,4.466666666666667,2.166514553547809,1,11,9861.333333333334,74.67572079890573,9730,9995,6.3153999999999995,0.2248245417570583,5.86,6.932,77.27321534949388,2.2437678522903126,72.44012030026757,82.01866409085424,46.31625912975339,3.9333758546355098,35.061495001683625,55.31095552465198,97.471,0.4410223100548401,96.32,98.2,33.3796,0.2011235559196448,32.964,33.763999999999996,0.0,0.0,0,0,53.805057181430314,5.799988022572059,38.333416801535286,67.08284426904362,77.3,5.7232798466779355,64,88,46.348333333333336,10.331152357774425,21.9,67.2,53.776666666666664,14.175275284047611,23.1,84.3,97.47666666666667,0.8706838665556087,95.4,99.3,33.38733333333333,0.5050117188325359,32.37,34.92,6.2945,0.6038307794154679,5.19,7.4,77.15060548429007,1.6465902898686295,73.77497625520112,80.2405115672972,76.4229066082802,1.110114618251058,74.53582273125015,77.74662714009943,0.0133923252530668,2.1492091559238253,-4.656394284982412,4.351823351114589,50.25684836141202,0.0,50.25684836141202,50.25684836141202,3.552575116180127,1.3090727900268555,1.0870921515692975,5.484288172608161,3.02772984402987,1.362984212492259,0.7580486460889815,7.082330571560731,46.56011538926552,1.0502255071256694,44.84308112149904,48.32696608139433,540.0,0.0,540.0,540.0,0.375,0.0,0.375,0.375,0.3166666666666666,0.0,0.3166666666666666,0.3166666666666666,0.1962962962962963,0.0,0.1962962962962963,0.1962962962962963,70.6,0.0,70.6,70.6,94.9,0.0,94.9,94.9,0.7,0.6189110173988076,0,2,65.21666666666667,7.316319503237024,49.0,77.0,2.1845833333333338,1.0109578826021788,1.225,4.9,68.73889070418318,3.7480602410133,59.18591849760685,75.39947087573609,44.26268292935815,1.9688411406269508,40.76535862936834,47.20183021828612,0.0333333333333333,0.1810203347193925,0.0,1.0,0.0333333333333333,0.1810203347193925,0.0,1.0,0.0,0.0,0.0,0.0,0.0,0.0,0.0,0.0,0.0666666666666666,0.2515488742932316,0.0,1.0,53.865,2.0808102235525183,49.3,58.4,user_001,60
2024-01-03 11:00:00,5.116666666666666,2.1946905628508695,0,10,10151.833333333334,87.75006237221605,10003,10302,6.5774,0.3150339879430824,5.828,7.159999999999999,79.70588120475746,2.1724875660229976,73.93812113610282,84.51321181252136,46.9966523953596,5.356681991586786,33.815831517446746,57.4245081895045,97.31633333333332,0.3311713503261383,96.64,98.06,33.616566666666664,0.1954957511061706,33.33,34.14,0.0,0.0,0,0,51.56610202106185,5.505956990428777,38.21825547432843,62.69050758266988,79.78333333333333,5.477509228165001,68,92,46.76,12.478024072174357,12.7,68.8,51.76,14.080714061246194,18.9,86.2,97.31333333333332,0.778409213688279,95.5,99.0,33.60783333333333,0.4350690249801466,32.8,34.94,6.588833333333333,0.7423008017144994,4.77,8.35,79.63447001088116,1.460369795278237,76.62452966431414,81.96409363705224,79.18064047761695,0.555459856265101,77.68880167675732,80.03764894660767,0.0387260642879321,2.057447760404239,-4.128931199161428,4.8066032012578574,50.25684836141202,0.0,50.25684836141202,50.25684836141202,4.361998267159005,1.4529230557788653,2.1406808676926983,7.668929821084165,3.790918927613511,1.2024042614149255,1.647650065814442,6.726125804779383,47.67398855457591,1.351749181893393,45.40497554279641,49.658111292736706,540.0,0.0,540.0,540.0,0.375,0.0,0.375,0.375,0.3166666666666666,0.0,0.3166666666666666,0.3166666666666666,0.1962962962962963,0.0,0.1962962962962963,0.1962962962962963,70.6,0.0,70.6,70.6,94.9,0.0,94.9,94.9,1.0,0.582222509739582,0,2,78.43333333333334,9.125057077447057,63.0,95.0,2.654166666666667,1.1087495501562794,1.225,4.9,70.35809358037896,5.255334303633303,62.10721633550041,81.16500320310296,43.63856447240723,2.200106919990961,39.34093583634568,47.57095033106062,0.0,0.0,0.0,0.0,0.0666666666666666,0.2515488742932317,0.0,1.0,0.0,0.0,0.0,0.0,0.0,0.0,0.0,0.0,0.0666666666666666,0.2515488742932317,0.0,1.0,52.235,2.537837395119668,45.8,56.9,user_001,60
2024-01-03 12:00:00,5.083333333333333,2.3237292256466313,0,10,10456.933333333332,91.5537938872061,10309,10607,6.539633333333333,0.2249750243514175,5.976000000000001,6.953999999999999,79.23644399012504,1.499295248160649,76.09376117881054,82.02405434431076,45.64031078371841,4.001898382745849,37.74020254774384,56.27726905864552,97.373,0.3917076910838396,96.66,98.1,33.422466666666665,0.1614201242013356,32.946,33.75,0.0,0.0,0,0,53.669834860215616,5.109234984826454,41.931768354804554,63.97450741310479,79.3,4.396840159686329,69,91,45.901666666666664,8.72699866218149,26.0,62.6,53.64,11.622643008734054,30.7,83.1,97.36666666666666,0.8033123517432541,95.3,99.1,33.4275,0.5287613443908641,32.51,35.49,6.544,0.5334067039927478,5.35,7.68,79.28028769062146,0.8671994566709864,77.39819673940855,80.61683835328108,79.47952759018291,0.4536870910994419,78.75416495850101,80.26181389480662,0.0317780049374799,1.6755672480257422,-3.652061137349591,4.487972827844629,50.25684836141202,0.0,50.25684836141202,50.25684836141202,2.9936271802743915,1.0453026394611624,0.4596648932128991,5.008037041052036,2.362623727827578,1.044229949332108,0.2577400661505003,5.059965652810327,45.0894586579748,1.8640953814895995,42.052240202874735,47.33516967831482,540.0,0.0,540.0,540.0,0.375,0.0,0.375,0.375,0.3166666666666666,0.0,0.3166666666666666,0.3166666666666666,0.1962962962962963,0.0,0.1962962962962963,0.1962962962962963,70.6,0.0,70.6,70.6,94.9,0.0,94.9,94.9,0.9166666666666666,0.618682763281733,0,2,76.18333333333334,7.781968873493561,65.0,94.0,2.5316666666666667,1.124692676165009,1.225,4.9,72.30268245948467,4.575775296662124,62.339919446776186,80.81143110961467,41.17755590715281,3.063703567784751,35.98102970631167,46.70172517423936,0.0,0.0,0.0,0.0,0.0,0.0,0.0,0.0,0.0,0.0,0.0,0.0,0.0,0.0,0.0,0.0,0.0,0.0,0.0,0.0,52.005,1.9670527725939329,48.7,56.4,user_001,60
2024-01-03 13:00:00,5.116666666666666,2.0837683161715037,1,10,10765.8,88.51214605917114,10610,10914,6.621366666666666,0.2818730310790969,5.916,7.206,80.23336783101642,2.09327105511052,74.06689301052148,85.92679368109066,44.586560596760606,4.678229880754895,31.34765149225044,52.45680250255925,97.37933333333334,0.4513627826725642,96.28,98.22,33.501799999999996,0.2199505953771856,33.116,33.976,0.0,0.0,0,0,55.91019105911136,5.309225105651887,44.41473026673817,72.46185796304295,80.21666666666667,4.923453613087664,68,95,44.598333333333336,11.100030411726038,11.6,69.5,55.891666666666666,13.153800658038438,32.2,96.1,97.37833333333332,0.9568825914318412,94.8,99.3,33.4935,0.503939816826425,32.57,34.81,6.6065,0.6316854639959106,5.09,8.16,80.10696598763914,1.3926048406500546,76.3342868768336,82.64281463853627,80.07078699448356,0.5174420893491956,79.20766254298225,80.76724343372045,-0.0083505821748782,1.82166531538713,-3.0334465052607413,5.804904739182007,50.25684836141202,0.0,50.25684836141202,50.25684836141202,3.781129329658116,1.390812689303797,1.7690192257800177,7.284593162755715,3.377367915268717,1.6630006409914184,1.149127766345838,8.580468310237796,45.10190806927544,0.889742505622454,43.5663279895176,46.4009219202204,540.0,0.0,540.0,540.0,0.375,0.0,0.375,0.375,0.3166666666666666,0.0,0.3166666666666666,0.3166666666666666,0.1962962962962963,0.0,0.1962962962962963,0.1962962962962963,70.6,0.0,70.6,70.6,94.9,0.0,94.9,94.9,0.9166666666666666,0.618682763281733,0,2,76.26666666666667,4.580232644030907,66.0,84.0,2.5316666666666667,1.124692676165009,1.225,4.9,73.8800847623855,4.394497504774379,65.20620776226166,82.58207885644825,40.775806836342795,1.6543725482872935,37.49704359247961,43.75041910386408,0.0333333333333333,0.1810203347193925,0.0,1.0,0.05,0.2197841776510827,0.0,1.0,0.0,0.0,0.0,0.0,0.0,0.0,0.0,0.0,0.0833333333333333,0.2787178067853021,0.0,1.0,51.015,2.315081358163306,45.8,55.8,user_001,60
2024-01-03 14:00:00,5.366666666666666,2.476784866886132,1,12,11075.3,95.84402937117132,10917,11236,6.388333333333334,0.2600965053406052,5.9,6.970000000000001,76.50953476097362,2.3576354907005284,70.60546487691381,83.12134196169691,44.145867558831974,3.765084348828168,38.62486899081211,51.770658485293474,97.67066666666666,0.2664383203127429,97.12,98.32,33.502766666666666,0.2516298308059146,33.05,34.274,0.0,0.0,0,0,53.7657094160972,6.989407046306249,36.91726454892063,69.81186435698346,76.21666666666667,5.237063696212991,66,88,44.138333333333335,9.778948189024,26.1,69.3,53.50333333333333,15.171192222311586,15.0,90.6,97.69,0.7595047449668245,95.5,99.2,33.502833333333335,0.5734761433622573,32.23,35.39,6.402333333333333,0.6821013560219664,4.58,7.88,76.87785626540128,1.9538195534384704,72.9062757419068,83.16130913596344,77.43741713098119,1.2390405047239936,75.87198299009539,80.32794843554083,-0.1464340471534808,1.9232943039203387,-4.7071139872323045,4.302721612581962,50.25684836141202,0.0,50.25684836141202,50.25684836141202,3.5992061673597036,0.8918072519419757,2.13569175252042,5.242850636023378,3.2927031964796836,1.1596230638339822,1.050702119201939,6.231979034718405,43.97241171496227,0.5535159791146386,43.00274831624795,44.8425260324112,540.0,0.0,540.0,540.0,0.375,0.0,0.375,0.375,0.3166666666666666,0.0,0.3166666666666666,0.3166666666666666,0.1962962962962963,0.0,0.1962962962962963,0.1962962962962963,70.6,0.0,70.6,70.6,94.9,0.0,94.9,94.9,0.9333333333333332,0.6069279874259417,0,2,80.13333333333334,6.312394766141917,66.0,97.0,2.5520833333333335,1.1116133075310977,1.225,4.9,71.12828861994159,3.2066025825404676,62.4954059139166,77.59036833567734,41.55433086313812,1.330078335024574,38.90909793303869,44.10297638136536,0.0166666666666666,0.1290994448735805,0.0,1.0,0.0,0.0,0.0,0.0,0.0,0.0,0.0,0.0,0.0,0.0,0.0,0.0,0.0166666666666666,0.1290994448735805,0.0,1.0,53.79,1.9939484718704688,50.2,59.5,user_001,60
2024-01-03 15:00:00,5.1,2.064223086091361,0,11,11389.533333333333,87.65813152582544,11240,11542,6.088733333333334,0.2328665775457117,5.618,6.732000000000001,73.6585636366036,1.8895930916915935,69.34361713036182,77.4091845804506,47.84596147784222,3.855198068268497,33.2011166277144,54.11999771525449,97.62,0.2467964233457808,97.08,98.18,33.64973333333333,0.2555821448543757,33.136,34.168,0.0,0.0,0,0,51.04349944206591,5.365313097176011,41.98935246596568,66.75788290778048,73.7,4.005504686879066,65,82,47.31666666666667,9.492676332563027,17.3,68.9,51.608333333333334,12.128538856855752,31.5,81.1,97.605,0.6818282998735652,96.1,99.0,33.65933333333333,0.5068910445780699,32.38,34.71,6.083333333333333,0.5589568573347872,4.79,7.2,73.57696159154203,1.5130833102046577,70.51390674725748,76.44199239435213,74.05382653976321,1.1066278369444809,72.72995238747603,76.61024670035407,0.0207181816981917,1.4432555455482226,-3.018509769900362,2.783636116530019,50.25684836141202,0.0,50.25684836141202,50.25684836141202,3.0956452348660477,0.9909317344901026,1.1320758047523367,5.927049230690279,2.682511222542771,1.148952888748825,1.0046819295206382,5.519101478034051,47.51973353534026,1.3961284054562462,44.03774818428068,49.35560683047664,540.0,0.0,540.0,540.0,0.375,0.0,0.375,0.375,0.3166666666666666,0.0,0.3166666666666666,0.3166666666666666,0.1962962962962963,0.0,0.1962962962962963,0.1962962962962963,70.6,0.0,70.6,70.6,94.9,0.0,94.9,94.9,0.95,0.5016920522135438,0,2,76.13333333333334,4.6812524279070065,64.0,87.0,2.51125,0.914066452077506,1.225,4.9,62.45392946455503,2.935527964944435,57.06237155251263,72.3078721575263,47.993973925911845,1.4320337138209551,43.555290747999216,49.67018464803069,0.0,0.0,0.0,0.0,0.05,0.2197841776510827,0.0,1.0,0.0,0.0,0.0,0.0,0.0,0.0,0.0,0.0,0.05,0.2197841776510827,0.0,1.0,57.52166666666667,1.6778811968475185,52.8,61.6,user_001,60
2024-01-03 16:00:00,4.616666666666666,2.2481002651705477,1,12,11685.9,83.92767265502039,11545,11819,5.823066666666667,0.2316986548658983,5.4079999999999995,6.27,71.40484155847005,1.9164491345821844,68.02397394296112,75.23111506093831,47.14535426129326,4.093710999846142,35.930099095971904,56.30858579188227,97.51,0.28385959766483,96.76,98.14,33.54203333333333,0.1785597717583541,33.176,34.034,0.0,0.0,0,0,51.680817175173274,5.073158553791644,40.733367970928704,61.665442361756654,71.41666666666667,4.676996235332109,61,80,47.51833333333333,10.94447452365211,13.9,71.4,51.443333333333335,13.560278066578793,11.2,88.1,97.51,0.702947788402765,96.0,99.5,33.544333333333334,0.4625000839822787,32.51,34.74,5.8308333333333335,0.5669851630697605,4.55,7.12,71.40714461046477,1.22720095056714,69.41715418303995,74.33161866376376,72.06289187912505,1.172903933894638,70.79181171529068,73.98530849710116,0.0059125540983065,1.7385454825056927,-3.511986971480553,3.2399955564443985,50.25684836141202,0.0,50.25684836141202,50.25684836141202,4.09242714844885,1.4477880509884276,1.030373897667281,7.736715296474879,3.368999383105666,1.496997819421218,0.70914040363506,6.916975984496088,46.58658814659586,0.9418080827056388,45.36493266185775,48.35985607658544,540.0,0.0,540.0,540.0,0.375,0.0,0.375,0.375,0.3166666666666666,0.0,0.3166666666666666,0.3166666666666666,0.1962962962962963,0.0,0.1962962962962963,0.1962962962962963,70.6,0.0,70.6,70.6,94.9,0.0,94.9,94.9,0.75,0.6001412263171261,0,2,72.26666666666667,5.16463419108106,61.0,81.0,2.245833333333333,0.9874119427233846,1.225,4.9,61.532935418967966,4.650010450193876,55.47658450893069,72.32426424319969,48.09216030309887,2.488193365593603,43.29629193187418,51.7309361619338,0.0,0.0,0.0,0.0,0.0166666666666666,0.1290994448735805,0.0,1.0,0.0,0.0,0.0,0.0,0.0,0.0,0.0,0.0,0.0166666666666666,0.1290994448735805,0.0,1.0,58.669999999999995,2.245470016103608,54.3,62.9,user_001,60
2024-01-03 17:00:00,4.8,2.1056823846641124,2,11,11965.483333333334,82.4788605000001,11822,12107,5.647566666666666,0.3368176273954404,4.928,6.2379999999999995,68.82987129065214,2.022869604218159,64.39093344464918,72.58068762441455,50.10944168608085,5.186225098348979,37.46204054272527,60.43651562820488,97.567,0.3025725854923497,97.0,98.24,33.59453333333333,0.2571124839025372,33.054,34.31400000000001,0.0,0.0,0,0,50.81279081505575,6.767482764733773,37.53987584739747,66.47984612786648,68.66666666666667,4.859611014169712,56,79,50.44666666666667,10.750805514427254,24.9,75.0,50.455000000000005,13.901803626429077,18.1,84.3,97.56333333333332,0.8883362217864661,95.8,99.5,33.589333333333336,0.4810612092090274,32.17,34.84,5.646166666666667,0.6645556478125428,4.18,7.58,69.01336886242834,1.69188521748673,66.65279131548854,73.85539312113511,69.60875089574073,0.9706617683604448,68.58470456944676,71.43748488127957,-0.0816023119927344,1.8495485873689357,-4.195466722324596,4.1195407731631235,50.25684836141202,0.0,50.25684836141202,50.25684836141202,3.644368416989365,1.0084509305526597,1.701951860361136,5.647459626328657,3.379298094204195,1.3298946846098587,1.1343759402287192,5.986396871629636,49.09100919643574,0.6404716185325252,47.91075999762407,50.290899165180136,540.0,0.0,540.0,540.0,0.375,0.0,0.375,0.375,0.3166666666666666,0.0,0.3166666666666666,0.3166666666666666,0.1962962962962963,0.0,0.1962962962962963,0.1962962962962963,70.6,0.0,70.6,70.6,94.9,0.0,94.9,94.9,0.8333333333333334,0.6152487898779871,0,2,69.56666666666666,6.951080068902507,59.0,83.0,2.3887500000000004,1.0680493168484022,1.225,4.9,55.48280203236806,5.392766645129119,45.51455582915061,65.53039604345497,51.961591599154886,2.190312955048073,48.35094225229911,56.71815070415992,0.0,0.0,0.0,0.0,0.0166666666666666,0.1290994448735805,0.0,1.0,0.0,0.0,0.0,0.0,0.0,0.0,0.0,0.0,0.0166666666666666,0.1290994448735805,0.0,1.0,61.725,2.379048734548313,55.5,66.4,user_001,60
2024-01-03 18:00:00,5.15,2.1771151803417697,0,10,12260.383333333331,87.60022669784668,12110,12416,5.3823,0.3194316616127429,4.562,5.93,64.29216770010625,2.731452333822178,58.94692769710221,72.57738162117225,53.597846424439055,4.594289279464463,41.983898898330075,61.45421096143462,97.53933333333332,0.3198933438076352,96.62,98.36,33.497699999999995,0.1817682730422064,33.117999999999995,33.896,0.0,0.0,0,0,45.756127096847,5.078521533236965,32.89747083305122,55.74833763143385,64.1,5.806775703245014,51,80,53.6,10.582348590691732,26.3,78.2,45.76833333333333,12.73574299825158,9.0,68.9,97.53666666666666,0.7668926220699407,95.7,99.2,33.498333333333335,0.4724123689401932,31.99,34.39,5.372833333333333,0.6719995249863804,3.63,6.8,64.46975897569688,2.357893251083056,60.422521801107074,68.73237512259637,65.6993016394108,1.9025237912646693,62.355574762670635,68.80086040777441,-0.0960838500531218,2.126182729241344,-4.5257938737240835,4.2673219227106856,50.25684836141202,0.0,50.25684836141202,50.25684836141202,3.7118711292680655,1.199410160580275,1.831168397113856,5.76168823896896,3.4165362862369917,1.2393423168387143,1.0758114764588642,6.109674462710439,52.74697992868922,1.245260476880941,50.27446395017683,55.50428043021656,540.0,0.0,540.0,540.0,0.375,0.0,0.375,0.375,0.3166666666666666,0.0,0.3166666666666666,0.3166666666666666,0.1962962962962963,0.0,0.1962962962962963,0.1962962962962963,70.6,0.0,70.6,70.6,94.9,0.0,94.9,94.9,0.85,0.684575830567082,0,2,76.43333333333334,6.608588830278638,64.0,91.0,2.470416666666667,1.224826965180294,1.225,4.9,45.77254087135179,5.414436326785578,37.28919142376712,58.505851626907905,58.97238257141328,2.661502728460272,54.84351845512533,63.193565879494464,0.0333333333333333,0.1810203347193925,0.0,1.0,0.0166666666666666,0.1290994448735805,0.0,1.0,0.0,0.0,0.0,0.0,0.0,0.0,0.0,0.0,0.05,0.2867113353714995,0.0,2.0,64.86166666666666,1.9796500004530544,57.7,68.3,user_001,60
2024-01-03 19:00:00,5.683333333333334,2.295844932656006,1,11,12591.55,97.5497135319714,12419,12757,4.9514000000000005,0.3258231401298372,4.182,5.587999999999999,60.44379849669766,2.308671659902035,54.43229029879601,66.18490724992269,51.15861917420704,4.6793736513076984,42.40231952488819,62.798109731558725,97.41333333333334,0.3545857772758626,96.84,98.2,33.55023333333334,0.1825863498217828,33.148,34.007999999999996,0.0,0.0,0,0,49.26733859604565,6.007733499238439,34.09485424858847,62.52043240952247,60.25,5.071104583314689,46,75,51.12166666666667,11.016814447242531,26.0,76.8,49.335,14.811846209557848,21.9,81.4,97.425,0.771444825404946,96.0,99.0,33.552,0.4938221734420717,32.46,34.3,4.954166666666667,0.7210122161372918,3.07,6.37,60.64656020170674,1.7029683554938546,57.382271307577625,63.9928363586306,61.20543215529366,0.6341697906634909,60.35927677052763,62.49260539733598,-0.09689924834883,1.8481660350235347,-4.3719224465883855,4.407546375038649,50.25684836141202,0.0,50.25684836141202,50.25684836141202,3.725540882578788,1.3140978109971255,1.5644004456725262,5.983948193128738,3.298707696093039,1.4541184566544538,1.1652482112745428,7.051157214340091,51.94416487974908,1.5726401313661913,49.45068215416052,55.02930982083699,540.0,0.0,540.0,540.0,0.375,0.0,0.375,0.375,0.3166666666666666,0.0,0.3166666666666666,0.3166666666666666,0.1962962962962963,0.0,0.1962962962962963,0.1962962962962963,70.6,0.0,70.6,70.6,94.9,0.0,94.9,94.9,1.05,0.6489887831680653,0,2,85.56666666666666,5.878333289282519,75.0,101.0,2.7970833333333336,1.2576131858171824,1.225,4.9,44.217592813891216,4.897771695283416,32.167505807592434,52.437205472173346,59.91947078674566,2.0785916781683973,55.96751755834517,64.38294872968837,0.0166666666666666,0.1290994448735805,0.0,1.0,0.0333333333333333,0.1810203347193925,0.0,1.0,0.0,0.0,0.0,0.0,0.0,0.0,0.0,0.0,0.05,0.2197841776510827,0.0,1.0,63.135,1.6741124640754812,59.8,67.5,user_001,60
2024-01-03 20:00:00,4.983333333333333,1.9956874408538832,0,9,12913.0,86.30434912544392,12761,13056,4.801666666666667,0.2510542291790771,4.13,5.276000000000001,57.518073864500785,1.7019871107723326,53.619756950511736,60.50692260348692,53.45000638306145,4.438568059355705,39.898173179727095,62.01988226796416,97.564,0.2677666578400817,96.9,98.18,33.42863333333334,0.2868168946792475,32.682,33.839999999999996,0.0,0.0,0,0,46.34791456409097,5.644789441457331,33.02631488933472,56.96779351163122,57.53333333333333,4.717319932401529,47,66,53.57333333333334,11.233603745341236,25.4,81.3,45.85166666666667,14.029393981217648,12.9,79.2,97.555,0.716257931005873,96.2,99.0,33.423833333333334,0.4824516895693924,32.36,34.69,4.796166666666666,0.6799254487215558,3.2,6.48,57.49058648428749,1.1782453628136391,54.08760398087766,59.099508366696725,57.95547865174131,0.921887599152302,56.805981959556355,60.261740069240645,0.0076297344162731,1.7952958076012793,-4.233056405799303,3.683229859828451,50.25684836141202,0.0,50.25684836141202,50.25684836141202,4.005607552469964,1.236849184639567,0.8298161579117217,6.323885479000807,3.5825098612778157,1.5282574659729171,0.5886535863697142,8.275438014377023,53.24897228501729,0.564782669129554,51.62823444807768,54.15466126863246,540.0,0.0,540.0,540.0,0.375,0.0,0.375,0.375,0.3166666666666666,0.0,0.3166666666666666,0.3166666666666666,0.1962962962962963,0.0,0.1962962962962963,0.1962962962962963,70.6,0.0,70.6,70.6,94.9,0.0,94.9,94.9,0.9166666666666666,0.5612234416098719,0,2,76.28333333333333,5.602940107935066,67.0,87.0,2.4908333333333337,1.007808146368646,1.225,4.9,38.23899424426737,3.2542551858438222,30.18153805058467,45.14407182918629,63.90088689821844,0.8114968001567926,62.51138351257887,65.94739222604134,0.0333333333333333,0.1810203347193925,0.0,1.0,0.0333333333333333,0.1810203347193925,0.0,1.0,0.0,0.0,0.0,0.0,0.0,0.0,0.0,0.0,0.0666666666666666,0.2515488742932317,0.0,1.0,63.09666666666667,1.6537545025795872,57.8,65.9,user_001,60
2024-01-03 21:00:00,5.133333333333334,2.0123909943458536,2,11,13203.75,90.20797533233764,13060,13364,4.3301,0.2693828288413656,3.648000000000001,5.25,53.33494809619648,2.3859582470386824,46.903555931699806,59.25221341053081,55.225557300127925,3.572501017223638,48.46232174367908,61.87444984619702,97.439,0.2869459288815502,96.84,98.14,33.427166666666665,0.2358779608809999,33.006,33.89,0.0,0.0,0,0,44.161714059412375,4.821738240380156,33.06870429650538,59.23482763246117,53.06666666666667,5.141610466778906,40,66,55.21333333333334,8.330370546760072,34.1,71.9,44.52333333333333,13.506914320572143,18.1,93.2,97.44833333333332,0.8755611598470843,95.2,99.5,33.4315,0.4901671281913157,32.37,34.98,4.335,0.7062901406021925,2.87,5.94,53.63009227038489,1.8699203531724808,49.50812876985824,58.51847524685,54.60244872190557,1.552961135713366,52.73812222778783,57.3866298747947,-0.1341407147649075,1.881031324409323,-4.8369389281726995,4.2938637819243155,50.25684836141202,0.0,50.25684836141202,50.25684836141202,2.96532616638666,0.9924709044998564,1.0067544715228045,5.5709292666239145,2.3806941568700286,0.9461241622564333,0.7644576760487749,4.954035549323186,54.20070085531703,0.937690703783564,52.51855850002951,56.58382412875369,540.0,0.0,540.0,540.0,0.375,0.0,0.375,0.375,0.3166666666666666,0.0,0.3166666666666666,0.3166666666666666,0.1962962962962963,0.0,0.1962962962962963,0.1962962962962963,70.6,0.0,70.6,70.6,94.9,0.0,94.9,94.9,0.85,0.6057632809459261,0,2,75.5,9.054449229382064,62.0,95.0,2.4091666666666667,1.0570783074222077,1.225,4.9,31.906564221080146,4.567990879561651,20.830405239239628,40.02842761273333,67.2860990370599,1.9444460060163404,62.85950739014723,71.83663089543504,0.0333333333333333,0.1810203347193925,0.0,1.0,0.0,0.0,0.0,0.0,0.0,0.0,0.0,0.0,0.0,0.0,0.0,0.0,0.0333333333333333,0.1810203347193925,0.0,1.0,61.913333333333334,1.3020800395438572,59.0,64.8,user_001,60
2024-01-03 22:00:00,0.0,0.0,0,0,13364.0,0.0,13364,13364,3.927333333333334,0.3259836050086921,3.224,4.554,51.02742205396089,2.2489346167319764,46.05511656431647,54.48906373129802,53.9947343480026,4.109399318685188,44.2242454975607,62.40162570805993,97.44766666666666,0.2460285684573546,96.88,98.0,33.53686666666667,0.2448181245829107,32.872,33.988,1.0,0.0,1,1,46.164379893973845,4.6044184896726685,32.838982854364716,59.15681875292605,51.05,5.391220106551776,40,62,53.885,10.530179791469752,27.4,88.6,46.306666666666665,11.876566682261002,6.0,72.9,97.44666666666669,0.6820871922658471,96.2,98.6,33.528666666666666,0.4650294930200998,32.47,34.64,3.927,0.7495836132282638,2.47,5.53,50.93878400065519,1.6734701809282602,47.36736620551962,53.93320464999717,51.06224931156098,0.925911315054186,49.473162109654794,52.74763704074744,0.0112889730195538,2.0011064434194994,-3.6273330247565454,3.9148154425382486,50.25684836141202,0.0,50.25684836141202,50.25684836141202,3.663510891819387,1.4300050590347275,1.062596995781874,7.455570863050444,3.039828615115509,1.3188998541739354,0.7557546482242389,6.508353972981484,54.22410878334786,1.2156198928827546,51.95371648956916,56.366993863613565,540.0,0.0,540.0,540.0,0.375,0.0,0.375,0.375,0.3166666666666666,0.0,0.3166666666666666,0.3166666666666666,0.1962962962962963,0.0,0.1962962962962963,0.1962962962962963,70.6,0.0,70.6,70.6,94.9,0.0,94.9,94.9,0.0,0.0,0,0,9.783333333333331,21.94530308935413,0.0,84.0,1.225,0.0,1.225,1.225,29.981606805860583,3.086879143189055,23.21911012130892,36.60813917863265,69.1848701691702,1.563828791938501,66.52874845560422,72.64242260279124,0.0,0.0,0.0,0.0,0.0166666666666666,0.1290994448735805,0.0,1.0,0.0,0.0,0.0,0.0,0.0,0.0,0.0,0.0,0.0166666666666666,0.1290994448735805,0.0,1.0,60.64666666666667,1.8401793083842897,55.8,64.5,user_001,60
2024-01-03 23:00:00,0.0,0.0,0,0,13364.0,0.0,13364,13364,3.9431,0.3034889605118155,3.414,4.658,48.946661353348766,2.2716840026874294,44.04811020364972,52.896449184835866,55.00031328900768,4.022370202119301,46.524438427832024,63.998989609056046,97.54566666666666,0.4073409710140465,96.36,98.34,33.38596666666667,0.1812253926409126,32.984,33.756,1.0,0.0,1,1,45.134769619975025,5.439946863397287,29.811256427373554,57.47585075192541,48.916666666666664,4.770288221639666,40,60,55.108333333333334,9.037104149694713,34.9,75.7,45.08166666666667,10.826387908311938,20.3,71.7,97.53333333333332,0.798657064918751,95.5,99.3,33.397166666666664,0.418131808213089,32.46,34.33,3.9506666666666663,0.5767526469980081,2.67,5.28,49.004527652790706,1.9377988453937305,45.682041677666994,52.27237721794436,49.85447001001251,1.1771262234000304,48.45320924724958,52.07515474766529,-0.0149973433410512,1.7170318866587169,-3.7000664663357057,3.718052775697131,50.25684836141202,0.0,50.25684836141202,50.25684836141202,3.1380779230517835,0.9211659059551977,1.35638347663997,5.111483143662977,2.9419426770006325,0.9189291790330778,0.7183058869536425,5.08368219140018,55.42925109426655,1.0309361439010918,53.63209382608593,57.175010664778455,540.0,0.0,540.0,540.0,0.375,0.0,0.375,0.375,0.3166666666666666,0.0,0.3166666666666666,0.3166666666666666,0.1962962962962963,0.0,0.1962962962962963,0.1962962962962963,70.6,0.0,70.6,70.6,94.9,0.0,94.9,94.9,0.0,0.0,0,0,0.0,0.0,0.0,0.0,1.225,0.0,1.225,1.225,26.823680401795723,4.766995849844128,16.136528953988808,34.919228608158875,71.2322731784328,1.8346228099393416,68.6208453694113,75.2177924883753,0.0333333333333333,0.1810203347193925,0.0,1.0,0.0333333333333333,0.1810203347193925,0.0,1.0,0.0,0.0,0.0,0.0,0.0,0.0,0.0,0.0,0.0666666666666666,0.2515488742932317,0.0,1.0,60.248333333333335,1.416068999882906,56.0,62.9,user_001,60
2024-01-04 00:00:00,0.0,0.0,0,0,13364.0,0.0,13364,13364,3.883966666666667,0.2784568838405545,3.2840000000000003,4.4079999999999995,49.31760761888231,2.096731580950379,44.4819863337436,53.3445633741974,54.773972212501995,4.365039068070299,42.54201806108423,66.50149774321956,97.59966666666666,0.3795178326649963,96.86,98.28,33.5351,0.2660861145174304,33.029999999999994,34.072,1.0,0.0,1,1,45.492577562105616,6.179808583757463,31.20956667650152,60.38587224602973,49.3,4.965303343012951,40,60,54.73166666666667,11.626686014665392,27.1,76.6,45.53666666666666,14.790009989186148,18.2,80.8,97.62,0.7653070725233367,96.3,99.5,33.527166666666666,0.5293234942659559,31.99,34.69,3.8838333333333335,0.663340523198692,1.98,5.39,49.32560676146875,1.5474296676670376,45.86555228303667,51.48408471094685,49.100763257133714,0.459807308884978,48.28661151729611,49.97280000277628,-0.008803809441153,1.838225696270738,-3.562142222193927,4.291905185204051,50.25684836141202,0.0,50.25684836141202,50.25684836141202,4.199366235594928,1.1800017183044302,1.9124268804084112,6.769640935725522,3.639005584953314,1.3638422410648918,1.3331117495027882,7.044864187710228,54.99979249088162,0.8407195921614068,53.81877780658934,56.56240334083567,540.0,0.0,540.0,540.0,0.375,0.0,0.375,0.375,0.2796296296296296,0.0,0.2796296296296296,0.2796296296296296,0.2111111111111111,0.0,0.2111111111111111,0.2111111111111111,72.0,0.0,72.0,72.0,94.9,0.0,94.9,94.9,0.0,0.0,0,0,0.0,0.0,0.0,0.0,1.225,0.0,1.225,1.225,27.410486157028345,3.6837102700026088,19.66136913745897,36.052973538980865,71.21599561528816,1.922475753801794,67.9180914206624,74.79124804064001,0.0,0.0,0.0,0.0,0.0333333333333333,0.1810203347193925,0.0,1.0,0.0,0.0,0.0,0.0,0.0,0.0,0.0,0.0,0.0333333333333333,0.1810203347193925,0.0,1.0,60.65333333333333,1.868695426994473,56.4,64.4,user_001,60
2024-01-04 01:00:00,0.0,0.0,0,0,13364.0,0.0,13364,13364,3.8727333333333336,0.3174863064799171,3.054,4.534000000000001,49.20834666842976,1.938906116720981,44.11419614398079,52.72406497776507,56.649578346938114,4.6088054926477575,48.869652806518296,68.37294259893353,97.467,0.3235570313598152,96.76,98.22,33.53273333333333,0.2480336135412451,32.976000000000006,34.120000000000005,1.0,0.0,1,1,42.32896574809151,5.755087860487568,30.069710205788255,53.91104451103892,49.25,4.451718388461863,40,57,56.78833333333333,9.465639764864925,35.7,77.1,41.97833333333333,12.287834574532384,12.8,73.1,97.455,0.8308511053865411,95.9,99.3,33.53766666666667,0.519231396332939,32.46,34.51,3.869333333333333,0.7041881168798593,1.55,5.42,49.200556004650174,1.380205770004849,46.0077606902961,51.43209839060239,49.43735862863798,0.4372484758112219,48.409552674098954,50.015871552951495,0.0208266657851169,1.6318887777289384,-3.2851140313612177,4.100706953670759,50.25684836141202,0.0,50.25684836141202,50.25684836141202,3.2115878843934547,1.0117008639481528,1.179112738202398,5.886367203897757,2.7381084480936217,0.8960535042545834,0.7264701384313234,5.040195521582095,56.156047926271995,1.9341922316445748,52.99775585735874,59.208757963865224,540.0,0.0,540.0,540.0,0.375,0.0,0.375,0.375,0.2796296296296296,0.0,0.2796296296296296,0.2796296296296296,0.2111111111111111,0.0,0.2111111111111111,0.2111111111111111,72.0,0.0,72.0,72.0,94.9,0.0,94.9,94.9,0.0,0.0,0,0,0.0,0.0,0.0,0.0,1.225,0.0,1.225,1.225,25.131735406850883,4.309549179339109,16.126720028532507,33.0544514647507,72.72021133615294,2.1191468089834835,69.7362621625766,76.86655869230223,0.0,0.0,0.0,0.0,0.0,0.0,0.0,0.0,0.0,0.0,0.0,0.0,0.0,0.0,0.0,0.0,0.0,0.0,0.0,0.0,61.22,2.051109662465084,57.1,65.7,user_001,60
2024-01-04 02:00:00,0.0,0.0,0,0,13364.0,0.0,13364,13364,4.2746,0.3105560458711415,3.624,4.788,51.89885490354913,2.148184242422536,47.518028703722315,55.99002847127207,53.33424949453242,5.292104592083232,42.69972039487541,64.91355635556585,97.573,0.2609454777781774,97.02,98.24,33.540333333333336,0.2106581025220554,33.098,33.971999999999994,1.0,0.0,1,1,46.09703476498712,6.179049465823702,28.64627039225938,57.962957840988686,51.81666666666667,4.8485247334004065,41,61,53.27833333333333,10.6197623846932,29.1,79.4,46.11333333333334,12.498209589291305,18.2,73.6,97.575,0.7769180747770343,95.9,99.6,33.53666666666667,0.5074284341847719,32.3,34.58,4.2665,0.6599764376893198,2.57,5.49,51.90968814144415,1.5151154260069402,49.27951942635417,55.17638096341993,51.21910514778211,1.5653745138531228,48.36192400495486,53.052709814715406,-0.0410941184412289,1.7557015586165643,-4.226694507005583,2.886217969818915,50.25684836141202,0.0,50.25684836141202,50.25684836141202,3.4862581374703856,1.2820993985195304,0.8982595053691486,6.084232152045333,3.112667315198691,1.745150823327469,0.7689895819530342,7.771968823088062,53.7316731219918,1.5427671144061412,50.74139846992056,56.35421420105772,540.0,0.0,540.0,540.0,0.375,0.0,0.375,0.375,0.2796296296296296,0.0,0.2796296296296296,0.2796296296296296,0.2111111111111111,0.0,0.2111111111111111,0.2111111111111111,72.0,0.0,72.0,72.0,94.9,0.0,94.9,94.9,0.0,0.0,0,0,0.0,0.0,0.0,0.0,1.225,0.0,1.225,1.225,31.749804323783582,6.244948741250976,20.12457900013938,41.46593638740226,68.77779815325832,3.317478943586838,62.99977682351555,74.74581242892476,0.0,0.0,0.0,0.0,0.0,0.0,0.0,0.0,0.0,0.0,0.0,0.0,0.0,0.0,0.0,0.0,0.0,0.0,0.0,0.0,61.13666666666666,1.8974529463509289,57.5,65.7,user_001,60
2024-01-04 03:00:00,0.0,0.0,0,0,13364.0,0.0,13364,13364,4.265533333333334,0.275353299504514,3.788,4.89,53.82650791755025,2.232769262534522,47.34881758301456,59.06297009744977,54.49600413027569,3.928719111427458,47.05993570699201,62.93080511367227,97.674,0.2540065393526289,97.1,98.22,33.491366666666664,0.2458591278241733,33.056,33.936,1.0,0.0,1,1,43.86209738220956,5.381656170892802,32.348175797539454,55.051298646030894,54.016666666666666,4.304084251375412,45,64,54.66166666666666,10.780209294321631,31.4,81.1,43.865,13.23908984787096,6.3,72.4,97.675,0.6900319324470494,96.1,99.1,33.489333333333335,0.5390791478842553,32.46,34.7,4.268833333333333,0.5630097439222632,3.18,5.45,53.7230396325388,1.9633735968359027,48.332506375200886,57.32381494756612,53.13478148444233,1.42029340630528,50.94585663566624,55.03585748444911,0.0950793745582056,1.5575021113721883,-4.020990032483255,3.692092031721699,50.25684836141202,0.0,50.25684836141202,50.25684836141202,3.78242855880004,1.3670566143276586,0.7899890093758342,6.615452857535691,2.972796328700076,1.1670669755413663,0.4565619632970397,6.2006909204200715,54.070517192979125,0.8284642215439306,52.45299892272679,55.64076056341298,540.0,0.0,540.0,540.0,0.375,0.0,0.375,0.375,0.2796296296296296,0.0,0.2796296296296296,0.2796296296296296,0.2111111111111111,0.0,0.2111111111111111,0.2111111111111111,72.0,0.0,72.0,72.0,94.9,0.0,94.9,94.9,0.0,0.0,0,0,0.0,0.0,0.0,0.0,1.225,0.0,1.225,1.225,32.86601087317118,4.318275280756071,22.863495453113085,41.366205220123746,67.7825617231242,1.9040531050102505,64.69876195040418,70.45988091377902,0.0,0.0,0.0,0.0,0.0,0.0,0.0,0.0,0.0,0.0,0.0,0.0,0.0,0.0,0.0,0.0,0.0,0.0,0.0,0.0,62.43,1.3684458585550998,59.9,66.1,user_001,60
2024-01-04 04:00:00,0.0,0.0,0,0,13364.0,0.0,13364,13364,4.680533333333333,0.2399276350412705,3.996,5.2,57.151378829315114,1.932911926814365,53.17272810760424,62.41474512327412,54.38450416315145,4.332019590632002,42.94795622068174,63.353870075781515,97.61266666666668,0.3395903148220066,96.66,98.24,33.54203333333333,0.1972892539331869,33.122,33.958000000000006,1.0,0.0,1,1,46.018681023812675,5.27547047325031,33.88431566744423,61.998017095217506,57.18333333333333,4.911044856435432,43,66,54.07,10.21579534721948,34.3,83.4,46.538333333333334,12.788065035205005,12.0,74.3,97.615,0.784775688560705,95.7,99.0,33.553666666666665,0.4998541030078524,32.6,34.81,4.6845,0.552692715067003,3.35,6.15,57.09863666231862,1.505186442545695,53.00401336009268,60.6438902626355,56.509011035000555,1.1608936149740112,54.26196913824402,57.984595970767245,0.0159772520091087,1.8508962097036457,-5.086364053802114,4.220661818629672,50.25684836141202,0.0,50.25684836141202,50.25684836141202,3.709306917428136,0.9528589235348418,1.6092334455274533,5.920301425466536,3.176691163679622,1.0339284338211912,1.28222541829737,5.934059539719021,54.57223454895246,0.8983297063577949,53.14649475299542,56.12292654761295,540.0,0.0,540.0,540.0,0.375,0.0,0.375,0.375,0.2796296296296296,0.0,0.2796296296296296,0.2796296296296296,0.2111111111111111,0.0,0.2111111111111111,0.2111111111111111,72.0,0.0,72.0,72.0,94.9,0.0,94.9,94.9,0.0,0.0,0,0,0.0,0.0,0.0,0.0,1.225,0.0,1.225,1.225,36.41740296872688,5.088908214785514,26.200687293771296,45.92551175990006,65.60320842442707,2.2558391120654666,60.80461648436837,69.79395415233593,0.0,0.0,0.0,0.0,0.0333333333333333,0.1810203347193925,0.0,1.0,0.0,0.0,0.0,0.0,0.0,0.0,0.0,0.0,0.0333333333333333,0.1810203347193925,0.0,1.0,63.71,1.363283672931409,59.9,67.0,user_001,60
2024-01-04 05:00:00,0.0,0.0,0,0,13364.0,0.0,13364,13364,4.8293333333333335,0.3030647224417593,3.812,5.1899999999999995,60.18647867130702,2.3522012628668616,51.99155521193008,65.32757437116685,53.159595671374646,3.769829219256672,44.07244080341417,61.59951627656492,97.364,0.423204882865682,96.76,98.58,33.454766666666664,0.138646773073216,33.188,33.814,1.0,0.0,1,1,47.82724912056973,6.1773936759955985,32.7055555701578,62.06123276187171,60.45,5.416312461256836,46,71,53.24666666666667,9.87842138398378,30.0,72.8,47.28666666666666,14.848425890054116,10.2,86.7,97.35666666666664,0.8654119557224452,95.7,99.5,33.442166666666665,0.4906277254413483,32.54,35.07,4.830333333333333,0.6899962335113772,2.78,6.7,59.92246249557227,1.8956489175128393,55.36461344705367,62.717323290645574,59.19342635519149,1.1276733898660112,57.11508177156623,61.00316533493799,0.1317606643464902,2.018576134088916,-4.728624130198035,4.340965125174897,50.25684836141202,0.0,50.25684836141202,50.25684836141202,3.4956468292125993,1.2072972313143582,0.5622815140730625,5.539690337795539,2.8740971599997422,1.1325156339633382,0.6859340159546782,5.272320699025997,53.889145652387384,0.9990457503990064,52.4615119955034,56.09012872537698,540.0,0.0,540.0,540.0,0.375,0.0,0.375,0.375,0.2796296296296296,0.0,0.2796296296296296,0.2796296296296296,0.2111111111111111,0.0,0.2111111111111111,0.2111111111111111,72.0,0.0,72.0,72.0,94.9,0.0,94.9,94.9,0.0,0.0,0,0,0.0,0.0,0.0,0.0,1.225,0.0,1.225,1.225,41.11449905793699,4.016062723511071,31.544536414953892,49.6785387448799,63.4411733492543,2.1692555840024292,60.337565455805816,68.62628670041717,0.0,0.0,0.0,0.0,0.05,0.2197841776510827,0.0,1.0,0.0,0.0,0.0,0.0,0.0,0.0,0.0,0.0,0.05,0.2197841776510827,0.0,1.0,64.21166666666666,1.5551000476471226,60.2,68.3,user_001,60
2024-01-04 06:00:00,0.0,0.0,0,0,13364.0,0.0,13364,13364,5.271133333333334,0.2219776646778208,4.708,5.779999999999999,64.65451038107273,2.1046614221834687,59.71891398823701,69.12810420634007,49.7880124815952,5.73746522529781,35.71563709866351,58.79646431556571,97.393,0.2752336449673886,96.62,97.92,33.469233333333335,0.2586947921397477,32.762,34.013999999999996,1.0,0.0,1,1,51.34594697777935,6.55044357374621,38.06815975680704,68.80317012936295,64.7,4.480844351424731,49,76,49.343333333333334,11.844191405769209,16.8,74.2,51.95166666666667,13.069261279639344,20.4,92.0,97.385,0.7304108432930032,95.7,99.6,33.46966666666667,0.5261821772122454,31.66,34.4,5.257333333333333,0.5654182992328289,3.78,6.58,64.6200211300793,1.6515072765731889,61.73147497152867,68.48159254643613,63.813863502099714,1.638046712335718,61.14655466773643,65.91867517556713,0.0227448094636407,1.6201423818028788,-5.35945699411851,3.653921845244952,50.25684836141202,0.0,50.25684836141202,50.25684836141202,3.956959185190172,1.156997403243368,1.987495644893427,6.113423424138366,3.221820412851278,1.2844775131168569,1.2649429130441023,6.256417128386827,49.77085447854396,2.5390346716947603,45.97210049696334,53.27675055695507,540.0,0.0,540.0,540.0,0.375,0.0,0.375,0.375,0.2796296296296296,0.0,0.2796296296296296,0.2796296296296296,0.2111111111111111,0.0,0.2111111111111111,0.2111111111111111,72.0,0.0,72.0,72.0,94.9,0.0,94.9,94.9,0.0,0.0,0,0,0.0,0.0,0.0,0.0,1.225,0.0,1.225,1.225,50.26340414699408,6.820158467795565,40.49848627154796,63.77868485240303,56.133901250299,4.119665870169083,50.216737661554625,61.50854608656984,0.0166666666666666,0.1290994448735805,0.0,1.0,0.0666666666666666,0.2515488742932317,0.0,1.0,0.0,0.0,0.0,0.0,0.0,0.0,0.0,0.0,0.0833333333333333,0.2787178067853021,0.0,1.0,63.93666666666666,2.1369205363164756,60.1,67.9,user_001,60
2024-01-04 07:00:00,4.95,2.2126370492840453,1,11,13517.25,89.28921300651005,13369,13661,5.742366666666667,0.3161487510150273,5.154,6.652000000000001,67.43564056397959,1.868600071943688,62.28552375754743,71.1092655625114,51.28765276665546,5.020328954519845,40.14897368790083,60.175752542719145,97.538,0.4001135432069677,96.7,98.4,33.564933333333336,0.1556969967669901,33.196000000000005,33.868,0.0,0.0,0,0,49.18280364285011,6.526514632773754,37.51279947208976,64.07809393847563,67.48333333333333,5.260958431295501,52,82,51.663333333333334,9.291548313198245,21.7,69.9,48.63666666666666,13.57677436874779,21.0,86.7,97.55333333333331,0.809366076832785,96.0,99.4,33.567,0.4123487909812862,32.13,34.45,5.748,0.7584792992940724,4.36,8.13,67.40254365416281,1.162598032669971,64.38160760068915,69.4003057427217,66.95551908920642,0.9405029098507182,65.11372907018664,68.23160695286356,0.0238463846768761,2.017665315697187,-5.142761878773719,6.026467571519518,50.25684836141202,0.0,50.25684836141202,50.25684836141202,3.145379553246229,1.0662117886418212,1.291505374472182,5.351562144216654,2.9516525366406023,1.2569146181925612,1.03596367515824,6.5810068944508515,51.21085191467978,1.1657175410420395,49.582627784007656,53.331170599090555,540.0,0.0,540.0,540.0,0.375,0.0,0.375,0.375,0.2796296296296296,0.0,0.2796296296296296,0.2796296296296296,0.2111111111111111,0.0,0.2111111111111111,0.2111111111111111,72.0,0.0,72.0,72.0,94.9,0.0,94.9,94.9,0.8666666666666667,0.6500760494407538,0,2,66.68333333333334,20.725397231307294,5.0,87.0,2.470416666666667,1.1608596652607834,1.225,4.9,51.983485302868054,5.395364717012264,43.40687029736165,64.4814525772078,56.03454991721129,2.7887121858254873,50.76540737100245,60.2165238059615,0.0166666666666666,0.1290994448735805,0.0,1.0,0.0333333333333333,0.1810203347193925,0.0,1.0,0.0,0.0,0.0,0.0,0.0,0.0,0.0,0.0,0.05,0.2197841776510828,0.0,1.0,63.585,1.966311612113452,59.4,67.4,user_001,60
2024-01-04 08:00:00,4.65,1.9206725516983512,1,8,13801.716666666667,79.91734960796583,13668,13940,5.9659,0.3342909369224279,5.384,6.708,71.71544159730732,2.3572201319107777,66.94315337364138,77.96782266648775,48.9625747360635,4.902924450593273,37.48581060106791,60.055660038628055,97.37733333333334,0.3970820120501391,96.58,98.12,33.41973333333333,0.2621523600637747,32.80800000000001,33.988,0.0,0.0,0,0,50.24522946233325,6.947941297496157,35.95623663773505,63.75863513420742,72.0,5.135453373941996,59,85,48.73833333333334,10.766097000899086,26.0,80.1,50.67333333333333,13.956954000488482,27.7,85.4,97.38333333333334,0.8413400664087237,95.3,99.3,33.42166666666667,0.5300469012399982,31.96,34.8,5.966166666666667,0.6652337213001173,4.7,7.57,71.35322721289806,2.093891135642983,65.86406785076625,76.6489280838108,70.08393434139037,1.903082975993463,66.7366806193916,72.35365735404278,0.1422792013463369,1.9063748967795768,-4.418606977029725,6.018948875452878,50.25684836141202,0.0,50.25684836141202,50.25684836141202,3.634194648302658,1.2773386817862835,1.4624720712839383,6.207757805694257,3.4458323336399217,1.377372592230507,0.5872972282445054,8.065421655833823,50.382308430028274,2.444949520630146,46.68858843216311,54.1931693412464,540.0,0.0,540.0,540.0,0.375,0.0,0.375,0.375,0.2796296296296296,0.0,0.2796296296296296,0.2796296296296296,0.2111111111111111,0.0,0.2111111111111111,0.2111111111111111,72.0,0.0,72.0,72.0,94.9,0.0,94.9,94.9,0.75,0.5407151573203143,0,2,69.5,6.557438524301993,59.0,84.0,2.205,0.8378468166291457,1.225,4.9,58.75521089534018,5.825002760102173,46.85161293007079,72.60466858627298,51.79979391519819,3.455468436812426,47.43211395497538,57.636897735824526,0.0333333333333333,0.1810203347193925,0.0,1.0,0.0833333333333333,0.2787178067853021,0.0,1.0,0.0,0.0,0.0,0.0,0.0,0.0,0.0,0.0,0.1166666666666666,0.3237317715130933,0.0,1.0,59.565000000000005,2.739097030477896,53.3,65.9,user_001,60
2024-01-04 09:00:00,5.65,2.5098112563244435,1,13,14117.166666666666,100.02951541821048,13946,14279,6.1955,0.2752713607222852,5.686,7.036,74.48893181762428,2.2074534110645367,70.57890989534934,79.97674929122408,49.758359068498734,5.596829241431101,35.139757740253884,61.70069988404028,97.67533333333334,0.2617636834793981,97.06,98.34,33.49896666666667,0.220264399415147,33.022000000000006,34.038,0.0,0.0,0,0,50.08000798603344,5.031715726411782,40.194068992475685,62.77389634798968,74.65,4.786368355433826,67,90,49.669999999999995,11.310191893949728,23.4,74.7,50.125,12.15077070862418,24.4,80.3,97.66166666666666,0.8038238416230145,96.0,99.5,33.50783333333333,0.4887378822171703,32.68,34.73,6.2025,0.5646046314284966,4.85,7.31,74.42226600231736,1.5580595964868469,71.79291656598926,77.25590407573438,74.05324188936993,0.8067271381513705,72.3691049026952,75.00119839449577,0.0805340911878633,1.6992792444587344,-3.658916430408027,5.517438031581932,50.25684836141202,0.0,50.25684836141202,50.25684836141202,3.719498073297193,0.887395200326466,1.486329533664407,5.842127220566319,3.3473373166035114,1.253714465030089,1.3000901230079664,6.6868084846949465,50.023809348446626,2.1660027047241184,46.51017006588651,53.842904572881146,540.0,0.0,540.0,540.0,0.375,0.0,0.375,0.375,0.2796296296296296,0.0,0.2796296296296296,0.2796296296296296,0.2111111111111111,0.0,0.2111111111111111,0.2111111111111111,72.0,0.0,72.0,72.0,94.9,0.0,94.9,94.9,1.0166666666666666,0.7246662976417857,0,3,82.96666666666667,9.59513765751522,67.0,100.0,2.7970833333333336,1.5802615347978264,1.225,8.575,61.41272316663302,5.860617547071959,48.93627700092483,73.09766625942727,49.88283274235265,3.0761029762343344,43.40202565865624,55.59041860723547,0.0,0.0,0.0,0.0,0.0666666666666666,0.2515488742932317,0.0,1.0,0.0,0.0,0.0,0.0,0.0,0.0,0.0,0.0,0.0666666666666666,0.2515488742932317,0.0,1.0,58.080000000000005,2.715604624126322,51.8,64.3,user_001,60
2024-01-04 10:00:00,4.783333333333333,2.336821444457585,1,9,14431.716666666667,81.34777645678541,14288,14566,6.334666666666666,0.3267766907992634,5.522,6.953999999999999,77.92978631261067,2.2037425693272863,72.0625066370554,81.92060562923169,48.53584045452481,3.9977421724437607,37.29941065560421,55.803263918272705,97.346,0.3933394617927229,96.42,98.12,33.490766666666666,0.2122777495119377,33.04,33.980000000000004,0.0,0.0,0,0,53.40488088448664,4.982184770920406,43.33374011241664,68.16199458080523,77.75,5.094446960221346,66,86,48.76833333333333,9.589568691219425,22.9,71.1,53.42333333333333,12.559989834102907,26.9,88.6,97.35666666666664,0.794763938232054,95.9,99.0,33.48466666666666,0.4869499214382317,32.33,34.62,6.335,0.690395366954229,5.05,7.84,77.99501973284399,1.479390515931974,74.25660500232605,81.10206489806572,77.53312441243462,1.08278980596447,74.38204489307454,78.6222013986252,-0.0898931563053359,1.848363746205264,-3.821648760942182,3.979164454314869,50.25684836141202,0.0,50.25684836141202,50.25684836141202,3.4706737842344517,1.3985509231820246,1.1868246856799851,6.232299619588763,3.09455397758518,1.4203495930444352,0.7839474468818112,6.3406254223460055,47.84965878501957,1.4639890126373047,44.81085469283392,50.255946655486646,540.0,0.0,540.0,540.0,0.375,0.0,0.375,0.375,0.2796296296296296,0.0,0.2796296296296296,0.2796296296296296,0.2111111111111111,0.0,0.2111111111111111,0.2111111111111111,72.0,0.0,72.0,72.0,94.9,0.0,94.9,94.9,0.85,0.6331251516304801,0,2,73.8,7.537027242953074,63.0,92.0,2.4295833333333334,1.1161800366848464,1.225,4.9,67.39366710403377,4.021014063766613,60.22499921192582,76.67330714683175,45.397180667979825,2.032446252703134,41.03037365085238,48.106275337598795,0.0166666666666666,0.1290994448735805,0.0,1.0,0.0166666666666666,0.1290994448735805,0.0,1.0,0.0,0.0,0.0,0.0,0.0,0.0,0.0,0.0,0.0333333333333333,0.1810203347193925,0.0,1.0,54.663333333333334,2.035695580673872,49.3,58.9,user_001,60
2024-01-04 11:00:00,4.916666666666667,1.8438322901295263,1,10,14714.25,86.11533948673163,14573,14861,6.5889,0.2184293470690624,6.090000000000001,7.045999999999999,79.66306725913476,2.559909029520496,73.42798441311018,86.59361110397623,45.61674519801006,3.806728967777019,36.666631733581085,54.85426962200656,97.62433333333334,0.3091835430239403,96.98,98.42,33.40723333333333,0.2034829245046636,32.942,33.908,0.0,0.0,0,0,56.49352966222911,4.879693590663304,44.97388289593783,66.72042174578125,79.98333333333333,5.723847427957095,68,95,45.25666666666667,9.565870948619876,28.6,67.8,56.82166666666667,12.345891949251737,28.6,82.5,97.62,0.8033404833589489,95.7,99.3,33.402833333333334,0.4348625018097394,32.46,34.56,6.582166666666667,0.6632485324666834,5.07,8.05,79.38821489596792,1.9295817005634073,75.45380888957808,84.43426645532956,78.65462099017908,0.9381828763823834,76.8677862233073,80.05737192786746,0.1601330370992885,2.119353105206417,-5.226407356932583,4.932336469278752,50.25684836141202,0.0,50.25684836141202,50.25684836141202,3.4647470217402345,0.9178151496577064,1.659137270722309,5.093118432134562,2.7602745060162617,0.9258742446272824,1.107832914266866,5.134800622168061,46.44251050182775,1.136666526124811,44.87860751123354,48.657945671782535,540.0,0.0,540.0,540.0,0.375,0.0,0.375,0.375,0.2796296296296296,0.0,0.2796296296296296,0.2796296296296296,0.2111111111111111,0.0,0.2111111111111111,0.2111111111111111,72.0,0.0,72.0,72.0,94.9,0.0,94.9,94.9,0.8833333333333333,0.4903014177279,0,2,72.71666666666667,5.082678016479994,59.0,83.0,2.3887500000000004,0.8263846238950538,1.225,4.9,71.62876892676088,5.098938288408481,61.137726193021706,82.56242863491748,43.17551377122801,2.3086036459664214,38.5881111100099,46.92552390542919,0.0333333333333333,0.1810203347193925,0.0,1.0,0.0333333333333333,0.1810203347193925,0.0,1.0,0.0,0.0,0.0,0.0,0.0,0.0,0.0,0.0,0.0666666666666666,0.2515488742932317,0.0,1.0,52.666666666666664,2.6845866813566532,46.5,58.5,user_001,60
2024-01-04 12:00:00,4.866666666666666,2.166514553547809,1,12,15013.1,80.37216399825601,14865,15153,6.5389,0.277916564726093,5.884,7.034000000000001,79.4952132820744,1.7504349480122194,75.17747311308415,83.71979451808615,44.50586223208629,4.806125688448676,35.80685197122699,53.2708872525992,97.28633333333332,0.2960872905340908,96.52,97.82,33.52223333333333,0.1946358935896626,33.089999999999996,33.948,0.0,0.0,0,0,55.24637271542451,6.229922491004865,40.047176949690595,65.70071289424185,79.33333333333333,4.627356629711079,69,91,44.54666666666667,9.823294118809269,14.5,67.2,54.92166666666667,11.492238967980745,32.8,82.8,97.29333333333334,0.8235653507801637,95.3,100.0,33.5245,0.4653171872451772,32.52,34.52,6.533,0.6539924324446846,5.5,8.45,79.67904169813792,1.2594464528206717,77.3191490381153,84.02284430355306,79.85040512003148,0.343325876334362,79.2309464936202,80.38819496525794,-0.0809399743705367,1.7687963941719884,-4.165522343904826,4.274175628971946,50.25684836141202,0.0,50.25684836141202,50.25684836141202,3.2758093766154124,1.0960053176848186,0.841367237926857,5.4387377650925774,2.9705812792039765,1.4803692392807146,0.6520747754162683,6.359969060791599,44.19391579293397,1.5495458346286024,41.95140494916097,47.10711681737933,540.0,0.0,540.0,540.0,0.375,0.0,0.375,0.375,0.2796296296296296,0.0,0.2796296296296296,0.2796296296296296,0.2111111111111111,0.0,0.2111111111111111,0.2111111111111111,72.0,0.0,72.0,72.0,94.9,0.0,94.9,94.9,0.85,0.6057632809459259,0,2,72.31666666666666,8.776879617449987,58.0,90.0,2.4091666666666667,1.0570783074222077,1.225,4.9,73.70115385122638,4.807583172419832,63.85835845890893,83.26594703672735,40.56747369565057,2.229068694305961,37.222022091148425,45.73849963002608,0.0166666666666666,0.1290994448735805,0.0,1.0,0.0,0.0,0.0,0.0,0.0,0.0,0.0,0.0,0.0,0.0,0.0,0.0,0.0166666666666666,0.1290994448735805,0.0,1.0,51.855,1.9787365426162056,48.2,56.9,user_001,60
2024-01-04 13:00:00,4.933333333333334,2.2236530233742813,1,10,15302.883333333331,84.88079211492298,15157,15449,6.652933333333333,0.2686759668099152,5.992,7.12,79.39760210833249,1.6305958203452446,76.65196819510733,83.92236855018494,44.05184731466364,4.470767059698095,35.29179643219052,54.725335203398,97.568,0.4024534924178498,96.58,98.54,33.5324,0.2698609309142297,33.024,34.178000000000004,0.0,0.0,0,0,55.16711674157481,5.310007818881492,40.06806638601561,64.38803826334332,79.41666666666667,4.495917796863971,71,94,44.305,9.504992889555911,25.9,66.4,55.14666666666667,12.838203933026948,15.5,86.2,97.565,0.7070648329298415,96.1,99.6,33.530833333333334,0.4495507801737215,32.52,35.0,6.6665,0.7122412108077438,4.65,8.31,79.31513389406028,0.9215996104288312,77.30869605093137,81.37562604438773,79.19598390684499,0.355732530641922,78.77410360962855,79.89903445490653,0.0095322791670857,1.7118261623138105,-3.2971861041654904,5.038815724907522,50.25684836141202,0.0,50.25684836141202,50.25684836141202,3.265622657086493,0.8144755763093467,1.2006457520088043,4.47786856310973,2.6488852434597545,0.9914536368013632,1.054398738969106,5.2798329879360475,44.56678226197812,1.332699081661144,41.90743139389594,46.16561483466175,540.0,0.0,540.0,540.0,0.375,0.0,0.375,0.375,0.2796296296296296,0.0,0.2796296296296296,0.2796296296296296,0.2111111111111111,0.0,0.2111111111111111,0.2111111111111111,72.0,0.0,72.0,72.0,94.9,0.0,94.9,94.9,0.8833333333333333,0.6402241838994505,0,2,74.31666666666666,4.604683196988994,67.0,84.0,2.4908333333333337,1.1492994058528812,1.225,4.9,74.15587121766923,4.362013145614924,63.887683691731034,80.63484611942606,40.713703250609086,2.482078171431719,37.62501751886994,45.58723102011652,0.0333333333333333,0.1810203347193925,0.0,1.0,0.0,0.0,0.0,0.0,0.0,0.0,0.0,0.0,0.0,0.0,0.0,0.0,0.0333333333333333,0.1810203347193925,0.0,1.0,51.99333333333333,1.8103157011563225,48.4,57.0,user_001,60
2024-01-04 14:00:00,4.65,2.161488815216282,0,11,15594.266666666666,82.24763489808058,15454,15728,6.375266666666667,0.2230618874880187,5.9159999999999995,6.952,76.99042481064699,1.8485059352144884,73.72758554667082,82.27394100152422,45.38261038084121,3.99655263166024,34.18754998819666,55.88276492781457,97.42866666666669,0.3444350159696109,96.72,97.98,33.5021,0.2641587671028327,33.00599999999999,33.94199999999999,0.0,0.0,0,0,54.52295904160413,4.79059139786535,42.75553844440819,63.7926599691608,76.85,4.539189056223103,67,89,45.24,10.38588024553414,20.7,69.3,54.498333333333335,13.401599849684866,26.6,83.3,97.42666666666668,0.7222532225709517,95.7,99.0,33.5055,0.4840101728865058,32.7,34.54,6.3575,0.6201875741407951,5.04,7.95,77.14370377141475,1.3549987498498115,74.90637857668047,80.84001292768008,77.59166208714328,1.0761031509661674,76.22205891837513,79.8771340810488,-0.070212405323492,1.690154623228573,-3.9923326963145622,3.5668163732852634,50.25684836141202,0.0,50.25684836141202,50.25684836141202,3.6287998698047343,1.3469051053707226,0.5558038048436904,6.452542301610562,2.7635519056592344,1.1064310183093726,0.3999455576548289,5.565478617449929,44.51328362674228,0.910935466630934,42.68618055102101,46.59811225704728,540.0,0.0,540.0,540.0,0.375,0.0,0.375,0.375,0.2796296296296296,0.0,0.2796296296296296,0.2796296296296296,0.2111111111111111,0.0,0.2111111111111111,0.2111111111111111,72.0,0.0,72.0,72.0,94.9,0.0,94.9,94.9,0.8,0.5461731270812971,0,2,70.1,9.886988539129655,47.0,84.0,2.286666666666667,0.8869996401250235,1.225,4.9,69.76417768431776,3.8002409329495688,61.60349908238163,76.80383693979397,42.93982410017869,1.2335704679118862,40.59626711931976,46.20915908518607,0.05,0.2197841776510827,0.0,1.0,0.0166666666666666,0.1290994448735805,0.0,1.0,0.0,0.0,0.0,0.0,0.0,0.0,0.0,0.0,0.0666666666666666,0.2515488742932317,0.0,1.0,54.151666666666664,1.8827037595776135,49.7,57.5,user_001,60
2024-01-04 15:00:00,4.75,2.4190276797205605,0,12,15874.0,84.08309046232057,15734,16013,6.248266666666667,0.2974641905049553,5.664,6.912000000000001,75.48277218257499,2.3903501557136004,69.81456495603918,80.88969732991362,45.96422748362449,3.9364434787677895,36.645846580988014,54.83077375922128,97.476,0.3532857872284552,96.76,98.18,33.40813333333333,0.1878462648258891,33.028000000000006,33.864,0.0,0.0,0,0,54.07819652441184,5.483547114911068,39.547927141474865,66.39093047339533,75.43333333333334,5.5276398453487365,67,90,45.67333333333333,9.096877219202364,17.9,66.6,54.538333333333334,12.630781497711762,24.9,84.5,97.47333333333331,0.6925430089236614,95.8,99.0,33.40983333333333,0.5064247954497566,32.36,34.73,6.271333333333333,0.6134328708225942,4.62,7.47,75.59914496487487,1.7880707964666454,70.82341507155334,77.85262652448753,76.09067962857019,1.1927499669355806,74.46893527947037,77.68251077327331,-0.024719424620829,2.028620660370936,-3.963232443304534,5.3496129834399255,50.25684836141202,0.0,50.25684836141202,50.25684836141202,3.0080243419838975,0.8279149102099767,1.2782135831631247,5.036075426655496,2.7411152122444475,1.1060942867821313,0.765920191596829,5.156477188966909,46.87963694682965,1.3995566875424603,43.96067051882441,48.91639711494263,540.0,0.0,540.0,540.0,0.375,0.0,0.375,0.375,0.2796296296296296,0.0,0.2796296296296296,0.2796296296296296,0.2111111111111111,0.0,0.2111111111111111,0.2111111111111111,72.0,0.0,72.0,72.0,94.9,0.0,94.9,94.9,0.7833333333333333,0.6131791749276649,0,2,71.85,5.6292968522584985,58.0,84.0,2.307083333333334,1.0358110273902652,1.225,4.9,67.14295441974235,2.705158704722319,62.08837649295926,72.56676262048393,45.75463607604105,1.2733111700075603,42.727450790800575,47.72526490823682,0.0,0.0,0.0,0.0,0.05,0.2197841776510827,0.0,1.0,0.0,0.0,0.0,0.0,0.0,0.0,0.0,0.0,0.05,0.2197841776510827,0.0,1.0,55.52833333333333,1.5985259806254202,51.5,59.0,user_001,60
2024-01-04 16:00:00,5.533333333333333,2.8550678502232714,0,15,16176.666666666666,96.01300523960906,16014,16345,6.032866666666666,0.2225282664708711,5.546000000000001,6.628,72.09886762867983,1.8235050006041524,68.57221782718776,76.34002796204199,46.63282328582819,4.836216590127204,33.07278388866358,61.21235586894725,97.42266666666666,0.3200310719377879,96.88,98.16,33.49013333333333,0.2225881251242502,32.968,33.976000000000006,0.0,0.0,0,0,53.07078751248268,5.708254039708587,40.672987376879895,66.64153613326245,72.05,4.077324646282958,63,80,46.785,11.086544371520592,20.0,81.4,52.955000000000005,12.56704629347616,30.2,83.1,97.40666666666668,0.7967873345486718,95.6,99.6,33.48883333333333,0.5430207152357466,32.17,34.45,6.033333333333333,0.57814626812307,4.7,7.88,72.17138837064304,1.3760595867650702,69.90409978631453,74.71454916659047,73.09174788932707,1.401106011452142,70.93951945553545,75.13953853007942,-0.0244338143399142,1.4911793896964285,-3.466319704182496,2.903857909252224,50.25684836141202,0.0,50.25684836141202,50.25684836141202,3.905584232301481,1.4517653817169676,1.4153010146632088,6.593419162762083,3.396480375178372,1.2257355986610474,1.114030044434988,6.099372886104871,45.59236719411589,0.8286944476808226,43.79266923477183,47.09300284279735,540.0,0.0,540.0,540.0,0.375,0.0,0.375,0.375,0.2796296296296296,0.0,0.2796296296296296,0.2796296296296296,0.2111111111111111,0.0,0.2111111111111111,0.2111111111111111,72.0,0.0,72.0,72.0,94.9,0.0,94.9,94.9,0.9666666666666668,0.7356921488320419,0,3,79.75,6.196294682841529,66.0,90.0,2.715416666666667,1.5802615347978266,1.225,8.575,62.83883756360127,4.612848183895547,51.32826523901592,71.19030677524763,47.22914956369877,2.4650580307553507,42.91054440613657,52.75238358082346,0.0,0.0,0.0,0.0,0.0166666666666666,0.1290994448735805,0.0,1.0,0.0,0.0,0.0,0.0,0.0,0.0,0.0,0.0,0.0166666666666666,0.1290994448735805,0.0,1.0,58.215,2.057711827759588,53.9,64.2,user_001,60
2024-01-04 17:00:00,5.4,2.116921333494325,1,11,16512.716666666667,95.73481942175889,16351,16669,5.647766666666667,0.2386862607555078,5.1579999999999995,6.144,67.26472485599365,2.0859684657840285,62.66765340343937,73.06641586596946,48.18516075477006,4.371792711871535,39.54641703057404,61.77842278270189,97.49933333333334,0.3194479701762408,96.92,98.26,33.47123333333334,0.1967447254836857,33.108,33.928,0.0,0.0,0,0,53.41838143446993,4.609946060299419,44.1660648689929,63.4388984311023,67.11666666666666,5.4898725454214095,57,81,48.29833333333333,11.776196785654667,15.4,73.4,53.08166666666667,14.138401746831295,27.9,85.1,97.51166666666668,0.7175976084712217,95.6,99.4,33.46883333333333,0.4159289854097176,32.33,34.74,5.654833333333333,0.5750887674050676,4.39,6.97,67.3671701410166,1.3053642801179384,64.94180152913695,70.05459032093545,68.1703063444821,1.247293103708826,66.88555596564805,70.99534198023798,-0.0740290946634947,2.100567762680206,-5.355471955323154,3.9667920670152768,50.25684836141202,0.0,50.25684836141202,50.25684836141202,4.164721864681876,1.4804219445740003,1.321698916811229,7.744050264758185,3.1632195290574874,1.350523272350317,0.925017996932144,6.957302605318974,48.43620296921163,0.8876199623907921,46.73865868578742,50.20617769131139,540.0,0.0,540.0,540.0,0.375,0.0,0.375,0.375,0.2796296296296296,0.0,0.2796296296296296,0.2796296296296296,0.2111111111111111,0.0,0.2111111111111111,0.2111111111111111,72.0,0.0,72.0,72.0,94.9,0.0,94.9,94.9,0.9166666666666666,0.5906522297402889,0,2,83.93333333333334,4.383585200385586,75.0,94.0,2.51125,1.0680493168484024,1.225,4.9,55.63333013522741,3.865804289993276,48.3222488813302,62.97504521042432,52.62978399311422,1.332320367887556,50.221846407869926,55.10258346755999,0.05,0.2197841776510827,0.0,1.0,0.0,0.0,0.0,0.0,0.0,0.0,0.0,0.0,0.0,0.0,0.0,0.0,0.05,0.2197841776510827,0.0,1.0,62.416666666666664,1.812869872644268,58.5,66.9,user_001,60
2024-01-04 18:00:00,5.133333333333334,2.3539844812260564,1,10,16825.433333333334,87.35479315416299,16672,16977,5.240799999999999,0.2840568575216671,4.492,5.752,63.768884478543555,1.5777173779447502,60.66682292617465,67.46359710374074,50.89301120767861,4.388119462273445,38.40989142973644,62.475920652511434,97.516,0.2725597431010731,96.82,98.22,33.56216666666667,0.1946554684883766,33.160000000000004,34.059999999999995,0.0,0.0,0,0,47.20191160401761,5.812920870664452,35.301743722747155,62.178450378019384,63.61666666666667,4.198836266002828,55,73,50.89333333333333,10.349156465530058,17.3,79.6,47.22166666666667,12.39665197648094,19.9,81.0,97.52666666666669,0.7899510104240983,95.5,98.8,33.56616666666667,0.5195535621615943,32.55,34.66,5.219333333333334,0.6240107198847418,3.57,6.75,63.90689114549196,1.1444976863897207,61.32055354123808,67.17785416727008,64.5236563687162,1.2918889189699274,63.207719820768354,67.32254842392938,-0.0761089059384437,1.6090741455418704,-3.1251757919464893,3.746756645228615,50.25684836141202,0.0,50.25684836141202,50.25684836141202,3.7629799587623336,1.0481633755907755,2.0034744776760163,6.063121226954012,3.0106399327421567,0.968064882509162,1.2157917700885454,4.850280970989804,50.15143568894123,2.2158433520773513,46.93049698137711,53.359534005014,540.0,0.0,540.0,540.0,0.375,0.0,0.375,0.375,0.2796296296296296,0.0,0.2796296296296296,0.2796296296296296,0.2111111111111111,0.0,0.2111111111111111,0.2111111111111111,72.0,0.0,72.0,72.0,94.9,0.0,94.9,94.9,0.8833333333333333,0.6911465950282972,0,2,76.15,6.177666171138893,64.0,88.0,2.5316666666666667,1.2530544601995517,1.225,4.9,48.273014550937525,4.601538833595718,38.93801332527676,56.34971026075978,57.56326431630582,2.9310877197094367,51.86175480986346,61.70800613855866,0.0,0.0,0.0,0.0,0.0333333333333333,0.1810203347193925,0.0,1.0,0.0,0.0,0.0,0.0,0.0,0.0,0.0,0.0,0.0333333333333333,0.1810203347193925,0.0,1.0,64.69,1.5274549564775408,61.5,67.5,user_001,60
2024-01-04 19:00:00,4.466666666666667,2.029165869093452,1,9,17108.783333333333,77.75801046895769,16981,17245,5.028366666666667,0.3106272476870786,4.388,5.644,60.73565965109846,2.039460350842402,55.26368417473575,64.88911711270936,50.668180998571536,4.949377226489926,41.338573004131355,65.45343649623311,97.65033333333332,0.3301461754664752,96.72,98.24,33.4759,0.2167586879771138,32.906,33.994,0.0,0.0,0,0,49.742635117135286,5.758683559781826,33.32563258176479,61.43037982877189,60.55,5.046982652863501,48,71,50.76166666666666,10.093698179451032,33.7,75.7,49.626666666666665,12.21778179909903,18.0,77.4,97.645,0.7358668357794104,95.8,99.1,33.4665,0.4475198130260247,31.89,34.37,5.025166666666666,0.7252760822474613,3.55,6.7,60.8746773297722,1.376834307258682,57.42458281803423,63.44003125743095,61.75344169496369,1.15310381610684,60.01076118053608,63.91579207142957,-0.0928298255492323,1.8717743355594056,-4.482875764218207,4.283140878044449,50.25684836141202,0.0,50.25684836141202,50.25684836141202,3.384389316043822,1.0422861743810117,1.5067849672117322,5.615215866482011,3.1628501861605747,1.2181440802303198,1.1156278343408872,6.368877335396835,51.233542247465955,0.7736115159822808,49.71368200532573,52.67686641186999,540.0,0.0,540.0,540.0,0.375,0.0,0.375,0.375,0.2796296296296296,0.0,0.2796296296296296,0.2796296296296296,0.2111111111111111,0.0,0.2111111111111111,0.2111111111111111,72.0,0.0,72.0,72.0,94.9,0.0,94.9,94.9,0.75,0.6001412263171259,0,2,66.71666666666667,4.517730293593204,57.0,78.0,2.245833333333333,0.9874119427233844,1.225,4.9,45.37260991630983,4.860990692550563,32.28795394947947,52.55272357022184,59.29291611180608,2.467068135197843,55.4944629896989,63.69565031173272,0.0333333333333333,0.1810203347193925,0.0,1.0,0.0,0.0,0.0,0.0,0.0,0.0,0.0,0.0,0.0,0.0,0.0,0.0,0.0333333333333333,0.1810203347193925,0.0,1.0,63.62166666666667,2.027446558610757,59.4,67.6,user_001,60
2024-01-04 20:00:00,5.183333333333334,1.961421714278431,0,9,17405.016666666666,88.66113200091552,17254,17556,4.640266666666666,0.2708248459339379,4.178,5.162,57.19827487005548,2.129355373602087,51.84104170348477,62.11523023853895,51.95253417698749,4.820096113189934,41.88562669537891,62.32018626506764,97.44,0.3257533641227538,96.66,98.28,33.47983333333333,0.261868201204839,32.712,34.004000000000005,0.0,0.0,0,0,47.502193370310806,5.9802660858721906,32.01424167829251,62.33302983562337,57.1,4.718158215782143,47,70,52.215,10.880721950748098,25.1,78.7,47.190000000000005,14.492519402921902,11.4,80.5,97.44333333333334,0.898844204495308,95.2,99.8,33.49033333333333,0.5467530247346571,32.21,34.57,4.637166666666667,0.6739765415287637,3.19,6.35,57.380866636438,1.5519196785204703,53.19059184976032,60.451742112954,58.20169341334687,0.6591867328734028,56.47007832509153,60.03614270588719,-0.0491374350277421,1.7045401171991952,-3.304709717928951,4.042935423106577,50.25684836141202,0.0,50.25684836141202,50.25684836141202,3.7963452514694223,1.3294965615039054,1.2651764331553867,6.265895548358054,3.1411563164145435,1.43593062932406,0.9834913787926342,6.275898535795206,50.70914076625515,0.6606803078807317,49.75029430111244,52.20667120579528,540.0,0.0,540.0,540.0,0.375,0.0,0.375,0.375,0.2796296296296296,0.0,0.2796296296296296,0.2796296296296296,0.2111111111111111,0.0,0.2111111111111111,0.2111111111111111,72.0,0.0,72.0,72.0,94.9,0.0,94.9,94.9,0.95,0.5652358139960072,0,2,77.45,5.308850940183262,65.0,89.0,2.5520833333333335,1.0407104368059523,1.225,4.9,40.0887875228227,5.876990093723444,28.147013644873333,48.72154757602216,61.81151137931458,2.4038127287569173,56.724220495615675,66.42439132077921,0.0166666666666666,0.1290994448735805,0.0,1.0,0.0,0.0,0.0,0.0,0.0,0.0,0.0,0.0,0.0,0.0,0.0,0.0,0.0166666666666666,0.1290994448735805,0.0,1.0,62.42833333333333,1.3624618379562068,59.7,66.6,user_001,60
2024-01-04 21:00:00,4.966666666666667,2.1468673801664133,1,12,17706.766666666666,90.6339941961894,17560,17854,4.5455000000000005,0.3194067859568023,3.808,5.4319999999999995,54.33464428382506,2.146878498776975,49.48223962174065,59.193257127593085,56.7915258850277,3.866738471626691,49.148140920245375,67.5082368638159,97.37633333333332,0.2877025692648258,96.82,97.96,33.43743333333334,0.1763409992673272,33.116,33.89,0.0,0.0,0,0,43.824398390935464,6.121052237456016,32.33850060659872,57.06746219864434,54.333333333333336,5.024235051538427,40,64,56.943333333333335,9.932524329092912,30.1,82.3,43.77333333333333,13.01481381084929,21.9,84.6,97.375,0.7626059248459623,95.5,99.5,33.4325,0.5325526153682787,32.19,34.9,4.5625,0.7025344553948575,2.76,6.48,54.305957631921935,1.4532895651213231,51.45538451261113,58.20987363290078,54.72616450812245,0.9393101945222536,53.64021729408561,56.58918840348312,-0.0006554752458631,1.8544381092972808,-4.74111981087033,3.505920126086451,50.25684836141202,0.0,50.25684836141202,50.25684836141202,3.3205243279992223,1.342676525703162,1.1867882376053682,6.074081583642413,2.6411453334236277,1.1830941450728063,1.0458501979866814,6.81434870052026,56.24800986564716,1.494062212595213,52.4755585816413,58.55969949521031,540.0,0.0,540.0,540.0,0.375,0.0,0.375,0.375,0.2796296296296296,0.0,0.2796296296296296,0.2796296296296296,0.2111111111111111,0.0,0.2111111111111111,0.2111111111111111,72.0,0.0,72.0,72.0,94.9,0.0,94.9,94.9,0.9,0.573422670742999,0,2,76.66666666666667,5.568271699325931,65.0,86.0,2.470416666666667,1.020971742029425,1.225,4.9,30.54088899529508,3.5766914437949224,21.651410044406212,35.58585061171824,69.84930185333347,1.8416682761124843,65.74486107762776,73.70916097028359,0.0166666666666666,0.1290994448735805,0.0,1.0,0.0,0.0,0.0,0.0,0.0,0.0,0.0,0.0,0.0,0.0,0.0,0.0,0.0166666666666666,0.1290994448735805,0.0,1.0,63.25,1.6584145992636523,61.0,66.6,user_001,60
2024-01-04 22:00:00,0.0,0.0,0,0,17854.0,0.0,17854,17854,4.075833333333334,0.3356641363467036,3.408,4.912,51.41951010716193,2.177324701369595,47.105540005254,56.91830791668116,53.949297250067595,3.556678691284048,45.78864261751048,63.16816818549295,97.69066666666666,0.3922031066120731,96.96,98.64,33.5843,0.2327057718905711,33.053999999999995,34.138,1.0,0.0,1,1,45.77284594093897,5.170062948005651,34.24622980699578,54.808723491935815,51.35,5.439419834467019,40,66,53.675,8.974098793335315,28.5,73.6,46.20333333333333,12.156730250995958,21.9,72.5,97.67833333333331,0.8103340317041205,95.9,99.5,33.580333333333336,0.5564444226337663,31.92,34.74,4.073833333333334,0.6779582799690045,2.9,5.93,51.52583290763959,1.6722431555307555,48.94390784257161,55.00999929478824,52.26923516326464,0.929175993826726,50.9405669649377,54.04565094316751,-0.034755053580964,2.045121763754459,-4.220431746796272,4.540846041659428,50.25684836141202,0.0,50.25684836141202,50.25684836141202,3.279200010958066,1.0963295485608222,0.8797525623049645,5.283680721751027,2.8001265357145777,1.1537801550709863,0.8404095152599015,6.128754680916794,54.52228771594216,0.6402498437209818,53.46285176454273,55.953193462330326,540.0,0.0,540.0,540.0,0.375,0.0,0.375,0.375,0.2796296296296296,0.0,0.2796296296296296,0.2796296296296296,0.2111111111111111,0.0,0.2111111111111111,0.2111111111111111,72.0,0.0,72.0,72.0,94.9,0.0,94.9,94.9,0.0,0.0,0,0,7.583333333333333,16.247337895808194,0.0,64.0,1.225,0.0,1.225,1.225,30.704582472847132,3.45576881657148,22.198735747749232,36.91382646665416,68.93035982685674,1.4440588310613192,66.8134185672107,71.85778315923962,0.0,0.0,0.0,0.0,0.0666666666666666,0.2515488742932317,0.0,1.0,0.0,0.0,0.0,0.0,0.0,0.0,0.0,0.0,0.0666666666666666,0.2515488742932317,0.0,1.0,61.23,1.6138489627521744,57.6,64.9,user_001,60
2024-01-04 23:00:00,0.0,0.0,0,0,17854.0,0.0,17854,17854,3.963933333333333,0.2587005248968794,3.35,4.609999999999999,49.20146105424388,1.738267360083206,44.664795543415515,52.630891300857,52.75087297364155,5.155978332510718,43.66692880918384,65.30680317019535,97.58766666666666,0.3769834176394792,96.88,98.56,33.60326666666666,0.2288251398617937,32.88,33.965999999999994,1.0,0.0,1,1,47.332229893877305,6.204136728759375,29.381652878651423,56.251585071285355,49.13333333333333,4.374295746384343,40,60,52.61666666666667,10.560193351251634,32.1,78.9,47.45333333333333,12.766899291297172,14.0,67.5,97.60333333333332,0.7494555462595524,95.7,99.2,33.59733333333333,0.4448723552091979,32.34,34.53,3.9621666666666666,0.6615520827509279,2.67,5.63,49.27593686390157,1.2965251985056103,46.80100688763213,51.360007808663205,49.68108184321617,0.6604990126007692,48.715483068941,51.227614344541394,-0.0340638604552734,1.6521629204951565,-3.726202552537984,3.7883544210942337,50.25684836141202,0.0,50.25684836141202,50.25684836141202,3.550658316220906,1.1086154700407622,1.1805296016549334,5.556715533710674,3.027117530845606,1.3220433327971035,0.7432064191260069,6.824540397172951,52.4237698272101,0.9166840108290236,50.5147931338612,53.78669610732015,540.0,0.0,540.0,540.0,0.375,0.0,0.375,0.375,0.2796296296296296,0.0,0.2796296296296296,0.2796296296296296,0.2111111111111111,0.0,0.2111111111111111,0.2111111111111111,72.0,0.0,72.0,72.0,94.9,0.0,94.9,94.9,0.0,0.0,0,0,0.0,0.0,0.0,0.0,1.225,0.0,1.225,1.225,29.619686881538815,5.158926479384994,16.495974643208715,38.086631663198354,69.02617453158523,2.323433877992491,65.94099431856866,73.85340834793304,0.0166666666666666,0.1290994448735805,0.0,1.0,0.0166666666666666,0.1290994448735805,0.0,1.0,0.0,0.0,0.0,0.0,0.0,0.0,0.0,0.0,0.0333333333333333,0.1810203347193925,0.0,1.0,59.76,1.8296243941664123,56.7,63.8,user_001,60
2024-01-05 00:00:00,0.0,0.0,0,0,17854.0,0.0,17854,17854,3.955333333333334,0.2983126937909887,3.364,4.582,49.61784519667148,2.1523477903473816,44.46594531160272,54.04192149248721,55.06259739227719,5.239963330772967,44.81400222966834,66.38438050918846,97.52166666666668,0.3116341111127588,96.94,98.3,33.489799999999995,0.2453073340436254,33.068,34.11,1.0,0.0,1,1,46.42599779266911,5.341840583073051,34.138821007080814,56.62387272925341,49.516666666666666,5.546388859296747,40,65,55.281666666666666,9.702533159825537,32.0,84.0,46.163333333333334,12.606185819031657,13.2,70.0,97.51,0.8135921603542111,95.7,99.1,33.503,0.5533727097826595,32.52,35.06,3.9458333333333337,0.6594586677444441,2.65,5.52,49.68102503955436,1.3495355583403763,46.68264615091916,52.79871195762335,49.32924342200523,0.5082107394738687,48.51782340552891,50.45558494342546,-0.0505892650024077,2.0781936356522324,-4.161282713329605,5.5907196502648375,50.25684836141202,0.0,50.25684836141202,50.25684836141202,3.2072940924265554,0.9775347475359089,0.655127964548056,5.0613863901548015,2.904883296407304,1.27804565866895,0.49344915002194,7.5308488110237555,55.473879126260016,0.768526579623276,53.33309929454176,56.44201945237712,540.0,0.0,540.0,540.0,0.375,0.0,0.375,0.375,0.2944444444444444,0.0,0.2944444444444444,0.2944444444444444,0.1944444444444444,0.0,0.1944444444444444,0.1944444444444444,70.4,0.0,70.4,70.4,94.9,0.0,94.9,94.9,0.0,0.0,0,0,0.0,0.0,0.0,0.0,1.225,0.0,1.225,1.225,27.545379763490526,6.003786897930529,14.290271740831097,38.75259030336484,71.3675254589286,2.173617948950729,66.9494380897215,75.58054060674179,0.0166666666666666,0.1290994448735805,0.0,1.0,0.0,0.0,0.0,0.0,0.0,0.0,0.0,0.0,0.0,0.0,0.0,0.0,0.0166666666666666,0.1290994448735805,0.0,1.0,60.431666666666665,2.1028222896671265,56.1,65.7,user_001,60
2024-01-05 01:00:00,0.0,0.0,0,0,17854.0,0.0,17854,17854,3.8352,0.249494186610715,3.28,4.343999999999999,48.23404663872543,1.9103434701165591,43.16224673387344,53.13428455907382,57.136244031674664,4.770934362293145,47.62840788525008,67.35088360425264,97.39866666666668,0.3707412029273552,96.56,98.3,33.4688,0.2705725755579626,32.994,34.092,1.0,0.0,1,1,41.63592553812179,6.78137292009366,28.593340577201612,55.30319478348672,48.3,4.968715688507477,40,65,56.91833333333333,11.331230155466717,30.9,82.4,41.845,16.16580849839499,11.9,88.3,97.40333333333334,0.8338122917378422,95.8,99.8,33.4655,0.534464487253918,32.16,34.77,3.843166666666667,0.6682674073180704,2.7,5.61,48.201881342971646,1.1989433931562576,44.92308911424925,50.24651304181964,48.68155589496623,0.7783718213474308,47.62345723219601,50.045596298732946,0.032976680637287,1.8734768601333371,-3.2018402972410485,5.9328577204630975,50.25684836141202,0.0,50.25684836141202,50.25684836141202,3.887284736004525,0.8592545125915698,2.2440006861998176,6.253515294070632,3.4022913046451255,1.169294313076764,1.4515222385308342,6.278849143488633,55.939600497209675,0.7295238861801817,54.91643477023993,57.72039035658285,540.0,0.0,540.0,540.0,0.375,0.0,0.375,0.375,0.2944444444444444,0.0,0.2944444444444444,0.2944444444444444,0.1944444444444444,0.0,0.1944444444444444,0.1944444444444444,70.4,0.0,70.4,70.4,94.9,0.0,94.9,94.9,0.0,0.0,0,0,0.0,0.0,0.0,0.0,1.225,0.0,1.225,1.225,23.32416750981529,4.650591886652995,15.55082013988789,33.77182678655644,72.93669636238039,2.583068602301294,67.2996154234102,76.74045383196338,0.0166666666666666,0.1290994448735805,0.0,1.0,0.0166666666666666,0.1290994448735805,0.0,1.0,0.0,0.0,0.0,0.0,0.0,0.0,0.0,0.0,0.0333333333333333,0.1810203347193925,0.0,1.0,60.60666666666667,1.7802938880093977,56.1,63.7,user_001,60
2024-01-05 02:00:00,0.0,0.0,0,0,17854.0,0.0,17854,17854,4.064333333333334,0.2033539676480202,3.746,4.51,50.686127443012765,2.121667209314387,46.03468292452889,56.46820109641046,52.92635138840815,4.003715289514156,42.09040350455559,61.62819919916924,97.60333333333332,0.3736792183037425,96.6,98.36,33.58573333333333,0.2321987654288164,33.142,34.038,1.0,0.0,1,1,47.797699933583665,6.510910672750997,35.853255082860805,66.45410338872296,50.93333333333333,6.010912862979109,40,63,53.07333333333334,10.188359370706683,28.4,82.1,47.56166666666666,13.774061740683395,14.1,79.2,97.60333333333332,0.7965958647591722,95.5,99.9,33.58083333333333,0.4886969587731485,32.47,34.8,4.073666666666667,0.6177349732491607,2.59,5.06,50.489244464279494,1.293082061197059,47.51647621344494,53.397380391782576,49.78248816896894,1.1703272163171785,47.70110225189988,51.59367497544842,0.1236029451602854,2.2566843658725215,-4.2458791060654235,4.345005703897414,50.25684836141202,0.0,50.25684836141202,50.25684836141202,3.5614441854762746,1.3952893219103768,1.1546093003172904,6.27678330045719,2.81033268654657,1.3467692271796523,0.8073519666991734,6.301053227262195,53.74308924102501,1.601454046794815,51.06934632143376,57.61461793625904,540.0,0.0,540.0,540.0,0.375,0.0,0.375,0.375,0.2944444444444444,0.0,0.2944444444444444,0.2944444444444444,0.1944444444444444,0.0,0.1944444444444444,0.1944444444444444,70.4,0.0,70.4,70.4,94.9,0.0,94.9,94.9,0.0,0.0,0,0,0.0,0.0,0.0,0.0,1.225,0.0,1.225,1.225,30.9385494259538,3.361952120844567,25.28037051249068,37.72714466338887,68.68645358334038,1.5643764435485603,66.53417840472753,73.5328867878116,0.0166666666666666,0.1290994448735805,0.0,1.0,0.0333333333333333,0.1810203347193925,0.0,1.0,0.0,0.0,0.0,0.0,0.0,0.0,0.0,0.0,0.05,0.2197841776510828,0.0,1.0,60.13666666666666,1.7841074934046446,55.2,63.6,user_001,60
2024-01-05 03:00:00,0.0,0.0,0,0,17854.0,0.0,17854,17854,4.343766666666666,0.2621354525435772,3.5839999999999996,4.784000000000001,54.86935570310862,1.8769634860484812,50.29933509327381,59.29211349284922,55.01828330218833,4.16198486029564,46.74798817934808,64.06168746099523,97.409,0.5382133028103576,96.34,98.42,33.59226666666667,0.2601901434229661,33.013999999999996,34.116,1.0,0.0,1,1,46.89314544170266,5.937830177193299,37.479925035466174,64.20830421405695,54.733333333333334,4.950146947542052,43,64,55.24166666666667,9.5816790515195,33.6,77.7,46.73,13.088839857434245,16.6,89.8,97.395,0.971531204519914,94.8,99.1,33.598333333333336,0.4961381937974873,32.55,35.18,4.338666666666667,0.6049610343710944,2.54,5.51,54.88084233361566,1.3092715737249032,51.782072980299155,57.80529955825989,54.089417681527834,1.407725747816049,51.662449983632285,55.82589760296705,-0.0680111848876458,1.8641090043877568,-4.351081278750847,3.193428177145144,50.25684836141202,0.0,50.25684836141202,50.25684836141202,3.4405781012889403,1.1327252004323636,1.322222498042457,5.745135193604451,2.692636602542928,0.9921913108015796,1.0306998834612142,5.032467847605832,54.3187669752631,0.5786108433350414,53.10382369531553,55.34831799661367,540.0,0.0,540.0,540.0,0.375,0.0,0.375,0.375,0.2944444444444444,0.0,0.2944444444444444,0.2944444444444444,0.1944444444444444,0.0,0.1944444444444444,0.1944444444444444,70.4,0.0,70.4,70.4,94.9,0.0,94.9,94.9,0.0,0.0,0,0,0.0,0.0,0.0,0.0,1.225,0.0,1.225,1.225,33.581289051062605,4.2692569865662,25.762637904778984,41.55669882277368,66.65983613684065,1.909920058662674,63.17051847502698,70.37225632568861,0.0,0.0,0.0,0.0,0.0166666666666666,0.1290994448735805,0.0,1.0,0.0,0.0,0.0,0.0,0.0,0.0,0.0,0.0,0.0166666666666666,0.1290994448735805,0.0,1.0,62.39833333333333,1.8763913858170305,58.8,66.9,user_001,60
2024-01-05 04:00:00,0.0,0.0,0,0,17854.0,0.0,17854,17854,4.725633333333334,0.2823274914516447,4.154,5.296,57.398852652968344,2.9725426008960123,51.90018991884043,63.63292562115222,51.635747804908824,4.1626322775708315,43.320419945699655,60.68573841995731,97.47133333333332,0.3272974424269274,96.76,98.2,33.4698,0.1604399459959588,33.122,33.83200000000001,1.0,0.0,1,1,47.690554282911336,5.449775102847112,36.11433697001311,61.340603647943816,57.733333333333334,5.326195788921105,47,70,51.266666666666666,9.725654815071367,32.2,78.7,47.82833333333333,13.35367773459986,17.7,73.5,97.47666666666667,0.6997255313399952,95.8,99.5,33.4725,0.4474433019663786,32.1,34.69,4.721333333333333,0.6364585988283911,3.07,6.27,57.12114053887067,2.5358670225197835,52.456219334975344,61.437894217192635,56.35386407440009,1.0257612595145544,54.742808255687905,57.96188896427728,0.1672403401824961,1.8014558922253112,-3.5190704880432477,3.6837012961932913,50.25684836141202,0.0,50.25684836141202,50.25684836141202,3.396734835453175,1.2156945501798324,1.0003491236896975,6.643648485951661,2.5004962118546574,0.813152008280325,0.8367387815054097,4.410187083453754,53.73786023056527,2.928723855692003,49.19972537227121,57.50079218341748,540.0,0.0,540.0,540.0,0.375,0.0,0.375,0.375,0.2944444444444444,0.0,0.2944444444444444,0.2944444444444444,0.1944444444444444,0.0,0.1944444444444444,0.1944444444444444,70.4,0.0,70.4,70.4,94.9,0.0,94.9,94.9,0.0,0.0,0,0,0.0,0.0,0.0,0.0,1.225,0.0,1.225,1.225,39.468902853288185,6.495785781522796,25.10810623736217,48.872577492870185,64.00524687480598,4.575722203810915,57.866189650620534,72.44794015707639,0.0166666666666666,0.1290994448735805,0.0,1.0,0.05,0.2197841776510827,0.0,1.0,0.0,0.0,0.0,0.0,0.0,0.0,0.0,0.0,0.0666666666666666,0.3117292755628477,0.0,2.0,62.275,1.5043017412785091,58.7,65.4,user_001,60
2024-01-05 05:00:00,0.0,0.0,0,0,17854.0,0.0,17854,17854,4.8953999999999995,0.2981380183171911,4.287999999999999,5.6,60.70311889547527,1.8128697291489273,56.64822455439685,65.28087909414351,51.19366389536209,5.078770637234065,41.844622013394265,62.95531422292196,97.46,0.3111051923031271,96.78,98.18,33.5054,0.2097318061441184,33.05800000000001,33.944,1.0,0.0,1,1,50.74145183283667,5.846739980604294,36.37451643756919,60.7113241650959,60.61666666666667,4.6032106211424715,53,73,51.42666666666666,11.742547101433257,27.2,83.7,50.586666666666666,13.090473527536782,11.3,71.9,97.46166666666666,0.7653716648209125,95.7,98.9,33.507,0.485485254362468,32.26,34.57,4.8886666666666665,0.6416305147934628,3.61,6.16,60.78010108681602,1.2330534608547996,58.99214595568751,63.19591938257933,60.51055777608601,0.6709382056826326,58.29681486507375,61.58948545206451,-0.0432261144043006,1.7307735206060528,-2.9830746111950006,3.859560452928257,50.25684836141202,0.0,50.25684836141202,50.25684836141202,4.0347294117261,1.1785514705523696,1.7493908088888668,6.649359663692257,3.6475488623106056,1.4165798268772676,0.6045658619840782,7.8550609281937644,50.62947334640691,1.4578623882545254,48.100170659244235,52.365104799212936,540.0,0.0,540.0,540.0,0.375,0.0,0.375,0.375,0.2944444444444444,0.0,0.2944444444444444,0.2944444444444444,0.1944444444444444,0.0,0.1944444444444444,0.1944444444444444,70.4,0.0,70.4,70.4,94.9,0.0,94.9,94.9,0.0,0.0,0,0,0.0,0.0,0.0,0.0,1.225,0.0,1.225,1.225,44.55054830070784,4.876093346434668,34.962619374487716,54.51659214784595,59.54756460484711,2.4092990906008693,54.99462026437493,62.62095416053681,0.0,0.0,0.0,0.0,0.0166666666666666,0.1290994448735805,0.0,1.0,0.0,0.0,0.0,0.0,0.0,0.0,0.0,0.0,0.0166666666666666,0.1290994448735805,0.0,1.0,63.29,1.6862052471728406,59.8,68.2,user_001,60
2024-01-05 06:00:00,0.0,0.0,0,0,17854.0,0.0,17854,17854,5.132433333333334,0.3172336126134041,4.441999999999999,5.7379999999999995,64.11474727571832,1.5529244632689088,60.6821083131667,68.21217286827617,51.34965324689066,3.8533606030714336,44.05936983835746,59.06182928845808,97.45333333333332,0.3437118751328605,96.68,98.18,33.496,0.1845338607484042,33.19799999999999,33.996,1.0,0.0,1,1,48.22123243773454,5.727718201029943,36.18997609827991,59.42420586021544,64.33333333333333,4.493560992740638,57,74,51.068333333333335,10.232641219532892,28.0,72.0,48.63666666666666,12.43141137202711,21.1,76.4,97.45666666666666,0.8019820080543814,95.9,99.3,33.489,0.4512983154095809,32.37,34.48,5.140833333333333,0.6539639021465441,3.5,6.57,63.95014593970705,1.138256065391506,60.08990774180806,66.1397372933856,63.22345231105344,1.3533269344534922,60.15232601002012,64.7075283559535,0.1092930288075103,1.741846229776325,-2.8249273040613687,3.772630562277776,50.25684836141202,0.0,50.25684836141202,50.25684836141202,3.82536425097993,0.9755896151489982,1.3843216176272304,6.2700513542242895,2.970048856966391,1.010242304775255,0.9237320038931144,5.528911453451905,51.53935676032611,0.7537436256093503,50.353020147241295,52.80550731792816,540.0,0.0,540.0,540.0,0.375,0.0,0.375,0.375,0.2944444444444444,0.0,0.2944444444444444,0.2944444444444444,0.1944444444444444,0.0,0.1944444444444444,0.1944444444444444,70.4,0.0,70.4,70.4,94.9,0.0,94.9,94.9,0.0,0.0,0,0,0.0,0.0,0.0,0.0,1.225,0.0,1.225,1.225,47.75248109384996,3.1667048503080077,41.128090665078616,54.66290608839465,57.87640439752771,1.5354680745520464,54.90095961204476,60.26110439196645,0.0333333333333333,0.1810203347193925,0.0,1.0,0.0,0.0,0.0,0.0,0.0,0.0,0.0,0.0,0.0,0.0,0.0,0.0,0.0333333333333333,0.1810203347193925,0.0,1.0,64.485,1.4616945123580518,61.3,67.6,user_001,60
2024-01-05 07:00:00,5.0,1.9829784138589377,1,11,18003.15,86.30490392021588,17858,18154,5.5659,0.3378830255917736,4.984,6.212000000000001,67.97042763956989,2.2790858566976735,63.61419276232855,72.67046284293137,48.581065641290806,3.4634151094306223,40.544945835005656,55.71934311467739,97.504,0.3527672685535234,96.8,98.36,33.3864,0.2496912805710735,32.876,33.92,0.0,0.0,0,0,51.2689099707259,4.624528725923813,39.65766486104672,63.06614317437376,68.01666666666667,5.2834620989851375,55,80,48.595,9.624552377881075,28.1,69.4,51.28,12.7521988798476,25.0,81.3,97.515,0.7180068929370285,96.0,99.5,33.38066666666666,0.5927610393046375,31.83,35.02,5.558333333333334,0.7331847563920366,4.05,7.08,67.8859612326989,1.7624875256495804,64.63923952907896,70.70173207355008,67.036620037576,1.3466680347094064,63.88327978895128,68.55589601645357,0.0231195135483903,1.94950571582289,-4.838593884197564,4.997152867801475,50.25684836141202,0.0,50.25684836141202,50.25684836141202,3.4592198566012127,0.9179549688360676,1.4477884053858965,5.213091559650107,2.790052818754718,0.9187018965309532,1.272064089553437,4.749186097417511,49.17786996297796,0.7888934096440475,47.76443140745786,50.29590908675324,540.0,0.0,540.0,540.0,0.375,0.0,0.375,0.375,0.2944444444444444,0.0,0.2944444444444444,0.2944444444444444,0.1944444444444444,0.0,0.1944444444444444,0.1944444444444444,70.4,0.0,70.4,70.4,94.9,0.0,94.9,94.9,0.8333333333333334,0.5261522196019803,0,2,65.98333333333333,19.60585494240429,4.0,90.0,2.3275,0.8647364152136824,1.225,4.9,55.57314837423427,3.1455575327231613,47.95610295159534,61.30601030982241,52.5395837789813,1.370998442472894,50.373721132083205,55.39219709078327,0.0333333333333333,0.1810203347193925,0.0,1.0,0.0333333333333333,0.1810203347193925,0.0,1.0,0.0,0.0,0.0,0.0,0.0,0.0,0.0,0.0,0.0666666666666666,0.3117292755628477,0.0,2.0,61.75333333333333,1.7467128126047264,58.4,65.8,user_001,60
2024-01-05 08:00:00,5.05,2.273092420589707,1,12,18321.316666666666,84.30523470621284,18162,18457,6.004566666666666,0.2536943554529752,5.574,6.401999999999999,72.18178673923587,1.789743006467241,68.2325049294211,75.67126268068584,49.15789072693904,4.302080651540179,39.167858393528405,57.995942285761565,97.43833333333332,0.2700732271488596,96.9,98.4,33.447833333333335,0.2254172151898671,32.736000000000004,33.916,0.0,0.0,0,0,50.85227236035475,5.124713827112224,40.75662006246801,65.70380125939396,72.23333333333333,4.582082520643722,61,85,49.05333333333333,10.000702800162356,22.9,65.8,50.92833333333333,11.616208600911358,22.9,88.7,97.43,0.7237613615512896,95.8,99.3,33.455999999999996,0.5397745920006726,32.14,34.48,6.009166666666667,0.6097103832250435,4.53,7.27,72.10779585806795,1.352093621589631,67.50109762702225,74.04327945501696,71.14145792084446,1.5909917989127909,67.60428972865782,72.69723262890801,0.0257732970487287,1.7403108841963293,-4.136483360101607,4.664368659657072,50.25684836141202,0.0,50.25684836141202,50.25684836141202,3.5043916886986417,1.197503445865765,0.7397759719662141,6.2026502659438245,2.9309002224746616,1.3335199545805931,0.3664268176217819,6.304744702773852,48.96915444348344,1.555515012551158,47.29666745848258,51.47983871879536,540.0,0.0,540.0,540.0,0.375,0.0,0.375,0.375,0.2944444444444444,0.0,0.2944444444444444,0.2944444444444444,0.1944444444444444,0.0,0.1944444444444444,0.1944444444444444,70.4,0.0,70.4,70.4,94.9,0.0,94.9,94.9,0.8666666666666667,0.6234585511256954,0,2,76.66666666666667,11.719412646048506,58.0,98.0,2.45,1.1049196611641583,1.225,4.9,59.57839098487694,3.879751471439144,49.22644153894703,65.56187498221539,50.46641468487661,1.9287742213585128,47.124328357463966,53.58542911085489,0.0,0.0,0.0,0.0,0.0166666666666666,0.1290994448735805,0.0,1.0,0.0,0.0,0.0,0.0,0.0,0.0,0.0,0.0,0.0166666666666666,0.1290994448735805,0.0,1.0,58.961666666666666,1.715442490395148,55.2,63.1,user_001,60
2024-01-05 09:00:00,5.166666666666667,2.4437167209865747,0,12,18615.233333333337,90.29544100709953,18460,18767,6.2868,0.3310812691465057,5.672,7.188,75.06572603102045,2.2284904238867256,69.84775298350779,80.92264538143097,46.29210712835799,4.327023887067459,36.84768125712662,54.04123082817031,97.447,0.315902259074123,96.84,98.18,33.5405,0.2080556069737615,33.172000000000004,34.184000000000005,0.0,0.0,0,0,52.68615524308424,5.37063174720949,37.30744994932277,66.72204424892347,75.08333333333333,5.4346398900445285,65,89,46.52,10.59804587040396,24.0,70.7,52.281666666666666,13.961988247352489,27.8,84.5,97.44333333333334,0.7954034615631653,95.7,99.1,33.54483333333334,0.5765281584746088,32.35,34.72,6.271333333333333,0.6542312519846832,4.9,8.38,74.9956440734831,1.8511204413964653,69.76345364377542,78.70784734686897,74.57831003424764,1.4114979731543582,71.93804867085821,76.25616456881231,0.008803651156443,2.031637472712887,-3.617747088995628,5.242849634390879,50.25684836141202,0.0,50.25684836141202,50.25684836141202,3.741826809944425,1.0443316158044085,1.227163060989677,5.2425789430144905,3.44405983115616,1.211136167236679,0.7260654228353757,6.403940819322389,46.73981813225077,1.130561632230528,45.37168881346496,50.03319873530322,540.0,0.0,540.0,540.0,0.375,0.0,0.375,0.375,0.2944444444444444,0.0,0.2944444444444444,0.2944444444444444,0.1944444444444444,0.0,0.1944444444444444,0.1944444444444444,70.4,0.0,70.4,70.4,94.9,0.0,94.9,94.9,0.9166666666666666,0.6454972243679027,0,2,76.53333333333333,5.800253257669645,63.0,90.0,2.5520833333333335,1.1782572205098585,1.225,4.9,66.50301857608403,3.8235937451860584,58.73416061735668,73.76599911088995,45.52967291396108,1.7115228006489598,42.23336341313792,48.92543073997608,0.0166666666666666,0.1290994448735805,0.0,1.0,0.0333333333333333,0.1810203347193925,0.0,1.0,0.0,0.0,0.0,0.0,0.0,0.0,0.0,0.0,0.05,0.2197841776510827,0.0,1.0,55.61333333333334,2.0484360852807257,51.0,60.1,user_001,60
2024-01-05 10:00:00,4.716666666666667,2.314959945230716,1,12,18912.25,83.03105912644848,18772,19050,6.552933333333333,0.2639382225270423,5.912000000000001,7.1659999999999995,77.35363927914568,2.102196002727898,73.63479164000204,82.30558688897312,49.08298232350584,4.270341850537941,39.96234049794722,60.807910493997475,97.57,0.2513286726478206,96.92,98.06,33.43403333333333,0.2315174677062346,32.938,34.064,0.0,0.0,0,0,51.31641397949933,5.870308318882354,38.63960233799453,63.879891917373975,77.61666666666666,4.888907079233409,66,88,48.95666666666667,9.16959542324462,24.7,70.8,51.63166666666667,13.165446449930542,10.6,80.9,97.58166666666666,0.6037991771505535,95.6,99.1,33.428666666666665,0.5277694240591743,32.08,34.8,6.571666666666667,0.662322996288389,5.14,8.06,77.15043193208005,1.7533769046861634,73.0215326640008,80.23098541966661,76.60939960920807,1.093835645958205,74.31107549114478,78.17065795409965,0.131513693760493,1.8864321425621735,-4.652722509051827,4.0507490054974085,50.25684836141202,0.0,50.25684836141202,50.25684836141202,3.182700743802641,0.8247149398041577,1.905829041590038,5.007017509628461,2.777506202487191,0.956463047682396,1.0605187997151049,4.87972458800501,48.94608927221049,1.6842612344439498,46.37461386806557,51.58750514438525,540.0,0.0,540.0,540.0,0.375,0.0,0.375,0.375,0.2944444444444444,0.0,0.2944444444444444,0.2944444444444444,0.1944444444444444,0.0,0.1944444444444444,0.1944444444444444,70.4,0.0,70.4,70.4,94.9,0.0,94.9,94.9,0.7666666666666667,0.6978579008061127,0,2,71.66666666666667,9.034147398013802,50.0,90.0,2.347916666666667,1.2206667709982153,1.225,4.9,65.26242723569908,3.6555600991753208,56.56131690251991,72.22820285710813,46.576511072136206,1.913111228110565,44.26297091719144,50.95772874291547,0.0166666666666666,0.1290994448735805,0.0,1.0,0.0333333333333333,0.1810203347193925,0.0,1.0,0.0,0.0,0.0,0.0,0.0,0.0,0.0,0.0,0.05,0.2197841776510827,0.0,1.0,55.211666666666666,1.7793630232084678,50.5,58.8,user_001,60
2024-01-05 11:00:00,5.3,2.6316199818388597,0,12,19209.05,93.98060113571424,19053,19368,6.412266666666667,0.3115027473103902,5.712000000000001,7.053999999999999,77.1149400888177,1.922068576460696,73.1425119543556,82.45491795965444,45.89641476514014,4.136100151686581,37.883760243228046,55.91358984418014,97.517,0.3143963815723156,96.92,98.08,33.52226666666667,0.286865105407692,32.946000000000005,34.072,0.0,0.0,0,0,53.89969006400795,5.333047015708246,41.21783989890124,67.13976073878912,77.13333333333334,4.869366946870695,66,86,45.91833333333333,11.314644652653444,17.2,67.7,54.03333333333333,11.936820498600923,29.9,80.7,97.515,0.682672961879516,95.4,99.1,33.52483333333333,0.5518428039088581,32.43,34.78,6.416333333333333,0.6817374778465426,4.74,7.72,77.10982115092334,1.2206956207595645,74.62877009699112,80.26656407905905,77.0862171780359,0.3882442582433495,76.30757205091405,77.91053801975603,0.0091966222578186,1.824945812043013,-4.363691549578434,3.409100057905576,50.25684836141202,0.0,50.25684836141202,50.25684836141202,4.084778456326435,1.2081389157547,1.833732649053912,6.656034320287566,3.257394913701676,1.1124589192345846,1.320924901483378,5.787441995328447,46.210620709476544,0.5271372016481236,45.00834706126931,47.32949509052241,540.0,0.0,540.0,540.0,0.375,0.0,0.375,0.375,0.2944444444444444,0.0,0.2944444444444444,0.2944444444444444,0.1944444444444444,0.0,0.1944444444444444,0.1944444444444444,70.4,0.0,70.4,70.4,94.9,0.0,94.9,94.9,1.0,0.7130740328122925,0,2,78.33333333333333,8.983349318141403,56.0,94.0,2.75625,1.3461780881128822,1.225,4.9,69.26653322803053,3.709700908869932,61.02732405194816,76.22584424938921,43.64546444865195,1.3245866893346872,41.22519110042652,46.53126135378488,0.0166666666666666,0.1290994448735805,0.0,1.0,0.0166666666666666,0.1290994448735805,0.0,1.0,0.0,0.0,0.0,0.0,0.0,0.0,0.0,0.0,0.0333333333333333,0.1810203347193925,0.0,1.0,54.005,1.6934995358623808,50.6,57.0,user_001,60
2024-01-05 12:00:00,5.016666666666667,2.418093286298719,0,11,19516.166666666668,87.44531786104491,19372,19669,6.6467,0.2281227219528704,6.08,7.186,80.10309755712136,1.846848988223848,75.826776872476,83.7099620839714,45.640771943850474,4.322310621644021,34.96448140210609,54.42146188582634,97.63133333333332,0.3511794493556234,96.5,98.22,33.4625,0.2984367462720103,32.806,33.97,0.0,0.0,0,0,55.15805557906797,5.623841927980723,42.7160178950623,66.53137068857934,80.08333333333333,5.0498923185924,66,92,45.715,9.85262289779233,16.5,66.4,54.998333333333335,13.215328691688995,24.8,94.6,97.62333333333332,0.9176917740126,95.7,100.0,33.44716666666667,0.5665659016424796,32.47,34.81,6.6435,0.6522031112353611,5.22,7.92,80.0621281402409,1.189830938743756,77.35374933410364,81.97112222065536,79.37636970749242,1.1562288596453945,76.98110807296757,80.67849240752157,-0.0098821118940091,1.9150968885286372,-5.0640398625458545,4.433070092966517,50.25684836141202,0.0,50.25684836141202,50.25684836141202,3.3006587788310977,0.980256065954746,1.5001100351512309,5.9171912513498865,2.9246169142652945,1.096684072687579,1.1715266528181008,5.48616464439696,45.27449991178496,1.1716042791016474,43.27159881976885,47.173703383395306,540.0,0.0,540.0,540.0,0.375,0.0,0.375,0.375,0.2944444444444444,0.0,0.2944444444444444,0.2944444444444444,0.1944444444444444,0.0,0.1944444444444444,0.1944444444444444,70.4,0.0,70.4,70.4,94.9,0.0,94.9,94.9,0.9333333333333332,0.6856066636017633,0,2,74.2,4.301359658904875,67.0,84.0,2.6133333333333337,1.2651745597610895,1.225,4.9,72.75805543277296,4.720581908113033,62.457296747872945,81.9466817744265,41.34959805682055,2.562678059482393,36.37816342745096,45.61893114340598,0.0333333333333333,0.1810203347193925,0.0,1.0,0.0333333333333333,0.1810203347193925,0.0,1.0,0.0,0.0,0.0,0.0,0.0,0.0,0.0,0.0,0.0666666666666666,0.2515488742932317,0.0,1.0,51.84166666666667,2.2325247292396706,46.9,57.5,user_001,60
2024-01-05 13:00:00,5.033333333333333,2.178217796355906,1,10,19818.416666666668,85.01132360599316,19672,19971,6.577633333333334,0.28128024306951,5.974,7.348000000000001,78.8136187751707,2.4587319508800705,72.87331710547139,83.28829678517776,45.947231446466056,4.358328791685863,36.5682187723508,54.380373843495185,97.471,0.245458408917834,96.92,98.08,33.617133333333335,0.1759427359332685,33.239999999999995,33.988,0.0,0.0,0,0,55.19948028879752,4.349457687995777,45.24032345443001,63.49029934619906,78.86666666666666,5.347157225618136,66,90,45.940000000000005,8.882113048334267,27.1,61.4,55.288333333333334,10.917364362920583,32.2,75.3,97.46833333333332,0.7287071594912363,95.3,99.4,33.62266666666667,0.4418676336299338,32.19,34.49,6.582666666666666,0.6994764789703569,4.7,8.19,78.86675285284606,1.9747208487278016,74.83803670094245,82.14858851393755,79.27399883859175,0.6046208552944589,78.45064495456609,80.31370257083927,0.0265239457479822,1.939925767364261,-4.154987829103547,4.355559012077563,50.25684836141202,0.0,50.25684836141202,50.25684836141202,3.174186961257155,0.8089894373568075,1.894719053675544,4.916232459847778,2.8964236617043673,1.0812109090466138,0.7693612810150617,5.294264889030829,45.815285455089494,1.2516695962562574,43.95844117944044,47.768919012704664,540.0,0.0,540.0,540.0,0.375,0.0,0.375,0.375,0.2944444444444444,0.0,0.2944444444444444,0.2944444444444444,0.1944444444444444,0.0,0.1944444444444444,0.1944444444444444,70.4,0.0,70.4,70.4,94.9,0.0,94.9,94.9,0.9166666666666666,0.6712413662397547,0,2,75.75,9.741793591165916,57.0,94.0,2.5725,1.2291455279231829,1.225,4.9,71.1974043076063,5.3431240121988886,61.992720639366745,83.35027942006737,42.06989469481833,2.340459966816763,38.02285565066595,45.36092607789518,0.0333333333333333,0.1810203347193925,0.0,1.0,0.05,0.2197841776510827,0.0,1.0,0.0,0.0,0.0,0.0,0.0,0.0,0.0,0.0,0.0833333333333333,0.2787178067853022,0.0,1.0,52.745,2.662255001857498,47.0,58.2,user_001,60
2024-01-05 14:00:00,5.366666666666666,2.131019225125176,2,11,2130.883333333333,6002.393099286449,2,19997,6.462533333333334,0.2956986250156707,5.916,7.064,77.21418704718752,1.973235800608435,72.8640491043487,83.3907272407492,46.29636834824272,5.117064658068807,34.119860722773154,58.68367355807439,97.804,0.2879924669447984,97.1,98.28,33.4697,0.237477370911242,32.878,33.868,0.0,0.0,0,0,55.0350396782628,5.113595150169175,45.443361056246054,70.21843256226306,77.2,5.138093031466051,66,89,46.48,11.438009783026509,19.8,70.8,54.79,13.3623135619852,26.8,90.8,97.81833333333334,0.7358821908906705,96.2,99.5,33.483666666666664,0.5647017111704814,32.29,34.64,6.452,0.6880180328736464,4.98,7.94,77.16950167029043,1.3603557734291547,75.36095300847978,80.855543097476,77.35677283436237,0.6043917228089619,76.29160235977676,78.52470215791541,-0.007093523593762,1.9390703514708652,-4.463575746916405,3.826809731662223,50.25684836141202,0.0,50.25684836141202,50.25684836141202,3.8841781408984017,1.2887787150754462,1.3532816816764506,7.005970169338605,3.050553878388541,1.0398705588402068,0.8077793889661745,5.744392550563301,45.63019120305433,1.7745855320088848,42.76584457554727,48.61299092028995,540.0,0.0,540.0,540.0,0.375,0.0,0.375,0.375,0.2944444444444444,0.0,0.2944444444444444,0.2944444444444444,0.1944444444444444,0.0,0.1944444444444444,0.1944444444444444,70.4,0.0,70.4,70.4,94.9,0.0,94.9,94.9,1.05,0.5944660045019182,0,2,80.18333333333334,8.492253033319303,62.0,96.0,2.75625,1.1637773190370593,1.225,4.9,68.95003341546503,4.762595152944803,61.07322801693978,79.79687210127888,43.48631470891804,2.8118293227634696,38.17500215849385,47.8632022999821,0.0166666666666666,0.1290994448735805,0.0,1.0,0.0333333333333333,0.1810203347193925,0.0,1.0,0.0,0.0,0.0,0.0,0.0,0.0,0.0,0.0,0.05,0.2867113353714995,0.0,2.0,54.43333333333333,2.188232524646521,46.5,57.6,user_001,60
2024-01-05 15:00:00,4.75,2.1362488904699046,1,12,438.81666666666666,85.32817836212645,296,578,6.2287333333333335,0.2590247594124941,5.684,6.843999999999999,74.71702637251887,2.370826926073588,70.36436812444616,79.68259698621736,47.21280552469207,4.0839954240541445,36.65013070155759,54.7256630519886,97.55266666666668,0.2608192221955042,97.1,98.28,33.55043333333334,0.2383170062757285,33.288,34.446000000000005,0.0,0.0,0,0,51.833686348704184,5.5418808113930815,39.435150857183565,61.92624766341769,74.71666666666667,4.766022634378946,62,84,47.17666666666666,10.426504145712745,24.9,69.9,51.61833333333333,12.108457496223584,25.3,80.7,97.53666666666666,0.624083508826104,96.2,99.0,33.541666666666664,0.4724590078771858,32.46,34.65,6.240166666666667,0.5806381400816812,4.82,7.52,74.74178205751853,1.8710847944570117,71.13659879354867,78.65958406838533,75.2009568995132,1.0822111822924516,73.71328960931591,77.18163996227204,-0.0001798529261047,1.6880551352703728,-5.134644005947564,3.1159263786372833,50.25684836141202,0.0,50.25684836141202,50.25684836141202,3.7186945318008697,0.7219942730708004,1.942687870456695,5.131369639270408,3.2226499103369255,1.1063467252167662,0.7107371961321415,6.396540507355064,47.875091985113926,1.1429809883727196,46.365054422883,49.931074069033805,540.0,0.0,540.0,540.0,0.375,0.0,0.375,0.375,0.2944444444444444,0.0,0.2944444444444444,0.2944444444444444,0.1944444444444444,0.0,0.1944444444444444,0.1944444444444444,70.4,0.0,70.4,70.4,94.9,0.0,94.9,94.9,0.7666666666666667,0.6207340287621396,0,2,73.75,5.930744372636489,63.0,86.0,2.286666666666667,1.0449785768084914,1.225,4.9,64.71393055546115,2.8018192740053554,59.947704722771064,70.50847467409706,46.66163251920321,1.2073278095198092,44.74735621465946,49.11852374619566,0.0166666666666666,0.1290994448735805,0.0,1.0,0.0333333333333333,0.1810203347193925,0.0,1.0,0.0,0.0,0.0,0.0,0.0,0.0,0.0,0.0,0.05,0.2197841776510827,0.0,1.0,56.49,1.5145285108473503,52.9,59.8,user_001,60
2024-01-05 16:00:00,4.833333333333333,2.2335399179266417,0,10,714.8333333333334,83.94392128620127,579,868,6.031366666666667,0.3162698893948856,5.506,6.662000000000001,71.99725765324554,2.904335238616255,65.71045350997953,78.49478975431921,48.16875282903721,4.3099523330889795,40.65383477257367,58.92025807704673,97.64866666666668,0.2612970688547613,97.22,98.38,33.618633333333335,0.2509308748536196,32.994,34.136,0.0,0.0,0,0,51.13122710216484,5.314648089393699,39.75768940098346,61.04453144121228,71.8,5.87958259789109,60,87,47.82666666666667,10.106548752349427,29.8,76.3,51.62833333333333,14.351165920469189,16.5,87.2,97.65833333333332,0.8336750711720883,95.6,99.3,33.63033333333333,0.5736087566013235,32.45,35.06,6.022666666666667,0.6517248734968332,4.87,7.67,72.16193372710181,2.4702650805470814,67.37955830545897,77.76619685245093,72.83062007463168,1.6423012661406151,71.02821777460113,75.36078850980901,-0.0986288266227752,2.1477806190508897,-5.417528828113859,4.252605122840393,50.25684836141202,0.0,50.25684836141202,50.25684836141202,3.4772665408104504,1.4571826961297063,1.0069679148000152,6.19307697604362,3.0570321777411347,1.3583941350541051,0.6645024471688398,6.540841927631166,48.37637236802553,1.01632628496877,46.21668377396186,50.148090715845434,540.0,0.0,540.0,540.0,0.375,0.0,0.375,0.375,0.2944444444444444,0.0,0.2944444444444444,0.2944444444444444,0.1944444444444444,0.0,0.1944444444444444,0.1944444444444444,70.4,0.0,70.4,70.4,94.9,0.0,94.9,94.9,0.85,0.684575830567082,0,2,69.95,7.738140187365562,58.0,89.0,2.470416666666667,1.2248269651802937,1.225,4.9,60.721887715977054,5.049810979736858,50.52870585374104,67.71433958369795,49.0044283759064,2.6021286725740973,46.0939224667603,54.7888471954946,0.0,0.0,0.0,0.0,0.0166666666666666,0.1290994448735805,0.0,1.0,0.0,0.0,0.0,0.0,0.0,0.0,0.0,0.0,0.0166666666666666,0.1290994448735805,0.0,1.0,58.915,2.6081895142747724,54.4,64.8,user_001,60
2024-01-05 17:00:00,4.95,1.845057529763122,1,9,1017.4666666666668,85.501802273931,873,1165,5.565266666666667,0.364925804702617,4.75,6.2059999999999995,67.701188786685,2.667809736995802,62.0588249234768,73.35187394037965,48.89336961128591,4.8972198602365715,37.848480184404785,58.050021155611226,97.57233333333332,0.30618686366372,96.84,98.18,33.4693,0.2317862326090949,32.954,34.0,0.0,0.0,0,0,50.0011156732128,7.6002127050837425,37.539408162907655,67.86889724513776,67.46666666666667,5.1435879670849625,57,78,49.181666666666665,9.251907575484676,24.2,68.0,49.87,14.985702790846789,11.1,81.6,97.57833333333332,0.770008070982722,95.9,99.4,33.4645,0.500871866966636,32.45,34.47,5.570166666666666,0.7507431158450278,3.58,7.17,67.942718758215,2.392336711028849,62.742650735670054,73.05193504264516,68.99190626936137,2.016552514390587,66.46072301788801,72.18182268693118,-0.1172610600091613,1.8316529302550224,-3.591069889078497,4.4357296409664,50.25684836141202,0.0,50.25684836141202,50.25684836141202,3.1535780754062888,0.7563769048894711,1.4108778290107646,4.699106651677719,2.729395700163159,0.9769701086952024,1.0211164648190452,5.167075209804174,48.32029426475868,1.0864137352863703,46.778257590556024,50.36849262712623,540.0,0.0,540.0,540.0,0.375,0.0,0.375,0.375,0.2944444444444444,0.0,0.2944444444444444,0.2944444444444444,0.1944444444444444,0.0,0.1944444444444444,0.1944444444444444,70.4,0.0,70.4,70.4,94.9,0.0,94.9,94.9,0.85,0.5469483909592215,0,2,76.3,10.975010134739156,56.0,93.0,2.3683333333333336,0.9262745075175264,1.225,4.9,55.45481361816376,6.651704821494873,41.80462167130874,71.02842917312864,52.12469734948982,3.380536532202304,46.0720730078018,57.61106206558408,0.0,0.0,0.0,0.0,0.0166666666666666,0.1290994448735805,0.0,1.0,0.0,0.0,0.0,0.0,0.0,0.0,0.0,0.0,0.0166666666666666,0.1290994448735805,0.0,1.0,61.934999999999995,2.70265563060245,54.5,66.6,user_001,60
2024-01-05 18:00:00,5.316666666666666,2.36852000321925,1,12,1323.5666666666666,91.08691447568404,1168,1484,5.377566666666667,0.2936803500791276,4.8,6.069999999999999,64.52598664023682,2.5910302339387825,60.30958385701266,71.24005497407674,51.68301844246489,5.636068794458985,41.97949663864147,63.83340948542466,97.57366666666668,0.4149819953891672,96.58,98.34,33.50506666666667,0.2211732863590673,33.114,34.13,0.0,0.0,0,0,48.52282078779771,6.022156521102153,37.224530786528675,62.71608834913618,64.35,5.7425707347901085,56,82,51.76833333333333,11.12775567343584,23.3,72.8,48.365,13.34614557446888,21.4,78.5,97.56833333333334,0.8322914390692847,95.6,99.5,33.503166666666665,0.4510796527303636,32.65,34.7,5.361000000000001,0.7033375639147672,3.98,6.93,64.66916476362465,1.9786580938634344,61.6915274228709,68.31303795084942,65.3071937381313,1.178215958330266,63.31355875687487,67.38446164714784,-0.0879933201184159,2.0734243652843616,-4.413351658025576,5.379972512961629,50.25684836141202,0.0,50.25684836141202,50.25684836141202,3.6738022836338975,1.350537800350315,1.5012102047297635,6.620656705578083,3.209418040862934,1.3462709412795633,0.9693569584548436,6.796775063511068,51.43401498090909,1.695988870439288,48.94779296754931,53.88604755995123,540.0,0.0,540.0,540.0,0.375,0.0,0.375,0.375,0.2944444444444444,0.0,0.2944444444444444,0.2944444444444444,0.1944444444444444,0.0,0.1944444444444444,0.1944444444444444,70.4,0.0,70.4,70.4,94.9,0.0,94.9,94.9,0.9166666666666666,0.6712413662397546,0,2,78.21666666666667,7.673621262274812,63.0,91.0,2.5725,1.2291455279231829,1.225,4.9,48.35541689236562,6.212221584407267,34.46916728612672,57.856278294842106,57.14500803692776,2.961478751576903,53.326084088857975,63.71145949126883,0.0333333333333333,0.1810203347193925,0.0,1.0,0.0,0.0,0.0,0.0,0.0,0.0,0.0,0.0,0.0,0.0,0.0,0.0,0.0333333333333333,0.1810203347193925,0.0,1.0,64.14333333333333,2.4190183375729313,58.6,69.6,user_001,60
2024-01-05 19:00:00,4.766666666666667,2.011548578487683,1,11,1623.8,80.98206539261795,1490,1770,5.062966666666667,0.2833677592910841,4.57,5.6659999999999995,60.08242411673971,2.465849806408376,54.860464525700614,65.72014521616056,50.431280624930295,4.715365786493442,41.07624120476518,63.80909045495267,97.50266666666668,0.3338215633511329,96.84,98.12,33.54756666666667,0.2088081080530667,33.018,34.0,0.0,0.0,0,0,49.96462485711595,5.706025664151176,39.458650649797384,64.89657744778371,60.2,5.635240208135749,50,74,50.32333333333334,12.244976371054523,18.6,76.4,50.00833333333333,13.696792791320222,19.9,87.8,97.50166666666668,0.7324191785496524,96.1,99.0,33.55466666666667,0.5779844190811421,32.08,34.85,5.078333333333333,0.6626172212679836,3.09,6.84,60.021560274567655,1.669053303993101,56.91560002368202,63.07825977962949,60.88107827163053,1.2270963978904257,59.444093028909414,63.25348361569436,0.0587879416301444,2.046065495850478,-3.824317761054999,4.9533288844788075,50.25684836141202,0.0,50.25684836141202,50.25684836141202,4.433129305535216,1.1986276144323629,2.268642618066305,6.600921193770573,3.706728628157431,1.3345819880899643,1.5442795126803412,7.64215842088043,50.12885463826126,1.160600039832346,48.35491708614858,51.96352869068544,540.0,0.0,540.0,540.0,0.375,0.0,0.375,0.375,0.2944444444444444,0.0,0.2944444444444444,0.2944444444444444,0.1944444444444444,0.0,0.1944444444444444,0.1944444444444444,70.4,0.0,70.4,70.4,94.9,0.0,94.9,94.9,0.8166666666666667,0.5365194379932873,0,2,71.45,8.407875646163896,54.0,91.0,2.307083333333334,0.8761807005729453,1.225,4.9,44.54903143878287,3.893397340841691,37.44856826600706,53.17359265265617,59.01607670710783,1.960311987338772,55.670064431776474,62.64479285458765,0.0,0.0,0.0,0.0,0.0,0.0,0.0,0.0,0.0,0.0,0.0,0.0,0.0,0.0,0.0,0.0,0.0,0.0,0.0,0.0,62.83833333333334,1.919047403753517,58.6,66.8,user_001,60
2024-01-05 20:00:00,4.916666666666667,2.2192659243402653,0,12,1920.6833333333336,86.9512802737428,1775,2065,4.799633333333333,0.2917192733832938,4.286,5.526000000000001,58.66839937236888,2.2781896358480833,52.85387716212163,63.76450898496025,51.06499235775159,4.40413924656532,41.7354465236803,59.490491875878654,97.587,0.3078812229702003,96.84,98.2,33.54,0.230790241546779,32.992000000000004,33.952,0.0,0.0,0,0,49.54308376762942,5.475221586265879,35.706203013678774,60.79459607202752,58.46666666666667,4.56392139843287,47,67,51.20166666666667,9.81749548072849,21.7,76.7,49.306666666666665,13.564345919578605,2.1,84.3,97.58833333333334,0.7783275565664723,95.7,100.0,33.535833333333336,0.5640419856552545,32.28,35.11,4.8035,0.743256291769022,3.11,6.41,58.85123667795624,1.9933201489863543,54.97710101509578,63.410928298555106,58.94957764618917,0.9177914721703454,57.68139806303524,60.73393894556805,-0.1008663528511061,1.6645698034855303,-5.021208412343718,4.715374279292789,50.25684836141202,0.0,50.25684836141202,50.25684836141202,3.393722092060895,1.1071294936299585,0.880375269583229,5.889661686811507,2.87586987482222,1.1859887750415206,0.8369166090087963,6.818319872070116,50.6034246142917,1.220541441949576,48.18738804704882,52.93048724791096,540.0,0.0,540.0,540.0,0.375,0.0,0.375,0.375,0.2944444444444444,0.0,0.2944444444444444,0.2944444444444444,0.1944444444444444,0.0,0.1944444444444444,0.1944444444444444,70.4,0.0,70.4,70.4,94.9,0.0,94.9,94.9,0.85,0.6331251516304802,0,2,75.43333333333334,6.12127899194075,60.0,87.0,2.4295833333333334,1.1161800366848469,1.225,4.9,42.68549027284783,4.526516188806734,34.551736843345566,51.3558133005762,60.31546129159054,1.1481509642938457,58.31696010826366,62.4266234500533,0.0,0.0,0.0,0.0,0.0666666666666666,0.2515488742932317,0.0,1.0,0.0,0.0,0.0,0.0,0.0,0.0,0.0,0.0,0.0666666666666666,0.2515488742932317,0.0,1.0,62.544999999999995,1.7620697575602589,58.3,66.2,user_001,60
2024-01-05 21:00:00,4.633333333333334,2.1937250006623596,0,11,2196.8,83.42921489685172,2068,2343,4.407733333333334,0.3667361249055431,3.63,5.1259999999999994,53.961019960745595,2.520659155648739,48.48477910110896,60.06318820424934,54.58210000603737,4.611566888104989,43.7620174456785,63.87640156739582,97.61933333333332,0.355450855582688,96.8,98.56,33.4842,0.1488316988288129,33.22,33.80200000000001,0.0,0.0,0,0,44.59934676214239,5.770291327541595,32.50795962515479,58.26990415415624,53.916666666666664,5.5089808546134185,42,64,54.56166666666666,10.59661109348959,28.6,81.6,44.38166666666667,13.172615297856032,19.2,80.4,97.61666666666666,0.7335002378118606,96.0,99.2,33.48416666666667,0.3972118576868089,32.32,34.26,4.395833333333333,0.7785695089238909,2.72,5.97,53.96198181313317,1.892124737838712,50.63810514938515,58.291658888707616,54.918775858308514,2.0554572312436648,52.57980600804855,59.10703192596688,-0.0221766470394641,2.0127525742605004,-4.687729401416448,3.6989708891767705,50.25684836141202,0.0,50.25684836141202,50.25684836141202,3.6153219551494655,1.3456610431363016,1.4074297806208884,7.076859445720612,3.102606081909484,1.097604244123501,0.7249924566807079,5.384746514724216,54.434265955852034,0.97729094248037,52.12315914187886,56.07016758792831,540.0,0.0,540.0,540.0,0.375,0.0,0.375,0.375,0.2944444444444444,0.0,0.2944444444444444,0.2944444444444444,0.1944444444444444,0.0,0.1944444444444444,0.1944444444444444,70.4,0.0,70.4,70.4,94.9,0.0,94.9,94.9,0.75,0.6001412263171259,0,2,68.78333333333333,9.618294127385784,53.0,85.0,2.245833333333333,0.9874119427233844,1.225,4.9,32.78957428712675,4.954313517159819,22.94803087493139,39.63559657321589,67.29764050145224,2.3729754871733175,62.833452876300235,72.67474932661058,0.0,0.0,0.0,0.0,0.0166666666666666,0.1290994448735805,0.0,1.0,0.0,0.0,0.0,0.0,0.0,0.0,0.0,0.0,0.0166666666666666,0.1290994448735805,0.0,1.0,62.11333333333334,1.9787401116312693,57.3,66.8,user_001,60
2024-01-05 22:00:00,0.0,0.0,0,0,2343.0,0.0,2343,2343,4.027266666666667,0.2395951293092173,3.432,4.473999999999999,51.12749160007654,2.0886445148202943,46.0836016457831,56.33963710400275,57.32767440237556,3.6209391889281473,50.702788573380026,67.38389952946001,97.668,0.4504942671619282,96.86,98.64,33.64136666666666,0.1895241111325018,33.284000000000006,34.126,1.0,0.0,1,1,42.28539268270338,5.784316687600116,31.21249211500319,56.1924336877716,50.983333333333334,5.15025642496933,40,65,57.32166666666667,9.531608284921028,37.0,85.6,42.848333333333336,13.43873091852668,10.9,80.6,97.66,0.8443631638947621,95.7,99.4,33.64183333333333,0.4816655132627486,32.67,34.75,4.046833333333334,0.6895970124268395,2.57,5.51,51.35896742853522,1.9173114242431089,47.94244415144575,57.51868929271084,52.01279877736284,1.5075380469984885,50.28312909590321,55.08397280282733,-0.0720791333716054,1.965147141456036,-3.559151810250228,5.024738496506245,50.25684836141202,0.0,50.25684836141202,50.25684836141202,3.2799179385838926,1.3080238363582466,0.5827135782017547,6.755508915807161,2.648361268640129,1.4040350671735136,0.4678086246477313,6.835846317535757,56.34148595569461,1.8045907401446,53.72672891372714,59.348831501866954,540.0,0.0,540.0,540.0,0.375,0.0,0.375,0.375,0.2944444444444444,0.0,0.2944444444444444,0.2944444444444444,0.1944444444444444,0.0,0.1944444444444444,0.1944444444444444,70.4,0.0,70.4,70.4,94.9,0.0,94.9,94.9,0.0,0.0,0,0,9.05,19.905220335634805,0.0,76.0,1.225,0.0,1.225,1.225,26.589266443474873,3.8252745804035735,18.827300093296376,35.704861951583844,71.17245559080418,2.71012411307118,66.125643917044,74.71763781466854,0.0166666666666666,0.1290994448735805,0.0,1.0,0.0,0.0,0.0,0.0,0.0,0.0,0.0,0.0,0.0,0.0,0.0,0.0,0.0166666666666666,0.1290994448735805,0.0,1.0,62.08833333333334,1.386141048252204,59.0,65.2,user_001,60
2024-01-05 23:00:00,0.0,0.0,0,0,2343.0,0.0,2343,2343,3.9095,0.2331597619150251,3.414,4.392,49.91033295497609,1.6924498192753596,46.5792275059401,53.6992248012261,54.428784910234334,4.248401610560926,46.12339336954209,62.839196495160174,97.75633333333332,0.3143676281834934,96.92,98.4,33.648066666666665,0.2346152903441669,33.032,34.001999999999995,1.0,0.0,1,1,43.82387666517151,6.218524513477996,29.75281554584863,60.11984026895144,49.833333333333336,5.019172281908663,40,61,54.56666666666667,10.936343804910718,32.1,89.4,43.55,13.199377232355848,16.8,74.8,97.75333333333332,0.8454196965276086,95.5,99.5,33.644,0.4951671520553194,32.53,34.4,3.884666666666667,0.6435744110814772,2.34,5.31,49.89016983541612,1.04453736245613,48.040041984576206,52.20587403078921,50.1701027341386,0.5503787075248061,49.27263968787652,51.4170261416932,-0.038499810821381,1.9382073998748373,-4.146478493903281,4.669878653341826,50.25684836141202,0.0,50.25684836141202,50.25684836141202,3.809756693611343,1.5485005052155578,1.1724562169577029,7.591940369677251,2.9465353652479793,1.1959871697536617,0.7831667731453433,5.654003904765025,54.88473290460232,1.551680234553807,52.22689672151197,58.03367646650158,540.0,0.0,540.0,540.0,0.375,0.0,0.375,0.375,0.2944444444444444,0.0,0.2944444444444444,0.2944444444444444,0.1944444444444444,0.0,0.1944444444444444,0.1944444444444444,70.4,0.0,70.4,70.4,94.9,0.0,94.9,94.9,0.0,0.0,0,0,0.0,0.0,0.0,0.0,1.225,0.0,1.225,1.225,28.605053194120924,3.3232716734901695,20.804945886378377,34.48749403060033,70.01567379284865,1.8110994951256392,66.44915384367954,73.03291109570588,0.0,0.0,0.0,0.0,0.0333333333333333,0.1810203347193925,0.0,1.0,0.0,0.0,0.0,0.0,0.0,0.0,0.0,0.0,0.0333333333333333,0.1810203347193925,0.0,1.0,60.526666666666664,1.7621122404723757,57.0,63.8,user_001,60
2024-01-06 00:00:00,0.0,0.0,0,0,2343.0,0.0,2343,2343,4.0126333333333335,0.3170673866603372,3.368,4.6259999999999994,49.604945488898906,2.153597917465675,44.610762488511455,54.4810821654598,54.64718529047187,4.959419787865041,43.74995943861521,67.06257443459738,97.34766666666664,0.3736960001993242,96.48,98.18,33.39783333333333,0.2467594153007059,32.866,33.844,1.0,0.0,1,1,44.11163183275476,5.311022493368827,29.140844590581462,56.80065601622406,49.75,5.497688266097526,40,65,54.54,11.085357573951908,29.2,80.5,44.141666666666666,13.194481276586515,7.0,74.0,97.36166666666666,0.8854935742604236,95.6,99.3,33.39733333333333,0.4032195291656454,32.38,34.65,4.018,0.6607284116021538,2.06,5.14,49.565335393637525,1.4406567209103882,46.52706047264398,52.84385421140023,49.76348798354782,0.3885342000935037,49.03497642052083,50.48204250705723,0.0725272555505471,2.032208524064565,-3.088384877828922,6.071828943187143,50.25684836141202,0.0,50.25684836141202,50.25684836141202,3.680371002493672,1.5395541114591076,1.1140397597821483,7.034380203784478,3.288625619142358,1.169095576798217,1.005422140537385,5.638159388041041,54.54375340833032,1.1200490953317677,52.53445936915043,56.65901837445527,540.0,0.0,540.0,540.0,0.375,0.0,0.375,0.375,0.2925925925925925,0.0,0.2925925925925925,0.2925925925925925,0.2388888888888889,0.0,0.2388888888888889,0.2388888888888889,74.7,0.0,74.7,74.7,94.9,0.0,94.9,94.9,0.0,0.0,0,0,0.0,0.0,0.0,0.0,1.225,0.0,1.225,1.225,27.711781100113715,5.462968111010837,14.899033851285248,36.76668081624079,71.62553720978389,2.4678411293635745,67.49731072396382,77.00020101519377,0.0,0.0,0.0,0.0,0.05,0.2197841776510827,0.0,1.0,0.0,0.0,0.0,0.0,0.0,0.0,0.0,0.0,0.05,0.2197841776510827,0.0,1.0,60.985,1.7476206585245255,56.7,64.4,user_001,60
2024-01-06 01:00:00,0.0,0.0,0,0,2343.0,0.0,2343,2343,4.065633333333333,0.3151396766819581,3.404,4.758,49.92510421651521,2.5112750698852584,45.15291336909066,56.32072144363987,56.62696879032679,5.186511192012836,43.55363100831001,66.17169802571995,97.479,0.470390029295917,96.58,98.4,33.58506666666667,0.2473793399884228,33.053999999999995,34.013999999999996,1.0,0.0,1,1,44.849257979824515,6.262812556023244,33.279878233948466,59.53317936752749,49.7,5.139742128992697,40,60,56.891666666666666,10.876818634868345,27.9,76.9,44.60166666666667,13.482436681477738,18.3,81.9,97.455,0.9987152764375992,95.7,99.8,33.5875,0.5538727290632751,32.01,35.4,4.065166666666666,0.6737285367586399,2.79,5.67,50.03912903772552,2.1053244209997892,46.99080901097662,54.62841564669634,50.24497219749278,0.8326584197741056,48.3064213634334,51.61568060439551,-0.1125521082576016,1.8540344947255971,-4.108092040501582,4.28236221030312,50.25684836141202,0.0,50.25684836141202,50.25684836141202,3.673196365969916,1.213746434060217,1.8682163673513448,7.173342678929397,3.064904680497188,1.2462915392646572,1.23915424444657,6.222469067998805,55.80303678261914,1.7691227641729872,53.0962895647326,59.09648849986594,540.0,0.0,540.0,540.0,0.375,0.0,0.375,0.375,0.2925925925925925,0.0,0.2925925925925925,0.2925925925925925,0.2388888888888889,0.0,0.2388888888888889,0.2388888888888889,74.7,0.0,74.7,74.7,94.9,0.0,94.9,94.9,0.0,0.0,0,0,0.0,0.0,0.0,0.0,1.225,0.0,1.225,1.225,26.32229055823494,5.606882523204158,15.829949469686236,39.36867053272933,72.52073872404716,3.258989744807829,67.19781791920722,78.63379376816107,0.0,0.0,0.0,0.0,0.0333333333333333,0.1810203347193925,0.0,1.0,0.0,0.0,0.0,0.0,0.0,0.0,0.0,0.0,0.0333333333333333,0.1810203347193925,0.0,1.0,61.94833333333334,1.810280591292144,57.9,65.5,user_001,60
2024-01-06 02:00:00,0.0,0.0,0,0,2343.0,0.0,2343,2343,4.045599999999999,0.2567116168724901,3.554,4.617999999999999,52.366034740827445,2.412287113466597,47.175730939273194,57.96139235393273,51.732889115151266,4.0083281940433375,40.23947929713514,64.30964356698665,97.54133333333333,0.2813012539613436,97.0,98.12,33.41373333333333,0.1823312190666407,33.036,33.803999999999995,1.0,0.0,1,1,49.05712151198557,5.1898532644322435,37.024510713935605,63.0741691008036,52.56666666666667,5.033335204100374,42,66,51.35666666666667,8.881524656610976,33.5,72.7,49.434999999999995,13.093662912820704,17.5,75.1,97.55333333333331,0.7984023595178177,95.6,99.3,33.40083333333333,0.4720933966295684,32.21,34.3,4.048,0.582055970283248,2.56,5.18,52.21249996226571,1.899659795420595,48.51349035233304,56.648781555665074,51.37439128874926,1.2230140349272032,48.37094757562227,52.52468270095567,0.1003159629196122,1.8330048677780373,-3.6011251707587917,5.190150402738496,50.25684836141202,0.0,50.25684836141202,50.25684836141202,3.118127645226215,1.11917782644604,0.925947121440484,5.548000258830466,2.73124609350239,1.1039814178352945,0.6160482867749724,4.574784799018066,53.70995417059133,3.3474940981168175,50.009289138074024,59.1554367776884,540.0,0.0,540.0,540.0,0.375,0.0,0.375,0.375,0.2925925925925925,0.0,0.2925925925925925,0.2925925925925925,0.2388888888888889,0.0,0.2388888888888889,0.2388888888888889,74.7,0.0,74.7,74.7,94.9,0.0,94.9,94.9,0.0,0.0,0,0,0.0,0.0,0.0,0.0,1.225,0.0,1.225,1.225,33.79930696140779,5.368983120216375,16.189467529822856,43.649922578354946,68.50805196882887,4.089108452041517,65.1692544128863,78.81245811997813,0.0166666666666666,0.1290994448735805,0.0,1.0,0.0666666666666666,0.2515488742932317,0.0,1.0,0.0,0.0,0.0,0.0,0.0,0.0,0.0,0.0,0.0833333333333333,0.3340388014946089,0.0,2.0,61.19833333333334,1.7317074621492157,56.2,64.8,user_001,60
2024-01-06 03:00:00,0.0,0.0,0,0,2343.0,0.0,2343,2343,4.2975666666666665,0.2026542824420207,3.858,4.848000000000001,53.59015677099779,1.8354956965939,50.0095385872436,58.37287682670071,53.30351946943809,3.687363456223269,46.89865596382736,63.162427052295335,97.56566666666666,0.3400516743716151,96.76,98.3,33.4443,0.1540811254512979,33.034000000000006,33.826,1.0,0.0,1,1,47.29836149316252,4.757642433630499,32.32227591646062,55.54874714089081,53.55,4.644752825884205,45,65,53.61666666666667,8.538272096594268,37.1,73.2,46.73,10.954889009950715,16.1,69.1,97.58333333333331,0.8405338631734245,95.8,99.1,33.45316666666667,0.486235946306139,32.38,34.84,4.280166666666667,0.5130681775380926,3.39,5.5,53.66258015017333,1.375626251903226,50.96118134393557,55.89596263042311,53.7289992609485,0.5964841223481365,52.71645513397045,54.654874825344606,-0.0200783854988935,1.7400895831322518,-4.45762560890023,3.5262040383242947,50.25684836141202,0.0,50.25684836141202,50.25684836141202,2.974332052631933,0.5452784213945301,1.7969796948567696,4.284822897422639,2.458881817927681,0.7980583174477293,0.9495776106089274,4.195266175523238,52.44354489770164,1.0366745098801098,50.9400793103827,54.36984978441009,540.0,0.0,540.0,540.0,0.375,0.0,0.375,0.375,0.2925925925925925,0.0,0.2925925925925925,0.2925925925925925,0.2388888888888889,0.0,0.2388888888888889,0.2388888888888889,74.7,0.0,74.7,74.7,94.9,0.0,94.9,94.9,0.0,0.0,0,0,0.0,0.0,0.0,0.0,1.225,0.0,1.225,1.225,34.25459661898551,3.982914022389616,24.216016557168295,40.57121057334883,67.04189520912942,1.6077540386276532,64.18507597088887,70.84830610268641,0.0,0.0,0.0,0.0,0.0166666666666666,0.1290994448735805,0.0,1.0,0.0,0.0,0.0,0.0,0.0,0.0,0.0,0.0,0.0166666666666666,0.1290994448735805,0.0,1.0,62.195,1.3634981183133548,59.0,65.4,user_001,60
2024-01-06 04:00:00,0.0,0.0,0,0,2343.0,0.0,2343,2343,4.503466666666666,0.270743074573254,4.014,5.18,56.78845600472903,2.033218820512394,52.70549147655447,61.68542680677635,53.67775771905022,3.96101371276614,43.33947624129227,61.88147187519939,97.263,0.3145903982070474,96.58,97.92,33.40266666666666,0.1820522058359034,33.114,33.844,1.0,0.0,1,1,46.734377324774066,4.823572589752019,29.881517277640413,59.99095617323858,56.85,5.553514691051858,43,71,53.068333333333335,9.795752999956571,29.2,74.0,47.656666666666666,11.159056011753249,19.6,71.2,97.25333333333332,0.823277177343369,95.4,98.8,33.39833333333333,0.3993391433511499,32.61,34.23,4.513333333333334,0.6594930427580931,3.22,6.12,56.67976104580615,1.512123609679353,52.81171980430899,59.53734581785138,55.742899816560545,1.172890210425206,52.90313658166719,57.07699266469636,0.0307719976354832,2.1260913046662533,-5.291397630031874,5.098169507815179,50.25684836141202,0.0,50.25684836141202,50.25684836141202,3.4027352306325795,1.2213901221788874,1.5247697248408232,6.005613653784173,2.772508250757818,0.9845920163822308,1.309307261098721,5.138997569937245,54.49008262708264,1.2931607197567705,52.34070430526411,56.497515214945984,540.0,0.0,540.0,540.0,0.375,0.0,0.375,0.375,0.2925925925925925,0.0,0.2925925925925925,0.2925925925925925,0.2388888888888889,0.0,0.2388888888888889,0.2388888888888889,74.7,0.0,74.7,74.7,94.9,0.0,94.9,94.9,0.0,0.0,0,0,0.0,0.0,0.0,0.0,1.225,0.0,1.225,1.225,36.40207035688857,3.768438843147105,25.52483267698525,43.01879011464572,66.99843823645455,2.3657663622891065,63.06745041716553,71.74926912431833,0.0166666666666666,0.1290994448735805,0.0,1.0,0.0833333333333333,0.2787178067853021,0.0,1.0,0.0,0.0,0.0,0.0,0.0,0.0,0.0,0.0,0.1,0.3025316904537664,0.0,1.0,63.49166666666667,1.7409613228568952,59.3,67.5,user_001,60
2024-01-06 05:00:00,0.0,0.0,0,0,2343.0,0.0,2343,2343,4.8625,0.2655592436056536,4.29,5.38,60.45501488292786,2.39438997524949,55.2720098166217,65.61744945635974,49.537070315765746,4.0079417753799955,39.634155548312485,57.73066137734904,97.395,0.2990748446657824,96.62,97.94,33.4915,0.1892212855765787,33.056,33.836,1.0,0.0,1,1,50.54377104978596,4.989935261176908,37.85209674175005,61.83908876024285,60.65,5.504466599260357,49,73,49.99666666666667,9.835511010423312,27.3,68.3,50.00666666666667,13.430888591659969,18.4,86.1,97.38666666666668,0.7692097346102753,95.7,98.9,33.49933333333333,0.4838260881926675,32.39,35.03,4.870833333333334,0.6281916248360243,3.62,6.43,60.2548934203889,1.8816708829470876,56.0831655548525,63.260681960765886,59.217910597736726,1.1979935564804245,56.85625136156735,60.780392443582464,0.0974925585360701,2.0733489663490827,-4.420169358375347,4.870489942208053,50.25684836141202,0.0,50.25684836141202,50.25684836141202,3.506083707432167,0.9143388578605072,1.423642562654776,5.5417265236483155,2.9927373772738144,1.026674701954588,0.6760803557411409,5.5935969411780775,49.96610236646748,1.521911518634987,48.04741886501634,52.54892848101166,540.0,0.0,540.0,540.0,0.375,0.0,0.375,0.375,0.2925925925925925,0.0,0.2925925925925925,0.2925925925925925,0.2388888888888889,0.0,0.2388888888888889,0.2388888888888889,74.7,0.0,74.7,74.7,94.9,0.0,94.9,94.9,0.0,0.0,0,0,0.0,0.0,0.0,0.0,1.225,0.0,1.225,1.225,46.242980231028646,4.401851318374802,36.854079586600214,55.76328700166971,59.858924719851835,2.1414287651043105,56.45518145976153,64.99897850716125,0.0166666666666666,0.1290994448735805,0.0,1.0,0.0166666666666666,0.1290994448735805,0.0,1.0,0.0,0.0,0.0,0.0,0.0,0.0,0.0,0.0,0.0333333333333333,0.1810203347193925,0.0,1.0,63.3,1.5587913614318567,60.1,66.7,user_001,60
2024-01-06 06:00:00,0.0,0.0,0,0,2343.0,0.0,2343,2343,5.053566666666667,0.3005313016589723,4.4719999999999995,5.578,63.0981519634635,2.0270009880655557,57.889906610577064,67.13129784754804,51.279296336578746,4.467533093031578,40.494086866096616,62.07280722008344,97.463,0.4336807386209906,96.78,98.3,33.5194,0.1761614436739437,33.074,33.91,1.0,0.0,1,1,48.70184600943258,5.0517782677796825,36.1079371373074,58.711951746989065,63.233333333333334,5.113513723348169,46,72,51.19166666666667,10.39666327937155,23.9,75.5,48.80333333333333,13.600946710153282,13.8,77.8,97.47833333333332,0.867705266423184,95.3,99.3,33.5175,0.4698778240048422,32.22,34.54,5.04,0.7111437433661447,3.6,6.49,62.98929247030164,1.3802815682822192,60.252724657959064,65.58919871527198,62.773501650184485,0.9173016882610308,60.71721145640702,63.992822362489754,0.0675906849349174,1.92608617436253,-5.944953305288529,3.9792730947293298,50.25684836141202,0.0,50.25684836141202,50.25684836141202,3.770886909131023,0.8790775272427297,1.974846964714264,5.670857584499313,3.448513785766232,1.2419160732536978,0.6408822701497862,7.680600391545568,50.58378939294089,0.6766826429301922,49.15926775699059,51.99437805683505,540.0,0.0,540.0,540.0,0.375,0.0,0.375,0.375,0.2925925925925925,0.0,0.2925925925925925,0.2925925925925925,0.2388888888888889,0.0,0.2388888888888889,0.2388888888888889,74.7,0.0,74.7,74.7,94.9,0.0,94.9,94.9,0.0,0.0,0,0,0.0,0.0,0.0,0.0,1.225,0.0,1.225,1.225,46.90377291533627,4.317105703796443,38.89553601081466,55.58134025549382,59.18405724625803,1.550557169054776,56.56394198352966,62.494744783995856,0.0166666666666666,0.1290994448735805,0.0,1.0,0.0166666666666666,0.1290994448735805,0.0,1.0,0.0,0.0,0.0,0.0,0.0,0.0,0.0,0.0,0.0333333333333333,0.1810203347193925,0.0,1.0,65.04166666666667,1.668582232515578,61.7,69.1,user_001,60
2024-01-06 07:00:00,5.183333333333334,2.0293746775597907,1,11,2499.1666666666665,94.29006214447595,2347,2654,5.6893,0.2607883289995411,5.12,6.216,67.85069962779338,2.5616445568929684,60.738205882625785,73.03919470800422,49.66671993947006,4.462157460425064,40.04960026434123,60.01865913160669,97.58833333333334,0.3687871402343898,96.92,98.44,33.49433333333333,0.1302363778838079,33.221999999999994,33.736000000000004,0.0,0.0,0,0,50.756341195803586,5.819196824781723,34.992932557592916,62.95749670341248,67.8,5.899727083604541,50,82,49.705000000000005,10.662470617123263,22.1,72.9,50.765,12.776167232489655,20.9,80.1,97.59166666666668,0.8982641766615467,95.9,99.7,33.49666666666666,0.4158335173170792,32.28,34.45,5.700166666666666,0.6396675292857991,4.32,7.13,67.9103869349717,1.8593476019850443,63.48756356241133,70.72771304501956,66.92552833200385,1.7759572933678118,63.14459686135457,68.55791907085708,-0.0253498138966898,2.1524490270465475,-5.369102941312896,5.770796722196863,50.25684836141202,0.0,50.25684836141202,50.25684836141202,3.6541865508909455,1.2907685274629157,1.3909402766604837,6.158249820167399,3.2977445350754055,1.2864685545508907,0.7643551711171006,5.830599026786771,50.65964812748938,1.6670132115909235,48.237476538424936,53.36557654726325,540.0,0.0,540.0,540.0,0.375,0.0,0.375,0.375,0.2925925925925925,0.0,0.2925925925925925,0.2925925925925925,0.2388888888888889,0.0,0.2388888888888889,0.2388888888888889,74.7,0.0,74.7,74.7,94.9,0.0,94.9,94.9,0.9,0.5430610041581775,0,2,69.85,22.451322108214026,4.0,90.0,2.45,0.9568884957090554,1.225,4.9,54.32395584544045,4.4911194563819326,45.37622669412666,62.33360507153567,55.35777266947163,3.0773487905290815,51.35798778561166,62.449139298781134,0.0666666666666666,0.2515488742932317,0.0,1.0,0.0166666666666666,0.1290994448735805,0.0,1.0,0.0,0.0,0.0,0.0,0.0,0.0,0.0,0.0,0.0833333333333333,0.2787178067853021,0.0,1.0,63.07333333333334,1.96812451950932,59.0,66.4,user_001,60
2024-01-06 08:00:00,5.433333333333334,2.2501726236353936,1,11,2815.5333333333333,100.61631546550043,2657,2980,5.962566666666667,0.2723728978445285,5.442,6.624,72.38935101170964,2.032896804739561,66.8483572985558,75.97136903746788,48.31577522758883,4.973538819371754,40.30314873317904,63.60536155830135,97.68833333333332,0.3630808224291345,96.98,98.74,33.4501,0.2250313499816811,32.891999999999996,33.808,0.0,0.0,0,0,52.16376001086922,6.604750581992313,39.32346376221896,63.26224979564669,72.78333333333333,4.769577555349862,64,86,48.068333333333335,10.155811422516544,24.7,76.1,52.43,14.521046093894784,21.3,88.0,97.68166666666666,0.8316802813554484,96.1,99.6,33.44283333333333,0.4938746552934677,32.4,34.68,5.9623333333333335,0.6113790099319005,4.61,7.53,71.98378829338417,2.1347313168035424,63.72504237494089,74.43698583632151,70.9379560812951,1.7766584216181291,67.56718206426623,72.73690611881669,0.1969911608118485,1.8933141846541544,-3.6571230124892935,5.438490555830995,50.25684836141202,0.0,50.25684836141202,50.25684836141202,3.418636523086898,1.1380453546626017,0.8188439912400911,5.161870517452437,3.089981559155553,1.3501482706642978,0.4857956327759732,6.343679146664176,48.00735195985143,1.029306382460328,46.387601552389,50.25686632036764,540.0,0.0,540.0,540.0,0.375,0.0,0.375,0.375,0.2925925925925925,0.0,0.2925925925925925,0.2925925925925925,0.2388888888888889,0.0,0.2388888888888889,0.2388888888888889,74.7,0.0,74.7,74.7,94.9,0.0,94.9,94.9,1.0,0.6106401198187058,0,2,80.85,11.158070728082038,60.0,96.0,2.6745833333333335,1.1608596652607834,1.225,4.9,60.16227008089001,5.820222168208411,45.72245245521045,68.06142751057457,50.95699662375147,2.4813679538694946,47.437710419288855,56.045515514944974,0.0,0.0,0.0,0.0,0.0,0.0,0.0,0.0,0.0,0.0,0.0,0.0,0.0,0.0,0.0,0.0,0.0,0.0,0.0,0.0,59.645,2.447096169139445,55.8,65.3,user_001,60
2024-01-06 09:00:00,4.916666666666667,2.188503603515167,1,9,3135.95,86.05603712363146,2985,3275,6.265333333333333,0.2884503697678496,5.8,6.904000000000001,76.03256452183686,1.8505862494049752,71.61506994143846,80.59215826189543,49.88642044444011,4.167017569473401,40.26816421181791,61.94651248898074,97.64833333333333,0.3419840746944619,96.92,98.34,33.713233333333335,0.1906808822878062,33.224000000000004,34.036,0.0,0.0,0,0,49.87640702300475,3.762315639705581,42.79079625953293,56.60461342505323,75.93333333333334,4.963823931466433,66,88,50.27,9.698738341852966,26.0,75.8,49.59166666666667,11.03334378786608,22.9,71.8,97.63666666666668,0.8012631271124695,96.1,100.0,33.718333333333334,0.4731365469823644,32.79,34.91,6.275499999999999,0.675971178304449,4.85,8.22,76.08713892634475,1.1793694210276626,73.85974697054394,78.03196393397516,75.45603274820172,1.3148072724215476,72.46942924827529,76.802715373426,-0.0496155942517688,1.853767223460023,-4.86405275396514,4.416551690539137,50.25684836141202,0.0,50.25684836141202,50.25684836141202,3.3096465385854943,1.0774927753518209,0.9829825452421316,5.247753224475323,2.7380790167292153,1.328112640499174,0.4015406904552118,7.308514007979523,49.56860582196517,0.7997746697872447,48.35570699461939,51.088741330215136,540.0,0.0,540.0,540.0,0.375,0.0,0.375,0.375,0.2925925925925925,0.0,0.2925925925925925,0.2925925925925925,0.2388888888888889,0.0,0.2388888888888889,0.2388888888888889,74.7,0.0,74.7,74.7,94.9,0.0,94.9,94.9,0.8833333333333333,0.6402241838994507,0,2,74.66666666666667,5.160694561934662,63.0,83.0,2.4908333333333337,1.149299405852881,1.225,4.9,63.788539930295656,4.236432951878859,52.77955371088592,71.91827325046268,48.94860016400618,1.5983342352038137,46.10009350045004,53.9715947200431,0.0166666666666666,0.1290994448735805,0.0,1.0,0.05,0.2197841776510827,0.0,1.0,0.0,0.0,0.0,0.0,0.0,0.0,0.0,0.0,0.0666666666666666,0.2515488742932317,0.0,1.0,57.355,2.128771827022667,53.4,63.8,user_001,60
2024-01-06 10:00:00,4.266666666666667,2.510092622145926,0,10,3399.516666666667,77.03300892005242,3277,3531,6.450633333333333,0.332044818634354,5.678,7.148000000000001,77.18970389575091,2.2315674320350585,70.13592960336655,81.95239119087621,48.503050044825024,5.636679877656593,35.25972441441245,63.784260471854566,97.54133333333333,0.3025287024716958,96.76,98.24,33.49413333333334,0.1737318669154295,33.028,33.908,0.0,0.0,0,0,52.93162024184506,6.38967530882376,37.0393280647579,65.34831021527404,77.25,4.3980928069997605,63,88,48.445,9.941957400288562,21.1,72.2,52.748333333333335,12.647093746232322,28.8,85.4,97.55,0.7659048044577911,95.9,99.3,33.48533333333334,0.4994046172708186,32.1,34.34,6.435333333333333,0.6443508536495238,5.16,7.92,77.20596902504303,1.7663887715503646,72.79548058386487,79.19223682604843,76.78254878758558,1.093869160661132,74.99701173414459,78.19025044771888,0.0301480521245428,1.5776677355327924,-4.650797063625404,3.7835270943595134,50.25684836141202,0.0,50.25684836141202,50.25684836141202,3.2277082317566075,0.8132073025261028,1.9130763507016468,4.752830731721425,3.0347542875916127,1.1592626235487362,1.0303246677836555,6.219121994154389,48.858919566043866,1.0533404112905362,47.562125323303185,51.59405974157114,540.0,0.0,540.0,540.0,0.375,0.0,0.375,0.375,0.2925925925925925,0.0,0.2925925925925925,0.2925925925925925,0.2388888888888889,0.0,0.2388888888888889,0.2388888888888889,74.7,0.0,74.7,74.7,94.9,0.0,94.9,94.9,0.7,0.6714517537598057,0,2,63.65,9.278780238364543,44.0,81.0,2.225416666666667,1.138739003618293,1.225,4.9,66.22199243450972,6.9669980229403965,49.35546016524266,78.96390300335833,47.29555611629097,3.3751638919404416,42.78277799785393,54.23217588829043,0.05,0.2197841776510827,0.0,1.0,0.0666666666666666,0.2515488742932317,0.0,1.0,0.0,0.0,0.0,0.0,0.0,0.0,0.0,0.0,0.1166666666666666,0.3724252474950529,0.0,2.0,55.86666666666667,3.334293646980389,48.9,65.8,user_001,60
2024-01-06 11:00:00,5.016666666666667,2.1112424381790835,1,10,3683.9666666666662,89.48363483875023,3537,3832,6.522833333333334,0.3040711985461804,5.956,7.242,79.05823855645569,2.557073501871752,74.22288901709616,87.1775719371423,45.51482999462658,4.542204159964285,35.97938024496212,54.999116655705144,97.41833333333334,0.2882863846039599,96.54,98.06,33.38726666666666,0.1951590283017518,33.05,33.903999999999996,0.0,0.0,0,0,53.93559575375472,4.862337217589626,40.945978336535,65.7674011742504,79.23333333333333,5.237953626378376,69,93,45.123333333333335,10.431233520939008,21.7,61.0,54.29333333333333,13.454680575120728,27.6,82.1,97.42,0.7489653880803637,95.7,99.1,33.39933333333333,0.4183092144216491,32.46,34.48,6.530833333333334,0.5855094599437446,5.29,8.16,78.86777085931855,2.3148677328026537,73.9871174795019,84.70913955087788,78.57700766640795,0.884119880401013,77.15174484561885,80.04296480125547,0.0875473884388201,1.912812929088226,-4.392523979047439,5.1920156436963225,50.25684836141202,0.0,50.25684836141202,50.25684836141202,3.8075237461457303,1.0307356847949871,0.6431857433972363,6.832676187975175,3.3272458117252066,1.386188047426216,0.4376934271499287,6.8400264362676495,46.13388453865012,1.6485120643288798,42.482866830490686,49.071013730567216,540.0,0.0,540.0,540.0,0.375,0.0,0.375,0.375,0.2925925925925925,0.0,0.2925925925925925,0.2925925925925925,0.2388888888888889,0.0,0.2388888888888889,0.2388888888888889,74.7,0.0,74.7,74.7,94.9,0.0,94.9,94.9,0.9,0.602255647052628,0,2,75.08333333333333,6.491955038814474,61.0,86.0,2.4908333333333337,1.0808714965667268,1.225,4.9,71.00310795033758,6.884090749947545,50.9737902125122,84.84745110044292,44.285616777577864,3.918321455961062,38.4095219709102,51.74295224890081,0.0166666666666666,0.1290994448735805,0.0,1.0,0.0,0.0,0.0,0.0,0.0,0.0,0.0,0.0,0.0,0.0,0.0,0.0,0.0166666666666666,0.1290994448735805,0.0,1.0,53.27833333333333,2.9049397827223444,45.0,59.5,user_001,60
2024-01-06 12:00:00,4.683333333333334,2.151008172507044,1,11,3977.95,82.10481622571022,3835,4113,6.604866666666666,0.3216391001331516,6.008,7.234,80.40698659283383,1.8005872326756869,76.64128614059688,84.65973677746014,46.180715455284826,5.083016235446862,35.161037289188606,58.71000415173927,97.508,0.2601225265400054,96.92,98.26,33.42933333333333,0.2663886969319584,33.0,33.98,0.0,0.0,0,0,53.17964786024689,6.837356122885368,37.531298236702014,70.0154813838891,80.35,5.360954253533093,68,92,46.29333333333333,10.478466485464638,21.9,65.0,52.98833333333334,13.92268106445734,26.5,88.6,97.51833333333336,0.8624937566301505,95.5,99.8,33.41683333333334,0.5747202463650642,32.25,34.81,6.6055,0.7273388341488558,4.86,8.12,80.39613547193257,1.013079286055169,78.31839653147745,82.9289136669116,80.03648529704301,0.6751488939041362,78.2798674265926,80.83299711561318,-0.0284932964169136,2.049245872489118,-4.7304499726181035,4.846366684921264,50.25684836141202,0.0,50.25684836141202,50.25684836141202,3.49888666273599,1.122762581269979,1.122672556774604,5.4557301925529815,3.1134888489256327,1.3417948591931428,1.0290422500432266,7.1670217722432925,46.80035936903718,1.0513708283837142,44.86055435351258,48.6423628062143,540.0,0.0,540.0,540.0,0.375,0.0,0.375,0.375,0.2925925925925925,0.0,0.2925925925925925,0.2925925925925925,0.2388888888888889,0.0,0.2388888888888889,0.2388888888888889,74.7,0.0,74.7,74.7,94.9,0.0,94.9,94.9,0.7333333333333333,0.6069279874259417,0,2,71.08333333333333,6.06264378943,55.0,81.0,2.225416666666667,0.9957482884518568,1.225,4.9,72.45482701550695,5.364516092241842,58.00144342809879,80.17933966223852,43.20185141154509,2.4727787250022786,39.152261314992515,49.20741474864374,0.0,0.0,0.0,0.0,0.0166666666666666,0.1290994448735805,0.0,1.0,0.0,0.0,0.0,0.0,0.0,0.0,0.0,0.0,0.0166666666666666,0.1290994448735805,0.0,1.0,52.51166666666666,2.2924409067050036,46.8,58.3,user_001,60
2024-01-06 13:00:00,4.683333333333334,2.0788822507370104,1,12,4255.066666666667,82.25505325091477,4118,4394,6.5986,0.3864470582286263,5.524,7.314,79.44303836429599,3.060609484510584,70.60253967940804,84.6395085711607,43.51132450246025,5.0114929934224355,35.15038007606509,55.55387475146589,97.392,0.3581155953892762,96.66,98.2,33.6074,0.2602846681511913,32.824,34.083999999999996,0.0,0.0,0,0,56.718726866524584,5.969202559954969,41.01382852691356,67.52373972363698,79.6,5.869195654186238,63,90,43.055,10.897946082338605,17.3,71.0,57.245,14.352964909554933,20.4,86.4,97.38666666666668,0.9022507950537596,95.2,99.4,33.622166666666665,0.4745456048405096,32.81,34.78,6.600666666666667,0.7177008173862115,4.85,8.06,79.42309701916402,2.5818889923309474,73.08675524038296,82.74920385643637,79.98650709135823,0.9203683848567557,78.11336282118474,81.30859329891874,0.0784808178520021,2.0455790146938253,-5.1814285635015835,4.161976169327218,50.25684836141202,0.0,50.25684836141202,50.25684836141202,3.729732130690566,1.3706816262381278,1.5078362865293442,6.173645214553188,3.1842187624603437,1.2993699679331712,1.2499292823428043,6.016822283340572,44.7938225469909,1.8137179445568292,40.49952695550458,46.94929697835881,540.0,0.0,540.0,540.0,0.375,0.0,0.375,0.375,0.2925925925925925,0.0,0.2925925925925925,0.2925925925925925,0.2388888888888889,0.0,0.2388888888888889,0.2388888888888889,74.7,0.0,74.7,74.7,94.9,0.0,94.9,94.9,0.8666666666666667,0.5664838521990366,0,2,69.98333333333333,5.0639693236367975,60.0,81.0,2.4091666666666667,0.9822467184059256,1.225,4.9,74.29085781342913,5.145230134199865,62.69728584491816,82.84272902791403,41.6054978743628,2.0603565528353123,38.27177677409557,45.678495071684026,0.0333333333333333,0.1810203347193925,0.0,1.0,0.0166666666666666,0.1290994448735805,0.0,1.0,0.0,0.0,0.0,0.0,0.0,0.0,0.0,0.0,0.05,0.2197841776510827,0.0,1.0,52.04666666666667,2.593960826296645,46.6,57.3,user_001,60
2024-01-06 14:00:00,4.983333333333333,2.182299103819427,1,10,4547.433333333333,88.31767903074942,4397,4693,6.4415,0.2673626686921146,5.970000000000001,7.004,77.30945009029243,2.2021072519390903,73.42755792100603,82.38322614328855,46.56131874284406,4.347473422476663,34.73615378072167,54.43375055841674,97.61866666666668,0.262681521848994,96.9,98.38,33.34696666666667,0.2225779594268043,32.88,33.80799999999999,0.0,0.0,0,0,52.93017799246302,6.775776848086498,41.4094671254774,68.17180613798537,77.26666666666667,4.524384653980598,67,91,46.85666666666667,10.875900378338708,23.6,68.2,52.755,14.470102725321476,17.1,84.2,97.605,0.8675750346096688,96.0,99.5,33.338166666666666,0.4946613005480507,32.07,34.61,6.4478333333333335,0.7167631849340729,5.1,7.94,77.23867461314627,1.6162121768393742,74.2838261356604,81.61033731241046,77.25438048735046,0.4069002872707546,76.41816637102376,78.08668632523428,-0.0213917118128809,1.6301316339131946,-3.2137789605030065,4.693870588800365,50.25684836141202,0.0,50.25684836141202,50.25684836141202,3.677699113916633,1.5316533584936949,1.1883129313206515,7.690337248626041,2.9689816280361137,1.1819856554734467,0.7522382758067,5.895856494123414,45.660372386598006,2.6087042177095583,40.266456424668704,48.83856983472161,540.0,0.0,540.0,540.0,0.375,0.0,0.375,0.375,0.2925925925925925,0.0,0.2925925925925925,0.2925925925925925,0.2388888888888889,0.0,0.2388888888888889,0.2388888888888889,74.7,0.0,74.7,74.7,94.9,0.0,94.9,94.9,0.8833333333333333,0.6131791749276648,0,2,73.63333333333334,6.666299424913259,59.0,87.0,2.470416666666667,1.0931556294626985,1.225,4.9,68.60499421835948,5.2517872190466655,59.1382913780952,81.59302368227516,44.94223423853772,3.322484174630883,38.477151888305784,50.24529448866197,0.0,0.0,0.0,0.0,0.0666666666666666,0.2515488742932317,0.0,1.0,0.0,0.0,0.0,0.0,0.0,0.0,0.0,0.0,0.0666666666666666,0.2515488742932317,0.0,1.0,54.975,2.535284893562348,48.0,59.2,user_001,60
2024-01-06 15:00:00,4.65,2.1536331148132777,1,11,4837.133333333333,82.48974598148781,4695,4972,6.0699000000000005,0.3777685463035153,5.432,7.074000000000001,73.9029822691726,2.2312903457320425,68.55160888472518,78.87541675572056,48.6340689680334,3.6372840307198104,41.51695806974728,58.406251481776984,97.667,0.3148273672768041,97.02,98.3,33.5124,0.2174333484471728,33.076,33.928000000000004,0.0,0.0,0,0,51.805374174720335,4.427431951257781,40.62364992785125,62.636090707551226,73.66666666666667,4.807009947230022,63,84,48.74333333333333,8.558084029728095,30.1,71.4,51.751666666666665,12.14765781521196,22.7,74.6,97.665,0.7967784712223278,95.4,99.5,33.51916666666667,0.4401397762062286,32.57,34.37,6.0605,0.6972377096290859,4.74,8.06,74.15453240160942,2.005497443508372,70.12658397010242,80.20689154160698,74.8268900056925,1.1139259638531431,73.23071650844915,77.65463213378074,-0.1181578012529681,1.8035012372271144,-5.797514984190897,3.1120006166750898,50.25684836141202,0.0,50.25684836141202,50.25684836141202,3.048305000759099,1.0942642568912198,1.0043686648621664,5.522964868834338,2.560602737060071,1.0473722554850826,1.088134564736577,5.492467050580142,47.72410028018422,1.642106317723772,44.37557023837633,50.11273237544603,540.0,0.0,540.0,540.0,0.375,0.0,0.375,0.375,0.2925925925925925,0.0,0.2925925925925925,0.2925925925925925,0.2388888888888889,0.0,0.2388888888888889,0.2388888888888889,74.7,0.0,74.7,74.7,94.9,0.0,94.9,94.9,0.7833333333333333,0.6131791749276647,0,2,70.21666666666667,8.580805672470426,56.0,89.0,2.307083333333334,1.0358110273902654,1.225,4.9,62.899534819772995,5.719412751465168,50.0439460532929,79.8382010917222,48.63244419025763,3.329000160025401,42.224135588563925,54.95192324786299,0.0,0.0,0.0,0.0,0.0,0.0,0.0,0.0,0.0,0.0,0.0,0.0,0.0,0.0,0.0,0.0,0.0,0.0,0.0,0.0,58.26,2.5348553263300277,53.9,64.2,user_001,60
2024-01-06 16:00:00,4.516666666666667,1.9614217142784307,0,10,5114.116666666667,78.18450400601529,4975,5243,5.999899999999999,0.2994916427344787,5.53,6.912000000000001,72.49680020489889,2.561539907177897,68.39803841946093,78.9597369440903,48.53136512076459,5.157922089130099,33.56899263882481,56.84408821285746,97.489,0.2862599269243106,96.96,98.26,33.57423333333333,0.2523699441307651,33.19,34.188,0.0,0.0,0,0,51.824173093995434,7.095147580934733,41.054454771341454,73.07930174776268,72.33333333333333,5.996232338717952,53,87,48.55,10.04352392745474,24.3,70.7,51.80166666666666,14.347709811539897,25.9,85.5,97.50333333333332,0.8623905809575464,95.4,100.0,33.574333333333335,0.5951651719656524,32.22,34.68,6.009,0.8253662771917835,4.1,8.01,72.63364387375418,1.7372210761398532,69.8123263313282,76.21253746002544,73.32658301568163,0.7880361710008866,71.84442422611333,74.49460979770848,-0.0817334357827834,2.19212855190277,-7.879941543131181,5.635530233091046,50.25684836141202,0.0,50.25684836141202,50.25684836141202,3.3716378799528526,1.0979994648395863,0.7151941734022899,5.598377271535894,3.0270030194810444,1.265477193232009,0.3685283163857412,5.81802415447691,48.08561146325507,1.1334880414244752,46.43949119062664,50.15906052047662,540.0,0.0,540.0,540.0,0.375,0.0,0.375,0.375,0.2925925925925925,0.0,0.2925925925925925,0.2925925925925925,0.2388888888888889,0.0,0.2388888888888889,0.2388888888888889,74.7,0.0,74.7,74.7,94.9,0.0,94.9,94.9,0.8,0.605063380907533,0,2,68.43333333333334,5.29587836752467,59.0,80.0,2.3275,1.0261485916783153,1.225,4.9,61.0059116340695,6.034598601609107,51.51185073049403,76.11557253899477,49.73734920913288,2.429498977642821,45.06915004388634,53.58006044802549,0.0166666666666666,0.1290994448735805,0.0,1.0,0.0666666666666666,0.2515488742932317,0.0,1.0,0.0,0.0,0.0,0.0,0.0,0.0,0.0,0.0,0.0833333333333333,0.2787178067853021,0.0,1.0,59.156666666666666,2.7194445261989513,51.2,63.8,user_001,60
2024-01-06 17:00:00,4.9,2.0724177315969117,2,10,5392.766666666666,80.36555604778724,5247,5537,5.633466666666666,0.2153886095116097,5.24,6.168,68.43599277262507,2.200631421071579,63.490342413315034,72.76206599058727,48.95971289746408,3.985873477706077,40.863732208032154,59.545799389602486,97.42033333333332,0.3585562701586122,96.62,98.26,33.4328,0.2575012127666037,32.976,34.018,0.0,0.0,0,0,49.60120819305529,4.868570991248499,38.60834092279931,61.64740187653465,68.51666666666667,5.711990560058033,57,85,48.919999999999995,9.377069037221258,32.1,76.4,49.623333333333335,11.44450673743857,19.6,74.8,97.4,0.7793956807159284,95.6,98.7,33.43516666666667,0.4820594648833439,32.02,34.57,5.6395,0.6081241649531779,4.1,7.5,68.40347260446529,1.1983415115674017,65.98689721929433,70.16087091754396,69.06661690433255,0.9534863650771714,68.02993294878752,71.54072726185333,0.0403369470207972,2.1443044274418885,-4.075086750007728,6.118967004706363,50.25684836141202,0.0,50.25684836141202,50.25684836141202,3.313105897520492,0.8920333342290337,1.2553205188059988,5.153671170627134,3.0592933064971963,0.9341012594332592,0.7709102118542223,5.127231861486312,49.09597693026579,0.8300086759380901,47.031335369590586,50.70211579697615,540.0,0.0,540.0,540.0,0.375,0.0,0.375,0.375,0.2925925925925925,0.0,0.2925925925925925,0.2925925925925925,0.2388888888888889,0.0,0.2388888888888889,0.2388888888888889,74.7,0.0,74.7,74.7,94.9,0.0,94.9,94.9,0.85,0.6331251516304802,0,2,70.9,8.216766653452447,57.0,90.0,2.4295833333333334,1.1161800366848464,1.225,4.9,55.612504131513646,3.739646417843746,49.68233325614057,63.95116221052251,53.925102150927245,1.4678231261826655,50.46108400566153,55.86203001816801,0.0166666666666666,0.1290994448735805,0.0,1.0,0.0166666666666666,0.1290994448735805,0.0,1.0,0.0,0.0,0.0,0.0,0.0,0.0,0.0,0.0,0.0333333333333333,0.1810203347193925,0.0,1.0,62.21333333333334,2.162426968820041,57.5,66.1,user_001,60
2024-01-06 18:00:00,5.333333333333333,2.1836578445170627,2,12,5702.283333333334,94.53384142803628,5542,5857,5.4362,0.2885563599738459,4.756,5.914,65.70875615981988,2.621391757987303,59.66386919487045,71.09751536907983,50.36667817248219,3.912966520652156,42.43713013580122,57.35571680721654,97.56966666666668,0.3137199802191436,96.98,98.2,33.457633333333334,0.1910337592551146,33.09,33.956,0.0,0.0,0,0,49.68479539988241,5.448063185818307,36.96035849410148,61.25490149988051,65.46666666666667,5.73856022416143,50,78,50.56666666666667,9.938142012804338,28.7,67.9,49.681666666666665,12.518589454123978,20.9,79.2,97.58,0.7007985759601651,95.7,99.4,33.43983333333333,0.4760233994628395,32.07,34.28,5.424833333333334,0.5992240509832997,4.07,7.04,65.95017770485829,2.0451302246292147,61.94584307743925,70.3739139450293,66.46696000569037,0.8053871744324894,65.32045025875891,68.32224704083062,-0.1210447465766102,2.1117887143040406,-6.364867906338311,5.030365191452766,50.25684836141202,0.0,50.25684836141202,50.25684836141202,3.552015132309162,0.9069135032903736,1.5221007871531962,5.146574512986074,3.010322368662558,0.927220911841358,1.0120874044032615,5.314578578192387,49.92182843832472,0.5527697845057145,49.093712438019914,50.958158484213975,540.0,0.0,540.0,540.0,0.375,0.0,0.375,0.375,0.2925925925925925,0.0,0.2925925925925925,0.2925925925925925,0.2388888888888889,0.0,0.2388888888888889,0.2388888888888889,74.7,0.0,74.7,74.7,94.9,0.0,94.9,94.9,0.9833333333333332,0.5672313570575753,0,2,81.21666666666667,6.340859340431795,69.0,94.0,2.6133333333333337,1.06904109839449,1.225,4.9,51.63883551369968,4.093098614739907,41.84930070118441,62.27502097120303,56.07411228509091,1.4161112533431572,52.720474594563385,57.92660472239581,0.0666666666666666,0.2515488742932317,0.0,1.0,0.0166666666666666,0.1290994448735805,0.0,1.0,0.0,0.0,0.0,0.0,0.0,0.0,0.0,0.0,0.0833333333333333,0.2787178067853021,0.0,1.0,64.03833333333334,1.529161913661234,60.8,67.4,user_001,60
2024-01-06 19:00:00,4.683333333333334,2.382789041400688,0,12,6004.7,81.69938696531615,5868,6138,5.0373,0.2668533082717794,4.274,5.569999999999999,60.974792437300465,2.0210996655622746,56.47042559054745,66.09084526135668,52.06663991810718,5.469390027721047,41.90175738073388,67.14332548368759,97.325,0.3751542055823255,96.78,98.12,33.5833,0.2150833736650014,33.17,34.018,0.0,0.0,0,0,49.538569091065376,6.643929580979636,32.67199784495921,67.47410672939937,60.916666666666664,4.931021370001599,48,74,52.11833333333333,11.473115098197928,33.1,78.4,49.345,12.94654492224581,16.5,77.2,97.345,0.7627837065976444,95.8,99.2,33.58833333333333,0.5341876984498439,32.37,34.86,5.0295,0.6912024035778989,3.09,6.7,61.01414005337998,1.4130028281283225,57.22780197433459,63.564604376828264,61.981640119927334,1.5803237119903133,60.380335972992235,65.31363350583928,-0.0290628853168999,1.8452895168110348,-4.235212795273732,3.954577369321647,50.25684836141202,0.0,50.25684836141202,50.25684836141202,3.94770812399586,1.2579008984192508,1.5023547718116272,6.182166405733076,3.633488854089372,1.687727248542953,1.1818039238425266,9.472518731962426,51.210605111309185,1.1974204642355566,49.78075290427849,54.27802199072819,540.0,0.0,540.0,540.0,0.375,0.0,0.375,0.375,0.2925925925925925,0.0,0.2925925925925925,0.2925925925925925,0.2388888888888889,0.0,0.2388888888888889,0.2388888888888889,74.7,0.0,74.7,74.7,94.9,0.0,94.9,94.9,0.7166666666666667,0.6131791749276647,0,2,70.83333333333333,10.439765350091522,47.0,88.0,2.205,1.0035931210118836,1.225,4.9,43.71630325302736,5.334571324808834,32.38806256322515,53.388564390283975,61.07844022331424,3.0957753388807063,56.17242499841665,66.08399259967027,0.0166666666666666,0.1290994448735805,0.0,1.0,0.0,0.0,0.0,0.0,0.0,0.0,0.0,0.0,0.0,0.0,0.0,0.0,0.0166666666666666,0.1290994448735805,0.0,1.0,64.3,1.914264030812106,60.9,69.2,user_001,60
2024-01-06 20:00:00,5.033333333333333,2.299348962145049,1,13,6288.666666666667,89.60888020966055,6141,6440,4.772966666666666,0.3362671439352872,3.956,5.582,56.791196031507894,1.874165532659329,53.43565729226905,61.36125761691769,54.17808868891347,3.6978590326906424,46.276479050445026,62.46327819841608,97.724,0.3055154022581303,97.02,98.54,33.443733333333334,0.1894876112104945,33.017999999999994,33.858000000000004,0.0,0.0,0,0,46.41413902445083,6.6730255302655985,32.26926265079628,61.47541502808224,56.7,4.6914997060135715,45,68,54.07166666666667,9.043962152310757,33.1,79.0,46.415,13.387419151032203,12.1,80.6,97.7,0.673719752630679,96.0,99.6,33.45433333333333,0.4897573479663226,32.48,34.38,4.79,0.6105762768323939,3.56,6.15,56.93844619976874,1.6745610790457683,53.921798270382055,61.95422544693064,57.82887147259668,1.6989047134109103,56.038984788707715,60.68661135727041,-0.0455980157539483,1.7875096191357247,-5.282593344880752,3.8116044367461654,50.25684836141202,0.0,50.25684836141202,50.25684836141202,3.1415705618661462,0.9829750805510062,1.153918953027517,5.284820973836719,2.7653489148410224,0.9720298343629636,0.9390723472138248,5.074535094279396,54.28383416615269,1.2242982343086646,52.17143568750513,56.177595193278336,540.0,0.0,540.0,540.0,0.375,0.0,0.375,0.375,0.2925925925925925,0.0,0.2925925925925925,0.2925925925925925,0.2388888888888889,0.0,0.2388888888888889,0.2388888888888889,74.7,0.0,74.7,74.7,94.9,0.0,94.9,94.9,0.8833333333333333,0.6661721329614917,0,3,74.95,6.349763107819366,64.0,89.0,2.51125,1.3233114040292626,1.225,8.575,36.641555758230574,3.257475022625119,29.56495593127438,43.65454951571019,65.82091310380036,1.6447849470956897,62.33726068308152,69.12903320382914,0.05,0.2197841776510827,0.0,1.0,0.0166666666666666,0.1290994448735805,0.0,1.0,0.0,0.0,0.0,0.0,0.0,0.0,0.0,0.0,0.0666666666666666,0.2515488742932317,0.0,1.0,63.84666666666667,1.4094675838970154,61.1,67.7,user_001,60
2024-01-06 21:00:00,4.933333333333334,2.1618155165701856,0,12,6589.933333333333,87.618562128002,6443,6736,4.479866666666666,0.2529963801353327,3.8,4.894,54.325095657509515,1.6851863675262395,51.16911274054515,58.560143992214115,54.38018959006818,4.002191685195469,46.362656864329416,62.97583766121977,97.45366666666668,0.2889957284692102,97.0,98.1,33.553133333333335,0.2102512997333142,33.044,34.106,0.0,0.0,0,0,45.6860450494692,4.966000199730942,35.033909347018536,56.455584647030754,54.21666666666667,5.320544341549601,43,66,54.345,9.559828113482064,33.7,75.3,45.77833333333333,11.051099978484643,21.1,73.3,97.46166666666666,0.6314072705021203,96.3,99.2,33.54233333333333,0.5334993738711451,32.14,34.96,4.481,0.6408302347974137,2.82,5.84,54.42723146334799,1.056881266149791,52.700945047118466,57.385301451555755,54.85605479544246,0.7309147436384987,54.109603234938966,56.69229054424781,-0.0542144954214188,2.087726852965639,-4.350433042850646,4.610295753151618,50.25684836141202,0.0,50.25684836141202,50.25684836141202,3.419374674737658,0.9233121400517528,1.0690900300172046,6.0905284655387035,2.686614309884248,0.9617162197302416,0.8900916198833227,5.071655737157291,54.68191436256287,1.1412278417491732,52.71202276529032,56.03380451567586,540.0,0.0,540.0,540.0,0.375,0.0,0.375,0.375,0.2925925925925925,0.0,0.2925925925925925,0.2925925925925925,0.2388888888888889,0.0,0.2388888888888889,0.2388888888888889,74.7,0.0,74.7,74.7,94.9,0.0,94.9,94.9,0.8,0.5763708787148327,0,2,74.65,4.7365330952830735,63.0,83.0,2.307083333333334,0.9593219231623382,1.225,4.9,33.49186427825007,3.747572445868809,25.06545133574028,40.420291588902046,68.54054854615998,1.7527273026726369,66.11304763479532,72.36505893843409,0.0166666666666666,0.1290994448735805,0.0,1.0,0.0333333333333333,0.1810203347193925,0.0,1.0,0.0,0.0,0.0,0.0,0.0,0.0,0.0,0.0,0.05,0.2197841776510827,0.0,1.0,62.718333333333334,1.6434246659851357,59.3,66.0,user_001,60
2024-01-06 22:00:00,0.0,0.0,0,0,6736.0,0.0,6736,6736,4.179733333333333,0.2783648299104495,3.716,4.826,51.94353492491697,2.2864056182361563,47.12858855133434,56.48642972353707,54.8473063308783,4.170272914490353,42.85067483733184,63.00312538640006,97.50733333333332,0.4249501133898664,96.78,98.6,33.56113333333333,0.2385846306632092,33.077999999999996,34.025999999999996,1.0,0.0,1,1,45.85689942740866,6.039115112505834,34.32204021653248,62.83856989111149,51.733333333333334,4.870759056380302,40,62,55.04666666666667,11.224073200449093,26.3,79.3,45.736666666666665,12.354097195429716,14.2,75.2,97.49833333333332,0.8557862212592439,95.8,100.0,33.568,0.5338691517464188,32.22,34.66,4.162833333333333,0.6570816105613163,2.29,5.64,52.11940669780183,1.6058365353290298,48.534067690730815,55.27020373147957,52.61173293805021,0.7270683186662814,51.59104178910881,54.45487049767319,-0.1051007957918153,1.7694260866406617,-4.6758850000383845,3.4440586321566258,50.25684836141202,0.0,50.25684836141202,50.25684836141202,3.98953079142966,1.2703348027156165,1.345524803394982,7.070591732365304,3.30783510231288,1.4848684236236749,1.2568088133581794,6.875840752489458,54.61516403409544,0.6066879522607365,53.06259964172992,55.5908052015876,540.0,0.0,540.0,540.0,0.375,0.0,0.375,0.375,0.2925925925925925,0.0,0.2925925925925925,0.2925925925925925,0.2388888888888889,0.0,0.2388888888888889,0.2388888888888889,74.7,0.0,74.7,74.7,94.9,0.0,94.9,94.9,0.0,0.0,0,0,8.25,18.00153006679606,0.0,69.0,1.225,0.0,1.225,1.225,30.67880670485814,4.300542924906565,23.101602610282356,41.36650460802016,69.84540264673682,1.7290024109893256,65.84554253629797,73.2224158457497,0.0333333333333333,0.1810203347193925,0.0,1.0,0.05,0.2197841776510827,0.0,1.0,0.0,0.0,0.0,0.0,0.0,0.0,0.0,0.0,0.0833333333333333,0.2787178067853021,0.0,1.0,61.93833333333334,1.4225891490538105,58.1,64.4,user_001,60
2024-01-06 23:00:00,0.0,0.0,0,0,6736.0,0.0,6736,6736,4.029766666666666,0.2897278890916686,3.406,4.736,50.28453021388813,1.8391492951093504,46.47049700977393,53.91217470235396,55.175019511744374,4.386831176617452,44.42007836840364,63.8480848225872,97.53633333333332,0.2536109837397594,96.9,98.0,33.507733333333334,0.2864462481991078,32.946000000000005,34.025999999999996,1.0,0.0,1,1,44.70329626257016,6.094340537905819,33.7210509940168,56.189191900446666,50.266666666666666,5.307068093722977,40,63,54.99166666666667,9.354058154341477,34.5,80.3,44.586666666666666,12.495741195407293,20.2,72.5,97.55,0.7247442564712973,95.4,99.0,33.49883333333334,0.6073730366502261,31.94,35.02,4.038333333333333,0.7234595948017652,2.84,6.79,50.28836510579661,1.1127153677897983,48.497424397878326,52.612240518305704,50.619877748831854,0.486079601657777,50.11246246108181,51.96986920772781,-0.0089317736107305,2.0307943842431,-4.394396252200579,4.898205189777698,50.25684836141202,0.0,50.25684836141202,50.25684836141202,3.2212192823626653,1.136191939964636,1.8069047893120107,6.567370940097325,2.808776652345833,1.1607364914837015,0.9292023780833456,6.399785288095343,55.11737927901728,0.9314946934316384,53.61583104621142,56.848805539352405,540.0,0.0,540.0,540.0,0.375,0.0,0.375,0.375,0.2925925925925925,0.0,0.2925925925925925,0.2925925925925925,0.2388888888888889,0.0,0.2388888888888889,0.2388888888888889,74.7,0.0,74.7,74.7,94.9,0.0,94.9,94.9,0.0,0.0,0,0,0.0,0.0,0.0,0.0,1.225,0.0,1.225,1.225,27.80848884141226,4.5362604433439815,20.05832560667554,36.269533675392566,71.593805559449,2.3284271686108453,68.31481598911294,76.14265927234972,0.0,0.0,0.0,0.0,0.0333333333333333,0.1810203347193925,0.0,1.0,0.0,0.0,0.0,0.0,0.0,0.0,0.0,0.0,0.0333333333333333,0.1810203347193925,0.0,1.0,61.52333333333333,1.7708914413862702,58.0,66.6,user_001,60
2024-01-07 00:00:00,0.0,0.0,0,0,6736.0,0.0,6736,6736,3.9802666666666666,0.2491619762232594,3.44,4.464,50.29993673473611,2.2841600044357295,44.92076450609691,54.69607681941026,54.740001786705925,3.7459569376245327,46.62878091415854,62.25869210520628,97.61033333333332,0.2439919883838012,97.06,98.06,33.5888,0.2356501860162459,33.056,34.138,1.0,0.0,1,1,45.53911261773385,5.113884494550501,29.944496403331076,55.79168331229504,50.266666666666666,5.200608395526029,40,61,54.92833333333333,9.475125179919326,35.8,84.9,45.57,13.042541865184283,15.6,72.9,97.6,0.7462902602489003,96.1,99.6,33.59166666666667,0.5122537992072476,32.74,35.33,3.9665,0.6168202358790041,2.42,5.15,50.28649980453316,1.7317573108346993,46.10686743404061,52.573163219172535,50.21887007095981,0.5543342881412728,49.237306531096905,50.96355382676308,-0.0166350340347213,1.9019917001344449,-4.2320256064700885,3.4513479174057125,50.25684836141202,0.0,50.25684836141202,50.25684836141202,3.1806574024209726,1.2527073223235496,1.0032104678107296,5.920451154269505,2.7447915866161776,1.0939971473826848,0.9031866346729528,5.321949490172465,54.56956595077167,0.979250932068064,52.63307030928567,56.10970134464103,540.0,0.0,540.0,540.0,0.375,0.0,0.375,0.375,0.2925925925925925,0.0,0.2925925925925925,0.2925925925925925,0.1888888888888888,0.0,0.1888888888888888,0.1888888888888888,69.8,0.0,69.8,69.8,94.9,0.0,94.9,94.9,0.0,0.0,0,0,0.0,0.0,0.0,0.0,1.225,0.0,1.225,1.225,28.543812450164943,3.72187205771786,21.538001908762304,34.46160690088898,70.14047350116583,1.2716602849134506,68.09170641580108,72.77775526956603,0.0166666666666666,0.1290994448735805,0.0,1.0,0.0166666666666666,0.1290994448735805,0.0,1.0,0.0,0.0,0.0,0.0,0.0,0.0,0.0,0.0,0.0333333333333333,0.1810203347193925,0.0,1.0,60.42333333333333,1.521859552381605,56.6,63.4,user_001,60
2024-01-07 01:00:00,0.0,0.0,0,0,6736.0,0.0,6736,6736,4.0921666666666665,0.2526798179425503,3.62,4.612,50.50620556699281,2.074158993692552,45.55799938933641,54.99488019124019,53.18684297514574,4.497343393891508,42.945482820523985,62.10860621903387,97.467,0.306734026009283,96.66,98.14,33.66466666666667,0.1710361907055752,33.306,34.028000000000006,1.0,0.0,1,1,48.23193481927673,5.278873609577402,35.717264009119994,58.50875175667388,50.666666666666664,4.870063051367382,40,66,52.97833333333333,11.284519044092985,30.0,76.5,48.35333333333333,14.167968966396288,17.8,88.6,97.475,0.8131597712376838,95.3,99.3,33.6775,0.5081926266315877,32.7,35.09,4.1066666666666665,0.5306780653461645,2.29,5.04,50.44886718294354,1.4182726765595668,46.950881004259195,53.44044340870992,50.5957829692364,0.3237500237791856,49.91998687779176,51.172157331329046,0.0802305498369283,1.7999956019534613,-3.5368048864622423,5.503839856569854,50.25684836141202,0.0,50.25684836141202,50.25684836141202,4.045726897968949,1.133265215071506,1.4948356656211177,6.627130910618766,3.180098513425741,1.1424163057403691,0.7168428906550389,6.540640453465075,53.37201835367232,1.590070313560166,50.692179021983534,55.96866571639053,540.0,0.0,540.0,540.0,0.375,0.0,0.375,0.375,0.2925925925925925,0.0,0.2925925925925925,0.2925925925925925,0.1888888888888888,0.0,0.1888888888888888,0.1888888888888888,69.8,0.0,69.8,69.8,94.9,0.0,94.9,94.9,0.0,0.0,0,0,0.0,0.0,0.0,0.0,1.225,0.0,1.225,1.225,30.38346431238374,4.7888156436994045,19.784026995440477,39.360965384018435,68.307367423376,2.437092429940622,63.64562883687494,72.46396722597036,0.0166666666666666,0.1290994448735805,0.0,1.0,0.0333333333333333,0.1810203347193925,0.0,1.0,0.0,0.0,0.0,0.0,0.0,0.0,0.0,0.0,0.05,0.2197841776510828,0.0,1.0,59.776666666666664,1.560026799711854,56.8,63.7,user_001,60
2024-01-07 02:00:00,0.0,0.0,0,0,6736.0,0.0,6736,6736,4.020933333333334,0.3532152494292657,3.222,4.758,51.51897639961761,1.910467994421429,46.27353622352496,55.11869615833916,53.49164642171958,4.697667731276102,45.26008270130854,62.540522273232945,97.54366666666668,0.2781413289499751,97.04,98.12,33.519666666666666,0.2227331508715647,33.04600000000001,34.092,1.0,0.0,1,1,46.3061231092123,4.752110339334293,34.07826138338581,55.04341910519353,51.516666666666666,4.435953518221219,41,59,53.623333333333335,9.783198441788471,35.1,73.7,46.22,10.796606497617978,20.9,68.8,97.55,0.7630225355980711,94.9,100.0,33.5175,0.4900834415291104,32.4,34.72,4.002166666666667,0.6158777439396769,2.61,5.95,51.48692525399144,1.344247010907902,48.18096785969806,53.413061117619534,51.20435226072924,0.5982540199474407,50.015470658987674,52.20779405387668,-0.001154866475471,1.6347088455120176,-3.99764687880311,2.9392141725500096,50.25684836141202,0.0,50.25684836141202,50.25684836141202,3.4628175087873108,0.9759321214514304,1.2539776340485356,5.023625524782035,2.8279946321349647,1.1114369386588832,1.0511788203931722,5.70234113778822,52.641843790684064,1.8435051232417363,50.27914911709099,56.50642388203848,540.0,0.0,540.0,540.0,0.375,0.0,0.375,0.375,0.2925925925925925,0.0,0.2925925925925925,0.2925925925925925,0.1888888888888888,0.0,0.1888888888888888,0.1888888888888888,69.8,0.0,69.8,69.8,94.9,0.0,94.9,94.9,0.0,0.0,0,0,0.0,0.0,0.0,0.0,1.225,0.0,1.225,1.225,31.57310981268734,5.50445946371068,21.11929944186719,40.84866510675266,67.3204754797858,2.9896464666044844,62.730972763541075,72.73093913355696,0.0166666666666666,0.1290994448735805,0.0,1.0,0.0,0.0,0.0,0.0,0.0,0.0,0.0,0.0,0.0,0.0,0.0,0.0,0.0166666666666666,0.1290994448735805,0.0,1.0,60.31333333333334,1.6445561625409466,56.7,63.9,user_001,60
2024-01-07 03:00:00,0.0,0.0,0,0,6736.0,0.0,6736,6736,4.1246,0.1780528582724327,3.736,4.686,52.9276926770761,1.713998425902628,48.806354442678845,57.05170799853081,55.63703116109889,4.305606616889766,46.31276581562596,64.55265883102105,97.45933333333332,0.3453117808426184,96.84,98.22,33.4197,0.2273105320175492,32.874,33.86,1.0,0.0,1,1,43.52924641075005,5.472640588776109,33.83174487682289,61.570989355814106,52.916666666666664,4.412200598827505,44,63,55.55833333333333,12.187285562360929,29.1,83.2,43.486666666666665,14.746886677080916,17.8,78.3,97.45,0.7652406290435594,94.8,99.0,33.416000000000004,0.5292726060598865,31.91,34.38,4.146,0.5467661477624443,2.98,5.58,52.92908110245487,1.0944883452801122,50.839853796062314,55.10325424525395,52.76754423608002,0.5644431572422178,51.092208212581994,53.684488967342126,-0.0055130052047148,1.6593918101559186,-2.972470338693732,3.23855585361234,50.25684836141202,0.0,50.25684836141202,50.25684836141202,4.2902225226286825,1.2774907431416156,1.2262337147102258,6.809768937728662,3.6232148032607263,1.454311537949955,0.8286389912534898,7.336961478475441,55.63946290964028,0.6693736174867218,54.60030773157084,57.044512336024965,540.0,0.0,540.0,540.0,0.375,0.0,0.375,0.375,0.2925925925925925,0.0,0.2925925925925925,0.2925925925925925,0.1888888888888888,0.0,0.1888888888888888,0.1888888888888888,69.8,0.0,69.8,69.8,94.9,0.0,94.9,94.9,0.0,0.0,0,0,0.0,0.0,0.0,0.0,1.225,0.0,1.225,1.225,30.39151075763373,3.5693945817773396,24.83512151961667,38.982906762416704,69.01905476130763,1.395952672470299,67.10265397489916,71.84802114026591,0.0166666666666666,0.1290994448735805,0.0,1.0,0.05,0.2197841776510827,0.0,1.0,0.0,0.0,0.0,0.0,0.0,0.0,0.0,0.0,0.0666666666666666,0.2515488742932317,0.0,1.0,61.693333333333335,1.4230388427666336,58.2,64.9,user_001,60
2024-01-07 04:00:00,0.0,0.0,0,0,6736.0,0.0,6736,6736,4.6435,0.2830012577081712,4.042,5.372,56.423406682187995,1.889262378293602,50.265188967140865,60.064251791602565,51.27230211531277,4.0340690488594895,41.76564068392741,61.71641715184197,97.622,0.3365366980769585,97.04,98.38,33.5214,0.2798196271329353,33.010000000000005,34.25,1.0,0.0,1,1,49.27699649761576,5.494344220989901,39.399428765779376,64.92719971658127,56.61666666666667,4.6252500314153115,46,68,51.135,9.58565002702884,27.9,73.5,49.46,12.517136727878576,21.3,80.9,97.61666666666666,0.7800840169150535,95.4,99.5,33.527,0.5862414033918502,32.1,35.09,4.6353333333333335,0.6672291976973781,3.37,6.31,56.22069345760418,1.4415961875954664,51.74962393388936,58.41268946663824,55.40867235430349,1.4553772200907251,51.95717862361733,56.80592088902217,0.0966299922393346,1.7439188045453695,-3.34761150924502,4.55887553971619,50.25684836141202,0.0,50.25684836141202,50.25684836141202,3.469147497991013,1.200071497181554,1.3138617025799797,6.533532140387705,2.9594423395267464,1.1147316416279989,0.8965956770485354,6.120536321891552,53.0050962910401,2.03458793595194,50.2646478616272,56.81791207688793,540.0,0.0,540.0,540.0,0.375,0.0,0.375,0.375,0.2925925925925925,0.0,0.2925925925925925,0.2925925925925925,0.1888888888888888,0.0,0.1888888888888888,0.1888888888888888,69.8,0.0,69.8,69.8,94.9,0.0,94.9,94.9,0.0,0.0,0,0,0.0,0.0,0.0,0.0,1.225,0.0,1.225,1.225,39.08395554655246,3.7525927421540457,29.02878443884157,44.909811763175945,63.64229889073058,2.6279801281604325,59.97370343173677,70.74562333936215,0.0333333333333333,0.1810203347193925,0.0,1.0,0.05,0.2197841776510827,0.0,1.0,0.0,0.0,0.0,0.0,0.0,0.0,0.0,0.0,0.0833333333333333,0.2787178067853021,0.0,1.0,61.57833333333333,1.5635782155550102,57.7,65.0,user_001,60
2024-01-07 05:00:00,0.0,0.0,0,0,6736.0,0.0,6736,6736,4.940333333333333,0.2886903605834202,4.174,5.534,61.39093614570308,1.6021453851461689,58.25517464813746,64.42687188145288,51.605593191385,4.419464690494295,39.70862787710953,59.91912231213599,97.68566666666668,0.3573744495275816,96.92,98.34,33.54886666666667,0.2176317420351233,33.17399999999999,34.168,1.0,0.0,1,1,49.3771930536521,5.912450898014497,38.11657058525322,63.41123945584892,61.55,4.311690847695565,52,70,51.75833333333333,10.228529255687905,23.0,73.1,49.445,13.035082063676455,27.3,79.5,97.68,0.8202521315559239,95.6,100.0,33.5335,0.5286145146368445,32.55,34.83,4.936166666666667,0.6009035334370859,3.44,6.14,61.24421908429186,1.0823380738239623,58.71056674875051,63.05312577255232,60.054350267984105,1.5654193764045237,56.66787640491169,62.1319598517664,0.0795319271484614,1.6468555087772812,-3.611769449927628,3.268139004976206,50.25684836141202,0.0,50.25684836141202,50.25684836141202,3.5494906906158534,1.153511182120072,1.6029989741901474,6.515161010232084,3.228610662089014,1.260807700798169,0.9370650228080348,6.537350576460103,51.602074492968185,1.0619476825210783,49.76876911996287,53.35660238282883,540.0,0.0,540.0,540.0,0.375,0.0,0.375,0.375,0.2925925925925925,0.0,0.2925925925925925,0.2925925925925925,0.1888888888888888,0.0,0.1888888888888888,0.1888888888888888,69.8,0.0,69.8,69.8,94.9,0.0,94.9,94.9,0.0,0.0,0,0,0.0,0.0,0.0,0.0,1.225,0.0,1.225,1.225,44.62105330131573,4.527230183637382,37.62313530768668,56.023362601007896,59.71648734587007,1.9590448181962945,55.67883187285968,63.48382097599264,0.0166666666666666,0.1290994448735805,0.0,1.0,0.05,0.2197841776510827,0.0,1.0,0.0,0.0,0.0,0.0,0.0,0.0,0.0,0.0,0.0666666666666666,0.2515488742932317,0.0,1.0,63.725,1.3040517042884572,61.2,66.7,user_001,60
2024-01-07 06:00:00,0.0,0.0,0,0,6736.0,0.0,6736,6736,5.2105,0.3472272005669475,4.522,6.0120000000000005,63.970335824591274,2.0345943313381776,59.555024101822845,67.09924276686685,51.171413184436055,4.7755805451915965,40.50375012643461,62.233485543746006,97.49433333333332,0.4208480810751493,96.32,98.3,33.515433333333334,0.1868018406858338,33.074,33.842,1.0,0.0,1,1,50.64885103675611,5.351589317679331,36.294184221231795,60.985038007477435,64.0,4.595502591425296,52,73,51.22833333333333,10.470638393220442,29.0,78.9,50.32166666666667,14.689037670440356,9.0,84.6,97.52,0.7802216112822457,95.0,99.0,33.532000000000004,0.4537482315415882,32.46,34.4,5.214833333333333,0.6368553348399653,3.94,6.85,63.98217740402614,1.463568125411516,60.82637606855776,66.37755638447743,63.62403750037083,0.8106435548980365,62.21420437856284,64.95974657729204,0.0148320877043668,1.6838587279311967,-3.8736547577390894,3.3972408056456302,50.25684836141202,0.0,50.25684836141202,50.25684836141202,3.5495435759382454,1.359279801058841,1.2639340506160464,6.324469805441195,3.0960236278565714,1.4349049145910255,0.4418305211726671,6.549239893354289,50.68449949026774,1.428346470208145,47.897948500056614,52.808990167661655,540.0,0.0,540.0,540.0,0.375,0.0,0.375,0.375,0.2925925925925925,0.0,0.2925925925925925,0.2925925925925925,0.1888888888888888,0.0,0.1888888888888888,0.1888888888888888,69.8,0.0,69.8,69.8,94.9,0.0,94.9,94.9,0.0,0.0,0,0,0.0,0.0,0.0,0.0,1.225,0.0,1.225,1.225,48.21806811623029,4.517566553658261,40.01569078832903,59.23298201096587,57.00445293770897,1.7203099523205152,53.70332015087615,60.0209547264749,0.0166666666666666,0.1290994448735805,0.0,1.0,0.0,0.0,0.0,0.0,0.0,0.0,0.0,0.0,0.0,0.0,0.0,0.0,0.0166666666666666,0.1290994448735805,0.0,1.0,63.906666666666666,2.009457863194648,58.8,68.0,user_001,60
2024-01-07 07:00:00,5.133333333333334,2.3103794293026048,0,11,6894.0,88.83845556087103,6742,7044,5.7931,0.3074239440185686,5.228,6.403999999999999,69.63470622514782,2.408298685085037,64.5412727622497,74.4036832536406,51.00680815594534,4.544774829247595,40.36335094187952,61.123821253723115,97.54933333333334,0.2598165367492275,97.12,98.22,33.42013333333333,0.1588820548225416,32.91799999999999,33.806000000000004,0.0,0.0,0,0,50.44403623827161,5.232332812708474,38.79027880859229,63.71086734349765,69.91666666666667,4.937891084418723,60,79,51.026666666666664,10.512153848335432,27.1,75.8,50.71333333333334,11.148511592785075,29.2,79.7,97.54166666666669,0.7274966752015963,96.1,99.5,33.41416666666667,0.4581735725670681,32.13,34.56,5.805833333333334,0.6341557624696369,4.75,7.74,69.31924600216074,2.131326796356406,62.9159703157239,72.52976889817356,67.8671619533923,2.0877738659159752,64.01123214892401,70.09421497295767,0.1409802207594176,1.799542313560288,-3.2725137931254125,3.4352727195000625,50.25684836141202,0.0,50.25684836141202,50.25684836141202,3.455543520977795,1.221295939602305,1.4829440023731095,6.832043376760261,3.138128269538382,1.4673372460079852,0.9212718437134456,8.685330620536748,51.48588789590162,1.2818836566442366,49.29452056458492,53.19367567347243,540.0,0.0,540.0,540.0,0.375,0.0,0.375,0.375,0.2925925925925925,0.0,0.2925925925925925,0.2925925925925925,0.1888888888888888,0.0,0.1888888888888888,0.1888888888888888,69.8,0.0,69.8,69.8,94.9,0.0,94.9,94.9,0.9,0.656131446111426,0,2,67.61666666666666,19.192240369364907,6.0,86.0,2.5316666666666667,1.1906046984715788,1.225,4.9,54.11718414554941,5.352620890627616,42.4408894302494,63.103989802064135,54.2719638637708,2.840855206679713,50.69003836192898,60.08652351023852,0.0,0.0,0.0,0.0,0.0333333333333333,0.1810203347193925,0.0,1.0,0.0,0.0,0.0,0.0,0.0,0.0,0.0,0.0,0.0333333333333333,0.1810203347193925,0.0,1.0,61.434999999999995,2.616688617706333,57.0,67.7,user_001,60
2024-01-07 08:00:00,5.516666666666667,2.439030556696077,1,11,7219.683333333333,98.22034924418544,7049,7375,6.1201,0.2692504158598052,5.595999999999999,6.578,72.23247809979472,2.0579646308759094,67.36277205413606,77.5761397920953,46.0581348721656,5.574210886629775,36.89812794686477,60.44283138046753,97.29766666666666,0.378759646816411,96.48,98.06,33.4926,0.2809271091902045,32.902,34.094,0.0,0.0,0,0,53.893591395973395,7.865678560856299,34.65232566746102,65.04267798939259,72.16666666666667,4.283063479375667,61,82,46.04333333333333,10.25846267708643,21.7,70.5,53.615,14.624310211170386,20.4,82.3,97.29166666666669,0.8078621435231789,95.1,99.1,33.49816666666666,0.5281900392038111,32.37,34.97,6.105833333333334,0.5430307032137027,4.97,7.69,72.26066098820857,1.538257715151724,69.47323757060698,75.61425275628949,71.89551424758051,0.7989276145852788,69.9342176096076,72.72150995796905,-0.0329057165640248,1.5267769380175569,-3.7720790406020512,2.608120732884217,50.25684836141202,0.0,50.25684836141202,50.25684836141202,3.376481982346263,1.2519555022822006,1.0036569391969006,6.5588199884495495,2.8779560701349074,1.1289256908237093,0.8027464379400017,6.645684568025578,45.64115882044453,2.483794235013866,42.49387784803425,49.725570171742206,540.0,0.0,540.0,540.0,0.375,0.0,0.375,0.375,0.2925925925925925,0.0,0.2925925925925925,0.2925925925925925,0.1888888888888888,0.0,0.1888888888888888,0.1888888888888888,69.8,0.0,69.8,69.8,94.9,0.0,94.9,94.9,1.0,0.663835797544615,0,2,84.86666666666666,5.770957875626877,74.0,97.0,2.715416666666667,1.2576131858171824,1.225,4.9,63.86967457373443,6.0326815487259955,50.52980248846014,75.77590457653429,46.1850021532829,3.2721789845650817,41.62007048921058,53.576631317368815,0.0166666666666666,0.1290994448735805,0.0,1.0,0.0,0.0,0.0,0.0,0.0,0.0,0.0,0.0,0.0,0.0,0.0,0.0,0.0166666666666666,0.1290994448735805,0.0,1.0,57.166666666666664,2.719712513886738,50.5,63.7,user_001,60
2024-01-07 09:00:00,4.816666666666666,2.004162335407655,0,10,7526.7,83.3730233165927,7383,7664,6.142166666666667,0.2458709298072745,5.587999999999999,6.628,73.92646803293698,1.8037773766167415,70.46437508104124,78.16991148526192,49.06551952307631,4.865552634506801,36.7385428196695,59.17362224970004,97.426,0.4008178080552803,96.4,98.24,33.51743333333334,0.185290277687877,33.111999999999995,33.98,0.0,0.0,0,0,51.596009710298226,6.070076995529765,33.24526541151426,65.11694173359956,73.95,5.050339810685002,63,83,49.068333333333335,11.82975982487068,17.4,75.4,51.57166666666667,15.5423979092147,6.7,89.9,97.43833333333332,0.8252563375090607,95.0,99.4,33.50233333333333,0.527781948640472,32.22,35.04,6.146166666666667,0.6319705304936531,4.61,7.87,73.89418443687127,1.204448318733084,71.456331450003,76.59042769491887,73.55412722563369,0.6596369347520272,72.54253469712499,74.45119695009218,0.0117659835315132,1.9324728190482872,-4.804992116712995,3.938767737395765,50.25684836141202,0.0,50.25684836141202,50.25684836141202,4.1793831784077975,1.4541661510165709,1.4059770465230437,7.499499023586703,3.287833937693968,1.4010538854405736,1.1049207818711464,6.846518417541059,49.18119961967592,1.5080001992731598,46.55921272040802,51.71275945083466,540.0,0.0,540.0,540.0,0.375,0.0,0.375,0.375,0.2925925925925925,0.0,0.2925925925925925,0.2925925925925925,0.1888888888888888,0.0,0.1888888888888888,0.1888888888888888,69.8,0.0,69.8,69.8,94.9,0.0,94.9,94.9,0.7833333333333333,0.5848849420870964,0,2,71.28333333333333,6.525287620563039,55.0,84.0,2.286666666666667,0.9692132344253824,1.225,4.9,61.59666267128613,4.787898309909492,50.649585672430895,72.35779397445398,49.105392607486934,2.95950688350456,43.34611591176598,54.37861295712811,0.0166666666666666,0.1290994448735805,0.0,1.0,0.0333333333333333,0.1810203347193925,0.0,1.0,0.0,0.0,0.0,0.0,0.0,0.0,0.0,0.0,0.05,0.2197841776510827,0.0,1.0,57.315000000000005,2.061826161111569,52.9,61.2,user_001,60
2024-01-07 10:00:00,5.216666666666667,2.6367138424572443,1,15,7812.083333333333,90.23045666921207,7667,7977,6.307066666666667,0.2695159418992745,5.64,6.92,76.68582274019809,1.741937574405475,73.64675345491335,81.12449496420172,46.7312731845356,3.7168259547518367,38.80364428251157,56.42483286174856,97.50966666666666,0.2916578368316376,96.84,98.3,33.5571,0.2150640188487824,33.052,34.172000000000004,0.0,0.0,0,0,53.52240786417372,5.201012651680721,41.57851428995693,63.45140327446553,76.81666666666666,5.359900285774571,65,91,46.485,10.152862583728188,23.2,71.7,53.88,11.700236126836453,25.9,76.6,97.49666666666668,0.6671382512850559,95.9,99.0,33.55266666666667,0.5387143095784911,32.33,35.04,6.290166666666667,0.7544837536112204,4.83,7.9,76.56531581060581,1.2525969948678364,73.06720562505276,79.28617939795024,75.94252053031626,1.2105672260017892,74.09080874290233,77.22520807699784,0.0654219632342867,2.1080624991242436,-4.323376727456676,5.67613618097046,50.25684836141202,0.0,50.25684836141202,50.25684836141202,3.665809951661781,1.086102715982186,1.3090307381192572,5.731996636579475,3.067185737644967,1.136059675563494,1.068728119084387,5.9830586295977986,47.81339430293632,1.63143838490875,45.76300833724641,51.02013480016422,540.0,0.0,540.0,540.0,0.375,0.0,0.375,0.375,0.2925925925925925,0.0,0.2925925925925925,0.2925925925925925,0.1888888888888888,0.0,0.1888888888888888,0.1888888888888888,69.8,0.0,69.8,69.8,94.9,0.0,94.9,94.9,0.9333333333333332,0.7098977407062844,0,3,75.21666666666667,8.632009147406178,64.0,94.0,2.63375,1.423321379731226,1.225,8.575,67.34545627610994,3.5153734419758877,57.22063843243639,74.23322744804017,45.050220939386904,2.1190004584347313,41.799862096174714,49.81247843212557,0.0,0.0,0.0,0.0,0.0333333333333333,0.1810203347193925,0.0,1.0,0.0,0.0,0.0,0.0,0.0,0.0,0.0,0.0,0.0333333333333333,0.1810203347193925,0.0,1.0,54.465,1.7323272286489768,51.5,58.3,user_001,60
2024-01-07 11:00:00,4.95,2.110707167222093,1,10,8142.733333333334,83.51471334221688,7984,8274,6.559,0.2921133979949146,5.824,7.05,79.15742486949439,2.1306728804611037,74.0744464761581,84.28242111959364,46.14807663992544,4.108167420013636,36.77889811269733,54.39820260375188,97.537,0.4740853817114975,96.2,98.22,33.4221,0.218413206591449,32.816,33.842,0.0,0.0,0,0,52.75920882522371,4.89273850403753,41.47089043841505,65.6835713148923,79.31666666666666,4.315881851741553,68,89,46.15,9.450145725717045,24.9,69.5,52.885,12.482134011919817,21.7,78.9,97.54166666666669,0.9817472605593645,95.1,99.7,33.4235,0.5426545706532361,32.33,34.61,6.5761666666666665,0.6591573759942947,4.85,7.69,79.02958309329146,1.832719769558492,75.69635258086699,81.98238570292821,78.53612535926682,0.7252942820865903,76.90404204425404,79.76338643988083,0.0796208985861371,1.5628897347968425,-3.6305193488539658,2.692674596124732,50.25684836141202,0.0,50.25684836141202,50.25684836141202,3.3591967272353087,0.8156908105699724,1.758820836521003,4.80680436926676,2.9896544449670035,1.1321105769879107,1.1950662427333352,5.938240523045673,46.11789575780205,0.9871336023647816,44.37051092130734,47.87211151878075,540.0,0.0,540.0,540.0,0.375,0.0,0.375,0.375,0.2925925925925925,0.0,0.2925925925925925,0.2925925925925925,0.1888888888888888,0.0,0.1888888888888888,0.1888888888888888,69.8,0.0,69.8,69.8,94.9,0.0,94.9,94.9,0.8166666666666667,0.5963637459756624,0,2,77.66666666666667,15.986929689716998,49.0,103.0,2.347916666666667,1.0159771499443475,1.225,4.9,70.9781574697243,4.113774623278159,62.42007766595684,80.88720564515745,42.55890463837453,1.8068884101054563,38.985741404920226,45.623210520182845,0.0333333333333333,0.1810203347193925,0.0,1.0,0.0166666666666666,0.1290994448735805,0.0,1.0,0.0,0.0,0.0,0.0,0.0,0.0,0.0,0.0,0.05,0.2197841776510827,0.0,1.0,52.47666666666667,1.7816738146812698,48.9,56.4,user_001,60
2024-01-07 12:00:00,4.75,1.9797705739362144,1,11,8419.333333333334,80.38122444288734,8279,8559,6.5201,0.3145233520472696,5.84,7.089999999999999,79.5406606290739,2.1756220804308253,73.98398675310499,83.77796659959151,45.45880069476848,3.993358601320302,37.41651921505716,53.267736171643634,97.45466666666668,0.3952920682344112,96.7,98.22,33.58316666666666,0.247711776655419,33.048,34.108000000000004,0.0,0.0,0,0,56.20645434106338,4.784446786658496,48.043093159051665,67.86647947698685,79.53333333333333,4.742403976911499,69,89,45.46333333333334,8.847080657380268,20.7,66.3,56.065000000000005,11.542534824270254,32.7,82.0,97.45,0.9356408118576066,95.2,99.7,33.5935,0.4875494759769742,32.63,34.72,6.525,0.651414367331656,5.13,7.77,79.52557574251573,1.6460144644880983,76.12449239483794,82.4450035278289,79.52584081781738,0.4338682663140409,78.92738922719263,80.13663046637905,-0.0036636478702798,1.7203936021072608,-3.5459720098361913,4.005337748965005,50.25684836141202,0.0,50.25684836141202,50.25684836141202,2.9279235416170626,0.9936684333799088,1.3778157017003083,5.881956802402537,2.69323501912429,1.164587110160176,1.0860163404619687,6.106854222948688,45.856263000439974,1.087065779227599,44.08833892930264,47.192431541492624,540.0,0.0,540.0,540.0,0.375,0.0,0.375,0.375,0.2925925925925925,0.0,0.2925925925925925,0.2925925925925925,0.1888888888888888,0.0,0.1888888888888888,0.1888888888888888,69.8,0.0,69.8,69.8,94.9,0.0,94.9,94.9,0.7833333333333333,0.5551505114790766,0,2,69.88333333333334,4.737487235944229,59.0,81.0,2.2662500000000003,0.8972158560641252,1.225,4.9,72.2707187417963,4.369006585556861,64.7663613062552,80.82105126427989,41.541758575267394,2.1247062689867384,37.11347375352922,45.5723606528787,0.0166666666666666,0.1290994448735805,0.0,1.0,0.0333333333333333,0.1810203347193925,0.0,1.0,0.0,0.0,0.0,0.0,0.0,0.0,0.0,0.0,0.05,0.2197841776510827,0.0,1.0,51.80833333333333,2.1591972509156223,48.3,56.9,user_001,60
2024-01-07 13:00:00,5.533333333333333,2.4388568221341034,1,12,8728.55,97.0027825915755,8563,8891,6.4117,0.2251980145621,5.904,6.944,78.63362453005776,1.7542923766290666,74.05670088302774,81.52187007513122,45.1829689478034,4.178602935831439,34.970785209844315,54.67482870405173,97.568,0.329152996211879,96.74,98.28,33.38753333333333,0.2574267357789088,32.768,33.994,0.0,0.0,0,0,54.63778876475377,5.729462579254277,38.4157905241027,66.2136943626327,78.7,4.788050096731817,68,89,45.266666666666666,10.545569664462068,19.0,67.3,54.50666666666667,13.4187936342605,27.9,89.9,97.57,0.8555501748552907,95.8,99.2,33.385666666666665,0.4907046702919471,32.22,34.67,6.415333333333334,0.565698807885378,5.13,7.8,78.61743469802735,1.0745176744882337,76.3220215906603,80.23244886978325,78.81469715532047,0.4672378882844032,78.08891803711845,79.88542946878475,0.0331877349711187,1.8069374259228312,-3.813788493406207,4.78596300936249,50.25684836141202,0.0,50.25684836141202,50.25684836141202,3.7794143230993487,1.3578928746069532,1.404604309359902,7.170681737329174,3.2782572071038176,1.5064796596693757,0.8882872354403624,6.938578374208575,44.761911275111096,0.8050783164114469,43.49588357219209,46.64110819520422,540.0,0.0,540.0,540.0,0.375,0.0,0.375,0.375,0.2925925925925925,0.0,0.2925925925925925,0.2925925925925925,0.1888888888888888,0.0,0.1888888888888888,0.1888888888888888,69.8,0.0,69.8,69.8,94.9,0.0,94.9,94.9,1.0166666666666666,0.5963637459756622,0,2,82.91666666666667,5.0833449106101405,73.0,95.0,2.6950000000000003,1.1456050876934654,1.225,4.9,71.966803994451,2.782352384223534,66.33034249094035,78.3874399336921,41.29160841644986,1.2883641408163635,38.2729514979284,43.28198947739039,0.0333333333333333,0.1810203347193925,0.0,1.0,0.0,0.0,0.0,0.0,0.0,0.0,0.0,0.0,0.0,0.0,0.0,0.0,0.0333333333333333,0.1810203347193925,0.0,1.0,52.473333333333336,1.364174384531696,48.4,55.8,user_001,60
2024-01-07 14:00:00,5.366666666666666,2.899249854275089,0,13,9054.0,95.50011092370772,8897,9213,6.4036,0.2266205070978532,5.996,6.878,78.18872021007748,2.0364311969580475,74.04792013952469,83.97698386253882,46.30133022469222,4.209708598157051,38.33014567498525,55.74019079339818,97.51633333333332,0.3781577406799372,96.96,98.4,33.552366666666664,0.2608742775755497,33.081999999999994,34.176,0.0,0.0,0,0,53.527173557309,4.526437757133377,41.02786340190021,63.11221456788066,78.0,5.128848286483303,66,88,46.31666666666667,11.475414643616928,17.2,75.2,53.66833333333333,12.352979351964308,19.8,85.7,97.51166666666668,0.689900918129668,96.2,99.6,33.5525,0.5438488854171628,32.4,34.73,6.398833333333333,0.5608622044935624,5.39,7.6,78.32858288741271,1.3844922614496091,75.91893018311005,81.52619662496409,78.37846863691628,0.3352290604238918,77.77055303895453,79.02481969570879,-0.0943601050387428,1.9292806456142912,-4.535940104643515,3.931001143076557,50.25684836141202,0.0,50.25684836141202,50.25684836141202,4.07253380132531,1.4619242872067648,0.625368148898018,6.898092744817906,3.364464495691242,1.381456500893305,0.3450265652721535,6.586303332599551,46.68927681839478,0.5636817166447848,45.46158264567173,47.64334419560525,540.0,0.0,540.0,540.0,0.375,0.0,0.375,0.375,0.2925925925925925,0.0,0.2925925925925925,0.2925925925925925,0.1888888888888888,0.0,0.1888888888888888,0.1888888888888888,69.8,0.0,69.8,69.8,94.9,0.0,94.9,94.9,0.95,0.7903013799725018,0,3,81.08333333333333,6.148698819680569,70.0,96.0,2.7358333333333333,1.6629968778741615,1.225,8.575,69.93989179111198,3.166642440893454,61.190959779309864,75.36001126150937,43.09348333406032,1.507761253336873,40.377835550926974,45.81498583223967,0.0,0.0,0.0,0.0,0.0,0.0,0.0,0.0,0.0,0.0,0.0,0.0,0.0,0.0,0.0,0.0,0.0,0.0,0.0,0.0,53.275,1.701507307843273,50.1,58.9,user_001,60
2024-01-07 15:00:00,4.616666666666666,2.075618483824877,1,10,9350.933333333332,79.63153848133139,9214,9490,6.2085333333333335,0.2342268541586118,5.6259999999999994,6.794,74.78799765528926,2.005393406758268,69.65574530844329,79.10456593599116,46.981759617504714,4.067070074365038,35.62698873249598,56.285992817159865,97.40266666666666,0.2980494024950954,96.9,98.06,33.539033333333336,0.1994502585852347,33.112,34.15,0.0,0.0,0,0,51.604535757320285,5.15421042126084,43.6903063777763,63.86472757949491,74.75,5.0744457825461105,61,86,46.93333333333333,9.990854575122338,14.3,74.2,51.791666666666664,13.713994975647704,28.0,89.5,97.405,0.6743295477606278,95.7,99.0,33.53966666666667,0.5800846421776696,32.13,34.89,6.207666666666666,0.5926881212235894,4.71,7.52,74.83646881582543,1.4776110101132414,71.35151175328774,76.9095549566999,75.56810706673613,1.3374489224432156,74.01813152972342,78.01474241603329,-0.0189988276446302,1.9046645667978688,-4.327872654221636,3.564277541062708,50.25684836141202,0.0,50.25684836141202,50.25684836141202,3.550919185399058,1.1409267071626663,0.9698953580226776,5.874415120011482,2.971846535281428,1.1216615310010083,0.9160618760313776,5.819577000579347,46.64323692735276,0.7738853156662703,44.942410856591216,47.88743783037658,540.0,0.0,540.0,540.0,0.375,0.0,0.375,0.375,0.2925925925925925,0.0,0.2925925925925925,0.2925925925925925,0.1888888888888888,0.0,0.1888888888888888,0.1888888888888888,69.8,0.0,69.8,69.8,94.9,0.0,94.9,94.9,0.7,0.5908913118102866,0,2,69.5,7.0314065425134995,55.0,81.0,2.164166666666667,0.9399036042652112,1.225,4.9,65.34284797392978,2.8710755334457585,60.46137606066869,72.09513610120001,45.52182179648399,1.474917961348276,42.36681666640159,48.431634974638875,0.0166666666666666,0.1290994448735805,0.0,1.0,0.0333333333333333,0.1810203347193925,0.0,1.0,0.0,0.0,0.0,0.0,0.0,0.0,0.0,0.0,0.05,0.2197841776510827,0.0,1.0,55.95333333333333,1.463391309354331,52.2,59.7,user_001,60
2024-01-07 16:00:00,4.7,2.444641320611406,1,14,9632.166666666666,80.51616674522528,9496,9772,5.971966666666666,0.2802341615698098,5.244,6.44,72.46530254388306,2.0858857168615734,68.74954347061109,77.97733632432995,49.31978830390535,4.98904731062233,35.81841175762429,58.24504190573358,97.41866666666668,0.3649168313264136,96.78,98.44,33.5107,0.1759159371664579,33.128,33.896,0.0,0.0,0,0,50.15393575830046,6.494256282290671,38.19595211647598,65.26711233281638,72.43333333333334,5.273427684914495,58,84,49.235,11.009053670132795,20.4,71.7,49.82166666666667,13.02667526123154,19.7,82.9,97.42666666666668,0.8819982448705898,94.5,99.6,33.51416666666667,0.5666143628237749,32.43,34.67,5.973833333333333,0.6035210011839328,4.6,7.06,72.50348545949154,1.5398036300668163,70.41219866410879,75.6701338642808,72.77365473293557,0.6823654043960748,71.77543296276339,73.98178876055157,-0.0159846052748588,1.9821304615244897,-5.836351798493027,4.288244952693219,50.25684836141202,0.0,50.25684836141202,50.25684836141202,3.7318239981857473,1.278681224659,1.46550007887487,6.240578188596612,3.3827885147541323,1.69315456522709,0.9841027466895856,7.536691470846675,48.974233298541726,1.7611269366608722,45.36356817465631,51.31797965462882,540.0,0.0,540.0,540.0,0.375,0.0,0.375,0.375,0.2925925925925925,0.0,0.2925925925925925,0.2925925925925925,0.1888888888888888,0.0,0.1888888888888888,0.1888888888888888,69.8,0.0,69.8,69.8,94.9,0.0,94.9,94.9,0.7833333333333333,0.6911465950282972,0,3,70.68333333333334,7.83190274230801,51.0,88.0,2.368333333333333,1.3317732751850728,1.225,8.575,59.84433106815519,4.878970084977972,51.7036555642105,72.28713825603624,49.65908579004864,2.160212437219208,46.03564888057417,53.08713735300877,0.0166666666666666,0.1290994448735805,0.0,1.0,0.0666666666666666,0.2515488742932316,0.0,1.0,0.0,0.0,0.0,0.0,0.0,0.0,0.0,0.0,0.0833333333333333,0.2787178067853021,0.0,1.0,58.65,2.2301098247639013,53.4,62.5,user_001,60
2024-01-07 17:00:00,5.233333333333333,2.118255331568297,1,10,9929.5,88.71025010998594,9778,10086,5.603166666666667,0.2702965832892698,4.904,6.101999999999999,68.22233820596541,1.811724478627233,63.85054549606383,72.20665619701252,51.36070368031182,4.114291173258276,41.26366817869211,59.59041864908783,97.67133333333332,0.2624103828729883,97.12,98.38,33.525333333333336,0.1666172582131395,33.025999999999996,33.766000000000005,0.0,0.0,0,0,48.550663473189545,5.972949538987822,35.69761883995719,60.162137376489206,68.0,4.584424626116387,59,81,51.49166666666667,9.863960968530876,28.9,72.0,48.556666666666665,12.728765856358136,26.2,76.7,97.67333333333332,0.7111381821589204,96.0,99.2,33.5315,0.4201122731293386,32.72,34.35,5.593833333333333,0.7372028942866629,3.63,7.3,68.42975035156714,1.5505310804800396,65.77887583057891,73.50521162751225,69.56216309698358,1.7883924343211104,67.8759538338969,72.90909985283811,-0.1111691029827092,1.7656951507669958,-3.226440784914857,4.3966719014937325,50.25684836141202,0.0,50.25684836141202,50.25684836141202,3.492441368376792,1.1046282285436717,1.8837598035213317,6.148620874372497,2.989325086043712,1.043707824753733,1.1687987499558317,6.520545107905668,50.15297031734996,1.482286145597142,47.98690902212861,52.48860729284247,540.0,0.0,540.0,540.0,0.375,0.0,0.375,0.375,0.2925925925925925,0.0,0.2925925925925925,0.2925925925925925,0.1888888888888888,0.0,0.1888888888888888,0.1888888888888888,69.8,0.0,69.8,69.8,94.9,0.0,94.9,94.9,0.8833333333333333,0.6131791749276649,0,2,76.56666666666666,3.9503986782999623,67.0,83.0,2.470416666666667,1.0931556294626985,1.225,4.9,52.972132362556174,4.79184675530428,42.30214304738176,62.8435676107337,53.40095076270431,2.9894682543275475,45.95970855589482,58.50945618464714,0.0,0.0,0.0,0.0,0.0333333333333333,0.1810203347193925,0.0,1.0,0.0,0.0,0.0,0.0,0.0,0.0,0.0,0.0,0.0333333333333333,0.1810203347193925,0.0,1.0,62.81166666666666,2.130416659069991,57.4,67.3,user_001,60
2024-01-07 18:00:00,4.633333333333334,1.9042029042528452,0,10,10231.2,79.72490838470178,10093,10364,5.3499,0.2557971720335054,4.4799999999999995,5.782,63.81033759909818,2.0333189115092205,56.86836152126839,66.58645543367322,49.60241452576856,5.93115974445198,34.5082135206271,60.05871060426646,97.49533333333332,0.329321164486178,96.66,98.2,33.5927,0.1957084739597691,33.028,34.05,0.0,0.0,0,0,48.68982627058702,7.29645709470434,34.81749529931667,63.03653733548848,63.78333333333333,4.672645484006788,45,72,49.80166666666666,11.521703788593523,10.0,73.3,48.39,13.985982086190957,22.7,77.5,97.48833333333332,0.8240231333486867,95.8,99.3,33.57633333333333,0.4962809710838068,32.59,34.72,5.349666666666667,0.6387062311560097,3.45,6.47,63.85997375095479,1.5049409350730962,59.44252908885835,67.2435379295031,64.90542261818399,1.4684604967783657,63.15764651641269,68.232504579833,-0.0135021328824244,1.7251475553231697,-5.934180760634206,3.601260146747755,50.25684836141202,0.0,50.25684836141202,50.25684836141202,3.8122377116168193,1.0365851788078997,1.8594455735548463,6.277073083178064,3.528005115239172,1.2109166768340058,1.4534642881525697,7.906851211190185,50.776838635625,1.481767171725917,47.66664241591647,52.18537215378995,540.0,0.0,540.0,540.0,0.375,0.0,0.375,0.375,0.2925925925925925,0.0,0.2925925925925925,0.2925925925925925,0.1888888888888888,0.0,0.1888888888888888,0.1888888888888888,69.8,0.0,69.8,69.8,94.9,0.0,94.9,94.9,0.7833333333333333,0.5237306419436756,0,2,71.58333333333333,7.1052419576560695,61.0,88.0,2.245833333333333,0.8183950636617923,1.225,4.9,50.06470822648846,5.435910350468747,41.77909412490214,61.38042848603108,55.76379654182494,3.0951635561675155,49.54470811725012,60.14414233265764,0.0166666666666666,0.1290994448735805,0.0,1.0,0.0333333333333333,0.1810203347193925,0.0,1.0,0.0,0.0,0.0,0.0,0.0,0.0,0.0,0.0,0.05,0.2197841776510827,0.0,1.0,63.55833333333333,2.496661612842148,57.8,67.6,user_001,60
2024-01-07 19:00:00,4.75,2.1283000298240737,1,10,10510.833333333334,83.73043240503894,10370,10649,5.0542,0.2962382687371888,4.46,5.664,60.53841214566005,2.0990950644914705,55.6562707342239,65.10557138321111,53.81050973688094,4.599182935437463,45.272831733913414,64.83710553274447,97.46166666666666,0.4418189163019841,96.48,98.22,33.62446666666667,0.2925085811672815,33.05,34.11999999999999,0.0,0.0,0,0,45.887239412070734,4.620405387104945,32.972652481502294,57.3504849473741,60.31666666666667,4.806392870893777,50,72,53.73,10.726954801901329,34.1,80.0,46.169999999999995,13.248489520555584,15.0,79.5,97.45833333333331,0.7857397824023656,95.3,98.7,33.629666666666665,0.5325027784336419,32.26,34.65,5.055166666666667,0.639004765549898,3.87,6.59,60.676103700845054,1.7640748922908376,57.23820524671912,65.31072957707399,61.31144040709827,1.1017084685834708,59.51405619921233,63.427145921879855,-0.1108727394966941,1.8147552830683895,-4.078708208865237,4.331961186712292,50.25684836141202,0.0,50.25684836141202,50.25684836141202,3.649553720808692,1.0490282294688578,1.1650714684004515,6.583803674355849,3.1116845734731755,1.193232852589558,0.6447077248369261,5.852627889035134,51.90467075261783,2.177532014385382,47.51579576765247,55.456706816493934,540.0,0.0,540.0,540.0,0.375,0.0,0.375,0.375,0.2925925925925925,0.0,0.2925925925925925,0.2925925925925925,0.1888888888888888,0.0,0.1888888888888888,0.1888888888888888,69.8,0.0,69.8,69.8,94.9,0.0,94.9,94.9,0.8166666666666667,0.6241378234003048,0,2,71.33333333333333,7.764907295694812,60.0,89.0,2.3683333333333336,1.0785157985322311,1.225,4.9,41.26397606364618,5.259514330259628,28.230790139773028,50.90414519553358,61.26094703867154,2.3439999365620205,56.206193593040005,66.55056064303355,0.0166666666666666,0.1290994448735805,0.0,1.0,0.0,0.0,0.0,0.0,0.0,0.0,0.0,0.0,0.0,0.0,0.0,0.0,0.0166666666666666,0.1290994448735805,0.0,1.0,64.17666666666666,1.5142673640138702,61.6,68.4,user_001,60
2024-01-07 20:00:00,5.3,2.0609361045696306,1,11,10813.916666666666,90.18479928789873,10656,10967,4.7199333333333335,0.2661186091281364,4.093999999999999,5.284000000000001,57.06100623094495,1.5137909811758463,54.587530949422955,60.6036506197323,56.09585404388183,4.026638196867359,46.44308938290403,65.95580137996234,97.432,0.2956910893804302,96.76,98.1,33.564233333333334,0.152684494308558,33.279999999999994,34.018,0.0,0.0,0,0,43.94833141375943,4.558860676606534,35.010792411520754,55.74933474405925,57.06666666666667,4.181746722329979,50,67,55.906666666666666,9.335423091311142,30.3,79.5,44.20333333333333,11.492428851376664,19.0,78.8,97.41833333333334,0.7024151234488833,95.8,99.1,33.560833333333335,0.4760048841319963,32.58,34.73,4.721500000000001,0.5983701733933434,2.8,5.96,57.18382060078396,1.1671200930592942,55.63711287910303,61.52198889350608,57.83722774945827,0.834391064535662,56.858575661950454,59.989421975384474,0.0028302178608608,1.5898054612007442,-3.5345502065774355,3.651311019298916,50.25684836141202,0.0,50.25684836141202,50.25684836141202,3.334604624969782,1.05569644893878,1.7777936794891598,5.942056691787019,2.6674242379932185,0.8841095804474607,1.0355850489768903,4.9977193853496535,55.83389980508874,0.8895626091448294,54.12226546027629,57.28341756325832,540.0,0.0,540.0,540.0,0.375,0.0,0.375,0.375,0.2925925925925925,0.0,0.2925925925925925,0.2925925925925925,0.1888888888888888,0.0,0.1888888888888888,0.1888888888888888,69.8,0.0,69.8,69.8,94.9,0.0,94.9,94.9,0.9666666666666668,0.5513209612012653,0,2,78.16666666666667,3.932337324818179,71.0,87.0,2.5725,1.0261485916783153,1.225,4.9,34.51407416758868,4.2854896377027805,26.01992563828284,43.23511001686002,66.29008979422476,1.9468944327016129,62.92169852048168,70.64750898009194,0.0,0.0,0.0,0.0,0.0333333333333333,0.1810203347193925,0.0,1.0,0.0,0.0,0.0,0.0,0.0,0.0,0.0,0.0,0.0333333333333333,0.1810203347193925,0.0,1.0,63.708333333333336,1.3329324962457856,59.8,66.9,user_001,60
2024-01-07 21:00:00,5.366666666666666,2.974277674262411,0,16,11132.283333333333,91.60658174612242,10974,11289,4.4472,0.2626994673947617,3.896,5.0920000000000005,54.432107079322336,2.4677042687360156,49.47002012903755,59.53228823171952,55.79822639890594,5.269652260699646,45.89900878278817,66.76970144226586,97.68233333333336,0.3985242551224549,96.7,98.5,33.621433333333336,0.2370082145945854,33.089999999999996,34.046,0.0,0.0,0,0,44.560108189058305,5.497984795019058,32.81244377007063,55.05817065111884,54.266666666666666,5.061877010562042,42,66,56.03333333333333,8.960717788036634,30.6,76.7,44.13,11.755940438485572,14.3,76.5,97.68166666666666,0.7110487996475549,96.1,99.2,33.62383333333334,0.5076936606924939,32.65,35.1,4.453166666666666,0.6555564117904331,2.68,6.03,54.562182421712656,1.9033604248183096,51.52657128602563,58.51952112151182,55.22134153694768,1.4302791455541537,53.222575405771984,57.14860753816306,-0.082720206327833,1.847962547372809,-4.102515096778177,4.231017322560511,50.25684836141202,0.0,50.25684836141202,50.25684836141202,2.888400270810212,0.9820347412585412,1.2579696438313872,4.842334514076776,2.6126774822310344,1.0963665954473256,0.7625662815152512,5.753992088507752,55.0832765848561,1.9848558486886272,52.165367245244326,59.00234733373069,540.0,0.0,540.0,540.0,0.375,0.0,0.375,0.375,0.2925925925925925,0.0,0.2925925925925925,0.2925925925925925,0.1888888888888888,0.0,0.1888888888888888,0.1888888888888888,69.8,0.0,69.8,69.8,94.9,0.0,94.9,94.9,0.9333333333333332,0.7098977407062844,0,3,79.48333333333333,11.196990616681632,61.0,108.0,2.63375,1.5267794910879502,1.225,8.575,32.24362031532784,6.9819950357187,20.03446535710599,45.49308961993697,67.50294786935564,4.11220139812994,60.88607007363925,75.14857826090783,0.0333333333333333,0.1810203347193925,0.0,1.0,0.0,0.0,0.0,0.0,0.0,0.0,0.0,0.0,0.0,0.0,0.0,0.0,0.0333333333333333,0.1810203347193925,0.0,1.0,62.76,2.098118608400212,59.3,68.7,user_001,60
2024-01-07 22:00:00,0.0,0.0,0,0,11289.0,0.0,11289,11289,4.141666666666667,0.2400395918379241,3.63,4.595999999999999,51.31054684696231,1.8519863473044136,47.34431304994877,55.500505756304754,55.44289640002335,4.418245171167195,45.17266958222641,65.56213221634783,97.41333333333334,0.3183147715474531,96.56,98.06,33.483466666666665,0.2155541118634537,33.022000000000006,33.866,1.0,0.0,1,1,44.02576170220258,6.230435912036898,31.834705176855852,58.42738703426426,51.266666666666666,4.718756898449703,42,60,55.28666666666666,10.526938271811566,32.0,82.0,44.406666666666666,11.776187790200035,17.7,72.8,97.42166666666668,0.6795042227245986,95.8,98.9,33.49033333333333,0.5091001255677575,32.37,34.33,4.131333333333333,0.6720610007287766,2.63,5.55,51.39323397552975,1.3142990011794085,48.37208377949325,54.10758393225379,51.80831722661989,1.0404394136738444,50.4331132774278,53.52385834606864,-0.0219400901478207,1.783800270564199,-4.0466502164903915,3.8123748777891606,50.25684836141202,0.0,50.25684836141202,50.25684836141202,3.572676797622216,1.3242805296625717,1.403248392534617,6.9959973439282805,2.791647257200326,1.0369584071179148,1.172166169475072,5.215749406613168,57.13919756593872,2.1887290989026913,52.58308702223568,59.829097791742626,540.0,0.0,540.0,540.0,0.375,0.0,0.375,0.375,0.2925925925925925,0.0,0.2925925925925925,0.2925925925925925,0.1888888888888888,0.0,0.1888888888888888,0.1888888888888888,69.8,0.0,69.8,69.8,94.9,0.0,94.9,94.9,0.0,0.0,0,0,10.4,21.5785518120444,0.0,81.0,1.225,0.0,1.225,1.225,28.747533747037497,4.528963245919441,18.17489332962892,36.69710075547321,70.38820582214687,2.802078532173557,65.85296293448981,74.55317147469935,0.0166666666666666,0.1290994448735805,0.0,1.0,0.0333333333333333,0.1810203347193925,0.0,1.0,0.0,0.0,0.0,0.0,0.0,0.0,0.0,0.0,0.05,0.2197841776510827,0.0,1.0,61.163333333333334,1.6540619407854116,57.7,64.7,user_001,60
2024-01-07 23:00:00,0.0,0.0,0,0,11289.0,0.0,11289,11289,4.059733333333333,0.2947323903491166,3.616,4.812,50.1377986879019,2.2463040080076766,46.32091021667378,55.22779690638225,56.102369812095326,3.7399434808886154,49.14112379578551,63.207093929215226,97.609,0.3065040713640081,96.9,98.18,33.4871,0.2756791121600553,32.720000000000006,34.044,1.0,0.0,1,1,42.87344589194904,4.665518648033258,31.17877081832049,53.05679756679134,49.95,4.481317148989849,40,60,56.145,9.658498058485216,30.8,75.4,42.63166666666667,12.065534211928169,13.8,68.4,97.615,0.7044230720290039,96.3,99.3,33.48416666666667,0.5610169086145371,32.07,34.69,4.0625,0.6222992495031656,2.55,5.3,50.2474023726746,1.7703078418688274,47.37140069647709,54.34480637359253,50.65172144304839,1.132026298049799,49.13462742905442,52.22574078714366,-0.0938993439509514,1.5934150741710276,-3.6698072716107504,3.5066088316919917,50.25684836141202,0.0,50.25684836141202,50.25684836141202,3.428365577228975,1.2372015990078569,1.4683904255369922,6.7998146520731835,2.8624984119344843,1.1032830155166689,0.629627181254152,5.486518207124457,55.96080977828306,1.3748053774365911,52.64205801482378,57.80840841140881,540.0,0.0,540.0,540.0,0.375,0.0,0.375,0.375,0.2925925925925925,0.0,0.2925925925925925,0.2925925925925925,0.1888888888888888,0.0,0.1888888888888888,0.1888888888888888,69.8,0.0,69.8,69.8,94.9,0.0,94.9,94.9,0.0,0.0,0,0,0.0,0.0,0.0,0.0,1.225,0.0,1.225,1.225,26.86382634255638,3.3018775551066772,20.27798140323845,32.59224675619522,71.18984278307451,1.69887162928648,68.00733280461353,73.75667517748752,0.0,0.0,0.0,0.0,0.0,0.0,0.0,0.0,0.0,0.0,0.0,0.0,0.0,0.0,0.0,0.0,0.0,0.0,0.0,0.0,61.125,1.694420054778008,57.6,64.0,user_001,60
2024-01-08 00:00:00,0.0,0.0,0,0,11289.0,0.0,11289,11289,3.771366666666667,0.2788405757178582,3.2620000000000005,4.337999999999999,48.76434241462768,2.155985509796949,43.64780833709343,52.62246089335309,54.20365860676832,3.815274350672391,46.83008640328992,61.33839068622959,97.49833333333332,0.3016629990100737,96.88,98.18,33.551833333333335,0.246416566597674,32.976,34.066,1.0,0.0,1,1,47.59379898664152,4.454610862562964,37.730413058788365,57.7899581350693,48.7,5.192236708192174,40,62,54.35166666666667,9.200322243189696,35.8,76.3,47.388333333333335,10.756851843449406,24.6,71.1,97.49,0.7347777249513939,96.0,98.8,33.5525,0.4703321040877321,32.63,34.68,3.767166666666667,0.7719534799074637,1.83,5.64,48.851369785247165,1.5029278358928662,45.571094489083926,50.80298430912732,49.297941013130945,0.3475607307529383,48.34639703512612,50.02197167874535,-0.032171207313839,1.917791478634285,-3.7821267225281616,4.81952192304535,50.25684836141202,0.0,50.25684836141202,50.25684836141202,3.2235955175717512,1.1358470078688234,1.3114363151002422,6.405521005884498,2.6987589806894916,1.0422560207857168,0.7456688049197182,5.019070590649255,54.01371302829131,0.746892251034883,52.63428811904753,55.43883742527536,540.0,0.0,540.0,540.0,0.375,0.0,0.375,0.375,0.3018518518518518,0.0,0.3018518518518518,0.3018518518518518,0.1833333333333333,0.0,0.1833333333333333,0.1833333333333333,69.2,0.0,69.2,69.2,94.9,0.0,94.9,94.9,0.0,0.0,0,0,0.0,0.0,0.0,0.0,1.225,0.0,1.225,1.225,27.639334415651145,3.919684953072473,21.545626034861485,35.83457079377537,69.68408706177037,2.0932971624607832,66.29963562842457,73.56425624816703,0.0166666666666666,0.1290994448735805,0.0,1.0,0.0,0.0,0.0,0.0,0.0,0.0,0.0,0.0,0.0,0.0,0.0,0.0,0.0166666666666666,0.1290994448735805,0.0,1.0,59.57333333333334,1.5035400787347095,56.9,63.1,user_001,60
2024-01-08 01:00:00,0.0,0.0,0,0,11289.0,0.0,11289,11289,4.046866666666667,0.2686572680640074,3.566,4.644,50.19643294147775,2.149854247737996,46.003292277875936,55.30539257117175,55.55930687331416,3.260001865952164,46.15029496094501,64.55931733890698,97.72033333333334,0.3026547323364489,97.16,98.56,33.587466666666664,0.1767767400401108,33.248000000000005,34.15,1.0,0.0,1,1,44.01122031828681,4.741756535497506,33.6574796339022,57.08027839815204,50.43333333333333,4.996156715006443,40,65,55.5,9.966401183093769,35.3,78.1,44.10333333333333,14.56880771347094,14.1,71.0,97.73,0.796454005609141,95.9,99.5,33.58266666666667,0.4817336864210011,32.54,35.25,4.0521666666666665,0.569031564066489,2.73,6.09,49.96309188314756,1.76718923452791,45.89513910787672,52.31012400470793,49.12876979943871,1.4652057521233852,47.307487667043,51.73330305196494,0.1184501959277908,1.8548512329285929,-3.768464190390582,4.847303714414124,50.25684836141202,0.0,50.25684836141202,50.25684836141202,3.639016487140779,1.02469193236751,1.7388246315882168,6.167485879892359,2.884968849491788,0.9093646371566646,1.1700135371513825,5.005071764735553,55.320689920070365,0.454897220407511,53.91049077222547,56.28373685756694,540.0,0.0,540.0,540.0,0.375,0.0,0.375,0.375,0.3018518518518518,0.0,0.3018518518518518,0.3018518518518518,0.1833333333333333,0.0,0.1833333333333333,0.1833333333333333,69.2,0.0,69.2,69.2,94.9,0.0,94.9,94.9,0.0,0.0,0,0,0.0,0.0,0.0,0.0,1.225,0.0,1.225,1.225,27.06081145754258,2.5899971495364813,20.692103236626593,33.40306730432273,70.96896725958655,1.1635647344681033,69.35524760723268,73.5782417230654,0.0,0.0,0.0,0.0,0.0333333333333333,0.1810203347193925,0.0,1.0,0.0,0.0,0.0,0.0,0.0,0.0,0.0,0.0,0.0333333333333333,0.1810203347193925,0.0,1.0,60.998333333333335,1.4484932752213846,57.1,63.8,user_001,60
2024-01-08 02:00:00,0.0,0.0,0,0,11289.0,0.0,11289,11289,4.1203666666666665,0.2521797829681299,3.6020000000000003,4.614,51.41868893184178,1.8760422417710552,46.623876131863824,55.7114238383946,54.68526638913523,5.339149180298275,42.748409722702974,71.4009594969275,97.46533333333332,0.3381077286283016,96.64,98.16,33.47326666666667,0.1710200569728758,33.042,33.832,1.0,0.0,1,1,44.95097717530665,5.344187845466265,30.327810641016153,56.83524493380752,51.333333333333336,4.8175761071334,40,60,54.85333333333333,11.548387027539954,29.0,84.0,44.79833333333333,13.582834277338796,14.1,84.1,97.44666666666669,0.7667821087244326,96.0,99.1,33.48916666666666,0.4374242468718574,32.44,34.42,4.107666666666667,0.6387683240044174,2.69,5.47,51.49554205773268,1.302717184282837,48.346982198527215,53.72638037376574,51.46627869263712,0.4678909734433215,50.5721228313353,52.18513827891628,-0.0426777992542194,1.8142374157118544,-3.946698656474588,3.2698380515973895,50.25684836141202,0.0,50.25684836141202,50.25684836141202,3.8995092941172778,1.4017133826988804,0.9242558153801036,6.579367576224136,3.28507479655916,1.484353139454481,0.6591385631703329,6.2202652610407805,55.18840048728531,1.0491569533432203,53.01786923983545,56.64079683104318,540.0,0.0,540.0,540.0,0.375,0.0,0.375,0.375,0.3018518518518518,0.0,0.3018518518518518,0.3018518518518518,0.1833333333333333,0.0,0.1833333333333333,0.1833333333333333,69.2,0.0,69.2,69.2,94.9,0.0,94.9,94.9,0.0,0.0,0,0,0.0,0.0,0.0,0.0,1.225,0.0,1.225,1.225,30.06701029238668,5.148969572501253,15.765911715742368,36.87469613844498,68.87573628836576,2.8277890350074295,65.65107127249507,74.88016317200034,0.0,0.0,0.0,0.0,0.0166666666666666,0.1290994448735805,0.0,1.0,0.0,0.0,0.0,0.0,0.0,0.0,0.0,0.0,0.0166666666666666,0.1290994448735805,0.0,1.0,60.79333333333333,2.161439152287093,56.9,66.1,user_001,60
2024-01-08 03:00:00,0.0,0.0,0,0,11289.0,0.0,11289,11289,4.4179,0.3368279599087211,3.626,4.936,54.32539861585424,2.007307272989049,48.79111714276263,58.23896680793979,54.2619427606484,4.569034337080987,44.14395982400024,65.09968908306864,97.47033333333334,0.4212892507154199,96.52,98.48,33.53926666666667,0.2577487849790792,32.974000000000004,34.292,1.0,0.0,1,1,46.90560546636581,5.227375766443104,33.1065091691716,58.85434374050342,54.583333333333336,4.488371667541437,42,64,54.015,10.926035226133582,31.3,80.4,47.263333333333335,13.459858294600815,19.5,85.1,97.49,0.8800423718612562,95.4,99.8,33.517,0.497547544785455,32.32,34.61,4.432,0.6819483553188128,2.7,5.87,54.13928051598222,1.6468226660358876,50.56978579408195,56.425900421988615,53.6049080507651,0.920732089758158,51.14107262634551,54.919763148476406,0.1289673587395479,1.636001151290085,-3.518837658932263,4.402960952412457,50.25684836141202,0.0,50.25684836141202,50.25684836141202,3.8230803991534015,1.165008089261658,1.626352549087445,6.089816411182643,3.326925823050191,1.283355676240665,0.8125861623428138,6.399849095721733,53.890627714988774,1.041046169117662,52.393010394343904,55.96715342135498,540.0,0.0,540.0,540.0,0.375,0.0,0.375,0.375,0.3018518518518518,0.0,0.3018518518518518,0.3018518518518518,0.1833333333333333,0.0,0.1833333333333333,0.1833333333333333,69.2,0.0,69.2,69.2,94.9,0.0,94.9,94.9,0.0,0.0,0,0,0.0,0.0,0.0,0.0,1.225,0.0,1.225,1.225,33.28521500523489,5.372516316533794,21.165355169775076,43.64508966635023,66.73426622514657,2.1467872609869256,63.200108475076895,70.83378160649393,0.05,0.2197841776510827,0.0,1.0,0.0333333333333333,0.1810203347193925,0.0,1.0,0.0,0.0,0.0,0.0,0.0,0.0,0.0,0.0,0.0833333333333333,0.2787178067853021,0.0,1.0,61.885,1.2755623552119644,58.7,64.6,user_001,60
2024-01-08 04:00:00,0.0,0.0,0,0,11289.0,0.0,11289,11289,4.4239,0.2867710183215046,3.8,5.056,56.90143731162008,1.962272917062636,52.45886083114633,60.96096796275649,54.89788696681062,4.321718290745294,44.16332741575898,64.26364380050639,97.36633333333332,0.2597388954032684,96.9,97.92,33.47346666666667,0.2379559471170282,32.906000000000006,33.976,1.0,0.0,1,1,44.43575073059888,5.218325386073059,31.391323144728045,54.10226778107609,56.88333333333333,4.690746992178618,47,70,55.115,10.0943821429277,32.8,74.5,44.068333333333335,12.84771946612417,13.6,71.1,97.35166666666667,0.7610188680408168,95.5,99.2,33.474333333333334,0.5710364251692321,32.31,35.25,4.409666666666666,0.5950102311231655,3.07,5.7,56.82274924273131,1.3324977205240651,53.58227070462192,58.74472756621448,56.313047962237874,0.6910474589578012,53.96513383326582,57.1199640492074,-0.009051989143377,1.741248424622552,-4.435770658390332,4.519516018621744,50.25684836141202,0.0,50.25684836141202,50.25684836141202,3.64762450370564,0.8931673802850012,1.586835562304643,5.286287601412488,3.1052875979368957,1.2246459296077323,0.8634259306509884,7.451207439756131,54.59508389989205,0.5129167675952712,53.784661780856176,55.80496371017204,540.0,0.0,540.0,540.0,0.375,0.0,0.375,0.375,0.3018518518518518,0.0,0.3018518518518518,0.3018518518518518,0.1833333333333333,0.0,0.1833333333333333,0.1833333333333333,69.2,0.0,69.2,69.2,94.9,0.0,94.9,94.9,0.0,0.0,0,0,0.0,0.0,0.0,0.0,1.225,0.0,1.225,1.225,35.892419700693644,3.458685722562521,29.292962587337932,45.24860855713655,65.16602974554705,1.0712650076075965,63.378113266616616,67.1234504645992,0.0,0.0,0.0,0.0,0.05,0.2197841776510827,0.0,1.0,0.0,0.0,0.0,0.0,0.0,0.0,0.0,0.0,0.05,0.2197841776510827,0.0,1.0,63.00333333333333,1.8289541947046364,59.0,66.6,user_001,60
2024-01-08 05:00:00,0.0,0.0,0,0,11289.0,0.0,11289,11289,4.851933333333333,0.2146798851950144,4.305999999999999,5.366,60.97402217090123,1.499378680605823,57.80187130759896,63.594397795595775,51.931334813645,6.5328040846165605,38.63140388630262,65.99334378020927,97.584,0.3406832616166491,96.84,98.16,33.5155,0.2108557624120625,33.146,33.976,1.0,0.0,1,1,46.64220978203604,7.599765764101849,32.87650473613446,61.32184165832928,61.06666666666667,4.642714966470265,48,72,51.848333333333336,10.360117329135148,33.0,75.0,47.00666666666667,13.3688972031869,24.1,73.4,97.59666666666666,0.7951050813543323,95.7,99.3,33.525166666666664,0.4972006097418661,32.62,35.1,4.862666666666667,0.645353317148678,3.45,6.11,60.90856680908535,0.8452477988673472,59.548531782667865,63.01343297150394,60.00596869808876,1.40020339888405,56.826396810730486,61.316452972213646,0.0463222478827134,1.810071455437812,-4.950422800263972,4.768050846887604,50.25684836141202,0.0,50.25684836141202,50.25684836141202,3.1686612599490194,0.8142850823127633,1.284560871543836,4.624581351440395,3.0471687754301597,1.0952475225263147,0.914990866904706,5.496341181971477,53.541184902827574,4.122367192513535,46.86606883622186,58.52229674519276,540.0,0.0,540.0,540.0,0.375,0.0,0.375,0.375,0.3018518518518518,0.0,0.3018518518518518,0.3018518518518518,0.1833333333333333,0.0,0.1833333333333333,0.1833333333333333,69.2,0.0,69.2,69.2,94.9,0.0,94.9,94.9,0.0,0.0,0,0,0.0,0.0,0.0,0.0,1.225,0.0,1.225,1.225,43.62662224826447,7.70895483007045,28.455279605569057,56.565740867723775,60.82794697670195,5.6210778746538805,52.96505009429432,69.31441581343749,0.0333333333333333,0.1810203347193925,0.0,1.0,0.0166666666666666,0.1290994448735805,0.0,1.0,0.0,0.0,0.0,0.0,0.0,0.0,0.0,0.0,0.05,0.2197841776510827,0.0,1.0,63.73833333333334,2.354087081800612,60.2,68.7,user_001,60
2024-01-08 06:00:00,0.0,0.0,0,0,11289.0,0.0,11289,11289,5.033766666666667,0.2936727318739819,4.4399999999999995,6.061999999999999,64.05197713978296,2.064196285812177,60.21605496848768,68.37007175190391,50.617542406956275,4.951230649129478,38.45355530678868,61.10973774293964,97.545,0.4723202734140992,96.34,98.6,33.5389,0.2323114289052501,32.948,34.056,1.0,0.0,1,1,48.694839156352536,5.550088542137763,37.73520822659293,59.867700036353845,64.2,4.494063881331854,57,78,50.03666666666666,9.644405890035497,30.0,73.6,48.92333333333333,12.329589140015248,19.9,77.7,97.54666666666668,0.8615057111798464,95.5,99.4,33.53783333333333,0.526121374366193,32.3,34.73,5.027333333333333,0.6259118545909753,3.89,6.43,63.94125637284422,1.632217343464884,60.31052893429413,66.71156314483294,63.43234023979835,1.256659334291281,61.05283004745161,64.86524336851247,0.0740114301085196,1.64989600064609,-3.456690583967969,4.958669279108108,50.25684836141202,0.0,50.25684836141202,50.25684836141202,3.086077133370775,0.8675537685699292,1.2324843967036478,4.8316656611322415,2.8291613332468817,0.971501938119322,1.2211143530554802,4.792270291105112,50.79662238668861,0.9579123625207184,48.29630782649959,52.35264360494637,540.0,0.0,540.0,540.0,0.375,0.0,0.375,0.375,0.3018518518518518,0.0,0.3018518518518518,0.3018518518518518,0.1833333333333333,0.0,0.1833333333333333,0.1833333333333333,69.2,0.0,69.2,69.2,94.9,0.0,94.9,94.9,0.0,0.0,0,0,0.0,0.0,0.0,0.0,1.225,0.0,1.225,1.225,48.17174462635595,5.191054428024087,37.360641421541786,58.13626023693486,57.27481492613826,2.035233767482841,53.526490398794266,61.335461614120895,0.0,0.0,0.0,0.0,0.05,0.2197841776510827,0.0,1.0,0.0,0.0,0.0,0.0,0.0,0.0,0.0,0.0,0.05,0.2197841776510827,0.0,1.0,63.92833333333333,1.9114367359345792,60.0,67.6,user_001,60
2024-01-08 07:00:00,4.833333333333333,1.9929253404052496,1,9,11431.816666666668,82.97263009350078,11294,11579,5.6341,0.2983492266069232,5.004,6.336,67.43955355656897,1.997497968797904,63.12588224388251,71.22143026287787,50.87096909580459,5.289770161497723,32.46375847528403,63.4021305507571,97.38066666666668,0.461537102706968,96.16,98.18,33.51743333333334,0.1882152001882967,33.022000000000006,33.874,0.0,0.0,0,0,49.01096465597619,6.430495073256426,30.76801536210139,60.99187518674261,67.6,5.437471994862615,54,79,51.215,10.825187593786907,19.9,72.4,48.733333333333334,12.861987967000934,9.3,76.1,97.375,0.8662455517531987,95.1,99.6,33.52166666666667,0.4450944164422004,32.07,34.4,5.6466666666666665,0.608364483375524,4.32,7.06,67.30015583878398,1.3893435883401768,64.08540147740962,70.47708990649015,66.66611560497702,1.0704718317978912,64.17132916409933,67.99260989975531,0.0802232217155179,2.065639167270895,-4.5629411219412574,4.7126105701724015,50.25684836141202,0.0,50.25684836141202,50.25684836141202,3.793443981717434,1.1302822119287406,1.5061391510224362,6.783438845530458,3.3879335571825964,1.2185008421034935,0.9220946771519504,6.766374841314016,49.66756203869568,1.8897062268096392,47.12100956656388,53.47300686766372,540.0,0.0,540.0,540.0,0.375,0.0,0.375,0.375,0.3018518518518518,0.0,0.3018518518518518,0.3018518518518518,0.1833333333333333,0.0,0.1833333333333333,0.1833333333333333,69.2,0.0,69.2,69.2,94.9,0.0,94.9,94.9,0.8333333333333334,0.5870543146605618,0,2,62.733333333333334,17.84857841432839,5.0,79.0,2.3683333333333336,1.0052812519291436,1.225,4.9,52.61087419347588,5.9060197804837005,40.64855970982107,66.26322710269439,53.99685070867623,3.0901961805050413,49.864619265764986,59.853233588665695,0.0166666666666666,0.1290994448735805,0.0,1.0,0.0166666666666666,0.1290994448735805,0.0,1.0,0.0,0.0,0.0,0.0,0.0,0.0,0.0,0.0,0.0333333333333333,0.1810203347193925,0.0,1.0,62.708333333333336,2.6697483958558994,55.8,67.6,user_001,60
2024-01-08 08:00:00,4.733333333333333,2.0241480037889863,0,10,11729.366666666669,79.95273321171065,11585,11863,6.0431333333333335,0.2314070056413311,5.368,6.606,72.00417013516535,1.905484645864596,67.93930235226125,75.40853285071798,49.63417076860856,5.234301412937964,37.8023660092941,58.86389722302339,97.51566666666666,0.3493158769951672,96.8,98.0,33.49576666666667,0.2853622358507107,32.982000000000006,34.134,0.0,0.0,0,0,50.0306152393229,5.518237207134349,39.82435701186996,61.024425101746395,72.03333333333333,4.888473702623645,61,86,49.57666666666667,10.332282250169856,25.9,68.9,50.17166666666667,12.257714162810908,27.9,72.8,97.51166666666668,0.7593689768076214,95.4,98.8,33.48,0.4676990195428645,32.48,34.51,6.038666666666667,0.6612122064215874,4.72,7.9,71.85641539816525,1.481209793864303,67.94895136839673,74.38863988521045,70.59231115256108,1.6458351674675942,66.92679484233665,72.5396198633418,0.0145815990839937,1.8427723632552249,-4.181715146293897,5.341140920838711,50.25684836141202,0.0,50.25684836141202,50.25684836141202,3.3853767524574847,1.0541466242126123,1.1254793769211044,5.864829915887019,2.9506338830491012,1.2436235137261002,0.5711413611419935,5.695299885644874,51.590529436020944,1.6784505219867143,47.14471256425925,53.939805760366234,540.0,0.0,540.0,540.0,0.375,0.0,0.375,0.375,0.3018518518518518,0.0,0.3018518518518518,0.3018518518518518,0.1833333333333333,0.0,0.1833333333333333,0.1833333333333333,69.2,0.0,69.2,69.2,94.9,0.0,94.9,94.9,0.7666666666666667,0.6207340287621397,0,2,73.23333333333333,9.383300468577982,58.0,91.0,2.286666666666667,1.0449785768084918,1.225,4.9,58.44678345754281,5.9468677376594705,50.973404528699994,71.25237391389823,51.74470832611541,2.5608124516299813,46.341549855062155,57.89071423647408,0.0166666666666666,0.1290994448735805,0.0,1.0,0.05,0.2197841776510827,0.0,1.0,0.0,0.0,0.0,0.0,0.0,0.0,0.0,0.0,0.0666666666666666,0.2515488742932317,0.0,1.0,59.15833333333333,2.630092584995771,53.1,63.8,user_001,60
2024-01-08 09:00:00,5.166666666666667,2.5721234824633803,0,10,12026.8,91.14689206003246,11873,12173,6.223366666666666,0.2619145912455903,5.682,6.7780000000000005,75.10976481532609,2.1836410254959544,71.28430977029198,80.1545739658483,46.16274413447548,4.2027454014196985,37.536778854424234,56.35505229345699,97.48233333333332,0.3606790519715204,96.66,98.12,33.48813333333333,0.2188601803231319,33.088,33.989999999999995,0.0,0.0,0,0,52.882798011139265,4.713567926826637,43.96579478154397,68.1092739636964,75.28333333333333,4.654473578589236,67,85,46.06333333333334,10.571948278131153,19.0,76.5,52.80333333333333,12.76739712621688,16.9,84.0,97.495,0.7169674838382512,95.7,99.1,33.50083333333333,0.5192180942325971,32.24,34.6,6.232333333333333,0.598991714004733,4.79,7.42,75.01887970042257,1.694501986859869,72.32216311962006,78.62008392663328,74.51957641989425,0.7660522392634298,72.50279401333708,75.43450275887743,0.0867842590036185,1.7103601650540294,-3.518360444012515,3.5431137766949377,50.25684836141202,0.0,50.25684836141202,50.25684836141202,3.808254588300852,1.139796741543856,1.773622209023252,6.328012485701372,3.0882313026880337,1.0406290085440246,1.1061974745819214,5.3070783935359165,45.50046442046676,1.5065047523667223,43.495085863391616,48.387836592051144,540.0,0.0,540.0,540.0,0.375,0.0,0.375,0.375,0.3018518518518518,0.0,0.3018518518518518,0.3018518518518518,0.1833333333333333,0.0,0.1833333333333333,0.1833333333333333,69.2,0.0,69.2,69.2,94.9,0.0,94.9,94.9,0.9166666666666666,0.7431419023347088,0,2,77.73333333333333,4.839339731776224,68.0,88.0,2.63375,1.368662784544319,1.225,4.9,66.64297691893782,4.539631144875488,58.47363456272213,76.84167643874108,44.41560741385029,2.367116675674231,40.70984847631439,48.51611791734793,0.0,0.0,0.0,0.0,0.0,0.0,0.0,0.0,0.0,0.0,0.0,0.0,0.0,0.0,0.0,0.0,0.0,0.0,0.0,0.0,55.336666666666666,2.160505799745615,50.0,59.4,user_001,60
2024-01-08 10:00:00,5.466666666666667,2.220602045916306,1,12,12339.9,97.42562569659546,12178,12501,6.370433333333334,0.2356490040448813,5.837999999999999,6.814,76.23315203593383,2.614156023112143,69.63429998548244,82.225943044023,43.695956779782705,3.928218128945392,36.53038500479121,53.49997741531015,97.502,0.3827412277997042,96.82,98.36,33.4809,0.2274258083531503,33.038,33.894,0.0,0.0,0,0,55.68177809469144,4.846334077275411,40.56017710840803,64.71478360862137,76.13333333333334,5.6282178492123105,61,88,43.67666666666666,9.298739966885371,24.4,63.2,55.85,11.773778680049142,26.0,85.4,97.485,0.8875456541134046,95.2,99.1,33.48133333333333,0.541293074120107,32.27,34.46,6.3566666666666665,0.6722178487352091,4.9,7.81,76.28368849477548,1.973282221471478,72.37564144678163,79.9139498524071,76.40633760029074,0.9347337049684816,74.9334878376742,77.83910254344535,-0.0499093513002461,2.0185934069142064,-4.82798734311622,5.1219000048391905,50.25684836141202,0.0,50.25684836141202,50.25684836141202,3.378429035400542,0.6977492143913034,2.1471961176480594,4.63384606741292,3.0032795439901983,0.9418612495024332,1.2199017088924824,5.752911126287919,44.93197715615815,2.3537418280520113,41.614156051307006,48.11812216139285,540.0,0.0,540.0,540.0,0.375,0.0,0.375,0.375,0.3018518518518518,0.0,0.3018518518518518,0.3018518518518518,0.1833333333333333,0.0,0.1833333333333333,0.1833333333333333,69.2,0.0,69.2,69.2,94.9,0.0,94.9,94.9,0.9666666666666668,0.6369063647932279,0,2,80.36666666666666,7.835094164397248,61.0,94.0,2.63375,1.189714260310618,1.225,4.9,70.73682221877108,4.059066204302817,62.24647889182936,78.87225131631958,41.95310609891625,2.5387961418436316,37.803997328139786,46.61462343371048,0.0333333333333333,0.1810203347193925,0.0,1.0,0.0333333333333333,0.1810203347193925,0.0,1.0,0.0,0.0,0.0,0.0,0.0,0.0,0.0,0.0,0.0666666666666666,0.2515488742932317,0.0,1.0,53.593333333333334,2.099383821357717,48.5,58.2,user_001,60
2024-01-08 11:00:00,5.1,2.282579569593451,1,13,12651.483333333334,91.02495311943188,12506,12807,6.447100000000001,0.3385453278115808,5.96,7.374,79.16649379644367,2.900003801454679,74.89943569023629,86.3036068827433,47.188739225047016,4.333358270591405,37.97375376421619,56.55235640206359,97.55133333333332,0.3475115735990838,96.74,98.2,33.44826666666667,0.1906276756781741,32.934,33.796,0.0,0.0,0,0,50.98094963132962,5.651069963260013,40.35120140432943,65.57162544048963,79.4,5.615354253280061,64,89,47.315000000000005,10.934300331014033,17.5,68.1,50.81666666666667,13.34259353573686,20.3,85.9,97.57333333333332,0.8762142503003368,95.9,99.7,33.443333333333335,0.4413064835569244,32.33,34.41,6.453666666666667,0.612375111215469,5.03,7.78,79.02204405478686,2.4944656670067933,74.4359461677972,85.01326315323544,78.08974806534818,2.198518540908896,75.0264504931721,80.79630076362491,0.1167531017781634,2.0185264653381276,-6.537040542341302,3.727782717005269,50.25684836141202,0.0,50.25684836141202,50.25684836141202,3.6812524341626065,1.323988172249902,1.2842708646524783,6.411112040354673,2.9588257083576175,1.3456190791966585,0.8074158214417769,6.585456268937251,45.67474755319342,1.2544369243324969,42.76431017700785,47.76070533637607,540.0,0.0,540.0,540.0,0.375,0.0,0.375,0.375,0.3018518518518518,0.0,0.3018518518518518,0.3018518518518518,0.1833333333333333,0.0,0.1833333333333333,0.1833333333333333,69.2,0.0,69.2,69.2,94.9,0.0,94.9,94.9,0.8166666666666667,0.6507275372101721,0,3,75.68333333333334,7.093782588466426,61.0,92.0,2.3887500000000004,1.2643366402309588,1.225,8.575,70.07744499431648,4.840529407131015,61.13569006257097,82.1902407836869,42.55068266461953,2.350142103892485,38.4844518029863,47.72240404562,0.0,0.0,0.0,0.0,0.0166666666666666,0.1290994448735805,0.0,1.0,0.0,0.0,0.0,0.0,0.0,0.0,0.0,0.0,0.0166666666666666,0.1290994448735805,0.0,1.0,52.81166666666666,2.594393673110052,45.4,57.6,user_001,60
2024-01-08 12:00:00,4.933333333333334,1.8764071932291937,0,9,12965.066666666668,83.92649460793047,12814,13103,6.6008,0.2774834122389961,5.928,7.078,78.83229130671958,1.5366252041917825,75.21709944027133,82.34134642834849,46.26632238997869,3.905783598809077,37.575774104111325,54.2717043932858,97.48933333333332,0.4326891343743807,96.64,98.46,33.51533333333334,0.2438998590465738,33.174,34.083999999999996,0.0,0.0,0,0,53.50503425974127,5.402670406160522,42.58906614574334,65.26136269199922,78.78333333333333,3.664264750013581,72,88,46.25,8.827413003761805,26.6,68.4,53.61,11.652026811398922,34.4,75.1,97.47833333333332,0.8517363455083308,95.7,99.5,33.51583333333333,0.4792978326983964,32.12,34.51,6.609,0.7049887605787577,4.98,8.83,78.82495998813957,1.1029807652953978,76.29839984914376,80.48203951307951,78.91027187351091,0.2361691328363314,78.55156580284782,79.65621896934036,-0.0244789866931239,1.359522574167163,-2.5265921611413376,3.0847725052199024,50.25684836141202,0.0,50.25684836141202,50.25684836141202,3.305796853943127,0.8375263557708633,1.9246068073226543,5.616791246576735,2.9103847403007865,1.1175412513372556,1.1042632692182108,7.1748087000816705,46.64970187084004,0.6483058799291754,45.18088593474379,47.81171354787713,540.0,0.0,540.0,540.0,0.375,0.0,0.375,0.375,0.3018518518518518,0.0,0.3018518518518518,0.3018518518518518,0.1833333333333333,0.0,0.1833333333333333,0.1833333333333333,69.2,0.0,69.2,69.2,94.9,0.0,94.9,94.9,0.9666666666666668,0.5196696038591647,0,2,75.56666666666666,8.214015856886014,62.0,91.0,2.5520833333333335,0.9646099113493736,1.225,4.9,70.42624901413804,4.1169086728551685,63.65425441961484,80.19769433642861,42.800122177770945,1.822144475786542,39.30880786722068,47.6321864465211,0.0,0.0,0.0,0.0,0.0,0.0,0.0,0.0,0.0,0.0,0.0,0.0,0.0,0.0,0.0,0.0,0.0,0.0,0.0,0.0,52.74166666666667,1.93410879636028,48.5,56.5,user_001,60
2024-01-08 13:00:00,5.1,2.289992968681382,1,13,13258.7,92.76712231739788,13108,13409,6.4663666666666675,0.2310672340827807,5.936,6.9719999999999995,78.1328190073041,1.9343921909566515,74.2022596386423,82.92625245532457,49.880598908743785,4.24399796784601,39.89819404328563,59.28522389263232,97.50733333333332,0.3481275173863481,96.76,98.1,33.60743333333333,0.1970453244484785,33.269999999999996,34.06,0.0,0.0,0,0,48.754934797192654,4.126253339760376,41.075096194668056,58.60254335778924,78.08333333333333,4.134565608182027,69,86,49.965,9.05762764989088,27.4,67.3,48.54833333333333,11.000238697975124,17.2,71.5,97.50833333333334,0.8675489859010013,95.6,99.7,33.61016666666667,0.5137746378822866,32.64,35.4,6.455166666666667,0.6101555557887571,5.19,7.86,78.17426846509788,1.54175214403869,75.71525131790995,81.39299085091855,78.47293208491145,0.5429070048150432,77.37154303467351,79.38399604674038,-0.0247428369853819,1.4887900693158092,-4.642084151774853,2.793744458700445,50.25684836141202,0.0,50.25684836141202,50.25684836141202,2.9340720712416584,1.0093624874782123,0.8067044747221799,5.543215802325079,2.75874255304703,1.0731236407940492,0.8780274727137419,5.136701177402227,49.867872494855234,0.9113858441977708,47.48754391856112,51.3189551502902,540.0,0.0,540.0,540.0,0.375,0.0,0.375,0.375,0.3018518518518518,0.0,0.3018518518518518,0.3018518518518518,0.1833333333333333,0.0,0.1833333333333333,0.1833333333333333,69.2,0.0,69.2,69.2,94.9,0.0,94.9,94.9,0.9,0.656131446111426,0,3,77.35,6.490736554270967,64.0,91.0,2.5316666666666667,1.3125362518534025,1.225,8.575,65.69485174635818,3.697580759464612,57.95811037653242,72.23998555879784,46.20861510583312,1.651260837797582,43.736809557717486,49.46065075610089,0.0,0.0,0.0,0.0,0.0333333333333333,0.1810203347193925,0.0,1.0,0.0,0.0,0.0,0.0,0.0,0.0,0.0,0.0,0.0333333333333333,0.1810203347193925,0.0,1.0,54.64833333333333,1.6702269881936405,50.0,58.1,user_001,60
2024-01-08 14:00:00,5.183333333333334,2.1351907521396303,1,11,13559.366666666669,88.39164901629147,13417,13720,6.381266666666666,0.248234161367964,5.898,6.922,77.21628456443419,2.259146701433493,71.99382110044927,81.2249217392223,45.905214490196016,3.955011489292384,35.27397549999667,55.72175613202811,97.275,0.3771728012912611,96.32,98.12,33.407833333333336,0.1774635953755487,33.116,33.708,0.0,0.0,0,0,53.20066027952047,5.616175965436185,42.08102727591151,71.5703085121241,77.3,5.234500931320959,63,89,45.7,9.409209336548054,23.4,62.8,53.49,11.70853230825962,29.4,80.0,97.26833333333336,0.7705361696251272,95.3,98.8,33.405166666666666,0.482302007033663,32.16,34.5,6.403666666666667,0.6847861639924394,4.95,8.09,77.14378387202854,1.7218873406659887,73.6210972303511,80.25298391845902,77.01384047862848,0.2704218140104171,76.58040557718276,77.58449301372848,0.041857717782899,1.920854534634483,-4.745365825336947,4.039626700913914,50.25684836141202,0.0,50.25684836141202,50.25684836141202,3.4331918697489545,1.0080708802271343,1.1262204533309486,6.535295712056326,2.9986974724249253,1.101006297658173,0.7146901563821045,4.999254978570256,46.22907178648132,0.9029415497187168,44.75991783390282,48.674538465900845,540.0,0.0,540.0,540.0,0.375,0.0,0.375,0.375,0.3018518518518518,0.0,0.3018518518518518,0.3018518518518518,0.1833333333333333,0.0,0.1833333333333333,0.1833333333333333,69.2,0.0,69.2,69.2,94.9,0.0,94.9,94.9,0.9,0.602255647052628,0,2,74.73333333333333,10.392087385409566,62.0,98.0,2.4908333333333337,1.0808714965667268,1.225,4.9,68.98058007928242,4.201248482612286,62.913709564154296,78.77777202758251,43.43459367864584,1.7699416699584476,40.14171396373424,46.03397636280223,0.0166666666666666,0.1290994448735805,0.0,1.0,0.0166666666666666,0.1290994448735805,0.0,1.0,0.0,0.0,0.0,0.0,0.0,0.0,0.0,0.0,0.0333333333333333,0.1810203347193925,0.0,1.0,53.52333333333333,2.1728187321858767,47.8,58.2,user_001,60
2024-01-08 15:00:00,4.783333333333333,2.132013186166704,0,11,13859.216666666667,83.90048416390324,13725,14007,6.139333333333334,0.2312939773422608,5.62,6.647999999999999,75.40622193970749,1.6564056389227455,71.73814177170547,78.78721487199269,49.04736659556868,4.125710920377875,40.85235385325661,59.39676862529908,97.35,0.3564324168711565,96.72,98.08,33.46886666666667,0.2151131721586521,32.948,33.912,0.0,0.0,0,0,48.817084077424994,5.8575666103114035,36.66467484163931,59.80541066702762,75.21666666666667,4.333909131671074,63,83,49.265,9.968064684748091,27.4,80.5,48.65333333333333,12.967226833498842,21.6,68.5,97.35,0.8761433208351667,95.5,99.3,33.4755,0.468511617351396,32.27,34.7,6.124333333333333,0.66725434549497,4.66,7.58,75.56911869931189,1.191470992596191,73.49675068879499,78.00148523340694,76.15866209394139,0.8456966405360783,74.79640560265683,77.42855450711848,-0.0947776365204191,1.656132257232552,-5.459997200645859,3.4206194094315094,50.25684836141202,0.0,50.25684836141202,50.25684836141202,3.4012880878379304,1.4417877488254065,0.9343097917262012,7.694740642441138,2.9379772919400335,1.2831958268498789,0.5955477916829135,6.7774538746779385,48.11656181911929,0.8161655987326948,46.64865829183004,49.3608392915093,540.0,0.0,540.0,540.0,0.375,0.0,0.375,0.375,0.3018518518518518,0.0,0.3018518518518518,0.3018518518518518,0.1833333333333333,0.0,0.1833333333333333,0.1833333333333333,69.2,0.0,69.2,69.2,94.9,0.0,94.9,94.9,0.8166666666666667,0.6241378234003048,0,2,72.81666666666666,6.165765699948929,63.0,89.0,2.3683333333333336,1.0785157985322311,1.225,4.9,63.89116274364059,4.012026047805669,55.82964763068672,71.7288882380644,46.36966221394462,1.793041486386408,43.341040249964074,50.615414332059544,0.0,0.0,0.0,0.0,0.0,0.0,0.0,0.0,0.0,0.0,0.0,0.0,0.0,0.0,0.0,0.0,0.0,0.0,0.0,0.0,56.098333333333336,1.8264062765457345,52.1,60.4,user_001,60
2024-01-08 16:00:00,5.283333333333333,1.8963986088414584,0,10,14173.833333333334,92.33104894275898,14015,14324,5.9272,0.2726353994200847,5.354,6.667999999999999,72.05888764636671,2.134257437069024,67.38652404993742,77.00457217353463,49.312278531341526,4.294661016361334,36.24675137473494,57.75176681683021,97.46,0.3790085192012402,96.52,98.46,33.537866666666666,0.134173612130294,33.298,33.808,0.0,0.0,0,0,49.589903121791195,5.97614540265292,35.50874138770156,65.91615678916943,72.0,5.0489132913656585,57,83,49.165,10.078872431553314,26.2,74.2,49.65,13.400259294227943,10.1,82.7,97.46833333333332,0.8577644705894801,95.3,99.4,33.53483333333333,0.4254508741649075,32.67,34.45,5.913166666666667,0.6765477964667054,4.62,8.01,72.14281616729222,1.541751020387231,69.45063378801515,75.0097307383932,72.6609909963629,1.0897472334195315,71.17695207110329,74.69764390505155,-0.0294438231833602,1.8719273238091492,-5.418661372000315,4.05422575199978,50.25684836141202,0.0,50.25684836141202,50.25684836141202,3.473109438558876,1.1583552116678688,1.1539299735845625,5.716705893854453,3.114731938177793,1.2279997607608857,1.1947433230095077,6.451320598282591,49.3983096692676,0.5229224407008103,48.226553525007105,50.380594403217216,540.0,0.0,540.0,540.0,0.375,0.0,0.375,0.375,0.3018518518518518,0.0,0.3018518518518518,0.3018518518518518,0.1833333333333333,0.0,0.1833333333333333,0.1833333333333333,69.2,0.0,69.2,69.2,94.9,0.0,94.9,94.9,0.9833333333333332,0.503939284299098,0,2,80.3,6.349429441870199,69.0,91.0,2.5725,0.9488809198208172,1.225,4.9,59.49191199747588,3.988887943175426,53.00229795725532,69.29668251796492,49.77414787972464,1.4285128604204305,46.51465202603605,51.71704440188553,0.0166666666666666,0.1290994448735805,0.0,1.0,0.0166666666666666,0.1290994448735805,0.0,1.0,0.0,0.0,0.0,0.0,0.0,0.0,0.0,0.0,0.0333333333333333,0.1810203347193925,0.0,1.0,58.88666666666666,2.098301707690571,52.5,63.1,user_001,60
2024-01-08 17:00:00,5.066666666666666,2.2986117156251153,1,11,14475.4,87.99426021342747,14332,14628,5.607200000000001,0.3046363099762275,4.8740000000000006,6.2379999999999995,68.06786777057206,2.2048159306028148,62.57498574934627,72.14694352827685,48.9865321334439,5.7615490219420975,37.359231337086406,64.35165849868812,97.395,0.3619275140462939,96.74,98.38,33.5029,0.2538047895262024,33.052,34.018,0.0,0.0,0,0,51.309811684900275,6.161771094033662,29.39659827035372,61.38146130249017,68.05,4.752965176192826,56,77,49.151666666666664,10.72335470634969,21.7,78.3,51.05,13.33171953510544,3.4,75.7,97.40666666666668,0.7460328221676373,95.8,99.3,33.49583333333333,0.5185746163941709,32.35,34.61,5.631833333333334,0.6284079741067136,4.19,7.03,68.15379291155048,1.7585163565806496,64.79008145597062,71.36278790132488,69.21846028658938,1.2738023571349884,67.31241991360363,71.82226842223818,-0.0089338852860317,1.725292107739733,-3.446714031043541,3.761114277923056,50.25684836141202,0.0,50.25684836141202,50.25684836141202,3.519860432669086,1.1282992391798596,1.33299488188949,5.570783198399835,3.290646599610988,1.1723721921690953,0.8150011657047572,5.673437362404736,48.19890350626158,2.004420033434943,44.902874171733146,51.91140426495774,540.0,0.0,540.0,540.0,0.375,0.0,0.375,0.375,0.3018518518518518,0.0,0.3018518518518518,0.3018518518518518,0.1833333333333333,0.0,0.1833333333333333,0.1833333333333333,69.2,0.0,69.2,69.2,94.9,0.0,94.9,94.9,0.8833333333333333,0.6402241838994506,0,2,74.75,7.382124539173289,62.0,87.0,2.4908333333333337,1.149299405852881,1.225,4.9,55.55467729629884,6.979030055218239,41.23014306636944,67.81584682109562,51.43580179224252,3.655158544897097,45.45302240005774,57.169189606169525,0.0,0.0,0.0,0.0,0.0333333333333333,0.1810203347193925,0.0,1.0,0.0,0.0,0.0,0.0,0.0,0.0,0.0,0.0,0.0333333333333333,0.1810203347193925,0.0,1.0,61.52833333333333,2.895999090894761,55.3,67.7,user_001,60
2024-01-08 18:00:00,4.966666666666667,1.9741264248378163,1,11,14781.266666666666,88.80522710731687,14634,14926,5.414133333333334,0.2680462562324384,4.812,6.0200000000000005,65.24797136622429,2.3047528780465245,59.58887743938684,71.26044726836595,54.21870066244574,4.527865988937063,46.03988555588196,63.938748174999354,97.511,0.3206439495341874,96.82,98.22,33.50556666666667,0.2417818295640638,32.768,33.968,0.0,0.0,0,0,46.71039361193353,5.864261173530514,35.24649292732163,59.45233246213862,65.06666666666666,5.158066470831304,48,76,54.458333333333336,8.61546287583968,32.6,75.7,46.830000000000005,11.785775684042871,14.2,72.4,97.48666666666666,0.851611964367051,95.8,99.8,33.5105,0.567454694674804,32.16,34.99,5.4078333333333335,0.6229538483508558,3.89,6.82,65.3223578117499,1.8627478547176124,61.6993904684213,69.12461978021012,65.52760655829871,1.3674581594091693,63.78271084774994,67.65759734918919,-0.0906523497788105,1.938184144587993,-5.794438719693424,4.2206744787606,50.25684836141202,0.0,50.25684836141202,50.25684836141202,2.8836283659698836,0.8285982220382903,0.3963003926586448,4.999915373187604,2.792949711245025,1.0985394243401532,0.3543283141542393,6.453742342542908,53.45377674069285,1.0614737312391749,52.056491732194054,56.32143537750548,540.0,0.0,540.0,540.0,0.375,0.0,0.375,0.375,0.3018518518518518,0.0,0.3018518518518518,0.3018518518518518,0.1833333333333333,0.0,0.1833333333333333,0.1833333333333333,69.2,0.0,69.2,69.2,94.9,0.0,94.9,94.9,0.85,0.5150283849343991,0,2,76.31666666666666,5.515745310262575,60.0,87.0,2.347916666666667,0.8526416039592838,1.225,4.9,46.21459495378463,4.717264876919579,36.1380593462188,54.42061697759816,58.782475369101846,2.012702759692752,55.45896040959731,63.04828573303973,0.0166666666666666,0.1290994448735805,0.0,1.0,0.0,0.0,0.0,0.0,0.0,0.0,0.0,0.0,0.0,0.0,0.0,0.0,0.0166666666666666,0.1290994448735805,0.0,1.0,65.01833333333333,2.0034285584219287,59.5,68.7,user_001,60
2024-01-08 19:00:00,5.433333333333334,2.1102386937578332,2,12,15092.1,97.84590098201616,14928,15252,5.1204,0.2989955614431626,4.276,5.678,61.19367484580626,2.267129388493683,55.87365969082648,66.5896555331146,49.61962288242226,4.370408107032642,41.85749732987602,59.66482387244258,97.61733333333332,0.3693781612232945,96.68,98.32,33.460366666666665,0.1827572221825658,33.022,33.812,0.0,0.0,0,0,50.56842599159947,5.106258839308174,39.80210854961209,62.306676792902294,61.03333333333333,5.001581670735722,47,74,49.30166666666666,10.717125399852248,28.4,75.3,50.78333333333333,13.274483828155232,24.9,87.1,97.62,0.9466801940626568,95.1,99.4,33.4545,0.4148082056295739,32.65,34.58,5.1178333333333335,0.6812776921236381,3.58,6.61,61.32581740581399,1.9866313707289616,57.48893294379538,66.37310676865067,62.20013970641715,1.623142205314523,60.25687425242448,65.34537596892045,-0.0801707562364612,1.8542806388193536,-4.926090562915462,6.042113436391176,50.25684836141202,0.0,50.25684836141202,50.25684836141202,3.7861152718863105,1.160170497678695,1.49418993530284,5.673448830653848,3.282519498202179,1.1736174574109934,1.1780025219793862,5.784054291219606,50.77527025989202,2.2710345865841304,47.70643634720947,56.4731791405592,540.0,0.0,540.0,540.0,0.375,0.0,0.375,0.375,0.3018518518518518,0.0,0.3018518518518518,0.3018518518518518,0.1833333333333333,0.0,0.1833333333333333,0.1833333333333333,69.2,0.0,69.2,69.2,94.9,0.0,94.9,94.9,0.9166666666666666,0.6186827632817331,0,2,80.03333333333333,9.205684807137477,58.0,97.0,2.5316666666666667,1.124692676165009,1.225,4.9,46.732727698899986,4.416258669864583,36.70881569501264,55.04859690082255,57.80170785470407,1.963985156217956,54.54259011678899,61.913141381269696,0.05,0.2197841776510827,0.0,1.0,0.0333333333333333,0.1810203347193925,0.0,1.0,0.0,0.0,0.0,0.0,0.0,0.0,0.0,0.0,0.0833333333333333,0.334038801494609,0.0,2.0,62.90833333333333,1.817829928711017,59.6,67.6,user_001,60
2024-01-08 20:00:00,5.266666666666667,2.27638329460458,1,10,15409.833333333334,91.36333995101997,15259,15568,4.763966666666667,0.2717702149197262,4.172,5.4399999999999995,56.574056386747856,2.8874351949558896,52.085692197876085,63.42752302775508,52.41083182908345,4.691060165353019,40.80954367957574,62.7233148778522,97.50533333333333,0.2854402883127923,96.9,98.06,33.51123333333333,0.1959121531488336,33.174,33.94,0.0,0.0,0,0,47.802645254449665,6.380844179655417,32.03224634263242,62.251765654286125,56.56666666666667,5.215253594648793,46,74,52.56333333333334,9.7669273600502,29.9,75.3,47.58166666666667,13.068392346844869,17.4,78.3,97.50833333333334,0.8419693755585949,95.9,99.6,33.52733333333333,0.525240434586195,32.4,34.93,4.7695,0.6568399567730022,3.19,6.16,56.69199038671413,2.6080815277971023,52.72622612500686,63.59009198570401,57.58034325694788,2.318273534767143,54.92276104500961,61.30924850724419,-0.0036948600405938,1.7761634421913928,-4.873065718938051,6.310305295602255,50.25684836141202,0.0,50.25684836141202,50.25684836141202,3.391422236990675,0.9096386346073496,1.5522291087448736,5.4710134548914136,3.283945518140894,1.5146925117150627,1.088995376185068,8.982218953226456,52.28273375690021,0.6450426190381702,50.94110727605218,53.5192914722978,540.0,0.0,540.0,540.0,0.375,0.0,0.375,0.375,0.3018518518518518,0.0,0.3018518518518518,0.3018518518518518,0.1833333333333333,0.0,0.1833333333333333,0.1833333333333333,69.2,0.0,69.2,69.2,94.9,0.0,94.9,94.9,0.9666666666666668,0.6369063647932279,0,2,78.0,5.04891329136566,68.0,91.0,2.63375,1.189714260310618,1.225,4.9,38.52407600370971,4.777082808317036,29.951099116402705,49.61751462451266,62.78785182260098,2.7808423062652112,56.546729477367286,66.43576468456914,0.0166666666666666,0.1290994448735805,0.0,1.0,0.0166666666666666,0.1290994448735805,0.0,1.0,0.0,0.0,0.0,0.0,0.0,0.0,0.0,0.0,0.0333333333333333,0.1810203347193925,0.0,1.0,62.07333333333334,2.127134355176404,58.6,66.1,user_001,60
2024-01-08 21:00:00,5.316666666666666,2.4940041092939564,0,12,15728.3,95.82492864152356,15572,15887,4.508633333333333,0.2945439431787337,3.886,5.144,54.003402262336,2.3872624997927514,48.98476247937494,59.17825391260029,53.389395153326305,3.841061548381369,46.60689689149227,60.86374512111254,97.65966666666668,0.4046591646657884,96.68,98.62,33.488366666666664,0.1878028146092115,33.1,33.882,0.0,0.0,0,0,47.61701794783988,4.3676890056275495,37.29473779078702,56.733451457445,53.71666666666667,4.639884812519201,42,62,53.486666666666665,8.46306965719879,36.4,73.3,47.41,10.731526499848432,20.1,72.6,97.67166666666668,0.7754914607200484,96.0,99.7,33.48983333333334,0.5174431653607288,32.2,34.71,4.498666666666667,0.663987611347229,2.53,5.96,54.255015133577864,2.0855551952550075,50.64368783204148,58.41695091808803,55.34405770164208,1.6444915179931332,52.48184400316755,57.454451947904225,-0.1433677978346657,1.6986680766697424,-4.191216995205686,2.7811638934722396,50.25684836141202,0.0,50.25684836141202,50.25684836141202,2.962710989835757,0.8224112837639528,1.3156800728098457,4.3751273689406345,2.4126156952635056,0.7283914792486792,1.281628926398655,4.256205925702983,52.688262907310744,1.5600240695007084,49.84723057807716,55.30354555577048,540.0,0.0,540.0,540.0,0.375,0.0,0.375,0.375,0.3018518518518518,0.0,0.3018518518518518,0.3018518518518518,0.1833333333333333,0.0,0.1833333333333333,0.1833333333333333,69.2,0.0,69.2,69.2,94.9,0.0,94.9,94.9,1.0,0.6638357975446149,0,2,80.66666666666667,7.623929025463883,69.0,98.0,2.715416666666667,1.2576131858171824,1.225,4.9,34.765089543464875,5.518449054475344,24.36619769956651,44.292375076932224,64.83744884444525,3.181498547855604,59.81522269354902,69.37503312809949,0.0,0.0,0.0,0.0,0.0,0.0,0.0,0.0,0.0,0.0,0.0,0.0,0.0,0.0,0.0,0.0,0.0,0.0,0.0,0.0,61.53666666666666,1.2330156866868405,59.0,64.7,user_001,60
2024-01-08 22:00:00,0.0,0.0,0,0,15887.0,0.0,15887,15887,4.066566666666667,0.2510798621457743,3.53,4.624,50.60543100166963,2.136242894704311,46.266302366925686,55.847838792812865,53.41247730047644,4.660349007808126,44.5472114872185,64.41914714568813,97.69633333333331,0.2735204678404981,97.0,98.32,33.5777,0.2435482968147329,33.134,34.227999999999994,1.0,0.0,1,1,46.17153292705798,5.4864633619433105,32.06463323061366,57.30132520279012,50.6,4.89274800606443,40,64,53.10333333333333,9.640995916391986,33.1,77.6,46.67833333333333,10.806261393781591,21.0,70.2,97.68166666666666,0.729404602018885,96.3,99.3,33.57283333333333,0.5443705482346641,32.16,35.2,4.059166666666667,0.5436202926665542,2.89,5.47,50.54807426690367,1.3605889936071538,47.52658166184432,54.049116544029275,50.88949062148506,0.871624196034114,49.56543312131484,52.42122933544503,-0.0027155008348182,1.7978434510817618,-3.7550307397087295,5.881772037128314,50.25684836141202,0.0,50.25684836141202,50.25684836141202,3.2738445009101036,0.8915417449318757,1.5121187978256996,5.216749386976304,2.931986499933478,1.2546028319450897,0.8473726117202754,5.800418039361897,53.76548652903034,1.233711383967409,52.179538429989755,56.55632870066871,540.0,0.0,540.0,540.0,0.375,0.0,0.375,0.375,0.3018518518518518,0.0,0.3018518518518518,0.3018518518518518,0.1833333333333333,0.0,0.1833333333333333,0.1833333333333333,69.2,0.0,69.2,69.2,94.9,0.0,94.9,94.9,0.0,0.0,0,0,9.216666666666669,19.495407252858364,0.0,69.0,1.225,0.0,1.225,1.225,30.0199450929317,5.14293204756593,20.518115670682004,41.25497873235956,68.77878814274116,2.268763563444518,64.05122550418227,72.19528319478813,0.0166666666666666,0.1290994448735805,0.0,1.0,0.05,0.2197841776510827,0.0,1.0,0.0,0.0,0.0,0.0,0.0,0.0,0.0,0.0,0.0666666666666666,0.2515488742932317,0.0,1.0,60.35,1.410192918645035,57.8,64.0,user_001,60
2024-01-08 23:00:00,0.0,0.0,0,0,15887.0,0.0,15887,15887,4.150366666666667,0.2445385808295375,3.664,4.692,50.677581844195714,2.205757140373471,45.563411344577695,55.031159457741715,52.29015557313944,3.6468724028377344,46.321091949906474,63.913840435880466,97.432,0.3886037588031532,96.76,98.54,33.49073333333333,0.2572095279007723,33.028,34.182,1.0,0.0,1,1,49.02153266204842,3.912755300962807,40.4699774045937,58.000588979017834,50.65,4.689783342182256,40,66,52.431666666666665,9.908727392106083,32.3,70.4,48.63666666666667,11.64509013678234,25.5,73.7,97.435,0.8136182005530553,95.6,99.1,33.48533333333333,0.5289082669067103,32.38,35.41,4.165666666666667,0.6010002021113247,2.6,5.7,50.740663780732866,1.7687920825730366,46.87399828088245,53.8884962417908,50.54205000870943,0.6404507157066904,49.49098814368665,51.53562509733261,-0.0137909220978573,1.6925309109486335,-2.9225585084332693,6.105047241545492,50.25684836141202,0.0,50.25684836141202,50.25684836141202,3.6429864355692105,0.7841709952254624,1.61916685425464,5.3190017627348904,2.9834535956848063,1.0753500652453685,1.5176782169770286,7.0003090124016385,52.87416280124088,0.8767591143727064,50.845521529669945,54.41477674455978,540.0,0.0,540.0,540.0,0.375,0.0,0.375,0.375,0.3018518518518518,0.0,0.3018518518518518,0.3018518518518518,0.1833333333333333,0.0,0.1833333333333333,0.1833333333333333,69.2,0.0,69.2,69.2,94.9,0.0,94.9,94.9,0.0,0.0,0,0,0.0,0.0,0.0,0.0,1.225,0.0,1.225,1.225,32.121493588635744,4.477759274660193,18.12677863639826,39.69376563937844,67.02089205656162,2.1465481022045227,63.58558393872388,71.03645709339952,0.0,0.0,0.0,0.0,0.0,0.0,0.0,0.0,0.0,0.0,0.0,0.0,0.0,0.0,0.0,0.0,0.0,0.0,0.0,0.0,59.57,1.3628608991780766,56.8,62.2,user_001,60
2024-01-09 00:00:00,0.0,0.0,0,0,15887.0,0.0,15887,15887,3.9867,0.2352501229308564,3.4019999999999997,4.452,49.93202972424232,2.1549527966645616,45.6114864756039,53.543395246143554,57.468021648451625,4.26989007890758,48.534835348848155,65.64296526045571,97.665,0.321682546957322,96.98,98.42,33.50653333333334,0.1385361075941744,33.208000000000006,33.82000000000001,1.0,0.0,1,1,42.36934250761034,6.4275420877446425,31.142974877030156,58.92644046843183,49.88333333333333,4.694358917862749,40,58,57.876666666666665,9.569821326753631,39.3,82.2,42.044999999999995,12.989636351429276,6.4,72.8,97.66833333333334,0.8097900264918365,95.8,99.4,33.49916666666667,0.4016545934374194,32.66,34.47,3.967833333333333,0.5765064030592908,2.6,5.14,49.978853397689115,1.6751710274723162,46.94927459561704,52.566520711614245,50.460499407647944,0.510457624547245,49.736482494477656,51.690416731555075,-0.024348195454493,1.7057651749509248,-4.294919931812558,4.053485837156089,50.25684836141202,0.0,50.25684836141202,50.25684836141202,3.3603063802988644,1.0892781832572114,1.0936012068362575,6.0325988507563935,3.0397744467613728,1.208696915982966,1.1227640541735742,6.185716573781466,55.67663577296657,2.207971032264429,51.40929849751993,58.20237129168309,540.0,0.0,540.0,540.0,0.375,0.0,0.375,0.375,0.2944444444444444,0.0,0.2944444444444444,0.2944444444444444,0.2314814814814814,0.0,0.2314814814814814,0.2314814814814814,74.3,0.0,74.3,74.3,94.9,0.0,94.9,94.9,0.0,0.0,0,0,0.0,0.0,0.0,0.0,1.225,0.0,1.225,1.225,25.329557532331897,3.807309425073632,18.914000815153507,33.916624812584715,72.64999848827514,2.8630997541347156,64.82607074656309,76.50782233850374,0.0,0.0,0.0,0.0,0.0333333333333333,0.1810203347193925,0.0,1.0,0.0,0.0,0.0,0.0,0.0,0.0,0.0,0.0,0.0333333333333333,0.1810203347193925,0.0,1.0,62.57,1.9131392251781516,59.0,66.5,user_001,60
2024-01-09 01:00:00,0.0,0.0,0,0,15887.0,0.0,15887,15887,4.0803666666666665,0.2696648243915478,3.616000000000001,4.6899999999999995,50.6679732703052,2.458728181118818,46.49802543967885,56.04107841148315,53.69717312162075,3.603129052724149,47.47984878322533,63.262754497351104,97.589,0.4090074799365711,96.78,98.38,33.47743333333333,0.1622549120895113,33.194,33.874,1.0,0.0,1,1,46.734399156868335,4.727789314871307,37.46406309235405,55.13595856995391,50.71666666666667,5.59688674558793,41,63,53.21666666666667,10.098970692082831,29.9,77.8,47.123333333333335,11.415412814152369,27.3,75.6,97.585,0.7723670419286587,95.1,99.4,33.48083333333334,0.4676420899510501,32.51,34.72,4.0835,0.6664218265088994,2.71,5.81,50.63865450042999,1.8651177737845137,47.01354209715298,54.85556287352453,50.037530372078805,0.518440403987098,49.56080989005368,51.74473170552988,0.0243466981807282,2.0528701508499556,-4.0931190856002075,5.083520270933263,50.25684836141202,0.0,50.25684836141202,50.25684836141202,3.6248413477097774,1.292177165309755,1.565495293700873,7.543184431624357,2.8506801925541194,0.9971315276461766,1.1408590875796374,5.36417588256947,55.41987108065976,2.210349521859474,52.03874213749012,58.35939861531189,540.0,0.0,540.0,540.0,0.375,0.0,0.375,0.375,0.2944444444444444,0.0,0.2944444444444444,0.2944444444444444,0.2314814814814814,0.0,0.2314814814814814,0.2314814814814814,74.3,0.0,74.3,74.3,94.9,0.0,94.9,94.9,0.0,0.0,0,0,0.0,0.0,0.0,0.0,1.225,0.0,1.225,1.225,29.645102899065872,4.605577241954998,19.808582682395745,39.71769709623312,71.34345726579338,2.8835330717615517,67.4153310325531,76.81014071298023,0.0,0.0,0.0,0.0,0.05,0.2197841776510827,0.0,1.0,0.0,0.0,0.0,0.0,0.0,0.0,0.0,0.0,0.05,0.2197841776510827,0.0,1.0,61.41833333333333,1.7186407386945617,58.5,65.0,user_001,60
2024-01-09 02:00:00,0.0,0.0,0,0,15887.0,0.0,15887,15887,4.0485,0.2815941604267402,3.314,4.5840000000000005,51.37899596905222,2.368433654297953,46.60667014971358,55.86197271214123,54.89781693394668,4.627394864866094,42.83103705982126,62.765835138055934,97.406,0.3215070444967218,96.6,98.1,33.429,0.1571662188225678,33.023999999999994,33.726,1.0,0.0,1,1,44.81578031205202,5.327418045115656,34.136574095032785,59.82068541603013,51.266666666666666,5.632432315200133,40,62,54.865,9.320740950396958,34.3,75.8,44.88,11.720209982500242,23.1,76.7,97.40333333333334,0.7104466646250334,95.8,99.1,33.425,0.4678675026115836,32.47,34.7,4.056333333333333,0.6440548630875065,2.14,5.33,51.46168520170855,1.6967283857509792,48.36115223105314,54.50544562175689,51.661040313652315,0.8587431128467462,50.41705604279481,53.076943536891,-0.0561646511927736,2.0700877586362028,-4.9915526414112605,4.910122940783175,50.25684836141202,0.0,50.25684836141202,50.25684836141202,3.1210430617146057,0.8472617454446834,1.364096045903121,5.067417385053489,2.641775809330924,0.9698701728877728,0.6767524012954189,4.777966050458658,54.230252373954364,2.509056864394982,51.211546503877166,58.11191041133363,540.0,0.0,540.0,540.0,0.375,0.0,0.375,0.375,0.2944444444444444,0.0,0.2944444444444444,0.2944444444444444,0.2314814814814814,0.0,0.2314814814814814,0.2314814814814814,74.3,0.0,74.3,74.3,94.9,0.0,94.9,94.9,0.0,0.0,0,0,0.0,0.0,0.0,0.0,1.225,0.0,1.225,1.225,29.56508543340581,5.786695025140262,20.244643902730047,42.126398917104375,70.33227217531184,3.766687836022006,65.65801545399863,76.09226880907018,0.0166666666666666,0.1290994448735805,0.0,1.0,0.0833333333333333,0.2787178067853021,0.0,1.0,0.0,0.0,0.0,0.0,0.0,0.0,0.0,0.0,0.1,0.3025316904537664,0.0,1.0,61.915,1.8924314017077304,57.1,65.9,user_001,60
2024-01-09 03:00:00,0.0,0.0,0,0,15887.0,0.0,15887,15887,4.320333333333334,0.2361683302773439,3.694,4.68,54.4220632896114,2.004127645605449,49.99465043482078,58.292549610030186,55.73150770084827,4.169430301008141,46.957641109442854,65.45066990563929,97.47833333333332,0.3117863602906304,96.84,98.2,33.5139,0.1735489673486879,33.2,33.95,1.0,0.0,1,1,43.953711050166966,5.127255849347425,29.743208761014312,53.13786314013004,54.7,5.218285970946426,40,66,56.04666666666667,9.5949574798197,27.2,80.3,43.663333333333334,11.437730702189976,23.4,70.1,97.48833333333332,0.7269839404811589,96.2,99.0,33.517,0.4763466192752054,32.64,34.67,4.312666666666667,0.6869358805265613,2.48,5.56,54.15985859301673,1.6438546844814166,49.22469196391371,57.39192090794165,53.65239495378782,1.1623945646815512,50.67568153064028,55.00624583971624,0.1389683551943006,2.0195927693325832,-5.243981739173385,4.239916148508293,50.25684836141202,0.0,50.25684836141202,50.25684836141202,3.341547938971261,1.313192745977711,0.9398759247945137,6.816718088921053,2.689887073378842,1.2413104569368008,0.7739806237284235,6.376353905487217,55.69303842275745,1.3869814975909964,53.52333565333621,57.59725214976539,540.0,0.0,540.0,540.0,0.375,0.0,0.375,0.375,0.2944444444444444,0.0,0.2944444444444444,0.2944444444444444,0.2314814814814814,0.0,0.2314814814814814,0.2314814814814814,74.3,0.0,74.3,74.3,94.9,0.0,94.9,94.9,0.0,0.0,0,0,0.0,0.0,0.0,0.0,1.225,0.0,1.225,1.225,31.9393322756034,4.372890141608082,19.589767224600088,38.59909356920317,69.43663938049596,2.229531648941091,66.02919194171645,74.18281687550136,0.0,0.0,0.0,0.0,0.0,0.0,0.0,0.0,0.0,0.0,0.0,0.0,0.0,0.0,0.0,0.0,0.0,0.0,0.0,0.0,63.56333333333334,1.6266807908991368,60.4,67.4,user_001,60
2024-01-09 04:00:00,0.0,0.0,0,0,15887.0,0.0,15887,15887,4.4962333333333335,0.2315068082365763,4.029999999999999,5.012,56.611922473645606,2.209348813999771,52.08094812361649,61.15845373113149,52.09774772014726,3.71646169935634,43.08084013392726,61.66985193423701,97.55066666666669,0.4155693120375235,96.68,98.42,33.5462,0.1557663178055897,33.24400000000001,33.856,1.0,0.0,1,1,48.65769615499291,5.404205022718661,39.479059932216835,64.50426147870218,56.71666666666667,4.916563725820759,47,66,52.083333333333336,10.579211573369932,21.6,71.8,48.815000000000005,15.043967482918813,18.9,85.5,97.55666666666666,0.8351122256191248,95.4,99.0,33.54216666666667,0.4449265476102329,31.96,34.38,4.492333333333334,0.5867386640464438,3.1,5.82,56.51415385757364,1.5718429107550178,53.47752686622298,59.986947810572886,55.83267376689236,0.8678810510207626,54.35926064506852,57.39661985333223,0.0523720965105263,1.7803809470275134,-3.619836006926605,3.848547779641329,50.25684836141202,0.0,50.25684836141202,50.25684836141202,3.777909037349934,1.3561625579368968,1.115102390840324,6.4155700971678575,3.117763879065827,1.3491760115293467,0.8543026365800466,6.200750802356569,52.60835998035608,0.9086612623791904,51.39699235726995,54.571123268534805,540.0,0.0,540.0,540.0,0.375,0.0,0.375,0.375,0.2944444444444444,0.0,0.2944444444444444,0.2944444444444444,0.2314814814814814,0.0,0.2314814814814814,0.2314814814814814,74.3,0.0,74.3,74.3,94.9,0.0,94.9,94.9,0.0,0.0,0,0,0.0,0.0,0.0,0.0,1.225,0.0,1.225,1.225,38.69006470226894,3.624899905867838,29.909328454298834,46.010883385523435,64.83595589206669,1.181136153958656,62.83817993363607,68.5028012553913,0.0,0.0,0.0,0.0,0.0333333333333333,0.1810203347193925,0.0,1.0,0.0,0.0,0.0,0.0,0.0,0.0,0.0,0.0,0.0333333333333333,0.1810203347193925,0.0,1.0,63.06333333333334,1.3473095182077155,59.7,66.0,user_001,60
2024-01-09 05:00:00,0.0,0.0,0,0,15887.0,0.0,15887,15887,4.838866666666666,0.3004842118679798,4.298,5.398000000000001,60.15433174367876,1.9255561262978036,56.023969605525146,63.970284650020155,51.65925795179864,4.765134727060306,40.80203722725725,62.7340569557667,97.46733333333331,0.3030011840143949,96.72,98.06,33.6371,0.1897611076224578,33.148,33.994,1.0,0.0,1,1,49.9082162227368,5.638841120499506,40.03396067520594,62.930531211039714,60.13333333333333,4.865884930636162,49,70,51.45333333333333,10.906932434981108,26.2,79.2,50.07333333333334,12.544076415079138,13.2,75.2,97.45833333333331,0.818906187931663,96.1,100.0,33.642,0.5243649912682928,32.46,34.59,4.849166666666666,0.5794921554189413,3.1,5.99,60.17079997395274,1.1357200510971714,58.23814283936814,62.267574365678115,59.569178316977926,1.0088079198087794,57.337963656954585,60.5310053943314,-0.0104992051727151,1.8223054371196172,-3.994757226682033,3.347470099289964,50.25684836141202,0.0,50.25684836141202,50.25684836141202,3.667267134224107,1.55289365085973,0.8445032845754352,6.541122391521283,3.0587873701400814,1.572325820000819,0.3879019591004082,7.450288545092103,51.62575959381783,1.2181152262121189,49.47128087531204,53.37989026725515,540.0,0.0,540.0,540.0,0.375,0.0,0.375,0.375,0.2944444444444444,0.0,0.2944444444444444,0.2944444444444444,0.2314814814814814,0.0,0.2314814814814814,0.2314814814814814,74.3,0.0,74.3,74.3,94.9,0.0,94.9,94.9,0.0,0.0,0,0,0.0,0.0,0.0,0.0,1.225,0.0,1.225,1.225,43.15153372827958,5.04648191737267,35.154248462477256,54.5323875537952,61.582478065247976,2.1645968496513968,58.21092735518161,65.20794170401828,0.0,0.0,0.0,0.0,0.0333333333333333,0.1810203347193925,0.0,1.0,0.0,0.0,0.0,0.0,0.0,0.0,0.0,0.0,0.0333333333333333,0.1810203347193925,0.0,1.0,64.24333333333333,1.7238473591110464,61.4,67.8,user_001,60
2024-01-09 06:00:00,0.0,0.0,0,0,15887.0,0.0,15887,15887,5.177933333333333,0.294122992068415,4.484,5.7780000000000005,64.1014248896736,1.9441706439937376,59.68772155150109,68.28502051171064,53.3124781281559,4.781337599683878,45.40489173229431,63.21987192097158,97.31266666666669,0.2960752690985047,96.6,97.96,33.513,0.2482400423865345,32.692,33.934,1.0,0.0,1,1,44.44933983233947,5.089230506372446,29.907416027244327,53.72904231298844,64.36666666666666,4.797480506374106,53,77,53.48166666666667,10.95651639036922,36.2,85.5,44.13666666666666,13.09130862755595,6.4,65.5,97.31833333333334,0.7700961125722365,95.7,99.2,33.527,0.5155227723520643,32.26,34.66,5.176833333333334,0.6293620435972476,3.77,6.49,63.88625814651411,1.5470034292926989,59.261776806384866,66.1436616216539,62.77792809258221,1.332460352650265,60.12407411081152,64.8316017220844,0.1326208884965344,1.8216173500595485,-3.8312903079177687,5.379596807185031,50.25684836141202,0.0,50.25684836141202,50.25684836141202,3.737861078543917,1.0873629203431507,2.101101249416085,6.5271776702366475,3.2640398039343768,1.145195427347812,0.6619340307952007,6.108879325295687,52.541309027415615,0.88073179376961,50.94696605125576,54.835493521783306,540.0,0.0,540.0,540.0,0.375,0.0,0.375,0.375,0.2944444444444444,0.0,0.2944444444444444,0.2944444444444444,0.2314814814814814,0.0,0.2314814814814814,0.2314814814814814,74.3,0.0,74.3,74.3,94.9,0.0,94.9,94.9,0.0,0.0,0,0,0.0,0.0,0.0,0.0,1.225,0.0,1.225,1.225,45.67545165695109,4.452489607467235,36.513035612901064,52.189739145592384,60.6088122028684,1.7629303994294412,57.06937382973328,64.28917463932186,0.0,0.0,0.0,0.0,0.0,0.0,0.0,0.0,0.0,0.0,0.0,0.0,0.0,0.0,0.0,0.0,0.0,0.0,0.0,0.0,65.85333333333334,1.5284274256503745,63.0,68.9,user_001,60
2024-01-09 07:00:00,4.916666666666667,1.730010940169843,2,8,16036.016666666666,81.71062866089454,15894,16182,5.551,0.3378130061419248,4.85,6.24,67.42553088933386,2.8667942688844312,60.899251302561794,74.88506820635929,49.43642326073041,4.506611887741469,38.76291165265265,64.44216529820959,97.52633333333333,0.465188012534341,96.66,98.54,33.507799999999996,0.2617851881710765,32.916,33.888,0.0,0.0,0,0,50.44138861980636,5.801359220122023,32.06719215888764,63.93988724150105,67.43333333333334,5.964205849266889,53,81,49.141666666666666,11.64030536710906,14.9,82.5,50.73833333333334,14.308182933903822,13.8,93.5,97.52,0.9216418658099016,95.5,100.0,33.507333333333335,0.5427702534430194,32.26,34.76,5.548500000000001,0.6313607177614106,3.9,6.86,67.34817105395138,2.1813057388482244,63.048566804669655,71.94791159618177,66.76370619378872,0.5706236515072038,64.99884559250071,67.53763547203397,0.00390122199974,2.1354873603428115,-5.027605416604956,4.670218497407177,50.25684836141202,0.0,50.25684836141202,50.25684836141202,4.265937243213239,1.368122278072175,2.0064245079658263,7.880612583434341,3.452640436784796,1.500215470936798,1.4266338733542,7.729094394713261,51.34624394265883,2.1886577783106325,48.78817524201847,55.41854129040493,540.0,0.0,540.0,540.0,0.375,0.0,0.375,0.375,0.2944444444444444,0.0,0.2944444444444444,0.2944444444444444,0.2314814814814814,0.0,0.2314814814814814,0.2314814814814814,74.3,0.0,74.3,74.3,94.9,0.0,94.9,94.9,0.85,0.4809947319913076,0,2,63.3,17.200019708305614,7.0,86.0,2.3275,0.7714681688788076,1.225,4.9,53.50611803058635,5.210412481047129,40.32271024938661,64.83582556450705,56.0862954370262,2.8284642489608456,51.30734305328328,63.846399235597694,0.05,0.2197841776510827,0.0,1.0,0.05,0.2197841776510827,0.0,1.0,0.0,0.0,0.0,0.0,0.0,0.0,0.0,0.0,0.1,0.3991516427353206,0.0,2.0,63.35333333333333,2.423925004899807,55.6,68.2,user_001,60
