timestamp,user_id,steps_per_min,cumulative_steps,activity_level,calories_burned,heart_rate_bpm,hrv_ms,spo2_pct,skin_temp_c,sleep_stage,is_sleep_period,stress_score,heart_rate_bpm_raw,hrv_ms_raw,stress_score_raw,spo2_pct_raw,skin_temp_c_raw,calories_burned_raw
2024-01-01 00:00:00,user_001,0,0,sedentary,4.57,52.0,55.4,97.63333333333333,33.43666666666667,light,1,35.8,52,55.4,35.8,98.3,33.81,4.99
2024-01-01 00:01:00,user_001,0,0,sedentary,4.5125,50.2,54.98,97.475,33.557500000000005,deep,1,39.52,49,54.7,42.0,96.6,33.39,4.39
2024-01-01 00:02:00,user_001,0,0,sedentary,4.474,51.526315789473685,59.06315789473684,97.42,33.46,REM,1,36.62105263157894,53,63.6,33.4,98.0,33.11,4.33
2024-01-01 00:03:00,user_001,0,0,sedentary,4.16,53.8,62.85846153846154,97.26,33.294,light,1,34.3276923076923,57,68.2,31.1,97.0,33.92,4.34
2024-01-01 00:04:00,user_001,0,0,sedentary,4.138,51.57345971563981,62.72085308056872,97.42,33.294,light,1,37.695260663507106,48,62.5,43.1,97.2,33.07,4.32
2024-01-01 00:05:00,user_001,0,0,sedentary,4.032,50.26766917293233,63.80947368421053,97.06,33.346,REM,1,35.61413533834587,48,65.7,32.0,97.5,32.98,3.42
2024-01-01 00:06:00,user_001,0,0,sedentary,3.968,52.65128703254007,59.16799417192813,97.38,33.15,light,1,39.18508984944148,57,50.7,45.7,97.4,33.39,4.28
2024-01-01 00:07:00,user_001,0,0,sedentary,3.834,52.77224425059477,57.86099920697859,97.62,33.373999999999995,deep,1,46.127613005551154,53,55.4,59.2,96.2,33.37,3.8
2024-01-01 00:08:00,user_001,0,0,sedentary,3.88,50.79677638099213,62.28918679255125,97.6,33.518,awake,1,37.66494183923635,47,70.8,21.4,98.6,32.94,4.02
2024-01-01 00:09:00,user_001,0,0,sedentary,3.676,51.20492890995261,61.410893580353296,97.76,33.464,deep,1,40.153109866436886,52,59.7,45.0,98.4,34.19,3.65
2024-01-01 00:10:00,user_001,0,0,sedentary,3.8199999999999994,49.78689198681889,58.74308648250418,97.96,33.498000000000005,light,1,42.25976162056894,47,53.5,46.4,97.4,33.7,3.65
2024-01-01 00:11:00,user_001,0,0,sedentary,3.595999999999999,48.850712531644376,57.888806758383986,97.58,33.62,deep,1,44.25522077577298,47,56.2,48.2,98.2,33.12,3.26
2024-01-01 00:12:00,user_001,0,0,sedentary,3.444,49.57084187876033,60.30495255436026,97.4,33.624,light,1,42.22638924527672,51,65.1,38.2,97.2,33.54,4.52
2024-01-01 00:13:00,user_001,0,0,sedentary,3.3979999999999997,46.36959542313837,63.313607813560445,97.24,33.513999999999996,REM,1,38.5048447263607,40,69.3,31.1,96.7,33.55,2.9
2024-01-01 00:14:00,user_001,0,0,sedentary,3.26,44.57563348609566,58.63171336210134,97.2,33.64,light,1,43.347622400145745,41,49.3,53.0,97.5,34.21,2.89
2024-01-01 00:15:00,user_001,0,0,sedentary,3.126,45.38498784991619,58.92158355103519,97.14,33.638,deep,1,42.630656730380984,47,59.5,41.2,96.6,33.15,3.42
2024-01-01 00:16:00,user_001,0,0,sedentary,3.1919999999999997,44.92285618848365,58.18030333149159,97.04,33.53,awake,1,41.98645064400927,44,56.7,40.7,98.0,33.75,2.57
2024-01-01 00:17:00,user_001,0,0,sedentary,3.3300000000000005,46.94994239889108,56.78592539649378,96.46,33.260000000000005,deep,1,46.19381396415464,51,54.0,54.6,96.9,33.53,3.85
2024-01-01 00:18:00,user_001,0,0,sedentary,3.624,46.299668265157585,61.125908000057215,96.62,33.286,REM,1,40.62669802246211,45,69.8,29.5,96.2,33.01,3.23
2024-01-01 00:19:00,user_001,0,0,sedentary,3.74,44.866014369290305,59.08332440327718,96.58,33.239999999999995,light,1,37.95032715355015,42,55.0,32.6,94.6,32.86,3.58
2024-01-01 00:20:00,user_001,0,0,sedentary,3.678,48.91148730596326,55.088081946244955,96.92,33.17,deep,1,38.900408580176205,57,47.1,40.8,97.4,33.28,4.89
2024-01-01 00:21:00,user_001,0,0,sedentary,3.782,48.60761758960548,52.55838318508855,96.9,33.134,light,1,44.06762968966381,48,47.5,54.4,97.8,33.52,3.15
2024-01-01 00:22:00,user_001,0,0,sedentary,3.716,49.071786419402216,52.80561081922499,97.64,33.215999999999994,awake,1,43.545039894522915,50,53.3,42.5,98.6,33.18,3.54
2024-01-01 00:23:00,user_001,0,0,sedentary,3.592,46.71438424238719,51.87035165543692,97.58,33.396,light,1,42.996660687539915,42,50.0,41.9,96.1,32.83,3.75
2024-01-01 00:24:00,user_001,0,0,sedentary,3.5879999999999996,46.80959326540471,50.34684076935143,97.52,33.346000000000004,deep,1,45.53120749847395,47,47.3,50.6,98.3,33.27,3.25
2024-01-01 00:25:00,user_001,0,0,sedentary,3.774,47.87309025476577,48.93118980437377,97.3,33.534000000000006,awake,1,46.054152138796375,50,46.1,47.1,97.1,34.18,4.27
2024-01-01 00:26:00,user_001,0,0,sedentary,3.726,46.582037446093345,48.7874573397552,97.58,33.608000000000004,REM,1,51.769535355347784,44,48.5,63.2,97.5,33.27,3.13
2024-01-01 00:27:00,user_001,0,0,sedentary,3.858,48.05470891100265,48.22496495957154,97.1,33.52,awake,1,47.64630852177052,51,47.1,39.4,97.5,34.12,4.47
2024-01-01 00:28:00,user_001,0,0,sedentary,3.724,47.36980058287538,52.216674532098274,97.3,33.519999999999996,light,1,44.664182353073215,46,60.2,38.7,97.5,33.2,3.51
2024-01-01 00:29:00,user_001,0,0,sedentary,4.022,47.57986815077259,46.81108816408547,97.44,33.641999999999996,light,1,52.64282984478719,48,36.0,68.6,95.9,32.83,3.91
2024-01-01 00:30:00,user_001,0,0,sedentary,3.948,47.053243602917014,47.607394877933785,97.6,33.444,light,1,55.79523085657207,46,49.2,62.1,98.1,34.18,3.6
2024-01-01 00:31:00,user_001,0,0,sedentary,4.066000000000001,51.03550496544313,48.83826610489383,97.68,33.489999999999995,deep,1,52.163478819967125,59,51.3,44.9,98.2,33.88,4.62
2024-01-01 00:32:00,user_001,0,0,sedentary,4.102,50.35700226186398,54.82551998818051,97.96,33.58800000000001,awake,1,43.24230542819521,49,66.8,25.4,98.3,33.13,4.1
2024-01-01 00:33:00,user_001,0,0,sedentary,4.2299999999999995,48.237999325034906,54.650346478333375,97.6,33.508,awake,1,44.69487178181342,44,54.3,47.6,97.9,33.43,4.1
2024-01-01 00:34:00,user_001,0,0,sedentary,4.004,50.1586675357309,53.866897114179395,97.54,33.60600000000001,light,1,44.596581120373365,54,52.3,44.4,97.3,33.32,4.09
2024-01-01 00:35:00,user_001,0,0,sedentary,3.814,47.77244393130962,54.64459843218314,97.38,33.54,light,1,43.73105368397497,43,56.2,42.0,96.3,33.78,4.24
2024-01-01 00:36:00,user_001,0,0,sedentary,3.708,48.84829628258595,48.59639710871243,97.3,33.646,deep,1,48.82070400948368,51,36.5,59.0,97.9,34.37,3.49
2024-01-01 00:37:00,user_001,0,0,sedentary,3.798000000000001,45.898863588225666,53.930932491305605,97.42,33.658,light,1,46.04713544194318,40,64.6,40.5,97.5,32.8,3.15
2024-01-01 00:38:00,user_001,0,0,sedentary,3.75,44.93257559440045,57.053955417862376,97.66,33.658,REM,1,40.664756231140245,43,63.3,29.9,97.5,33.96,3.57
2024-01-01 00:39:00,user_001,0,0,sedentary,4.004,46.62171721569576,59.06930379417177,97.5,33.414,light,1,40.343170791676705,50,63.1,39.7,97.9,33.38,4.54
2024-01-01 00:40:00,user_001,0,0,sedentary,4.292,48.747811605316606,65.77953626735331,97.32,33.646,REM,1,37.995447052902605,53,79.2,33.3,97.5,33.78,4.0
2024-01-01 00:41:00,user_001,0,0,sedentary,4.328,49.16520775365479,57.853023859632984,97.32,33.614,REM,1,44.79696497531899,50,42.0,58.4,97.1,33.15,4.76
2024-01-01 00:42:00,user_001,0,0,sedentary,3.986,49.11013850096087,52.0353490838628,97.48,33.608,light,1,50.39797680029942,49,40.4,61.6,96.6,33.96,4.59
2024-01-01 00:43:00,user_001,0,0,sedentary,4.1259999999999994,48.74009232736333,55.590232786080506,97.3,33.656,light,1,47.36531781269012,48,62.7,41.3,97.5,33.8,3.75
2024-01-01 00:44:00,user_001,0,0,sedentary,3.858,46.49339485815185,55.06015518440738,97.54,33.868,REM,1,43.443545161753754,42,54.0,35.6,98.7,33.35,2.83
2024-01-01 00:45:00,user_001,0,0,sedentary,3.652,46.32892990412878,52.14010343308736,97.84,33.833999999999996,awake,1,41.89569676221311,46,46.3,38.8,96.6,34.02,4.7
2024-01-01 00:46:00,user_001,0,0,sedentary,3.915999999999999,46.552619937269874,52.46006895708519,97.56,33.726,light,1,45.49713119387153,47,53.1,52.7,98.3,34.21,3.42
2024-01-01 00:47:00,user_001,0,0,sedentary,3.94,49.36841330144945,50.74004596532061,97.42,33.868,deep,1,47.36475413583804,55,47.3,51.1,98.1,33.79,3.56
2024-01-01 00:48:00,user_001,0,0,sedentary,3.78,49.91227553557907,57.79336399347329,97.6,33.965999999999994,light,1,46.07650275419476,51,71.9,43.5,96.1,33.26,5.07
2024-01-01 00:49:00,user_001,0,0,sedentary,3.838,46.94151701906025,65.2955760074148,97.42,33.964,deep,1,36.7510018215044,41,80.3,18.1,98.0,34.06,2.95
2024-01-01 00:50:00,user_001,0,0,sedentary,3.798000000000001,48.29434468078795,56.29705066220144,97.62,33.962,REM,1,42.50066788701451,51,38.3,54.0,97.5,34.51,3.9
2024-01-01 00:51:00,user_001,0,0,sedentary,3.64,48.19622978712358,51.13136710453362,98.06,33.99400000000001,deep,1,53.100445265398086,48,40.8,74.3,97.4,34.2,3.71
2024-01-01 00:52:00,user_001,0,0,sedentary,3.856,47.46415319107553,50.287578069296984,97.82,33.946000000000005,light,1,55.46696351136509,46,48.6,60.2,99.1,33.78,3.36
2024-01-01 00:53:00,user_001,0,0,sedentary,3.984,49.30943546128867,49.25838537921249,97.92,33.652,deep,1,51.311309006289335,53,47.2,43.0,98.3,33.42,4.28
2024-01-01 00:54:00,user_001,0,0,sedentary,3.882,51.20629030791754,48.07225691923003,97.8,33.62,light,1,54.34087267148525,55,45.7,60.4,96.8,33.82,4.03
2024-01-01 00:55:00,user_001,0,0,sedentary,3.936,52.137526872073245,49.34817127966236,97.34,33.622,deep,1,48.72724844688392,54,51.9,37.5,98.0,33.04,4.54
2024-01-01 00:56:00,user_001,0,0,sedentary,3.874,49.75835124783044,50.232114186522715,97.2,33.684,REM,1,43.251498964086665,45,52.0,32.3,96.8,34.04,3.2
2024-01-01 00:57:00,user_001,0,0,sedentary,3.734,49.17223416518443,47.52140945751594,97.52,33.68599999999999,awake,1,51.00099930986533,48,42.1,66.5,96.8,33.79,3.63
2024-01-01 00:58:00,user_001,0,0,sedentary,3.61,49.781489443481135,46.480939638301514,97.18,33.82,light,1,51.23399953991972,51,44.4,51.7,97.6,33.73,3.97
2024-01-01 00:59:00,user_001,0,0,sedentary,3.752,51.187659629025674,54.08729309240788,97.24,33.686,light,1,46.95599969316347,54,69.3,38.4,98.4,33.83,3.33
2024-01-01 01:00:00,user_001,0,0,sedentary,3.766000000000001,50.12510641933118,53.39152872825931,97.56,33.742,REM,1,51.87066646219809,48,52.0,61.7,96.3,33.71,3.92
2024-01-01 01:01:00,user_001,0,0,sedentary,3.748,49.75007094621626,52.66101915216405,97.38,33.272,light,1,53.68044430815393,49,51.2,57.3,97.1,33.37,3.91
2024-01-01 01:02:00,user_001,0,0,sedentary,4.044,47.83338063079539,48.97401276807965,97.2,33.088,REM,1,51.08696287208172,44,41.6,45.9,98.4,34.07,3.7
2024-01-01 01:03:00,user_001,0,0,sedentary,4.142,46.55558708719007,50.049341845392206,97.4,32.92,light,1,48.95797524804304,44,52.2,44.7,96.7,31.38,3.88
2024-01-01 01:04:00,user_001,0,0,sedentary,4.132,49.0370580581356,54.499561230277415,97.68,33.077999999999996,REM,1,47.005316832021705,54,63.4,43.1,97.5,32.91,4.81
2024-01-01 01:05:00,user_001,0,0,sedentary,4.314,51.69137203876341,55.966374153521784,97.56,32.983999999999995,light,1,45.470211221344144,57,58.9,42.4,97.3,32.87,4.41
2024-01-01 01:06:00,user_001,0,0,sedentary,4.586,51.127581359174705,58.34424943568497,97.68,33.494,deep,1,43.980140814227056,50,63.1,41.0,98.5,34.16,3.86
2024-01-01 01:07:00,user_001,0,0,sedentary,4.442,52.41838757278451,52.72949962378403,97.54,33.724000000000004,deep,1,46.12009387615364,55,41.5,50.4,97.8,33.6,4.61
2024-01-01 01:08:00,user_001,0,0,sedentary,4.260000000000001,52.278925048522915,49.21966641585353,97.92,33.846,REM,1,47.01339591743639,52,42.2,48.8,97.3,33.93,5.24
2024-01-01 01:09:00,user_001,0,0,sedentary,4.306,50.51928336568111,55.213110943905185,97.7,33.774,light,1,41.57559727828836,47,67.2,30.7,96.8,34.06,4.09
2024-01-01 01:10:00,user_001,0,0,sedentary,4.072,51.0128555771209,57.708740629270906,97.6,33.766,deep,1,34.68373151885674,52,62.7,20.9,99.2,33.48,3.5
2024-01-01 01:11:00,user_001,0,0,sedentary,3.737999999999999,53.341903718081085,55.139160419513395,97.72,33.624,light,1,35.72248767923804,58,50.0,37.8,97.4,33.8,4.09
2024-01-01 01:12:00,user_001,0,0,sedentary,3.59,52.2279358120539,57.92610694634265,97.98,33.674,awake,1,36.31499178615878,50,63.5,37.5,97.3,33.56,3.44
2024-01-01 01:13:00,user_001,0,0,sedentary,4.046,54.15195720803611,52.15073796422789,97.42,33.636,deep,1,45.243327857440015,58,40.6,63.1,97.9,33.22,3.57
2024-01-01 01:14:00,user_001,0,0,sedentary,3.928,49.43463813869045,49.96715864281846,97.4,33.612,light,1,46.99555190496012,40,45.6,50.5,98.1,34.31,3.35
2024-01-01 01:15:00,user_001,0,0,sedentary,3.97,50.9564254257937,45.84477242854547,97.26,33.738,light,1,47.96370126997345,54,37.6,49.9,96.4,33.29,5.78
2024-01-01 01:16:00,user_001,0,0,sedentary,3.9540000000000006,50.63761695052912,50.09651495236376,97.08,33.85600000000001,deep,1,50.3424675133157,50,58.6,55.1,97.3,33.68,3.5
2024-01-01 01:17:00,user_001,0,0,sedentary,3.992,50.09174463368608,52.56434330157589,97.16,33.82000000000001,deep,1,45.4283116755437,49,57.5,35.6,96.6,34.19,3.65
2024-01-01 01:18:00,user_001,0,0,sedentary,3.708,50.06116308912405,51.642895534383925,97.56,33.964,REM,1,50.2855411170292,50,49.8,60.0,97.0,33.81,3.49
2024-01-01 01:19:00,user_001,0,0,sedentary,3.796,46.70744205941601,51.16193035625595,97.7,34.004,REM,1,52.457027411352826,40,50.2,56.8,98.5,34.13,3.54
2024-01-01 01:20:00,user_001,0,0,sedentary,4.106,47.47162803961068,60.57462023750403,97.66,34.038,awake,1,40.70468494090183,49,79.4,17.2,98.4,34.01,4.36
2024-01-01 01:21:00,user_001,0,0,sedentary,4.258000000000001,48.98108535974046,57.64974682500268,97.78,34.028,awake,1,43.569789960601234,52,51.8,49.3,98.0,33.88,3.94
2024-01-01 01:22:00,user_001,0,0,sedentary,4.244,51.65405690649365,60.69983121666847,97.48,33.914,light,1,38.11319330706748,57,66.8,27.2,96.4,34.36,5.2
2024-01-01 01:23:00,user_001,0,0,sedentary,4.182,50.1027046043291,58.59988747777898,97.46,33.798,light,1,37.475462204711654,47,54.4,36.2,97.6,33.76,4.25
2024-01-01 01:24:00,user_001,0,0,sedentary,4.18,48.73513640288606,56.13325831851932,97.26,33.720000000000006,light,1,42.25030813647444,46,51.2,51.8,97.0,33.56,3.47
2024-01-01 01:25:00,user_001,0,0,sedentary,4.029999999999999,48.49009093525738,60.68883887901288,97.34,33.589999999999996,light,1,36.26687209098296,48,69.8,24.3,98.3,33.43,4.05
2024-01-01 01:26:00,user_001,0,0,sedentary,3.942,50.66006062350492,60.92589258600859,97.38,33.501999999999995,REM,1,33.544581393988636,55,61.4,28.1,97.0,33.49,3.93
2024-01-01 01:27:00,user_001,0,0,sedentary,3.890000000000001,51.10670708233661,58.6839283906724,97.68,33.562,awake,1,38.06305426265909,52,54.2,47.1,96.8,33.71,4.45
2024-01-01 01:28:00,user_001,0,0,sedentary,3.854,49.737804721557744,61.522618927114934,97.7,33.506,deep,1,39.64203617510606,47,67.2,42.8,97.8,33.32,3.81
2024-01-01 01:29:00,user_001,0,0,sedentary,3.884,50.82520314770517,67.44841261807663,98.0,33.462,light,1,33.694690783404035,53,79.3,21.8,98.5,33.86,3.21
2024-01-01 01:30:00,user_001,0,0,sedentary,3.654,50.55013543180345,60.865608412051095,98.34,33.49,light,1,36.16312718893602,50,47.7,41.1,98.4,33.15,3.87
2024-01-01 01:31:00,user_001,0,0,sedentary,3.5700000000000003,52.0334236212023,59.97707227470073,98.54,33.525999999999996,deep,1,40.90875145929068,55,58.2,50.4,98.5,33.27,4.08
2024-01-01 01:32:00,user_001,0,0,sedentary,3.844,50.3556157474682,57.25138151646715,98.36,33.446000000000005,deep,1,45.93916763952711,47,51.8,56.0,98.5,33.85,3.3
2024-01-01 01:33:00,user_001,0,0,sedentary,3.672,49.57041049831213,53.600921010978105,98.1,33.476,deep,1,44.1927784263514,48,46.3,40.7,98.8,33.5,3.39
2024-01-01 01:34:00,user_001,0,0,sedentary,3.633999999999999,49.04694033220809,51.06728067398541,97.76,33.542,light,1,49.2951856175676,48,46.0,59.5,97.6,33.46,4.58
2024-01-01 01:35:00,user_001,0,0,sedentary,3.876,47.031293554805394,58.37818711599027,97.76,33.474000000000004,light,1,43.0634570783784,43,73.0,30.6,97.1,33.3,3.01
2024-01-01 01:36:00,user_001,0,0,sedentary,4.006,48.354195703203594,51.08545807732685,97.48,33.452,light,1,49.77563805225227,51,36.5,63.2,96.8,33.6,3.89
2024-01-01 01:37:00,user_001,0,0,sedentary,3.802000000000001,49.2361304688024,53.99030538488457,97.32,33.506,light,1,47.75042536816818,51,59.8,43.7,98.5,33.51,4.51
2024-01-01 01:38:00,user_001,0,0,sedentary,3.88,49.49075364586827,51.56020358992305,97.48,33.65,deep,1,48.83361691211212,50,46.7,51.0,97.4,33.39,4.04
2024-01-01 01:39:00,user_001,0,0,sedentary,3.818,49.32716909724551,58.70680239328203,97.38,33.554,deep,1,39.25574460807474,49,73.0,20.1,96.8,33.73,3.56
2024-01-01 01:40:00,user_001,0,0,sedentary,3.696,47.218112731497,57.271201595521354,97.0,33.69799999999999,REM,1,41.63716307204982,43,54.4,46.4,97.9,34.02,3.4
2024-01-01 01:41:00,user_001,0,0,sedentary,3.706,47.478741820998,55.51413439701423,97.06,33.769999999999996,deep,1,43.55810871469988,48,52.0,47.4,96.3,33.12,3.58
2024-01-01 01:42:00,user_001,0,0,sedentary,3.904,47.652494547332005,60.77608959800949,97.34,33.730000000000004,deep,1,38.305405809799915,48,71.3,27.8,96.6,34.23,3.9
2024-01-01 01:43:00,user_001,0,0,sedentary,3.986,47.101663031554665,62.184059732006325,97.2,33.612,deep,1,38.17027053986661,46,65.0,37.9,97.7,33.75,4.09
2024-01-01 01:44:00,user_001,0,0,sedentary,4.26,47.73444202103644,61.722706488004214,97.4,33.756,deep,1,36.080180359911076,49,60.8,31.9,98.2,33.53,4.55
2024-01-01 01:45:00,user_001,0,0,sedentary,4.234,49.15629468069096,61.981804325336135,97.7,33.57,awake,1,31.520120239940713,52,62.5,22.4,97.2,33.43,3.81
2024-01-01 01:46:00,user_001,0,0,sedentary,4.15,52.43752978712731,55.154536216890754,97.8,33.484,deep,1,39.54674682662714,59,41.5,55.6,97.3,33.84,4.95
2024-01-01 01:47:00,user_001,0,0,sedentary,3.924,51.95835319141821,57.469690811260506,97.32,33.436,light,1,40.59783121775143,51,62.1,42.7,98.1,33.3,3.77
2024-01-01 01:48:00,user_001,0,0,sedentary,3.668,51.63890212761214,55.879793874173664,97.62,33.47,REM,1,46.76522081183429,51,52.7,59.1,98.2,33.32,3.67
2024-01-01 01:49:00,user_001,0,0,sedentary,3.5159999999999996,51.092601418408094,56.78652924944911,97.6,33.4,awake,1,45.110147207889526,50,58.6,41.8,95.8,33.29,3.42
2024-01-01 01:50:00,user_001,0,0,sedentary,3.642,47.395067612272065,58.79101949963274,97.36,33.436,deep,1,44.97343147192635,40,62.8,44.7,98.7,33.6,2.53
2024-01-01 01:51:00,user_001,0,0,sedentary,3.836,48.26337840818138,53.82734633308849,97.14,33.334,deep,1,45.14895431461756,50,43.9,45.5,97.2,33.49,4.19
2024-01-01 01:52:00,user_001,0,0,sedentary,3.938,48.84225227212092,56.184897555392325,97.26,33.386,deep,1,44.8993028764117,50,60.9,44.4,96.9,33.48,4.4
2024-01-01 01:53:00,user_001,0,0,sedentary,4.101999999999999,53.22816818141395,53.95659837026155,97.42,33.536,REM,1,46.766201917607795,62,49.5,50.5,97.1,32.81,4.64
2024-01-01 01:54:00,user_001,0,0,sedentary,3.952,51.81877878760931,50.271065580174366,97.28,33.522,deep,1,51.24413461173853,49,42.9,60.2,96.4,33.55,3.93
2024-01-01 01:55:00,user_001,0,0,sedentary,3.704,51.87918585840621,51.14737705344958,97.16,33.684000000000005,deep,1,49.16275640782569,52,52.9,45.0,99.5,34.35,3.35
2024-01-01 01:56:00,user_001,0,0,sedentary,3.626,51.2527905722708,52.498251368966386,97.2,33.696,REM,1,46.67517093855046,50,55.2,41.7,96.5,33.42,3.44
2024-01-01 01:57:00,user_001,0,0,sedentary,3.826,48.83519371484721,55.89883424597759,97.2,33.7,light,1,41.78344729236697,44,62.7,32.0,96.3,34.29,3.16
2024-01-01 01:58:00,user_001,0,0,sedentary,4.148,51.223462476564805,47.032556163985056,96.82,33.608,deep,1,47.255631528244656,56,29.3,58.2,97.3,32.87,4.25
2024-01-01 01:59:00,user_001,0,0,sedentary,4.1,52.14897498437654,50.58837077599003,97.28,33.692,light,1,45.370421018829774,54,57.7,41.6,96.4,33.57,4.93
2024-01-01 02:00:00,user_001,0,0,sedentary,4.4559999999999995,53.09931665625103,49.858913850660024,97.54,33.432,awake,1,47.946947345886514,55,48.4,53.1,97.6,33.89,4.96
2024-01-01 02:01:00,user_001,0,0,sedentary,4.3020000000000005,51.06621110416736,54.57260923377336,97.64,33.674,REM,1,44.83129823059101,47,64.0,38.6,98.8,33.84,3.2
2024-01-01 02:02:00,user_001,0,0,sedentary,4.202,53.71080740277824,53.81507282251557,97.82,33.864000000000004,light,1,42.65419882039401,59,52.3,38.3,97.6,32.99,4.94
2024-01-01 02:03:00,user_001,0,0,sedentary,4.340000000000001,50.807204935185496,53.61004854834371,97.64,33.798,light,1,43.23613254692933,45,53.2,44.4,97.8,34.08,3.48
2024-01-01 02:04:00,user_001,0,0,sedentary,4.566,51.87146995679033,53.073365698895806,97.34,33.696000000000005,light,1,47.757421697952886,54,52.0,56.8,97.3,34.52,4.43
2024-01-01 02:05:00,user_001,0,0,sedentary,4.288,55.247646637860214,53.6155771325972,97.48,33.760000000000005,deep,1,46.73828113196859,62,54.7,44.7,96.7,33.56,5.65
2024-01-01 02:06:00,user_001,0,0,sedentary,4.442,52.49843109190681,57.4103847550648,97.64,33.720000000000006,light,1,46.89218742131239,47,65.0,47.2,97.3,33.33,4.33
2024-01-01 02:07:00,user_001,0,0,sedentary,4.264,51.33228739460454,53.740256503376536,97.68,33.410000000000004,deep,1,53.52812494754159,49,46.4,66.8,98.3,33.31,3.55
2024-01-01 02:08:00,user_001,0,0,sedentary,3.844,51.5548582630697,52.8268376689177,97.98,33.498000000000005,light,1,53.21874996502773,52,51.0,52.6,98.6,33.88,4.25
2024-01-01 02:09:00,user_001,0,0,sedentary,3.848,50.70323884204646,58.5512251126118,97.9,33.616,deep,1,43.21249997668516,49,70.0,23.2,97.5,32.97,3.54
2024-01-01 02:10:00,user_001,0,0,sedentary,3.802,48.46882589469764,56.76748340840786,97.64,33.51,light,1,45.9083333177901,44,53.2,51.3,98.2,34.0,3.55
2024-01-01 02:11:00,user_001,0,0,sedentary,3.9179999999999993,49.64588392979842,57.211655605605245,97.16,33.37,REM,1,46.27222221186006,52,58.1,47.0,96.9,33.92,4.35
2024-01-01 02:12:00,user_001,0,0,sedentary,4.036,48.43058928653229,52.7744370704035,97.34,33.541999999999994,awake,1,48.08148147457337,46,43.9,51.7,97.0,32.78,3.32
2024-01-01 02:13:00,user_001,0,0,sedentary,4.342,50.287059524354866,47.416291380269,97.1,33.426,light,1,46.420987649715585,54,36.7,43.1,96.2,33.18,4.83
2024-01-01 02:14:00,user_001,0,0,sedentary,4.206,49.19137301623658,46.777527586846,97.0,33.356,light,1,46.31399176647705,47,45.5,46.1,98.4,33.83,4.13
2024-01-01 02:15:00,user_001,0,0,sedentary,4.284000000000001,52.46091534415772,46.318351724564,97.18,33.568,light,1,45.04266117765136,59,45.4,42.5,97.0,33.42,5.08
2024-01-01 02:16:00,user_001,0,0,sedentary,4.244000000000001,50.97394356277181,52.87890114970933,97.66,33.910000000000004,REM,1,44.095107451767575,48,66.0,42.2,96.4,33.57,3.67
2024-01-01 02:17:00,user_001,0,0,sedentary,4.093999999999999,50.649295708514536,57.419267433139545,97.42,33.834,deep,1,39.36340496784505,50,66.5,29.9,97.9,33.84,3.71
2024-01-01 02:18:00,user_001,0,0,sedentary,4.176,52.432863805676355,49.57951162209303,97.24,33.67,light,1,51.342269978563365,56,33.9,75.3,98.6,34.89,4.63
2024-01-01 02:19:00,user_001,0,0,sedentary,4.438,49.95524253711758,50.086341081395354,97.4,33.64,deep,1,49.92817998570891,45,51.1,47.1,97.2,33.45,3.38
2024-01-01 02:20:00,user_001,0,0,sedentary,4.354,50.970161691411725,53.75756072093024,97.36,33.568,light,1,46.518786657139266,53,61.1,39.7,96.1,32.6,5.49
2024-01-01 02:21:00,user_001,0,0,sedentary,4.284000000000001,53.313441127607824,53.00504048062015,97.24,33.184,REM,1,45.51252443809284,58,51.5,43.5,97.2,33.42,4.98
2024-01-01 02:22:00,user_001,0,0,sedentary,4.478,49.87562741840522,59.3700269870801,97.42,33.156,light,1,43.04168295872856,43,72.1,38.1,97.7,33.48,3.29
2024-01-01 02:23:00,user_001,0,0,sedentary,4.218,50.58375161227016,59.94668465805341,97.72,33.31,deep,1,38.19445530581904,52,61.1,28.5,98.0,32.97,4.28
2024-01-01 02:24:00,user_001,0,0,sedentary,4.008,51.38916774151344,57.0977897720356,97.74,33.364,REM,1,46.52963687054603,53,51.4,63.2,98.1,33.31,4.35
2024-01-01 02:25:00,user_001,0,0,sedentary,4.298,52.59277849434229,55.2985265146904,97.8,33.452,light,1,44.08642458036402,55,51.7,39.2,97.6,33.37,4.19
2024-01-01 02:26:00,user_001,0,0,sedentary,4.366,50.06185232956153,55.49901767646026,97.48,33.638,deep,1,48.89094972024268,45,55.9,58.5,97.3,33.69,3.93
2024-01-01 02:27:00,user_001,0,0,sedentary,4.218,48.37456821970769,52.99934511764017,97.2,33.71,light,1,46.76063314682845,45,48.0,42.5,98.0,33.92,4.74
2024-01-01 02:28:00,user_001,0,0,sedentary,4.2379999999999995,50.2497121464718,56.39956341176011,97.06,33.886,light,1,41.8070887645523,54,63.2,31.9,96.4,33.9,4.62
2024-01-01 02:29:00,user_001,0,0,sedentary,4.34,51.166474764314536,58.09970894117341,97.02,33.954,light,1,41.10472584303486,53,61.5,39.7,96.7,33.67,3.61
2024-01-01 02:30:00,user_001,0,0,sedentary,4.118,51.77764984287635,58.26647262744894,96.7,33.902,light,1,42.536483895356575,53,58.6,45.4,96.9,34.25,4.29
2024-01-01 02:31:00,user_001,0,0,sedentary,4.002000000000001,52.18509989525089,57.67764841829929,97.08,34.022000000000006,REM,1,47.35765593023772,53,56.5,57.0,97.1,34.03,4.44
2024-01-01 02:32:00,user_001,0,0,sedentary,4.3660000000000005,50.79006659683392,53.585098945532856,97.04,34.041999999999994,light,1,47.138437286825145,48,45.4,46.7,96.4,33.66,3.63
2024-01-01 02:33:00,user_001,0,0,sedentary,4.305999999999999,51.52671106455595,55.42339929702191,96.72,33.958,deep,1,46.12562485788343,53,59.1,44.1,98.3,34.5,4.04
2024-01-01 02:34:00,user_001,0,0,sedentary,4.3740000000000006,52.01780737637063,55.41559953134794,96.96,33.862,light,1,44.650416571922285,53,55.4,41.7,96.5,33.77,5.43
2024-01-01 02:35:00,user_001,0,0,sedentary,4.508000000000001,50.67853825091375,62.14373302089862,97.26,33.856,deep,1,35.100277714614855,48,75.6,16.0,95.3,33.83,3.99
2024-01-01 02:36:00,user_001,0,0,sedentary,4.584,54.119025500609176,54.362488680599085,97.1,33.552,deep,1,45.233518476409905,61,38.8,65.5,98.3,33.55,4.78
2024-01-01 02:37:00,user_001,0,0,sedentary,4.516,54.079350333739455,51.77499245373272,97.38,33.634,REM,1,46.68901231760661,54,46.6,49.6,97.9,33.63,4.3
2024-01-01 02:38:00,user_001,0,0,sedentary,4.2700000000000005,51.3862335558263,47.94999496915515,97.84,33.536,REM,1,49.8926748784044,46,40.3,56.3,97.5,32.98,4.42
2024-01-01 02:39:00,user_001,0,0,sedentary,4.188,52.59082237055086,49.066663312770096,97.86,33.522,deep,1,46.961783252269605,55,51.3,41.1,97.9,34.18,5.09
2024-01-01 02:40:00,user_001,0,0,sedentary,4.194,50.72721491370057,45.544442208513395,97.66,33.424,REM,1,53.274522168179736,47,38.5,65.9,97.6,33.34,2.76
2024-01-01 02:41:00,user_001,0,0,sedentary,4.04,52.15147660913372,52.16296147234226,97.94,33.608,REM,1,43.716348112119825,55,65.4,24.6,98.4,33.48,4.37
2024-01-01 02:42:00,user_001,0,0,sedentary,3.862000000000001,53.76765107275581,56.04197431489485,98.02,33.495999999999995,light,1,39.77756540807988,57,63.8,31.9,96.9,33.14,4.33
2024-01-01 02:43:00,user_001,0,0,sedentary,4.188,51.5117673818372,55.4613162099299,97.9,33.622,light,1,45.25171027205325,47,54.3,56.2,98.9,33.9,3.65
2024-01-01 02:44:00,user_001,0,0,sedentary,4.180000000000001,53.007844921224795,51.34087747328661,97.6,33.512,light,1,44.634473514702165,56,43.1,43.4,98.3,33.62,4.2
2024-01-01 02:45:00,user_001,0,0,sedentary,4.314,53.33856328081654,47.093918315524405,97.74,33.492000000000004,deep,1,56.05631567646811,54,38.6,78.9,97.0,33.97,4.39
2024-01-01 02:46:00,user_001,0,0,sedentary,4.32,54.2257088538777,46.79594554368293,97.28,33.246,light,1,55.704210450978735,56,46.2,55.0,96.9,32.93,4.33
2024-01-01 02:47:00,user_001,0,0,sedentary,4.226,56.48380590258514,50.53063036245529,97.08,33.158,awake,1,46.202806967319155,61,58.0,27.2,97.6,33.04,5.0
2024-01-01 02:48:00,user_001,0,0,sedentary,4.042,54.3225372683901,49.38708690830353,97.4,33.094,awake,1,45.73520464487944,50,47.1,44.8,96.6,32.67,3.68
2024-01-01 02:49:00,user_001,0,0,sedentary,3.802,52.215024845593405,57.824724605535685,97.54,33.315999999999995,deep,1,39.690136429919626,48,74.7,27.6,97.3,33.18,3.73
2024-01-01 02:50:00,user_001,0,0,sedentary,3.654,50.4766832303956,62.14981640369046,97.86,33.462,deep,1,33.493424286613084,47,70.8,21.1,98.6,33.65,3.47
2024-01-01 02:51:00,user_001,0,0,sedentary,3.718,49.31778882026373,60.06654426912697,97.92,33.462,light,1,34.02894952440872,47,55.9,35.1,97.6,34.04,3.13
2024-01-01 02:52:00,user_001,0,0,sedentary,3.7239999999999993,49.87852588017582,56.74436284608465,98.04,33.454,REM,1,43.61929968293915,51,50.1,62.8,99.2,33.77,4.26
2024-01-01 02:53:00,user_001,0,0,sedentary,3.994,50.919017253450555,53.96290856405643,97.74,33.388,light,1,46.979533121959435,53,48.4,53.7,96.9,32.67,4.0
2024-01-01 02:54:00,user_001,0,0,sedentary,4.0440000000000005,51.61267816896704,59.34193904270429,97.68,33.438,light,1,43.486355414639625,53,70.1,36.5,97.9,33.14,3.76
2024-01-01 02:55:00,user_001,0,0,sedentary,4.214,53.07511877931137,55.09462602846953,97.42,33.31,REM,1,47.290903609759745,56,46.6,54.9,97.1,33.32,4.82
2024-01-01 02:56:00,user_001,0,0,sedentary,4.102,52.71674585287425,57.963084018979686,97.42,33.444,deep,1,42.99393573983983,52,63.7,34.4,97.3,34.29,3.38
2024-01-01 02:57:00,user_001,0,0,sedentary,4.337999999999999,54.81116390191617,56.14205601265312,97.2,33.501999999999995,light,1,39.42929049322655,59,52.5,32.3,97.9,33.13,5.11
2024-01-01 02:58:00,user_001,0,0,sedentary,4.132,53.20744260127744,58.12803734176875,97.2,33.394000000000005,light,1,40.01952699548437,50,62.1,41.2,96.9,33.34,3.44
2024-01-01 02:59:00,user_001,0,0,sedentary,4.254,57.1382950675183,52.8520248945125,97.16,33.376,deep,1,43.21301799698958,65,42.3,49.6,96.8,33.43,4.94
2024-01-01 03:00:00,user_001,0,0,sedentary,3.948,57.09219671167887,51.768016596341674,96.92,33.616,REM,1,45.80867866465971,57,49.6,51.0,97.1,32.78,3.79
2024-01-01 03:01:00,user_001,0,0,sedentary,4.168,54.72813114111924,52.77867773089445,97.28,33.682,deep,1,50.839119109773144,50,54.8,60.9,97.1,34.2,3.99
2024-01-01 03:02:00,user_001,0,0,sedentary,4.004,52.81875409407949,51.51911848726297,97.38,33.914,REM,1,48.792746073182094,49,49.0,44.7,96.7,34.33,3.58
2024-01-01 03:03:00,user_001,0,0,sedentary,4.0440000000000005,53.87916939605299,56.24607899150865,97.6,34.014,awake,1,40.82849738212139,56,65.7,24.9,98.7,33.67,4.54
2024-01-01 03:04:00,user_001,0,0,sedentary,4.106,53.586112930701994,52.997385994339105,97.8,33.932,awake,1,46.118998254747595,53,46.5,56.7,97.3,34.59,4.12
2024-01-01 03:05:00,user_001,0,0,sedentary,4.078,54.72407528713467,51.03159066289274,98.12,33.586,deep,1,46.4459988364984,57,47.1,47.1,98.2,33.28,3.99
2024-01-01 03:06:00,user_001,0,0,sedentary,4.0280000000000005,55.149383524756445,56.28772710859516,97.66,33.656,light,1,38.4973325576656,56,66.8,22.6,98.1,33.79,4.3
2024-01-01 03:07:00,user_001,0,0,sedentary,3.802,54.76625568317096,59.32515140573011,97.64,33.376,deep,1,34.6982217051104,54,65.4,27.1,98.3,32.6,3.44
2024-01-01 03:08:00,user_001,0,0,sedentary,3.746,53.17750378878063,63.18343427048674,97.6,33.532,light,1,37.2988144700736,50,70.9,42.5,96.4,34.02,4.29
2024-01-01 03:09:00,user_001,0,0,sedentary,3.872,50.78500252585375,54.48895618032449,97.38,33.658,deep,1,51.63254298004907,46,37.1,80.3,97.2,33.19,2.99
2024-01-01 03:10:00,user_001,0,0,sedentary,4.126,51.190001683902494,55.125970786882995,97.46,33.936,light,1,46.42169532003271,52,56.4,36.0,98.0,34.06,3.71
2024-01-01 03:11:00,user_001,0,0,sedentary,4.206,53.46000112260166,54.58398052458866,97.48,33.918,deep,1,48.547796880021814,58,53.5,52.8,97.0,34.42,4.93
2024-01-01 03:12:00,user_001,0,0,sedentary,4.638,53.97333408173443,52.35598701639244,97.68,34.02,light,1,50.831864586681206,55,47.9,55.4,98.7,33.99,4.71
2024-01-01 03:13:00,user_001,0,0,sedentary,4.754,51.98222272115629,54.50399134426163,97.5,33.83200000000001,light,1,46.42124305778747,48,58.8,37.6,96.5,33.93,4.69
2024-01-01 03:14:00,user_001,0,0,sedentary,4.5200000000000005,52.98814848077086,53.10266089617442,97.76,33.698,deep,1,41.88082870519165,55,50.3,32.8,98.2,33.7,5.15
2024-01-01 03:15:00,user_001,0,0,sedentary,4.494,53.992098987180576,53.66844059744961,97.56,33.67399999999999,deep,1,44.32055247012776,56,54.8,49.2,97.1,33.12,4.29
2024-01-01 03:16:00,user_001,0,0,sedentary,4.246,52.32806599145372,65.54562706496641,97.62,33.452,light,1,29.547034980085172,49,89.3,0.0,98.3,33.75,3.76
2024-01-01 03:17:00,user_001,0,0,sedentary,3.808,53.218710660969144,62.597084709977615,97.62,33.294,deep,1,29.39802332005678,55,56.7,29.1,97.7,33.87,4.58
2024-01-01 03:18:00,user_001,0,0,sedentary,3.78,53.4791404406461,60.864723139985074,97.42,33.26,deep,1,37.265348880037855,54,57.4,53.0,96.8,32.82,3.45
2024-01-01 03:19:00,user_001,0,0,sedentary,3.752,51.65276029376406,61.84314875999005,97.2,33.122,REM,1,39.1102325866919,48,63.8,42.8,98.2,32.91,2.96
2024-01-01 03:20:00,user_001,0,0,sedentary,3.898000000000001,53.101840195842705,59.56209917332669,97.08,33.294,REM,1,40.60682172446127,56,55.0,43.6,96.1,32.95,4.15
2024-01-01 03:21:00,user_001,0,0,sedentary,4.090000000000001,54.40122679722847,53.674732782217795,97.28,33.45399999999999,deep,1,48.07121448297418,57,41.9,63.0,97.2,33.06,3.62
2024-01-01 03:22:00,user_001,0,0,sedentary,4.298,55.934151198152314,47.71648852147853,96.7,33.57600000000001,deep,1,49.24747632198279,59,35.8,51.6,97.1,34.73,5.31
2024-01-01 03:23:00,user_001,0,0,sedentary,4.186,56.956100798768205,49.144325680985695,97.02,33.472,deep,1,49.9649842146552,59,52.0,51.4,97.8,33.62,4.41
2024-01-01 03:24:00,user_001,0,0,sedentary,4.286,53.63740053251214,50.49621712065713,97.14,33.477999999999994,light,1,50.176656143103465,47,53.2,50.6,95.3,33.52,4.0
2024-01-01 03:25:00,user_001,0,0,sedentary,4.023999999999999,52.0916003550081,45.56414474710475,97.1,33.236000000000004,light,1,53.21777076206897,49,35.7,59.3,97.7,32.43,3.59
2024-01-01 03:26:00,user_001,0,0,sedentary,3.878,53.39440023667206,53.542763164736506,97.0,33.168,deep,1,42.97851384137931,56,69.5,22.5,97.8,33.09,4.12
2024-01-01 03:27:00,user_001,0,0,sedentary,4.156000000000001,54.2629334911147,53.79517544315767,97.44,33.304,light,1,41.55234256091954,56,54.3,38.7,96.9,33.52,4.0
2024-01-01 03:28:00,user_001,0,0,sedentary,4.318,54.84195566074313,58.39678362877178,97.56,33.458000000000006,deep,1,37.301561707279696,56,67.6,28.8,97.3,33.28,3.68
2024-01-01 03:29:00,user_001,0,0,sedentary,4.4799999999999995,60.89463710716209,47.53118908584785,97.16,33.624,awake,1,50.43437447151979,73,25.8,76.7,97.5,34.2,5.39
2024-01-01 03:30:00,user_001,0,0,sedentary,4.608,59.596424738108055,54.18745939056523,97.28,33.836,deep,1,38.82291631434653,57,67.5,15.6,98.3,33.2,4.4
2024-01-01 03:31:00,user_001,0,0,sedentary,4.723999999999999,59.73094982540537,51.82497292704349,97.4,33.772000000000006,light,1,39.88194420956435,60,47.1,42.0,95.8,33.92,4.93
2024-01-01 03:32:00,user_001,0,0,sedentary,4.504,59.487299883603576,56.18331528469566,97.5,33.510000000000005,deep,1,40.287962806376235,59,64.9,41.1,97.5,34.58,4.64
2024-01-01 03:33:00,user_001,0,0,sedentary,4.656000000000001,58.65819992240239,55.788876856463766,97.3,33.556,light,1,39.191975204250824,57,55.0,37.0,97.9,32.96,4.26
2024-01-01 03:34:00,user_001,0,0,sedentary,4.512,56.43879994826826,56.82591790430917,97.74,33.54,light,1,39.62798346950055,52,58.9,40.5,98.0,32.89,4.29
2024-01-01 03:35:00,user_001,0,0,sedentary,4.42,56.95919996551218,56.917278602872784,97.72,33.21,light,1,42.05198897966704,58,57.1,46.9,97.3,33.43,5.16
2024-01-01 03:36:00,user_001,0,0,sedentary,4.343999999999999,54.63946664367478,54.84485240191518,97.82,33.418,light,1,41.36799265311136,50,50.7,40.0,98.0,33.84,4.21
2024-01-01 03:37:00,user_001,0,0,sedentary,4.316000000000001,54.092977762449856,52.42990160127679,97.58,33.608,light,1,47.61199510207424,53,47.6,60.1,97.4,32.93,4.18
2024-01-01 03:38:00,user_001,0,0,sedentary,4.226000000000001,53.06198517496657,51.98660106751786,97.52,33.57600000000001,light,1,47.40799673471616,51,51.1,47.0,98.4,34.0,3.88
2024-01-01 03:39:00,user_001,0,0,sedentary,4.082,53.374656783311046,47.691067378345245,97.5,33.586,REM,1,50.20533115647745,54,39.1,55.8,96.8,33.84,4.15
2024-01-01 03:40:00,user_001,0,0,sedentary,4.292,57.249771188874035,47.02737825223016,97.62,33.768,light,1,50.870220770984965,65,45.7,52.2,97.0,33.27,4.71
2024-01-01 03:41:00,user_001,0,0,sedentary,4.3100000000000005,53.166514125916024,47.851585501486774,97.52,33.798,light,1,52.54681384732331,45,49.5,55.9,97.9,33.89,3.49
2024-01-01 03:42:00,user_001,0,0,sedentary,4.470000000000001,54.44434275061068,44.53439033432451,97.6,33.724000000000004,deep,1,52.46454256488221,57,37.9,52.3,98.0,33.84,5.23
2024-01-01 03:43:00,user_001,0,0,sedentary,4.524,51.629561833740446,49.95626022288301,97.64,33.888,light,1,47.0096950432548,46,60.8,36.1,97.9,34.15,3.97
2024-01-01 03:44:00,user_001,0,0,sedentary,4.704000000000001,51.75304122249363,51.47084014858867,97.56,33.856,REM,1,46.20646336216987,52,54.5,44.6,97.2,33.47,4.95
2024-01-01 03:45:00,user_001,0,0,sedentary,4.37,54.16869414832909,52.58056009905911,97.28,33.8,light,1,44.970975574779914,59,54.8,42.5,97.2,34.09,4.98
2024-01-01 03:46:00,user_001,0,0,sedentary,4.324,54.11246276555272,55.32037339937275,97.06,33.6,deep,1,40.413983716519944,54,60.8,31.3,97.5,33.73,4.39
2024-01-01 03:47:00,user_001,0,0,sedentary,4.176,52.40830851036848,54.5135822662485,97.36,33.432,light,1,41.6426558110133,49,52.9,44.1,96.6,33.56,3.56
2024-01-01 03:48:00,user_001,0,0,sedentary,4.134,51.60553900691232,51.542388177499,97.4,33.336,deep,1,46.295103874008866,50,45.6,55.6,96.8,33.15,3.74
2024-01-01 03:49:00,user_001,0,0,sedentary,4.162,53.40369267127488,52.994925451666,97.32,33.36,REM,1,45.59673591600591,57,55.9,44.2,98.7,32.63,4.21
2024-01-01 03:50:00,user_001,0,0,sedentary,4.166,52.269128447516586,43.929950301110665,97.4,33.432,deep,1,54.4644906106706,50,25.8,72.2,97.4,33.61,4.77
2024-01-01 03:51:00,user_001,0,0,sedentary,4.1339999999999995,53.17941896501105,46.75330020074045,97.58,33.618,awake,1,51.90966040711373,55,52.4,46.8,97.1,33.85,4.53
2024-01-01 03:52:00,user_001,0,0,sedentary,4.33,53.45294597667404,51.66886680049364,97.68,33.912,light,1,42.97310693807582,54,61.5,25.1,97.0,33.92,3.58
2024-01-01 03:53:00,user_001,0,0,sedentary,4.200000000000001,52.635297317782694,56.17924453366243,97.88,33.72,REM,1,39.98207129205055,51,65.2,34.0,97.7,34.08,3.58
2024-01-01 03:54:00,user_001,0,0,sedentary,3.978,56.75686487852179,52.51949635577495,97.76,33.736000000000004,light,1,37.954714194700365,65,45.2,33.9,99.2,34.1,5.19
2024-01-01 03:55:00,user_001,0,0,sedentary,4.17,56.83790991901452,45.179664237183296,98.06,33.64,light,1,48.90314279646691,57,30.5,70.8,98.4,32.65,4.12
2024-01-01 03:56:00,user_001,0,0,sedentary,4.11,52.55860661267635,40.286442824788864,97.88,33.774,REM,1,51.835428530977936,44,30.5,57.7,96.5,33.93,3.42
2024-01-01 03:57:00,user_001,0,0,sedentary,4.016,53.372404408450905,46.82429521652591,97.44,33.9,light,1,49.55695235398529,55,59.9,45.0,98.5,33.44,4.54
2024-01-01 03:58:00,user_001,0,0,sedentary,3.944,52.58160293896727,48.28286347768394,97.18,34.129999999999995,deep,1,50.30463490265686,51,51.2,51.8,96.8,34.75,3.28
2024-01-01 03:59:00,user_001,0,0,sedentary,4.16,54.387735292644855,56.45524231845596,97.2,34.04,deep,1,42.26975660177124,58,72.8,26.2,97.0,34.73,4.72
2024-01-01 04:00:00,user_001,0,0,sedentary,4.093999999999999,53.92515686176324,50.9701615456373,97.2,33.897999999999996,light,1,49.91317106784749,53,40.0,65.2,97.1,33.8,3.76
2024-01-01 04:01:00,user_001,0,0,sedentary,4.346,54.61677124117549,52.84677436375821,97.24,33.775999999999996,light,1,48.142114045231665,56,56.6,44.6,96.6,33.48,4.5
2024-01-01 04:02:00,user_001,0,0,sedentary,4.266,56.41118082745032,58.0978495758388,97.0,33.448,REM,1,40.92807603015444,60,68.6,26.5,98.5,32.73,4.21
2024-01-01 04:03:00,user_001,0,0,sedentary,4.332,57.940787218300215,56.6652330505592,96.94,33.653999999999996,awake,1,47.75205068676963,61,53.8,61.4,97.0,34.14,4.54
2024-01-01 04:04:00,user_001,0,0,sedentary,4.302,55.62719147886681,50.71015536703947,97.16,33.702,awake,1,50.56803379117975,51,38.8,56.2,95.8,33.09,4.32
2024-01-01 04:05:00,user_001,0,0,sedentary,4.392,55.41812765257788,60.87343691135965,96.68,33.815999999999995,REM,1,41.212022527453165,55,81.2,22.5,96.8,34.83,4.09
2024-01-01 04:06:00,user_001,0,0,sedentary,4.470000000000001,55.278751768385256,63.682291274239766,96.82,33.636,REM,1,37.54134835163544,55,69.3,30.2,97.7,33.72,4.35
2024-01-01 04:07:00,user_001,0,0,sedentary,4.473999999999999,54.85250117892351,59.62152751615984,97.02,33.766,light,1,35.09423223442363,54,51.5,30.2,96.1,33.3,4.66
2024-01-01 04:08:00,user_001,0,0,sedentary,4.706,58.56833411928235,59.214351677439886,97.34,33.5,deep,1,34.462821489615756,66,58.4,33.2,97.7,33.24,4.93
2024-01-01 04:09:00,user_001,0,0,sedentary,4.836,58.71222274618824,59.67623445162659,97.38,33.492000000000004,light,1,36.74188099307717,59,60.6,41.3,96.8,33.74,4.34
2024-01-01 04:10:00,user_001,0,0,sedentary,4.840000000000001,56.141481830792166,60.15082296775106,97.68,33.532000000000004,light,1,31.827920662051444,51,61.1,22.0,98.4,33.5,5.25
2024-01-01 04:11:00,user_001,0,0,sedentary,4.966,58.09432122052811,52.63388197850071,97.4,33.566,REM,1,42.6519471080343,62,37.6,64.3,97.9,33.68,5.0
2024-01-01 04:12:00,user_001,0,0,sedentary,4.844,61.396214147018746,52.68925465233381,97.34,33.582,deep,1,45.2346314053562,68,52.8,50.4,97.6,33.5,4.68
2024-01-01 04:13:00,user_001,0,0,sedentary,4.636,61.5974760980125,57.12616976822253,97.06,33.536,light,1,34.3230876035708,62,66.0,12.5,96.3,33.41,5.56
2024-01-01 04:14:00,user_001,0,0,sedentary,4.755999999999999,57.398317398675,58.18411317881502,96.93999999999998,33.604,light,1,34.648725069047195,49,60.3,35.3,96.5,33.82,3.73
2024-01-01 04:15:00,user_001,0,0,sedentary,4.586,56.598878265783334,57.95607545254334,97.16,33.614,REM,1,41.799150046031464,55,57.5,56.1,97.0,33.27,4.21
2024-01-01 04:16:00,user_001,0,0,sedentary,4.462,58.73258551052222,53.870716968362224,97.44,33.766,deep,1,43.16610003068764,63,45.7,45.9,97.3,34.02,5.6
2024-01-01 04:17:00,user_001,0,0,sedentary,4.6739999999999995,56.82172367368148,50.94714464557482,97.58,33.692,REM,1,45.01073335379176,53,45.1,48.7,98.7,33.55,3.83
2024-01-01 04:18:00,user_001,0,0,sedentary,4.728,57.547815782454315,46.16476309704988,97.92,33.682,light,1,47.27382223586117,59,36.6,51.8,97.7,34.17,4.94
2024-01-01 04:19:00,user_001,0,0,sedentary,4.444,58.698543854969536,50.54317539803325,97.94,33.571999999999996,light,1,43.21588149057411,61,59.3,35.1,97.2,33.45,4.79
2024-01-01 04:20:00,user_001,0,0,sedentary,4.24,56.46569590331302,51.0954502653555,97.76,33.464,deep,1,46.743920993716074,52,52.2,53.8,98.7,33.22,4.48
2024-01-01 04:21:00,user_001,0,0,sedentary,4.0680000000000005,56.643797268875346,47.230300176903675,97.96,33.296,awake,1,55.02928066247738,57,39.5,71.6,97.4,33.47,4.18
2024-01-01 04:22:00,user_001,0,0,sedentary,4.138,51.42919817925023,53.986866784602455,98.14,33.344,deep,1,43.61952044165159,41,67.5,20.8,97.8,33.01,2.81
2024-01-01 04:23:00,user_001,0,0,sedentary,3.962,51.61946545283348,52.15791118973497,97.98,33.356,light,1,48.31301362776773,52,48.5,57.7,98.7,33.33,4.08
2024-01-01 04:24:00,user_001,0,0,sedentary,4.318,53.07964363522232,49.63860745982331,98.1,33.358,deep,1,50.64200908517848,56,44.6,55.3,98.1,33.69,5.14
2024-01-01 04:25:00,user_001,0,0,sedentary,4.764,52.386429090148205,49.65907163988221,98.02,33.656,REM,1,49.79467272345232,51,49.7,48.1,97.9,33.28,3.6
2024-01-01 04:26:00,user_001,0,0,sedentary,4.822,56.590952726765465,49.30604775992147,97.78,33.488,light,1,47.09644848230155,65,48.6,41.7,98.0,33.48,5.96
2024-01-01 04:27:00,user_001,0,0,sedentary,4.6579999999999995,54.39396848451031,52.737365173280985,97.4,33.656,awake,1,46.99763232153436,50,59.6,46.8,97.4,34.5,5.04
2024-01-01 04:28:00,user_001,0,0,sedentary,4.99,54.59597898967354,50.05824344885399,97.2,33.772,REM,1,45.63175488102291,55,44.7,42.9,97.5,32.49,4.37
2024-01-01 04:29:00,user_001,0,0,sedentary,4.692,55.73065265978236,54.272162299235994,97.1,33.763999999999996,deep,1,48.08783658734861,58,62.7,53.0,96.2,34.53,4.32
2024-01-01 04:30:00,user_001,0,0,sedentary,4.6579999999999995,58.48710177318824,54.714774866157335,97.20000000000002,33.656,light,1,49.991891058232405,64,55.6,53.8,96.9,33.86,5.26
2024-01-01 04:31:00,user_001,0,0,sedentary,4.646,55.658067848792165,53.10984991077155,97.14,33.9,deep,1,47.627927372154936,50,49.9,42.9,97.5,33.44,4.47
2024-01-01 04:32:00,user_001,0,0,sedentary,4.646,58.10537856586145,51.90656660718103,97.78,33.476,light,1,51.618618248103296,63,49.5,59.6,97.9,33.96,4.87
2024-01-01 04:33:00,user_001,0,0,sedentary,4.362,57.73691904390764,50.83771107145402,98.02,33.448,deep,1,56.079078832068866,57,48.7,65.0,97.2,33.71,4.31
2024-01-01 04:34:00,user_001,0,0,sedentary,4.304,55.824612695938434,52.258474047636014,98.06,33.584,deep,1,53.219385888045906,52,55.1,47.5,99.4,32.41,4.32
2024-01-01 04:35:00,user_001,0,0,sedentary,4.103999999999999,56.88307513062563,57.33898269842401,97.74,33.598,light,1,46.41292392536394,59,67.5,32.8,98.1,33.72,3.84
2024-01-01 04:36:00,user_001,0,0,sedentary,4.15,57.25538342041708,54.32598846561601,97.8,33.504,REM,1,44.04194928357597,58,48.3,39.3,97.7,34.12,4.18
2024-01-01 04:37:00,user_001,0,0,sedentary,4.186,56.17025561361138,54.78399231041067,97.5,33.808,light,1,44.994632855717306,54,55.7,46.9,96.3,34.03,3.87
2024-01-01 04:38:00,user_001,0,0,sedentary,4.497999999999999,56.44683707574091,51.82266154027378,97.36,33.775999999999996,awake,1,48.896421903811536,57,45.9,56.7,97.5,33.24,4.54
2024-01-01 04:39:00,user_001,0,0,sedentary,4.642,55.96455805049394,54.148441026849184,97.3,33.821999999999996,light,1,49.49761460254103,55,58.8,50.7,97.9,33.93,4.5
2024-01-01 04:40:00,user_001,0,0,sedentary,4.912000000000001,56.64303870032929,54.56562735123279,97.52,33.66799999999999,light,1,45.06507640169402,58,55.4,36.2,97.4,33.56,5.4
2024-01-01 04:41:00,user_001,0,0,sedentary,4.888,57.76202580021953,58.14375156748853,97.4,33.774,light,1,42.84338426779601,60,65.3,38.4,97.4,34.35,4.9
2024-01-01 04:42:00,user_001,0,0,sedentary,4.87,60.17468386681302,52.82916771165902,97.12,33.730000000000004,REM,1,46.52892284519734,65,42.2,53.9,97.4,33.26,5.22
2024-01-01 04:43:00,user_001,0,0,sedentary,4.614,57.116455911208675,55.752778474439346,97.48,33.704,light,1,42.1859485634649,51,61.6,33.5,96.9,33.77,4.42
2024-01-01 04:44:00,user_001,0,0,sedentary,4.426,60.744303940805786,57.901852316292896,97.34,33.525999999999996,REM,1,45.890632375643264,68,62.2,53.3,96.5,33.71,4.41
2024-01-01 04:45:00,user_001,0,0,sedentary,4.25,56.16286929387053,55.76790154419526,97.28,33.61800000000001,awake,1,45.32708825042884,47,51.5,44.2,99.2,33.43,4.12
2024-01-01 04:46:00,user_001,0,0,sedentary,4.43,56.10857952924702,54.478601029463505,97.44,33.77,REM,1,45.51805883361922,56,51.9,45.9,96.7,33.46,3.96
2024-01-01 04:47:00,user_001,0,0,sedentary,4.51,57.40571968616467,54.28573401964234,97.32,33.72,REM,1,49.17870588907948,60,53.9,56.5,97.1,33.72,4.34
2024-01-01 04:48:00,user_001,0,0,sedentary,4.546,57.603813124109784,52.92382267976157,97.22,33.898,light,1,50.55247059271966,58,50.2,53.3,97.7,34.53,5.32
2024-01-01 04:49:00,user_001,0,0,sedentary,4.62,56.40254208273986,53.81588178650771,97.56,33.924,deep,1,50.701647061813105,54,55.6,51.0,95.9,33.46,4.81
2024-01-01 04:50:00,user_001,0,0,sedentary,4.534000000000001,56.26836138849325,55.84392119100514,97.4,33.944,deep,1,42.83443137454207,56,59.9,27.1,98.7,34.32,4.3
2024-01-01 04:51:00,user_001,0,0,sedentary,4.162,55.8455742589955,54.69594746067009,97.3,33.779999999999994,deep,1,44.85628758302804,55,52.4,48.9,98.4,33.59,4.33
2024-01-01 04:52:00,user_001,0,0,sedentary,4.134,55.23038283933033,53.9972983071134,97.78,33.866,deep,1,38.970858388685365,54,52.6,27.2,96.3,33.82,3.91
2024-01-01 04:53:00,user_001,0,0,sedentary,4.274,57.153588559553555,54.131532204742264,97.54,33.738,light,1,40.68057225912358,61,54.4,44.1,97.2,33.71,3.46
2024-01-01 04:54:00,user_001,0,0,sedentary,4.388,57.76905903970237,52.18768813649484,97.52,33.704,deep,1,47.65371483941572,59,48.3,61.6,98.3,33.89,4.67
2024-01-01 04:55:00,user_001,0,0,sedentary,4.618,56.51270602646824,51.55845875766323,98.0,33.556,light,1,50.16914322627715,54,50.3,55.2,97.5,33.68,5.0
2024-01-01 04:56:00,user_001,0,0,sedentary,4.792,58.00847068431216,48.605639171775486,97.92,33.489999999999995,deep,1,54.14609548418477,61,42.7,62.1,98.3,33.42,4.9
2024-01-01 04:57:00,user_001,0,0,sedentary,4.958,58.338980456208105,49.70375944785032,97.84,33.47,deep,1,52.29739698945651,59,51.9,48.6,98.7,33.08,5.06
2024-01-01 04:58:00,user_001,0,0,sedentary,4.956,59.2259869708054,51.86917296523355,97.64,33.498000000000005,deep,1,51.898264659637675,61,56.2,51.1,96.8,33.38,4.33
2024-01-01 04:59:00,user_001,0,0,sedentary,4.794,59.48399131387026,51.01278197682237,97.4,33.55800000000001,deep,1,47.765509773091786,60,49.3,39.5,97.9,33.79,5.5
2024-01-01 05:00:00,user_001,0,0,sedentary,4.9239999999999995,58.322660875913506,49.175187984548245,97.18,33.668,REM,1,48.343673182061195,56,45.5,49.5,96.5,33.82,4.99
2024-01-01 05:01:00,user_001,0,0,sedentary,5.18,58.215107250609,49.98345865636549,97.34,33.78,deep,1,50.69578212137413,58,51.6,55.4,97.1,33.72,4.09
2024-01-01 05:02:00,user_001,0,0,sedentary,5.128,60.14340483373934,51.58897243757699,97.12,33.67,light,1,49.830521414249425,64,54.8,48.1,97.6,33.63,5.71
2024-01-01 05:03:00,user_001,0,0,sedentary,5.044,61.428936555826226,51.759314958384664,97.42,33.77,awake,1,46.987014276166285,64,52.1,41.3,97.6,33.94,5.61
2024-01-01 05:04:00,user_001,0,0,sedentary,5.368,61.28595770388415,59.17287663892311,97.26,33.717999999999996,light,1,40.55800951744419,61,74.0,27.7,96.8,33.24,5.24
2024-01-01 05:05:00,user_001,0,0,sedentary,5.148000000000001,61.1906384692561,54.48191775928208,97.1,33.724000000000004,deep,1,41.63867301162946,61,45.1,43.8,98.0,34.32,4.57
2024-01-01 05:06:00,user_001,0,0,sedentary,4.948,63.1270923128374,52.454611839521384,97.26,33.628,awake,1,43.42578200775298,67,48.4,47.0,96.3,33.46,5.71
2024-01-01 05:07:00,user_001,0,0,sedentary,4.982,61.4180615418916,55.10307455968092,97.28,33.773999999999994,light,1,45.28385467183532,58,60.4,49.0,96.8,33.66,4.61
2024-01-01 05:08:00,user_001,0,0,sedentary,5.042,61.94537436126107,51.46871637312061,97.22,33.596,deep,1,51.32256978122354,63,44.2,63.4,98.4,33.46,4.61
2024-01-01 05:09:00,user_001,0,0,sedentary,5.036,61.29691624084071,58.07914424874707,97.72,33.559999999999995,awake,1,45.048379854149026,60,71.3,32.5,96.9,33.97,5.41
2024-01-01 05:10:00,user_001,0,0,sedentary,5.276,60.864610827227146,56.05276283249805,97.86,33.55,REM,1,42.66558656943268,60,52.0,37.9,97.7,33.43,4.87
2024-01-01 05:11:00,user_001,0,0,sedentary,5.382,62.57640721815144,55.9685085549987,97.9,33.736000000000004,deep,1,42.57705771295512,66,55.8,42.4,98.8,33.28,5.68
2024-01-01 05:12:00,user_001,0,0,sedentary,5.3,63.38427147876763,54.2123390366658,97.8,33.522000000000006,awake,1,43.45137180863674,65,50.7,45.2,97.5,33.61,5.81
2024-01-01 05:13:00,user_001,0,0,sedentary,5.22,63.92284765251176,56.37489269111054,97.66,33.544,light,1,41.3342478724245,65,60.7,37.1,98.6,34.39,5.14
2024-01-01 05:14:00,user_001,0,0,sedentary,5.086,64.9485651016745,50.683261794073694,97.44,33.586,light,1,47.48949858161634,67,39.3,59.8,96.4,32.9,5.0
2024-01-01 05:15:00,user_001,0,0,sedentary,4.824,63.63237673444967,56.255507862715795,97.28,33.628,deep,1,38.72633238774423,61,67.4,21.2,97.0,33.54,4.47
2024-01-01 05:16:00,user_001,0,0,sedentary,4.708,63.754917822966455,55.2036719084772,96.98,33.428,light,1,42.284221591829485,64,53.1,49.4,97.7,33.49,5.01
2024-01-01 05:17:00,user_001,0,0,sedentary,4.859999999999999,62.169945215310975,56.43578127231813,97.22,33.548,light,1,42.12281439455299,59,58.9,41.8,96.7,33.82,4.5
2024-01-01 05:18:00,user_001,0,0,sedentary,4.970000000000001,62.11329681020731,52.29052084821209,97.34,33.678,light,1,46.78187626303532,62,44.0,56.1,97.1,33.39,4.56
2024-01-01 05:19:00,user_001,0,0,sedentary,5.004,61.40886454013821,53.327013898808055,97.24,33.589999999999996,REM,1,49.52125084202354,60,55.4,55.0,97.6,33.5,5.76
2024-01-01 05:20:00,user_001,0,0,sedentary,4.9799999999999995,61.27257636009214,49.55134259920536,97.1,33.674,deep,1,54.51416722801569,61,42.0,64.5,97.6,34.19,5.02
2024-01-01 05:21:00,user_001,0,0,sedentary,5.196,62.18171757339476,53.90089506613691,97.08,33.572,light,1,47.87611148534379,64,62.6,34.6,97.2,33.05,5.18
2024-01-01 05:22:00,user_001,0,0,sedentary,5.016,60.454478382263176,49.267263377424605,96.84,33.57000000000001,awake,1,48.21740765689586,57,40.0,48.9,96.0,34.24,4.38
2024-01-01 05:23:00,user_001,0,0,sedentary,4.808000000000001,63.96965225484212,49.57817558494974,96.8,33.300000000000004,deep,1,45.57827177126391,71,50.2,40.3,97.0,32.88,5.64
2024-01-01 05:24:00,user_001,0,0,sedentary,4.922,61.31310150322808,49.485450389966495,96.86,33.410000000000004,deep,1,45.31884784750927,56,49.3,44.8,96.4,33.49,4.86
2024-01-01 05:25:00,user_001,0,0,sedentary,5.14,59.20873433548538,45.62363359331099,97.14,33.176,deep,1,52.27923189833951,55,37.9,66.2,97.4,32.84,3.98
2024-01-01 05:26:00,user_001,0,0,sedentary,5.058000000000001,61.47248955699026,44.01575572887399,97.08,33.436,awake,1,58.11948793222634,66,40.8,69.8,97.5,33.6,5.75
2024-01-01 05:27:00,user_001,0,0,sedentary,5.2780000000000005,62.648326371326846,47.67717048591599,97.04,33.434,deep,1,55.479658621484226,65,55.0,50.2,97.4,33.07,5.47
2024-01-01 05:28:00,user_001,0,0,sedentary,5.47,63.09888424755123,45.71811365727732,97.28,33.674,REM,1,58.086439080989486,64,41.8,63.3,96.7,34.18,5.23
2024-01-01 05:29:00,user_001,0,0,sedentary,5.378,63.39925616503416,45.17874243818488,97.28,33.7,light,1,53.09095938732633,64,44.1,43.1,96.2,33.48,5.96
2024-01-01 05:30:00,user_001,0,0,sedentary,5.108,62.59950411002277,48.58582829212326,97.24,33.839999999999996,light,1,50.96063959155089,61,55.4,46.7,98.6,34.04,4.94
2024-01-01 05:31:00,user_001,0,0,sedentary,4.8759999999999994,60.399669406681845,53.15721886141551,97.38,33.626,light,1,49.54042639436725,56,62.3,46.7,97.5,33.73,5.29
2024-01-01 05:32:00,user_001,0,0,sedentary,4.684,60.59977960445457,54.87147924094367,97.42,33.674,REM,1,51.160284262911496,61,58.3,54.4,97.2,33.77,4.12
2024-01-01 05:33:00,user_001,0,0,sedentary,4.648000000000001,59.39985306963638,54.047652827295785,97.4,33.589999999999996,light,1,51.60685617527432,57,52.4,52.5,97.4,33.11,4.07
2024-01-01 05:34:00,user_001,0,0,sedentary,4.598000000000001,61.26656871309092,53.59843521819719,97.28,33.39,REM,1,54.504570783516215,65,52.7,60.3,96.4,33.72,5.0
2024-01-01 05:35:00,user_001,0,0,sedentary,4.6160000000000005,60.84437914206061,53.46562347879813,97.32,33.32000000000001,awake,1,47.76971385567748,60,53.2,34.3,98.5,33.62,4.76
2024-01-01 05:36:00,user_001,0,0,sedentary,5.032,59.22958609470707,49.91041565253209,97.42,33.372,REM,1,51.14647590378499,56,42.8,57.9,96.9,32.73,5.04
2024-01-01 05:37:00,user_001,0,0,sedentary,5.002000000000001,59.153057396471375,51.64027710168806,97.76,33.406,light,1,49.86431726919,59,55.1,47.3,97.4,33.42,4.21
2024-01-01 05:38:00,user_001,0,0,sedentary,4.901999999999999,60.43537159764759,47.960184734458714,97.56,33.314,deep,1,55.54287817946,63,40.6,66.9,97.9,33.37,6.15
2024-01-01 05:39:00,user_001,0,0,sedentary,4.782,59.62358106509839,51.54012315630581,97.52,33.482,light,1,52.661918786306664,58,58.7,46.9,98.1,33.89,4.85
2024-01-01 05:40:00,user_001,0,0,sedentary,4.814,58.74905404339893,52.46008210420388,97.64,33.408,REM,1,47.07461252420444,57,54.3,35.9,97.5,33.16,4.26
2024-01-01 05:41:00,user_001,0,0,sedentary,4.41,59.83270269559929,44.90672140280259,97.7,33.456,light,1,54.91640834946963,62,29.8,70.6,96.7,33.57,4.44
2024-01-01 05:42:00,user_001,0,0,sedentary,4.452,60.55513513039953,50.337814268535055,97.76,33.364,light,1,52.244272232979746,62,61.2,46.9,98.0,33.05,4.37
2024-01-01 05:43:00,user_001,0,0,sedentary,4.6579999999999995,59.70342342026635,49.35854284569004,97.84,33.152,REM,1,49.6295148219865,58,47.4,44.4,98.2,33.61,4.13
2024-01-01 05:44:00,user_001,0,0,sedentary,4.678,59.1356156135109,48.43902856379336,98.34,33.077999999999996,REM,1,54.65300988132433,58,46.6,64.7,98.4,33.43,5.06
2024-01-01 05:45:00,user_001,0,0,sedentary,4.831999999999999,60.09041040900727,52.6260190425289,98.26,33.032,deep,1,52.36867325421622,62,61.0,47.8,97.9,32.1,5.29
2024-01-01 05:46:00,user_001,0,0,sedentary,4.84,57.726940272671506,52.58401269501926,98.16,33.164,REM,1,48.079115502810815,53,52.5,39.5,99.2,33.2,4.54
2024-01-01 05:47:00,user_001,0,0,sedentary,4.878,56.48462684844767,54.989341796679504,98.18,33.096000000000004,REM,1,46.019410335207205,54,59.8,41.9,97.6,32.82,5.14
2024-01-01 05:48:00,user_001,0,0,sedentary,4.848000000000001,56.65641789896512,52.126227864453,98.36,33.426,deep,1,50.3462735568048,57,46.4,59.0,97.7,34.27,4.17
2024-01-01 05:49:00,user_001,0,0,sedentary,5.145999999999999,57.77094526597674,54.750818576302,98.24,33.49400000000001,light,1,47.49751570453653,60,60.0,41.8,98.5,33.09,5.25
2024-01-01 05:50:00,user_001,0,0,sedentary,5.092,59.18063017731782,54.30054571753467,98.2,33.788,REM,1,43.26501046969102,62,53.4,34.8,98.8,33.75,5.14
2024-01-01 05:51:00,user_001,0,0,sedentary,5.226,62.12042011821188,54.06703047835645,98.28,33.534000000000006,deep,1,48.27667364646069,68,53.6,58.3,98.6,33.54,6.03
2024-01-01 05:52:00,user_001,0,0,sedentary,5.1,63.08028007880792,52.278020318904304,98.26,33.571999999999996,REM,1,48.317782430973786,65,48.7,48.4,97.4,34.29,4.87
2024-01-01 05:53:00,user_001,0,0,sedentary,4.954,62.05352005253862,57.61868021260287,98.0,33.53,deep,1,44.678521620649185,60,68.3,37.4,98.1,33.0,4.84
2024-01-01 05:54:00,user_001,0,0,sedentary,4.788,61.70234670169242,61.87912014173525,97.64,33.386,REM,1,36.219014413766125,61,70.4,19.3,98.4,33.28,4.62
2024-01-01 05:55:00,user_001,0,0,sedentary,4.786,59.80156446779495,51.652746761156834,97.5,33.288,REM,1,48.912676275844085,56,31.2,74.3,97.5,33.54,4.41
2024-01-01 05:56:00,user_001,0,0,sedentary,4.9,60.20104297852996,54.768497840771225,97.44,33.272000000000006,light,1,48.80845085056273,61,61.0,48.6,96.8,32.82,5.2
2024-01-01 05:57:00,user_001,0,0,sedentary,4.924,59.80069531901997,50.345665227180824,97.4,33.296,REM,1,51.10563390037515,59,41.5,55.7,96.7,33.8,4.86
2024-01-01 05:58:00,user_001,0,0,sedentary,5.292,60.53379687934665,52.39711015145389,97.32,33.21,awake,1,53.40375593358343,62,56.5,58.0,97.8,32.92,5.41
2024-01-01 05:59:00,user_001,0,0,sedentary,5.386,59.02253125289777,46.73140676763592,97.34,32.992000000000004,deep,1,53.802503955722294,56,35.4,54.6,98.2,33.4,4.74
2024-01-01 06:00:00,user_001,0,0,sedentary,5.5200000000000005,61.681687501931854,49.120937845090616,97.42,32.876,REM,1,54.90166930381486,67,53.9,57.1,97.1,33.11,6.25
2024-01-01 06:01:00,user_001,0,0,sedentary,5.574,65.12112500128791,46.08062523006041,97.38,33.205999999999996,deep,1,60.56777953587658,72,40.0,71.9,96.9,31.73,5.67
2024-01-01 06:02:00,user_001,0,0,sedentary,5.662,64.74741666752527,46.12041682004027,97.36,33.348,light,1,53.44518635725105,64,46.2,39.2,97.1,33.22,5.53
2024-01-01 06:03:00,user_001,0,0,sedentary,5.512,65.49827777835019,45.94694454669352,97.5,33.37,light,1,57.0634575715007,67,45.6,64.3,97.6,34.57,5.68
2024-01-01 06:04:00,user_001,0,0,sedentary,5.514,66.33218518556679,44.731296364462345,97.62,33.712,light,1,54.84230504766713,68,42.3,50.4,98.1,34.11,5.18
2024-01-01 06:05:00,user_001,0,0,sedentary,5.498,64.88812345704453,44.587530909641565,97.92,34.072,awake,1,55.66153669844475,62,44.3,57.3,97.8,33.22,5.5
2024-01-01 06:06:00,user_001,0,0,sedentary,5.286,65.25874897136302,45.12502060642771,98.34,33.792,light,1,58.67435779896317,66,46.2,64.7,97.5,33.44,5.68
2024-01-01 06:07:00,user_001,0,0,sedentary,5.220000000000001,65.17249931424202,46.41668040428514,98.22,33.476,light,1,55.21623853264211,65,49.0,48.3,98.6,35.02,5.45
2024-01-01 06:08:00,user_001,0,0,sedentary,5.122,65.11499954282802,48.84445360285676,98.42,33.57,REM,1,52.51082568842808,65,53.7,47.1,99.7,33.17,4.62
2024-01-01 06:09:00,user_001,0,0,sedentary,5.058,63.74333302855201,55.99630240190451,98.32,33.612,REM,1,47.67388379228538,61,70.3,38.0,97.5,32.53,4.85
2024-01-01 06:10:00,user_001,0,0,sedentary,4.805999999999999,64.16222201903467,50.997534934603,98.28,33.224000000000004,light,1,57.68258919485692,65,41.0,77.7,98.8,33.69,5.01
2024-01-01 06:11:00,user_001,0,0,sedentary,4.936,65.10814801268978,51.065023289735336,97.7,33.306,awake,1,50.48839279657128,67,51.2,36.1,97.0,33.65,5.36
2024-01-01 06:12:00,user_001,0,0,sedentary,5.004,67.40543200845985,52.74334885982355,97.64,33.5,REM,1,47.692261864380846,72,56.1,42.1,98.4,33.08,4.19
2024-01-01 06:13:00,user_001,0,0,sedentary,4.958,67.93695467230657,49.22889923988237,97.38,33.346,deep,1,54.36150790958723,69,42.2,67.7,96.8,33.58,5.27
2024-01-01 06:14:00,user_001,0,0,sedentary,4.942,70.29130311487104,41.11926615992158,97.18,33.215999999999994,light,1,59.14100527305815,75,24.9,68.7,97.2,33.5,5.19
2024-01-01 06:15:00,user_001,0,0,sedentary,5.1160000000000005,67.1942020765807,38.279510773281054,96.7,33.124,deep,1,62.16067018203877,61,32.6,68.2,97.5,32.92,4.78
2024-01-01 06:16:00,user_001,0,0,sedentary,5.36,67.79613471772046,34.55300718218737,96.7,33.248000000000005,awake,1,69.67378012135917,69,27.1,84.7,96.0,33.0,5.28
2024-01-01 06:17:00,user_001,0,0,sedentary,5.35,66.86408981181364,45.002004788124914,96.98,33.156,deep,1,55.48252008090611,65,65.9,27.1,96.0,32.62,5.06
2024-01-01 06:18:00,user_001,0,0,sedentary,5.255999999999999,69.57605987454242,47.86800319208328,96.94,33.216,light,1,49.38834672060407,75,53.6,37.2,96.8,34.2,6.49
2024-01-01 06:19:00,user_001,0,0,sedentary,5.098000000000001,66.38403991636162,51.778668794722186,97.38,33.384,light,1,44.25889781373604,60,59.6,34.0,98.6,33.04,5.14
2024-01-01 06:20:00,user_001,0,0,sedentary,4.9079999999999995,64.25602661090774,55.11911252981479,97.42,33.636,light,1,39.472598542490694,60,61.8,29.9,97.3,33.22,4.31
2024-01-01 06:21:00,user_001,0,0,sedentary,4.71,63.50401774060516,51.94607501987653,97.62,33.51800000000001,deep,1,48.94839902832714,62,45.6,67.9,98.2,33.84,4.49
2024-01-01 06:22:00,user_001,0,0,sedentary,4.636,60.3360118270701,60.23071667991769,97.48,33.808,light,1,39.76559935221809,54,76.8,21.4,96.2,33.88,4.11
2024-01-01 06:23:00,user_001,0,0,sedentary,4.948,60.89067455138007,58.4204777866118,97.36,33.792,light,1,38.81039956814539,62,54.8,36.9,97.8,33.61,5.5
2024-01-01 06:24:00,user_001,0,0,sedentary,5.086,60.92711636758671,55.94698519107453,97.52,33.75,light,1,42.97359971209693,61,51.0,51.3,97.9,34.49,4.77
2024-01-01 06:25:00,user_001,0,0,sedentary,5.436,62.2847442450578,57.831323460716355,97.58,33.68,awake,1,41.682399808064616,65,61.6,39.1,96.7,33.14,5.87
2024-01-01 06:26:00,user_001,0,0,sedentary,5.46,63.52316283003853,57.520882307144234,97.48,33.572,light,1,40.22159987204308,66,56.9,37.3,99.0,33.63,5.18
2024-01-01 06:27:00,user_001,0,0,sedentary,5.622,67.01544188669236,58.74725487142948,97.8,33.496,deep,1,44.48106658136205,74,61.2,53.0,96.5,33.53,5.86
2024-01-01 06:28:00,user_001,0,0,sedentary,5.292,67.6769612577949,60.231503247619656,97.8,33.512,deep,1,39.420711054241366,69,63.2,29.3,97.3,33.07,5.62
2024-01-01 06:29:00,user_001,0,0,sedentary,5.438,65.78464083852994,56.12100216507977,97.4,33.454,deep,1,41.64714070282758,62,47.9,46.1,99.5,34.11,5.58
2024-01-01 06:30:00,user_001,0,0,sedentary,5.351999999999999,63.85642722568662,55.380668110053186,97.62,33.418,REM,1,43.23142713521838,60,53.9,46.4,96.7,33.22,4.22
2024-01-01 06:31:00,user_001,0,0,sedentary,5.372,64.9042848171244,50.52044540670212,97.44,33.424,deep,1,54.98761809014559,67,40.8,78.5,97.0,33.34,5.91
2024-01-01 06:32:00,user_001,0,0,sedentary,5.384,62.602856544749606,45.78029693780142,97.12,33.392,light,1,59.058412060097055,58,36.3,67.2,97.6,33.35,5.43
2024-01-01 06:33:00,user_001,0,0,sedentary,5.574,66.40190436316641,49.25353129186761,97.0,33.384,light,1,57.738941373398035,74,56.2,55.1,96.4,33.1,5.72
2024-01-01 06:34:00,user_001,0,0,sedentary,5.3660000000000005,67.60126957544428,52.36902086124507,97.1,33.436,light,1,56.25929424893203,70,58.6,53.3,97.9,33.95,5.64
2024-01-01 06:35:00,user_001,0,0,sedentary,5.4879999999999995,65.73417971696286,45.44601390749671,97.32,33.496,light,1,62.572862832621354,62,31.6,75.2,96.1,33.18,5.17
2024-01-01 06:36:00,user_001,0,0,sedentary,5.2,62.48945314464191,45.63067593833114,97.64,33.68,awake,1,57.94857522174757,56,46.0,48.7,97.5,33.6,4.87
2024-01-01 06:37:00,user_001,0,0,sedentary,5.14,65.32630209642794,46.853783958887426,97.56,33.536,deep,1,57.89905014783171,71,49.3,57.8,98.7,33.65,6.04
2024-01-01 06:38:00,user_001,0,0,sedentary,4.954,64.88420139761863,48.66918930592495,97.78,33.767999999999994,deep,1,56.93270009855447,64,52.3,55.0,98.0,34.02,4.28
2024-01-01 06:39:00,user_001,0,0,sedentary,4.837999999999999,66.92280093174575,55.51279287061664,97.76,33.738,deep,1,46.72180006570298,71,69.2,26.3,97.5,33.23,5.34
2024-01-01 06:40:00,user_001,0,0,sedentary,4.6240000000000006,63.61520062116384,52.54186191374442,97.48,33.730000000000004,REM,1,46.91453337713532,57,46.6,47.3,97.2,34.34,4.24
2024-01-01 06:41:00,user_001,0,0,sedentary,4.811999999999999,63.07680041410922,51.59457460916295,97.44,33.58,light,1,48.97635558475688,62,49.7,53.1,97.4,33.45,4.29
2024-01-01 06:42:00,user_001,0,0,sedentary,4.8,63.71786694273948,53.3963830727753,97.54,33.418000000000006,deep,1,43.81757038983792,65,57.0,33.5,97.3,33.61,4.97
2024-01-01 06:43:00,user_001,0,0,sedentary,5.178,64.14524462849299,51.264255381850205,97.62,33.339999999999996,light,1,47.81171359322528,65,47.0,55.8,97.8,33.27,5.22
2024-01-01 06:44:00,user_001,0,0,sedentary,5.244000000000001,63.430163085661995,49.642836921233474,97.76,33.412,deep,1,50.374475728816854,62,46.4,55.5,98.0,32.42,5.28
2024-01-01 06:45:00,user_001,0,0,sedentary,5.206,64.953442057108,47.66189128082232,97.88,33.384,light,1,48.982983819211235,68,43.7,46.2,97.6,33.95,6.13
2024-01-01 06:46:00,user_001,0,0,sedentary,5.246,62.968961371405335,49.97459418721488,97.62,33.366,light,1,44.02198921280749,59,54.6,34.1,98.1,33.81,4.62
2024-01-01 06:47:00,user_001,0,0,sedentary,5.236,63.31264091427022,49.64972945814325,97.14,33.541999999999994,REM,1,51.54799280853833,64,49.0,66.6,97.9,33.47,4.78
2024-01-01 06:48:00,user_001,0,0,sedentary,4.94,63.87509394284681,52.199819638762165,97.14,33.4,REM,1,49.39866187235889,65,57.3,45.1,96.5,33.18,5.42
2024-01-01 06:49:00,user_001,0,0,sedentary,5.14,64.9167292952312,52.63321309250811,96.94,33.36,deep,1,43.1657745815726,67,53.5,30.7,95.6,33.3,5.23
2024-01-01 06:50:00,user_001,0,0,sedentary,5.168000000000001,65.9444861968208,41.88880872833874,96.9,33.244,light,1,55.91051638771506,68,20.4,81.4,97.6,33.24,4.65
2024-01-01 06:51:00,user_001,0,0,sedentary,5.322,63.6296574645472,39.525872485559155,97.36,33.234,light,1,54.340344258476705,59,34.8,51.2,97.1,33.61,5.62
2024-01-01 06:52:00,user_001,0,0,sedentary,5.436,61.41977164303146,42.3172483237061,97.7,33.227999999999994,REM,1,52.026896172317805,57,47.9,47.4,97.7,32.89,4.92
2024-01-01 06:53:00,user_001,0,0,sedentary,5.402,64.6131810953543,47.71149888247074,97.72,33.208000000000006,light,1,49.95126411487854,71,58.5,45.8,98.8,33.13,6.19
2024-01-01 06:54:00,user_001,0,0,sedentary,5.5280000000000005,65.07545406356954,46.37433258831383,97.66,33.032,REM,1,48.93417607658569,66,43.7,46.9,97.3,33.27,5.8
2024-01-01 06:55:00,user_001,0,0,sedentary,5.644,63.71696937571303,49.38288839220922,97.7,33.158,deep,1,45.42278405105713,61,55.4,38.4,97.7,33.14,4.48
2024-01-01 06:56:00,user_001,0,0,sedentary,5.42,66.47797958380869,51.05525892813947,97.32,33.218,light,1,43.54852270070475,72,54.4,39.8,96.8,32.73,6.25
2024-01-01 06:57:00,user_001,0,0,sedentary,5.228,65.98531972253913,52.67017261875964,97.52,33.208000000000006,deep,1,41.1323484671365,65,55.9,36.3,97.9,33.52,5.5
2024-01-01 06:58:00,user_001,0,0,sedentary,5.686,67.32354648169276,49.61344841250642,97.5,33.384,awake,1,45.188232311424336,70,43.5,53.3,96.9,33.43,5.07
2024-01-01 06:59:00,user_001,0,0,sedentary,5.636,66.54903098779518,46.075632275004274,97.62,33.506,light,1,52.02548820761623,65,39.0,65.7,98.3,33.22,4.84
2024-01-01 07:00:00,user_001,4,4,light,5.606,70.69935399186345,41.78375485000285,97.28,33.501999999999995,awake,0,58.116992138410815,79,33.2,70.3,97.6,34.02,6.77
2024-01-01 07:01:00,user_001,5,9,light,5.814,72.79956932790897,53.389169900001896,97.18,33.568,awake,0,50.777994758940544,77,76.6,36.1,97.4,33.34,6.0
2024-01-01 07:02:00,user_001,3,12,sedentary,6.078,70.86637955193932,53.75944660000126,97.12,33.734,awake,0,49.48532983929369,67,54.5,46.9,96.2,33.5,5.35
2024-01-01 07:03:00,user_001,7,19,light,6.098000000000001,71.57758636795954,58.00629773333418,97.28,33.534000000000006,awake,0,42.79021989286246,73,66.5,29.4,96.4,33.76,6.11
2024-01-01 07:04:00,user_001,5,24,light,6.128,71.71839091197303,52.03753182222278,97.34,33.554,awake,0,47.326813261908306,72,40.1,56.4,98.0,34.05,6.16
2024-01-01 07:05:00,user_001,7,31,light,6.246,72.81226060798203,54.69168788148185,97.56,33.724000000000004,awake,0,44.01787550793887,75,60.0,37.4,98.4,33.02,6.87
2024-01-01 07:06:00,user_001,2,33,sedentary,6.178,69.87484040532135,51.79445858765456,97.78,33.694,awake,0,51.47858367195925,64,46.0,66.4,97.7,33.44,6.15
2024-01-01 07:07:00,user_001,9,42,light,5.742,70.5832269368809,50.562972391769705,97.66,33.56,awake,0,47.71905578130617,72,48.1,40.2,97.3,34.35,5.94
2024-01-01 07:08:00,user_001,2,44,sedentary,5.354,71.72215129125394,48.67531492784647,97.36,33.658,awake,0,49.51270385420411,74,44.9,53.1,97.5,33.61,5.77
2024-01-01 07:09:00,user_001,2,46,sedentary,5.114,67.81476752750262,46.85020995189765,97.1,33.556,awake,0,54.87513590280273,60,43.2,65.6,97.4,33.38,3.98
2024-01-01 07:10:00,user_001,5,51,light,5.002,65.87651168500174,45.500139967931766,96.92,33.486000000000004,awake,0,54.45009060186849,62,42.8,53.6,96.9,33.51,4.93
2024-01-01 07:11:00,user_001,4,55,light,4.906000000000001,63.25100779000116,47.73342664528784,96.82,33.614,awake,0,48.23339373457899,58,52.2,35.8,96.4,32.93,4.95
2024-01-01 07:12:00,user_001,6,61,light,5.4719999999999995,64.50067186000076,46.48895109685856,96.86,33.547999999999995,awake,0,51.455595823052654,67,44.0,57.9,96.4,34.0,5.38
2024-01-01 07:13:00,user_001,2,63,sedentary,5.608,67.00044790666718,47.559300731239034,96.76,33.586,awake,0,50.9370638820351,72,49.7,49.9,97.0,34.25,5.29
2024-01-01 07:14:00,user_001,9,72,light,5.87,70.00029860444478,44.639533820826024,96.96,33.506,awake,0,56.82470925469007,76,38.8,68.6,97.6,33.05,6.81
2024-01-01 07:15:00,user_001,8,80,light,5.886,69.66686573629651,48.55968921388401,97.06,33.394,awake,0,49.18313950312671,69,56.4,33.9,96.4,33.7,5.61
2024-01-01 07:16:00,user_001,3,83,sedentary,5.851999999999999,72.11124382419767,46.473126142589344,96.9,33.39,awake,0,50.25542633541781,77,42.3,52.4,97.4,32.53,6.26
2024-01-01 07:17:00,user_001,7,90,light,5.601999999999999,68.40749588279844,53.682084095059565,96.78,33.452,awake,0,42.936950890278546,61,68.1,28.3,96.9,33.44,5.46
2024-01-01 07:18:00,user_001,4,94,light,5.704,65.60499725519897,52.95472273003971,97.04,33.477999999999994,awake,0,46.6579672601857,60,51.5,54.1,96.2,34.23,5.12
2024-01-01 07:19:00,user_001,8,102,light,5.422,66.40333150346598,51.50314848669314,96.96,33.629999999999995,awake,0,46.00531150679046,68,48.6,44.7,97.0,33.36,5.56
2024-01-01 07:20:00,user_001,9,111,light,5.35,67.60222100231066,56.002098991128754,97.32,33.596,awake,0,44.17020767119365,70,65.0,40.5,97.7,33.83,6.12
2024-01-01 07:21:00,user_001,4,115,light,5.337999999999999,67.73481400154044,52.201399327419175,97.68,33.412,awake,0,45.51347178079576,68,44.6,48.2,97.0,33.29,4.85
2024-01-01 07:22:00,user_001,6,121,light,5.191999999999999,64.48987600102696,50.967599551612786,97.94,33.267999999999994,awake,0,47.94231452053051,58,48.5,52.8,98.7,33.27,5.1
2024-01-01 07:23:00,user_001,5,126,light,5.154,65.65991733401798,48.17839970107519,98.4,33.108000000000004,awake,0,55.328209680353666,68,42.6,70.1,98.0,33.31,5.06
2024-01-01 07:24:00,user_001,1,127,sedentary,5.22,64.43994488934531,49.91893313405013,98.4,33.174,awake,0,54.91880645356911,62,53.4,54.1,98.3,32.64,4.83
2024-01-01 07:25:00,user_001,4,131,light,5.1659999999999995,66.95996325956354,46.94595542270008,97.94,33.348,awake,0,53.94587096904608,72,41.0,52.0,100.0,33.03,5.93
2024-01-01 07:26:00,user_001,2,133,sedentary,5.359999999999999,67.97330883970902,50.23063694846672,97.72,33.324,awake,0,46.56391397936405,70,56.8,31.8,97.0,33.62,5.18
2024-01-01 07:27:00,user_001,5,138,light,5.49,66.64887255980601,50.25375796564449,97.58,33.56400000000001,awake,0,51.342609319576034,64,50.3,60.9,96.4,34.14,4.83
2024-01-01 07:28:00,user_001,4,142,light,5.434,66.43258170653733,53.03583864376299,97.14,33.788,awake,0,45.19507287971735,66,58.6,32.9,96.9,33.19,6.03
2024-01-01 07:29:00,user_001,2,144,sedentary,5.614,65.28838780435822,54.82389242917533,97.26,33.540000000000006,awake,0,44.6967152531449,63,58.4,43.7,97.6,33.84,5.48
2024-01-01 07:30:00,user_001,4,148,light,5.764000000000001,66.19225853623881,51.38259495278354,97.4,33.308,awake,0,46.0311435020966,68,44.5,48.7,97.8,34.15,5.65
2024-01-01 07:31:00,user_001,5,153,light,5.854000000000001,68.46150569082587,47.82172996852236,97.58,33.282,awake,0,50.18742900139773,73,40.7,58.5,97.6,32.38,6.08
2024-01-01 07:32:00,user_001,6,159,light,5.854000000000001,66.64100379388391,47.814486645681576,97.73999999999998,33.15,awake,0,54.32495266759849,63,47.8,62.6,97.1,32.98,5.58
2024-01-01 07:33:00,user_001,8,167,light,5.754,68.09400252925595,48.14299109712105,97.56,32.79600000000001,awake,0,53.349968445065656,71,48.8,51.4,97.8,33.06,6.48
2024-01-01 07:34:00,user_001,6,173,light,5.65,67.39600168617064,49.92866073141403,97.4,33.098,awake,0,55.8999789633771,66,53.5,61.0,98.4,33.18,5.48
2024-01-01 07:35:00,user_001,9,182,light,5.618,66.26400112411376,51.719107154276024,97.8,33.05,awake,0,54.73331930891806,64,55.3,52.4,96.9,32.38,5.15
2024-01-01 07:36:00,user_001,6,188,light,5.584,66.84266741607584,50.91273810285068,97.56,33.334,awake,0,51.2888795392787,68,49.3,44.4,96.8,33.89,5.56
2024-01-01 07:37:00,user_001,2,190,sedentary,5.508,65.5617782773839,48.708492068567125,97.52,33.483999999999995,awake,0,46.62591969285247,63,44.3,37.3,99.1,32.74,5.42
2024-01-01 07:38:00,user_001,3,193,sedentary,5.924,65.7078521849226,47.23899471237809,97.6,33.658,awake,0,49.28394646190165,66,44.3,54.6,96.6,34.48,6.31
2024-01-01 07:39:00,user_001,3,196,sedentary,5.964,64.47190145661507,50.359329808252056,97.98,33.385999999999996,awake,0,45.38929764126777,62,56.6,37.6,98.2,33.93,5.1
2024-01-01 07:40:00,user_001,3,199,sedentary,5.828,68.98126763774339,46.93955320550137,97.62,33.724000000000004,awake,0,46.99286509417851,78,40.1,50.2,97.3,33.25,7.23
2024-01-01 07:41:00,user_001,3,202,sedentary,5.422,68.98751175849559,49.59303547033425,97.86,33.49399999999999,awake,0,45.99524339611901,69,54.9,44.0,98.7,32.53,5.76
2024-01-01 07:42:00,user_001,1,203,sedentary,5.787999999999999,67.6583411723304,51.8620236468895,97.5,33.552,awake,0,37.73016226407934,65,56.4,21.2,97.3,34.43,4.74
2024-01-01 07:43:00,user_001,4,207,light,5.556,68.10556078155359,56.108015764593,97.44,33.536,awake,0,35.120108176052895,69,64.6,29.9,97.8,33.33,4.28
2024-01-01 07:44:00,user_001,7,214,light,5.65,68.07037385436907,52.33867717639533,97.24,33.702,awake,0,42.746738784035266,68,44.8,58.0,96.4,34.22,6.93
2024-01-01 07:45:00,user_001,6,220,light,5.720000000000001,67.71358256957937,50.42578478426355,97.18,33.416,awake,0,46.764492522690176,67,46.6,54.8,97.0,33.17,6.07
2024-01-01 07:46:00,user_001,5,225,light,5.845999999999999,68.80905504638625,42.15052318950904,96.92,33.566,awake,0,52.97632834846012,71,25.6,65.4,97.7,33.36,6.23
2024-01-01 07:47:00,user_001,4,229,light,5.516,69.8727033642575,41.10034879300603,97.48,33.260000000000005,awake,0,53.85088556564008,72,39.0,55.6,97.0,33.0,5.09
2024-01-01 07:48:00,user_001,2,231,sedentary,5.47,68.58180224283834,40.93356586200402,97.58,33.414,awake,0,52.63392371042672,66,40.6,50.2,96.5,34.08,4.91
2024-01-01 07:49:00,user_001,4,235,light,5.258,67.72120149522556,45.72237724133601,97.72,33.48799999999999,awake,0,49.98928247361781,66,55.3,44.7,99.2,32.69,5.28
2024-01-01 07:50:00,user_001,4,239,light,5.3,67.48080099681704,53.148251494224006,98.12,33.786,awake,0,44.99285498241187,67,68.0,35.0,97.5,33.94,5.84
2024-01-01 07:51:00,user_001,6,245,light,5.624,63.987200664544694,54.99883432948267,98.24,33.81,awake,0,44.06190332160791,57,58.7,42.2,98.4,33.73,5.17
2024-01-01 07:52:00,user_001,3,248,sedentary,5.716,62.991467109696465,57.199222886321785,97.88,33.976,awake,0,40.17460221440527,61,61.6,32.4,99.0,34.49,5.3
2024-01-01 07:53:00,user_001,7,255,light,5.768,66.9943114064643,51.59948192421452,97.9,33.824,awake,0,47.88306814293685,75,40.4,63.3,97.1,34.2,6.53
2024-01-01 07:54:00,user_001,5,260,light,5.8759999999999994,70.32954093764288,46.03298794947634,97.8,33.75600000000001,awake,0,50.22204542862457,77,34.9,54.9,97.4,33.52,5.74
2024-01-01 07:55:00,user_001,6,266,light,6.122,69.21969395842858,46.52199196631756,97.68,33.592,awake,0,50.44803028574972,67,47.5,50.9,97.6,33.18,6.1
2024-01-01 07:56:00,user_001,3,269,sedentary,6.176,69.81312930561906,45.18132797754504,97.92,33.476,awake,0,50.73202019049981,71,42.5,51.3,97.9,33.39,5.71
2024-01-01 07:57:00,user_001,6,275,light,6.33,69.87541953707937,43.587551985030025,98.06,33.644,awake,0,53.854680126999874,70,40.4,60.1,98.4,33.67,6.53
2024-01-01 07:58:00,user_001,9,284,light,6.2219999999999995,74.58361302471958,44.72503465668668,97.98,33.726,awake,0,54.33645341799991,84,47.0,55.3,98.3,33.62,6.8
2024-01-01 07:59:00,user_001,11,295,active,6.316,74.38907534981306,41.78335643779112,97.9,33.684000000000005,awake,0,61.39096894533327,74,35.9,75.5,98.1,34.36,6.51
2024-01-01 08:00:00,user_001,4,299,light,5.901999999999999,73.25938356654204,46.855570958527416,97.52,33.798,awake,0,50.827312630222174,71,57.0,29.7,97.2,33.59,5.56
2024-01-01 08:01:00,user_001,6,305,light,5.672,71.17292237769469,46.53704730568494,97.48,33.86,awake,0,51.95154175348145,67,45.9,54.2,97.5,33.18,6.18
2024-01-01 08:02:00,user_001,6,311,light,5.608,68.78194825179646,47.791364870456626,97.72,33.74400000000001,awake,0,54.367694502320965,64,50.3,59.2,96.5,34.24,4.46
2024-01-01 08:03:00,user_001,3,314,sedentary,5.5760000000000005,70.18796550119764,48.22757658030442,97.82,33.854,awake,0,53.778463001547316,73,49.1,52.6,98.1,33.93,5.65
2024-01-01 08:04:00,user_001,7,321,light,5.252000000000001,69.4586436674651,47.118384386869614,98.04,33.896,awake,0,53.55230866769821,68,44.9,53.1,99.3,33.78,6.19
2024-01-01 08:05:00,user_001,4,325,light,5.424,67.9724291116434,52.47892292457974,98.38,33.79,awake,0,45.33487244513214,65,63.2,28.9,97.7,34.14,5.4
2024-01-01 08:06:00,user_001,2,327,sedentary,5.68,68.3149527410956,46.05261528305317,98.18,33.565999999999995,awake,0,54.223248296754754,69,33.2,72.0,98.6,33.39,4.56
2024-01-01 08:07:00,user_001,4,331,light,5.728,67.8766351607304,51.60174352203544,97.68,33.470000000000006,awake,0,51.71549886450317,67,62.7,46.7,98.2,33.71,5.32
2024-01-01 08:08:00,user_001,8,339,light,5.904,71.91775677382027,48.56782901469029,97.46,33.392,awake,0,56.54366590966878,80,42.5,66.2,97.1,32.81,6.93
2024-01-01 08:09:00,user_001,6,345,light,6.3340000000000005,73.27850451588019,51.17855267646019,97.26,33.54,awake,0,53.29577727311252,76,56.4,46.8,96.8,33.3,6.43
2024-01-01 08:10:00,user_001,0,345,sedentary,6.459999999999999,72.85233634392013,50.91903511764013,97.2,33.406,awake,0,54.630518182075015,72,50.4,57.3,96.6,33.75,6.28
2024-01-01 08:11:00,user_001,7,352,light,6.354,74.90155756261342,52.21269007842675,97.38,33.512,awake,0,50.72034545471667,79,54.8,42.9,97.6,34.13,6.71
2024-01-01 08:12:00,user_001,5,357,light,6.454000000000001,73.93437170840895,50.54179338561784,97.34,33.518,awake,0,50.74689696981111,72,47.2,50.8,97.9,33.04,5.95
2024-01-01 08:13:00,user_001,4,361,light,6.467999999999999,71.95624780560597,51.02786225707856,97.72,33.256,awake,0,51.39793131320741,68,52.0,52.7,98.0,33.34,6.4
2024-01-01 08:14:00,user_001,5,366,light,6.258,74.63749853707064,53.01857483805238,97.62,33.138,awake,0,49.131954208804935,80,57.0,44.6,96.6,33.33,6.93
2024-01-01 08:15:00,user_001,7,373,light,6.138,74.7583323580471,51.51238322536826,97.56,33.142,awake,0,50.28796947253662,75,48.5,52.6,98.5,32.44,6.35
2024-01-01 08:16:00,user_001,8,381,light,6.046,72.1722215720314,55.40825548357884,97.36,33.21,awake,0,41.891979648357754,67,63.2,25.1,97.1,33.54,5.66
2024-01-01 08:17:00,user_001,4,385,light,5.7780000000000005,71.78148104802094,54.33883698905256,97.36,33.282,awake,0,46.46131976557184,71,52.2,55.6,97.6,33.06,5.35
2024-01-01 08:18:00,user_001,6,391,light,5.932,70.5209873653473,50.32589132603504,96.96,33.602,awake,0,51.77421317704789,68,42.3,62.4,97.0,33.68,5.94
2024-01-01 08:19:00,user_001,6,397,light,6.172,68.68065824356486,49.21726088402337,97.16,33.727999999999994,awake,0,50.282808784698595,65,47.0,47.3,96.6,33.69,5.59
2024-01-01 08:20:00,user_001,5,402,light,6.232000000000001,71.45377216237658,51.411507256015575,97.14,33.652,awake,0,48.6218725231324,77,55.8,45.3,96.5,34.04,7.12
2024-01-01 08:21:00,user_001,4,406,light,6.324,74.96918144158438,45.27433817067705,97.06,33.678,awake,0,50.214581682088266,82,33.0,53.4,98.1,34.17,6.86
2024-01-01 08:22:00,user_001,4,410,light,6.418000000000001,71.64612096105625,49.649558780451365,97.14,33.7,awake,0,44.80972112139218,65,58.4,34.0,97.5,32.68,5.65
2024-01-01 08:23:00,user_001,3,413,sedentary,6.258,72.76408064070417,47.69970585363424,97.56,33.442,awake,0,46.40648074759479,75,43.8,49.6,96.6,33.81,6.4
2024-01-01 08:24:00,user_001,1,414,sedentary,5.974,71.50938709380277,43.93313723575616,97.58,33.368,awake,0,50.7709871650632,69,36.4,59.5,97.0,33.8,6.06
2024-01-01 08:25:00,user_001,8,422,light,5.973999999999999,71.00625806253518,46.32209149050411,97.68,33.596000000000004,awake,0,52.18065811004213,70,51.1,55.0,98.6,32.75,6.32
2024-01-01 08:26:00,user_001,7,429,light,5.768,70.33750537502345,44.98139432700274,98.2,33.42,awake,0,50.18710540669475,69,42.3,46.2,98.2,33.8,5.44
2024-01-01 08:27:00,user_001,9,438,light,5.58,69.55833691668231,44.62092955133516,98.54,33.403999999999996,awake,0,53.55807027112983,68,43.9,60.3,98.0,33.82,5.65
2024-01-01 08:28:00,user_001,6,444,light,5.590000000000001,70.37222461112154,43.78061970089011,98.32,33.355999999999995,awake,0,49.43871351408655,72,42.1,41.2,99.2,32.93,5.37
2024-01-01 08:29:00,user_001,4,448,light,5.768,69.58148307408102,46.08707980059341,98.1,33.278,awake,0,43.592475676057695,68,50.7,31.9,98.7,33.72,5.12
2024-01-01 08:30:00,user_001,4,452,light,5.776,70.72098871605401,45.4580532003956,98.42,33.244,awake,0,43.228317117371795,73,44.2,42.5,97.5,32.51,6.37
2024-01-01 08:31:00,user_001,7,459,light,5.752000000000001,71.14732581070267,47.738702133597066,98.28,33.236000000000004,awake,0,45.018878078247866,72,52.3,48.6,97.1,33.41,6.33
2024-01-01 08:32:00,user_001,4,463,light,5.734,71.09821720713511,51.425801422398045,97.96,32.982,awake,0,45.045918718831906,71,58.8,45.1,99.6,33.65,5.69
2024-01-01 08:33:00,user_001,4,467,light,5.806,69.73214480475674,52.717200948265365,97.74,33.017999999999994,awake,0,45.69727914588793,67,55.3,47.0,98.5,32.89,5.25
2024-01-01 08:34:00,user_001,3,470,sedentary,5.768000000000001,69.4880965365045,57.61146729884357,97.46,33.06,awake,0,43.13151943059196,69,67.4,38.0,97.1,32.45,5.03
2024-01-01 08:35:00,user_001,3,473,sedentary,5.720000000000001,71.65873102433633,60.97431153256238,96.84,33.144,awake,0,37.38767962039464,76,67.7,25.9,96.4,32.69,6.73
2024-01-01 08:36:00,user_001,5,478,light,5.812,72.77248734955755,55.51620768837492,96.56,33.196,awake,0,42.99178641359642,75,44.6,54.2,95.7,33.62,6.14
2024-01-01 08:37:00,user_001,7,485,light,6.192,70.84832489970503,49.81080512558328,96.86,33.356,awake,0,50.89452427573095,67,38.4,66.7,96.5,34.07,5.45
2024-01-01 08:38:00,user_001,5,490,light,5.802,71.23221659980335,48.37387008372218,97.24,33.534000000000006,awake,0,48.86301618382063,72,45.5,44.8,97.1,33.15,5.71
2024-01-01 08:39:00,user_001,3,493,sedentary,5.65,72.82147773320223,48.38258005581479,97.64,33.476,awake,0,48.042010789213755,76,48.4,46.4,98.6,33.25,6.93
2024-01-01 08:40:00,user_001,5,498,light,5.574,69.88098515546815,56.621720037209855,97.94,33.275999999999996,awake,0,41.99467385947583,64,73.1,29.9,98.3,33.58,4.78
2024-01-01 08:41:00,user_001,7,505,light,5.7379999999999995,71.58732343697876,52.34781335813991,97.9,33.45399999999999,awake,0,48.629782572983885,75,43.8,61.9,97.7,33.33,5.38
2024-01-01 08:42:00,user_001,9,514,light,5.438,70.72488229131918,52.26520890542661,97.48,33.589999999999996,awake,0,47.253188381989254,69,52.1,44.5,98.0,33.07,5.07
2024-01-01 08:43:00,user_001,3,517,sedentary,5.412000000000001,72.14992152754611,48.41013927028441,97.28,33.480000000000004,awake,0,56.2687922546595,75,40.7,74.3,96.9,34.04,6.53
2024-01-01 08:44:00,user_001,2,519,sedentary,5.473999999999999,70.76661435169741,47.64009284685628,97.4,33.61,awake,0,53.212528169773,68,46.1,47.1,96.5,33.93,5.43
2024-01-01 08:45:00,user_001,4,523,light,5.7299999999999995,68.17774290113161,44.76006189790419,97.3,33.854,awake,0,55.475018779848675,63,39.0,60.0,97.3,33.03,4.65
2024-01-01 08:46:00,user_001,7,530,light,5.6240000000000006,66.78516193408774,41.906707931936126,97.54,33.798,awake,0,59.75001251989912,64,36.2,68.3,98.3,33.98,5.69
2024-01-01 08:47:00,user_001,3,533,sedentary,5.5440000000000005,68.52344128939183,48.60447195462408,97.74,33.628,awake,0,54.70000834659941,72,62.0,44.6,97.5,34.29,6.35
2024-01-01 08:48:00,user_001,8,541,light,5.628,70.01562752626121,52.00298130308272,97.58,33.622,awake,0,51.30000556439961,73,58.8,44.5,98.1,33.76,6.0
2024-01-01 08:49:00,user_001,3,544,sedentary,5.538,69.01041835084081,50.06865420205514,97.46,33.459999999999994,awake,0,49.866670376266406,67,46.2,47.0,97.5,33.08,5.03
2024-01-01 08:50:00,user_001,4,548,light,5.43,71.0069455672272,52.74576946803676,97.4,33.134,awake,0,48.11111358417761,75,58.1,44.6,96.5,33.0,5.07
2024-01-01 08:51:00,user_001,7,555,light,5.258,68.67129704481813,47.73051297869117,97.46,33.128,awake,0,57.54074238945174,64,37.7,76.4,97.7,33.17,5.24
2024-01-01 08:52:00,user_001,6,561,light,5.494,69.78086469654542,47.387008652460786,97.2,33.29600000000001,awake,0,54.56049492630115,72,46.7,48.6,97.2,32.66,5.81
2024-01-01 08:53:00,user_001,3,564,sedentary,5.662,68.52057646436361,48.89133910164052,97.64,33.418,awake,0,49.47366328420077,66,51.9,39.3,98.4,33.73,5.14
2024-01-01 08:54:00,user_001,7,571,light,5.804,68.68038430957574,53.26089273442701,97.4,33.438,awake,0,44.815775522800514,69,62.0,35.5,96.2,33.92,6.21
2024-01-01 08:55:00,user_001,4,575,light,5.698,69.7869228730505,52.30726182295134,97.42,33.5,awake,0,48.41051701520035,72,50.4,55.6,98.7,33.61,5.91
2024-01-01 08:56:00,user_001,2,577,sedentary,6.17,69.191281915367,53.204841215300895,97.0,33.35,awake,0,45.37367801013357,68,55.0,39.3,96.5,33.27,5.95
2024-01-01 08:57:00,user_001,5,582,light,6.064,69.46085461024467,50.236560810200594,97.42,33.144,awake,0,49.14911867342238,70,44.3,56.7,97.3,32.97,5.28
2024-01-01 08:58:00,user_001,5,587,light,6.16,71.97390307349644,49.99104054013373,97.0,33.074,awake,0,53.23274578228159,77,49.5,61.4,96.3,32.98,7.5
2024-01-01 08:59:00,user_001,7,594,light,6.276000000000001,70.98260204899763,53.960693693422485,97.12,33.339999999999996,awake,0,45.45516385485439,69,61.9,29.9,98.3,32.89,5.68
2024-01-01 09:00:00,user_001,5,599,light,6.486,73.65506803266508,46.00712912894832,97.32,33.452,awake,0,52.703442569902926,79,30.1,67.2,96.6,33.26,6.39
2024-01-01 09:01:00,user_001,7,606,light,6.45,72.10337868844339,50.90475275263221,97.48,33.4,awake,0,46.66896171326862,69,60.7,34.6,97.1,34.6,6.53
2024-01-01 09:02:00,user_001,6,612,light,6.3740000000000006,74.06891912562892,48.76983516842148,97.3,33.666,awake,0,46.045974475512416,78,44.5,44.8,98.3,33.53,6.33
2024-01-01 09:03:00,user_001,3,615,sedentary,6.1,76.71261275041928,42.94655677894766,97.58,33.696,awake,0,51.09731631700828,82,31.3,61.2,97.1,32.72,7.32
2024-01-01 09:04:00,user_001,7,622,light,5.99,72.14174183361285,44.7643711859651,97.72,33.392,awake,0,50.66487754467219,63,48.4,49.8,97.4,34.22,5.3
2024-01-01 09:05:00,user_001,4,626,light,6.076,71.76116122240857,50.376247457310065,97.6,33.364,awake,0,51.77658502978145,71,61.6,54.0,98.0,33.41,5.02
2024-01-01 09:06:00,user_001,3,629,sedentary,5.882,73.84077414827239,47.51749830487338,97.58,33.336,awake,0,56.7843900198543,78,41.8,66.8,97.8,33.08,5.98
2024-01-01 09:07:00,user_001,6,635,light,5.9559999999999995,73.8938494321816,48.61166553658225,97.54,33.256,awake,0,54.02292667990287,74,50.8,48.5,97.7,33.39,6.76
2024-01-01 09:08:00,user_001,5,640,light,6.008,74.92923295478774,42.67444369105484,97.5,33.304,awake,0,56.481951119935246,77,30.8,61.4,97.0,32.58,6.35
2024-01-01 09:09:00,user_001,2,642,sedentary,6.078,73.95282196985849,38.48296246070323,97.4,33.372,awake,0,61.15463407995683,72,30.1,70.5,97.2,33.82,5.67
2024-01-01 09:10:00,user_001,2,644,sedentary,6.002000000000001,74.63521464657232,37.78864164046882,97.4,33.178000000000004,awake,0,64.86975605330456,76,36.4,72.3,97.8,33.65,5.28
2024-01-01 09:11:00,user_001,7,651,light,6.208,74.42347643104821,44.492427760312545,97.2,33.408,awake,0,55.7798373688697,74,57.9,37.6,97.3,33.42,6.33
2024-01-01 09:12:00,user_001,3,654,sedentary,6.19,76.61565095403215,44.7282851735417,97.26,33.286,awake,0,54.21989157924647,81,45.2,51.1,97.7,32.42,6.38
2024-01-01 09:13:00,user_001,6,660,light,6.422,76.41043396935477,49.21885678236114,97.28,33.374,awake,0,48.11326105283098,76,58.2,35.9,96.0,33.73,7.38
2024-01-01 09:14:00,user_001,5,665,light,6.2940000000000005,76.60695597956985,52.31257118824076,97.42,33.502,awake,0,47.44217403522065,77,58.5,46.1,97.5,33.21,5.58
2024-01-01 09:15:00,user_001,4,669,light,6.188,75.40463731971323,48.37504745882717,97.34,33.938,awake,0,49.928116023480435,73,40.5,54.9,97.9,34.09,6.44
2024-01-01 09:16:00,user_001,6,675,light,6.014,74.60309154647548,53.51669830588478,97.7,34.0,awake,0,47.48541068232029,73,63.8,42.6,98.0,34.06,5.69
2024-01-01 09:17:00,user_001,2,677,sedentary,6.156000000000001,74.06872769765032,49.91113220392319,97.6,34.116,awake,0,50.09027378821353,73,42.7,55.3,97.3,34.6,5.85
2024-01-01 09:18:00,user_001,4,681,light,6.186,75.04581846510021,52.24075480261546,97.74,34.092,awake,0,49.26018252547569,77,56.9,47.6,97.8,34.04,6.51
2024-01-01 09:19:00,user_001,4,685,light,6.609999999999999,74.36387897673347,54.06050320174364,97.58,33.852,awake,0,40.673455016983795,73,57.7,23.5,97.0,33.79,6.29
2024-01-01 09:20:00,user_001,3,688,sedentary,6.6579999999999995,75.24258598448898,51.90700213449576,97.82,33.648,awake,0,45.18230334465587,77,47.6,54.2,98.6,33.97,6.59
2024-01-01 09:21:00,user_001,7,695,light,6.498,78.49505732299265,49.67133475633051,97.74,33.564,awake,0,50.488202229770586,85,45.2,61.1,97.2,32.86,7.81
2024-01-01 09:22:00,user_001,4,699,light,6.6579999999999995,78.66337154866177,49.61422317088701,97.66,33.378,awake,0,45.625468153180385,79,49.5,35.9,98.5,33.58,6.09
2024-01-01 09:23:00,user_001,5,704,light,6.526000000000001,76.77558103244118,49.50948211392467,97.4,33.33,awake,0,43.48364543545359,73,49.3,39.2,97.4,33.62,5.71
2024-01-01 09:24:00,user_001,3,707,sedentary,6.1339999999999995,78.18372068829412,46.93965474261645,97.3,33.428,awake,0,45.98909695696906,81,41.8,51.0,96.6,32.86,7.09
2024-01-01 09:25:00,user_001,6,713,light,6.017999999999999,76.45581379219608,45.72643649507763,97.06,33.55800000000001,awake,0,52.52606463797937,73,43.3,65.6,97.3,33.73,5.93
2024-01-01 09:26:00,user_001,9,722,light,6.1,72.63720919479739,46.05095766338509,96.92,33.414,awake,0,53.31737642531957,65,46.7,54.9,96.7,33.35,5.85
2024-01-01 09:27:00,user_001,6,728,light,5.99,71.75813946319826,51.10063844225672,97.06,33.47,awake,0,50.14491761687972,70,61.2,43.8,97.3,34.23,5.51
2024-01-01 09:28:00,user_001,5,733,light,6.114,69.83875964213217,45.50042562817115,97.26,33.424,awake,0,53.39661174458647,66,34.3,59.9,96.7,32.9,6.12
2024-01-01 09:29:00,user_001,4,737,light,6.497999999999999,70.89250642808811,44.7002837521141,97.64,33.594,awake,0,56.897741163057646,73,43.1,63.9,97.3,33.14,6.54
2024-01-01 09:30:00,user_001,7,744,light,6.684,72.26167095205874,44.5335225014094,97.58,33.364000000000004,awake,0,60.66516077537176,75,44.2,68.2,98.3,33.5,6.55
2024-01-01 09:31:00,user_001,4,748,light,6.808,75.84111396803915,43.955681667606264,97.86,33.544,awake,0,58.54344051691451,83,42.8,54.3,98.6,34.2,7.77
2024-01-01 09:32:00,user_001,5,753,light,6.95,76.2274093120261,45.937121111737504,98.14,33.588,awake,0,55.06229367794301,77,49.9,48.1,97.0,33.08,6.44
2024-01-01 09:33:00,user_001,6,759,light,6.644,75.48493954135073,42.058080741158335,97.8,33.583999999999996,awake,0,55.108195785295344,74,34.3,55.2,98.1,33.8,6.74
2024-01-01 09:34:00,user_001,8,767,light,6.274,76.65662636090049,46.90538716077222,97.3,33.510000000000005,awake,0,49.6387971901969,79,56.6,38.7,98.7,33.36,7.25
2024-01-01 09:35:00,user_001,2,769,sedentary,6.354,72.43775090726699,51.170258107181475,97.18,33.635999999999996,awake,0,45.2258647934646,64,59.7,36.4,96.6,33.48,5.02
2024-01-01 09:36:00,user_001,6,775,light,6.386,73.62516727151133,52.080172071454314,97.06,33.672000000000004,awake,0,46.41724319564307,76,53.9,48.8,96.1,33.83,5.92
2024-01-01 09:37:00,user_001,10,785,light,6.384,75.41677818100756,49.45344804763621,96.48,33.843999999999994,awake,0,44.81149546376204,79,44.2,41.6,96.4,33.71,6.84
2024-01-01 09:38:00,user_001,5,790,light,6.68,72.94451878733837,47.03563203175747,96.84,33.798,awake,0,53.54099697584136,68,42.2,71.0,97.5,33.98,6.9
2024-01-01 09:39:00,user_001,5,795,light,6.644,75.6296791915589,45.49042135450498,96.76,33.694,awake,0,53.99399798389424,81,42.4,54.9,95.8,34.22,7.24
2024-01-01 09:40:00,user_001,2,797,sedentary,6.518000000000001,76.0864527943726,46.16028090300332,96.98,33.716,awake,0,51.42933198926283,77,47.5,46.3,98.4,33.25,6.5
2024-01-01 09:41:00,user_001,3,800,sedentary,6.587999999999999,75.0576351962484,49.04018726866888,97.04,33.79600000000001,awake,0,52.319554659508555,73,54.8,54.1,95.7,33.31,5.74
2024-01-01 09:42:00,user_001,8,808,light,6.38,76.0384234641656,47.960124845779255,97.5,33.64,awake,0,50.7463697730057,78,45.8,47.6,97.5,33.82,6.21
2024-01-01 09:43:00,user_001,3,811,sedentary,6.220000000000001,79.3589489761104,47.90674989718617,97.5,33.705999999999996,awake,0,51.49757984867048,86,47.8,53.0,97.8,34.38,7.25
2024-01-01 09:44:00,user_001,4,815,light,6.324,78.23929931740693,46.23783326479077,98.12,33.745999999999995,awake,0,49.89838656578032,76,42.9,46.7,98.1,33.44,6.2
2024-01-01 09:45:00,user_001,5,820,light,6.268,77.49286621160462,47.52522217652719,98.18,33.69199999999999,awake,0,45.93225771052022,76,50.1,38.0,98.4,33.58,5.7
2024-01-01 09:46:00,user_001,3,823,sedentary,6.154,75.99524414106975,46.88348145101813,98.02,33.534,awake,0,51.82150514034681,73,45.6,63.6,98.8,33.51,6.26
2024-01-01 09:47:00,user_001,6,829,light,6.174,74.33016276071316,48.38898763401209,97.94,33.684,awake,0,51.38100342689787,71,51.4,50.5,97.8,33.55,5.93
2024-01-01 09:48:00,user_001,4,833,light,6.2620000000000005,75.88677517380877,41.79265842267473,97.82,33.598,awake,0,62.45400228459857,79,28.6,84.6,97.0,33.59,6.68
2024-01-01 09:49:00,user_001,5,838,light,6.324,74.25785011587251,45.72843894844982,97.6,33.582,awake,0,56.90266818973239,71,53.6,45.8,97.7,34.19,6.3
2024-01-01 09:50:00,user_001,5,843,light,6.465999999999999,74.50523341058168,48.11895929896655,97.46,33.548,awake,0,53.435112126488264,75,52.9,46.5,97.8,33.15,6.14
2024-01-01 09:51:00,user_001,1,844,sedentary,6.484,74.00348894038778,49.87930619931103,97.76,33.556,awake,0,47.25674141765885,73,53.4,34.9,97.7,33.43,6.57
2024-01-01 09:52:00,user_001,7,851,light,6.481999999999999,75.33565929359186,45.486204132874015,97.66,33.263999999999996,awake,0,51.53782761177256,78,36.7,60.1,97.1,33.38,6.64
2024-01-01 09:53:00,user_001,5,856,light,6.516,75.89043952906124,43.59080275524934,97.58,33.44,awake,0,51.891885074515045,77,39.8,52.6,98.5,33.63,6.77
2024-01-01 09:54:00,user_001,3,859,sedentary,6.3919999999999995,77.26029301937416,41.49386850349956,97.4,33.564,awake,0,56.42792338301003,80,37.3,65.5,97.2,32.73,6.29
2024-01-01 09:55:00,user_001,9,868,light,6.279999999999999,75.84019534624944,44.79591233566637,97.62,33.684,awake,0,52.11861558867336,73,51.4,43.5,97.4,34.03,6.31
2024-01-01 09:56:00,user_001,6,874,light,6.192,75.22679689749963,47.99727489044425,97.78,33.815999999999995,awake,0,49.61241039244891,74,54.4,44.6,96.8,34.05,5.95
2024-01-01 09:57:00,user_001,7,881,light,6.166,73.48453126499975,45.99818326029617,98.04,34.083999999999996,awake,0,50.84160692829928,70,42.0,53.3,98.2,33.98,6.08
2024-01-01 09:58:00,user_001,4,885,light,6.384,73.32302084333317,51.09878884019745,97.88,34.053999999999995,awake,0,44.227737952199526,73,61.3,31.0,99.3,34.29,6.33
2024-01-01 09:59:00,user_001,2,887,sedentary,6.442,74.54868056222212,54.03252589346496,97.9,33.75,awake,0,42.818491968133024,77,59.9,40.0,98.5,34.07,6.16
2024-01-01 10:00:00,user_001,5,892,light,6.636,76.69912037481474,51.72168392897664,97.52,33.702000000000005,awake,0,48.47899464542201,81,47.1,59.8,96.6,33.88,7.4
2024-01-01 10:01:00,user_001,3,895,sedentary,6.888,75.4660802498765,51.747789285984425,97.2,33.472,awake,0,50.852663096948014,73,51.8,55.6,96.9,32.53,6.24
2024-01-01 10:02:00,user_001,4,899,light,6.914,77.64405349991766,44.03185952398962,97.08,33.234,awake,0,56.16844206463201,82,28.6,66.8,96.3,33.74,7.05
2024-01-01 10:03:00,user_001,9,908,light,7.008,79.76270233327844,42.52123968265975,97.16,33.074,awake,0,58.945628043088014,84,39.5,64.5,97.7,33.14,7.59
2024-01-01 10:04:00,user_001,6,914,light,6.99,79.84180155551896,39.514159788439834,97.2,33.512,awake,0,59.23041869539201,80,33.5,59.8,97.9,32.88,6.29
2024-01-01 10:05:00,user_001,8,922,light,6.574,82.22786770367931,37.942773192293224,97.14,33.541999999999994,awake,0,60.586945796928006,87,34.8,63.3,97.0,33.08,7.87
2024-01-01 10:06:00,user_001,5,927,light,6.2219999999999995,79.4852451357862,42.92851546152881,97.08,33.534000000000006,awake,0,57.92463053128534,74,52.9,52.6,97.1,34.72,6.15
2024-01-01 10:07:00,user_001,6,933,light,6.372,76.65683009052414,47.38567697435254,96.88,33.424,awake,0,55.24975368752356,71,56.3,49.9,96.0,33.89,4.97
2024-01-01 10:08:00,user_001,5,938,light,6.084,74.10455339368276,50.69045131623503,96.88,33.424,awake,0,52.99983579168238,69,57.3,48.5,97.4,33.1,5.83
2024-01-01 10:09:00,user_001,2,940,sedentary,6.192,77.73636892912184,49.42696754415669,97.32,33.284000000000006,awake,0,56.599890527788254,85,46.9,63.8,96.9,32.33,7.04
2024-01-01 10:10:00,user_001,6,946,light,6.404000000000001,78.82424595274789,49.91797836277112,97.72,33.184000000000005,awake,0,50.566593685192174,81,50.9,38.5,97.0,33.08,6.43
2024-01-01 10:11:00,user_001,7,953,light,6.458,78.21616396849859,43.611985575180746,97.74,33.296,awake,0,52.94439579012811,77,31.0,57.7,99.3,34.02,6.69
2024-01-01 10:12:00,user_001,3,956,sedentary,6.498,78.47744264566573,40.207990383453826,97.9,33.454,awake,0,54.29626386008541,79,33.4,57.0,98.0,33.39,6.03
2024-01-01 10:13:00,user_001,2,958,sedentary,6.446000000000001,76.3182950971105,42.238660255635885,97.92,33.666,awake,0,55.86417590672361,72,46.3,59.0,97.5,33.66,6.1
2024-01-01 10:14:00,user_001,3,961,sedentary,6.518000000000001,80.87886339807366,44.492440170423926,97.72,33.668,awake,0,53.87611727114907,90,49.0,49.9,97.7,33.12,7.24
2024-01-01 10:15:00,user_001,1,962,sedentary,6.659999999999999,79.91924226538244,43.69496011361595,97.58,33.577999999999996,awake,0,56.850744847432715,78,42.1,62.8,97.1,34.14,6.17
2024-01-01 10:16:00,user_001,8,970,light,6.618,79.2794948435883,40.1299734090773,97.4,33.538,awake,0,63.90049656495514,78,33.0,78.0,98.3,34.03,7.05
2024-01-01 10:17:00,user_001,2,972,sedentary,6.568,79.85299656239219,39.68664893938487,97.62,33.553999999999995,awake,0,64.20033104330342,81,38.8,64.8,97.3,32.94,6.74
2024-01-01 10:18:00,user_001,5,977,light,6.574000000000001,79.90199770826146,38.69109929292325,97.58,33.418,awake,0,64.53355402886895,80,36.7,65.2,96.6,33.46,5.89
2024-01-01 10:19:00,user_001,6,983,light,6.364,79.60133180550764,35.494066195282166,97.74,33.274,awake,0,64.0223693525793,79,29.1,63.0,98.8,33.2,6.99
2024-01-01 10:20:00,user_001,7,990,light,6.414,77.73422120367177,46.9960441301881,97.92,33.440000000000005,awake,0,54.9815795683862,74,70.0,36.9,96.9,33.46,6.2
2024-01-01 10:21:00,user_001,4,994,light,6.702000000000001,78.48948080244784,50.76402942012541,98.2,33.202000000000005,awake,0,49.487719712257466,80,58.3,38.5,99.1,33.31,6.0
2024-01-01 10:22:00,user_001,6,1000,light,6.723999999999999,81.32632053496523,41.876019613416936,97.78,33.388,awake,0,63.791813141504974,87,24.1,92.4,98.2,33.77,6.99
2024-01-01 10:23:00,user_001,6,1006,light,6.6579999999999995,82.21754702331016,36.45067974227796,98.14,33.498000000000005,awake,0,71.62787542766999,84,25.6,87.3,98.0,32.27,7.33
2024-01-01 10:24:00,user_001,4,1010,light,6.634,83.14503134887345,36.43378649485197,98.2,33.730000000000004,awake,0,70.85191695177998,85,36.4,69.3,96.7,34.13,7.1
2024-01-01 10:25:00,user_001,5,1015,light,6.552,80.43002089924896,35.15585766323465,97.9,33.572,awake,0,69.00127796785331,75,32.6,65.3,98.7,34.01,5.87
2024-01-01 10:26:00,user_001,7,1022,light,6.388,77.95334726616598,47.403905108823096,97.78,33.908,awake,0,59.46751864523554,73,71.9,40.4,99.4,34.47,5.88
2024-01-01 10:27:00,user_001,5,1027,light,6.1579999999999995,77.63556484411065,44.56927007254873,97.8,33.730000000000004,awake,0,64.04501243015703,77,38.9,73.2,96.7,32.98,6.58
2024-01-01 10:28:00,user_001,8,1035,light,6.126,77.7570432294071,46.44618004836582,97.5,33.626,awake,0,59.36334162010469,78,50.2,50.0,97.4,33.95,6.51
2024-01-01 10:29:00,user_001,2,1037,sedentary,6.3919999999999995,79.5046954862714,44.29745336557721,97.1,33.263999999999996,awake,0,64.90889441340312,83,40.0,76.0,96.8,33.24,5.95
2024-01-01 10:30:00,user_001,6,1043,light,6.2219999999999995,76.00313032418093,42.064968910384806,97.46,33.297999999999995,awake,0,63.10592960893541,69,37.6,59.5,97.2,33.49,5.71
2024-01-01 10:31:00,user_001,8,1051,light,6.238,79.00208688278728,46.37664594025654,97.26,33.146,awake,0,63.137286405956935,85,55.0,63.2,97.4,32.66,7.21
2024-01-01 10:32:00,user_001,5,1056,light,6.1339999999999995,78.33472458852485,48.71776396017103,97.52,33.242,awake,0,57.82485760397129,77,53.4,47.2,98.5,33.15,5.73
2024-01-01 10:33:00,user_001,4,1060,light,6.0920000000000005,77.22314972568323,48.11184264011402,97.7,33.209999999999994,awake,0,53.91657173598086,75,46.9,46.1,96.4,33.19,6.59
2024-01-01 10:34:00,user_001,6,1066,light,5.898000000000001,75.48209981712215,56.14122842674268,97.58,33.342,awake,0,46.54438115732057,72,72.2,31.8,98.1,33.72,5.43
2024-01-01 10:35:00,user_001,5,1071,light,5.91,73.32139987808144,54.66081895116179,97.38,33.496,awake,0,50.29625410488038,69,51.7,57.8,98.1,33.33,5.5
2024-01-01 10:36:00,user_001,10,1081,light,5.808,76.21426658538762,50.0405459674412,97.5,33.556,awake,0,53.76416940325359,82,40.8,60.7,96.8,33.32,6.24
2024-01-01 10:37:00,user_001,1,1082,sedentary,5.95,76.80951105692507,55.29369731162746,97.4,33.512,awake,0,39.076112935502394,78,65.8,9.7,97.5,33.92,5.79
2024-01-01 10:38:00,user_001,7,1089,light,6.134,74.87300737128338,54.42913154108498,97.58,33.474000000000004,awake,0,42.51740862366827,71,52.7,49.4,97.0,33.49,6.08
2024-01-01 10:39:00,user_001,5,1094,light,6.232,73.58200491418891,57.952754360723326,97.58,33.596000000000004,awake,0,39.77827241577885,71,65.0,34.3,97.6,33.5,6.14
2024-01-01 10:40:00,user_001,7,1101,light,6.1579999999999995,74.38800327612594,54.23516957381555,97.62,33.364,awake,0,46.98551494385256,76,46.8,61.4,99.0,33.14,6.42
2024-01-01 10:41:00,user_001,3,1104,sedentary,6.274,78.25866885075062,40.85677971587703,97.58,33.344,awake,0,61.790343295901714,86,14.1,91.4,96.8,33.93,6.73
2024-01-01 10:42:00,user_001,3,1107,sedentary,6.308,77.50577923383375,37.771186477251355,97.68,33.370000000000005,awake,0,63.09356219726781,76,31.6,65.7,97.7,32.76,5.42
2024-01-01 10:43:00,user_001,7,1114,light,6.332,75.00385282255583,45.11412431816757,97.44,33.522,awake,0,54.49570813151187,70,59.8,37.3,96.8,33.39,6.66
2024-01-01 10:44:00,user_001,4,1118,light,5.9239999999999995,75.33590188170389,43.84274954544505,97.68,33.492000000000004,awake,0,55.06380542100791,76,41.3,56.2,98.1,33.63,6.31
2024-01-01 10:45:00,user_001,5,1123,light,5.984,75.55726792113593,45.79516636363004,97.56,33.628,awake,0,54.54253694733861,76,49.7,53.5,97.8,33.9,6.54
2024-01-01 10:46:00,user_001,5,1128,light,5.768,71.70484528075728,51.2301109090867,97.52,33.732,awake,0,45.328357964892405,64,62.1,26.9,98.0,33.78,4.69
2024-01-01 10:47:00,user_001,8,1136,light,5.844,73.4698968538382,50.3867406060578,97.14,33.902,awake,0,54.71890530992827,77,48.7,73.5,97.1,33.44,5.72
2024-01-01 10:48:00,user_001,5,1141,light,6.154,74.31326456922547,46.4578270707052,97.08,33.702,awake,0,57.31260353995217,76,38.6,62.5,96.6,33.91,5.58
2024-01-01 10:49:00,user_001,6,1147,light,6.616,76.54217637948365,46.17188471380347,97.06,33.562,awake,0,55.64173569330145,81,45.6,52.3,96.2,34.48,6.69
2024-01-01 10:50:00,user_001,7,1154,light,6.632,80.02811758632244,45.781256475868986,97.2,33.608,awake,0,58.2278237955343,87,45.0,63.4,97.5,32.9,8.09
2024-01-01 10:51:00,user_001,6,1160,light,6.776000000000001,81.01874505754829,44.18750431724599,97.5,33.501999999999995,awake,0,58.28521586368953,83,41.0,58.4,97.9,33.08,7.0
2024-01-01 10:52:00,user_001,6,1166,light,6.892,79.34583003836552,40.59166954483066,97.68,33.464,awake,0,60.690143909126355,76,33.4,65.5,97.8,33.67,5.8
2024-01-01 10:53:00,user_001,5,1171,light,6.7219999999999995,76.89722002557701,41.99444636322044,97.66,33.598,awake,0,55.06009593941757,72,44.8,43.8,98.1,33.38,6.3
2024-01-01 10:54:00,user_001,3,1174,sedentary,6.55,81.26481335038467,42.02963090881363,97.2,33.624,awake,0,58.54006395961172,90,42.1,65.5,97.1,34.29,7.27
2024-01-01 10:55:00,user_001,4,1178,light,6.6259999999999994,80.17654223358979,38.75308727254242,97.12,33.588,awake,0,64.59337597307449,78,32.2,76.7,97.4,33.57,7.24
2024-01-01 10:56:00,user_001,6,1184,light,6.6579999999999995,79.45102815572652,38.302058181694946,97.28,33.774,awake,0,62.46225064871633,78,37.4,58.2,95.6,33.21,6.14
2024-01-01 10:57:00,user_001,4,1188,light,6.394,78.63401877048435,38.768038787796634,97.38,33.558,awake,0,61.508167099144224,77,39.7,59.6,97.4,33.49,6.18
2024-01-01 10:58:00,user_001,8,1196,light,6.292,78.4226791803229,35.178692525197754,97.72,33.510000000000005,awake,0,63.87211139942948,78,28.0,68.6,98.9,34.31,6.46
2024-01-01 10:59:00,user_001,5,1201,light,6.364,77.94845278688193,39.51912835013184,98.16,33.592,awake,0,59.214740932952985,77,48.2,49.9,97.6,33.21,5.95
2024-01-01 11:00:00,user_001,5,1206,light,6.494,77.29896852458795,42.87941890008789,98.34,33.574,awake,0,59.00982728863533,76,49.6,58.6,99.1,33.33,6.73
2024-01-01 11:01:00,user_001,8,1214,light,6.45,76.86597901639196,42.51961260005859,98.18,33.212,awake,0,60.206551525756886,76,41.8,62.6,97.8,33.62,6.5
2024-01-01 11:02:00,user_001,4,1218,light,6.306,77.57731934426131,39.21307506670573,98.3,33.412,awake,0,60.871034350504594,79,32.6,62.2,98.3,33.4,6.83
2024-01-01 11:03:00,user_001,2,1220,sedentary,6.3740000000000006,77.05154622950754,43.24205004447049,98.04,33.602,awake,0,51.247356233669734,76,51.3,32.0,98.1,32.5,6.24
2024-01-01 11:04:00,user_001,6,1226,light,6.2780000000000005,76.36769748633836,46.49470002964699,98.12,33.69,awake,0,48.06490415577982,75,53.0,41.7,98.2,34.21,5.23
2024-01-01 11:05:00,user_001,3,1229,sedentary,6.3580000000000005,77.57846499089224,46.663133353098,97.88,33.870000000000005,awake,0,49.44326943718655,80,47.0,52.2,97.8,34.28,7.07
2024-01-01 11:06:00,user_001,6,1235,light,6.256,77.71897666059483,46.77542223539867,97.98,34.18,awake,0,51.79551295812437,78,47.0,56.5,98.2,34.06,6.02
2024-01-01 11:07:00,user_001,4,1239,light,6.7219999999999995,80.81265110706322,47.78361482359912,98.08,33.882,awake,0,53.963675305416245,87,49.8,58.3,97.1,34.3,7.23
2024-01-01 11:08:00,user_001,8,1247,light,6.556,75.87510073804215,48.25574321573274,98.08,33.964,awake,0,53.509116870277495,66,49.2,52.6,98.6,34.05,5.73
2024-01-01 11:09:00,user_001,9,1256,light,6.486,78.5834004920281,44.03716214382183,97.88,33.982,awake,0,57.00607791351833,84,35.6,64.0,98.7,32.72,7.56
2024-01-01 11:10:00,user_001,4,1260,light,6.356,80.7222669946854,43.95810809588122,97.76,33.79600000000001,awake,0,59.370718609012215,85,43.8,64.1,97.8,34.69,6.24
2024-01-01 11:11:00,user_001,3,1263,sedentary,6.39,76.8148446631236,44.43873873058748,97.6,33.756,awake,0,55.4804790726748,69,45.4,47.7,97.2,34.15,5.67
2024-01-01 11:12:00,user_001,3,1266,sedentary,6.216,76.87656310874907,45.02582582039165,97.36,33.848,awake,0,51.85365271511654,77,46.2,44.6,96.5,33.37,6.58
2024-01-01 11:13:00,user_001,4,1270,light,6.3340000000000005,76.91770873916605,48.583883880261105,97.2,33.53,awake,0,52.70243514341103,77,55.7,54.4,97.8,33.85,5.9
2024-01-01 11:14:00,user_001,6,1276,light,6.380000000000001,75.27847249277737,44.5225892535074,97.1,33.33,awake,0,53.96829009560736,72,36.4,56.5,97.5,33.18,6.69
2024-01-01 11:15:00,user_001,8,1284,light,6.458,75.18564832851824,46.11505950233826,97.14,33.174,awake,0,52.74552673040491,75,49.3,50.3,97.0,33.1,6.83
2024-01-01 11:16:00,user_001,8,1292,light,6.792,74.45709888567883,42.61003966822551,97.08,33.114,awake,0,52.297017820269936,73,35.6,51.4,96.7,33.15,5.9
2024-01-01 11:17:00,user_001,4,1296,light,6.784000000000001,78.97139925711922,39.87335977881701,97.16,33.122,awake,0,57.498011880179966,88,34.4,67.9,96.7,32.59,6.97
2024-01-01 11:18:00,user_001,5,1301,light,6.668000000000001,80.64759950474614,46.748906519211346,97.34,33.459999999999994,awake,0,51.59867458678664,84,60.5,39.8,97.5,33.55,7.57
2024-01-01 11:19:00,user_001,4,1305,light,6.659999999999999,82.09839966983075,47.53260434614089,98.0,33.534,awake,0,48.73244972452443,85,49.1,43.0,97.9,33.22,6.65
2024-01-01 11:20:00,user_001,5,1310,light,6.556,82.39893311322051,47.25506956409393,98.28,33.623999999999995,awake,0,51.68829981634962,83,46.7,57.6,97.9,34.79,6.25
2024-01-01 11:21:00,user_001,5,1315,light,6.296,79.26595540881367,42.00337970939595,98.46,33.688,awake,0,58.79219987756642,73,31.5,73.0,100.0,33.52,5.86
2024-01-01 11:22:00,user_001,6,1321,light,6.1979999999999995,78.17730360587578,42.93558647293063,98.38,33.68,awake,0,57.09479991837761,76,44.8,53.7,98.1,33.04,6.45
2024-01-01 11:23:00,user_001,1,1322,sedentary,6.396000000000001,79.11820240391718,36.95705764862042,98.08,33.45,awake,0,61.36319994558507,81,25.0,69.9,98.4,33.87,6.27
2024-01-01 11:24:00,user_001,6,1328,light,6.394,77.07880160261145,40.80470509908028,97.52,33.402,awake,0,57.34213329705671,73,48.5,49.3,97.5,33.18,6.16
2024-01-01 11:25:00,user_001,6,1334,light,6.3100000000000005,79.05253440174097,38.06980339938685,97.68,33.456,awake,0,58.42808886470448,83,32.6,60.6,96.4,33.64,7.24
2024-01-01 11:26:00,user_001,8,1342,light,6.276,78.70168960116065,42.779868932924565,97.36,33.31,awake,0,56.11872590980298,78,52.2,51.5,97.2,33.28,5.85
2024-01-01 11:27:00,user_001,6,1348,light,6.426,78.1344597341071,44.68657928861637,97.38,33.438,awake,0,55.779150606535325,77,48.5,55.1,98.9,33.31,6.03
2024-01-01 11:28:00,user_001,6,1354,light,6.172,79.75630648940474,40.75771952574425,97.6,33.476,awake,0,58.35276707102355,83,32.9,63.5,96.8,33.14,6.1
2024-01-01 11:29:00,user_001,5,1359,light,6.394,80.17087099293649,43.67181301716283,97.9,33.476,awake,0,52.001844714015704,81,49.5,39.3,97.6,33.82,6.91
2024-01-01 11:30:00,user_001,5,1364,light,6.452,79.11391399529099,51.71454201144189,97.7,33.508,awake,0,46.23456314267713,77,67.8,34.7,97.5,33.83,5.97
2024-01-01 11:31:00,user_001,5,1369,light,6.49,81.07594266352733,48.643028007627926,97.94,33.45399999999999,awake,0,49.62304209511809,85,42.5,56.4,98.7,33.28,6.96
2024-01-01 11:32:00,user_001,1,1370,sedentary,6.4879999999999995,78.71729510901822,51.29535200508528,97.9,33.532,awake,0,49.88202806341206,74,56.6,50.4,97.9,33.47,6.32
2024-01-01 11:33:00,user_001,7,1377,light,6.3740000000000006,79.81153007267882,42.33023467005685,97.54,33.63199999999999,awake,0,58.08801870894138,82,24.4,74.5,98.0,32.87,6.29
2024-01-01 11:34:00,user_001,3,1380,sedentary,6.428,80.54102004845255,44.92015644670457,97.24,33.562,awake,0,58.45867913929425,82,50.1,59.2,97.4,34.21,6.9
2024-01-01 11:35:00,user_001,5,1385,light,6.3340000000000005,79.3606800323017,43.68010429780304,97.16,33.71999999999999,awake,0,57.072452759529504,77,41.2,54.3,95.7,34.33,5.4
2024-01-01 11:36:00,user_001,5,1390,light,6.404000000000001,79.90712002153447,43.45340286520203,97.08,33.716,awake,0,57.381635173019674,81,43.0,58.0,97.2,32.93,7.23
2024-01-01 11:37:00,user_001,2,1392,sedentary,6.608,77.60474668102297,47.00226857680136,97.0,33.604,awake,0,53.25442344867978,73,54.1,45.0,97.5,34.26,5.85
2024-01-01 11:38:00,user_001,6,1398,light,6.928,79.73649778734865,45.468179051200906,97.14,33.446000000000005,awake,0,53.10294896578652,84,42.4,52.8,97.6,32.85,6.64
2024-01-01 11:39:00,user_001,6,1404,light,6.779999999999999,79.15766519156577,40.44545270080061,97.32,33.538,awake,0,57.101965977191014,78,30.4,65.1,97.0,33.65,7.92
2024-01-01 11:40:00,user_001,3,1407,sedentary,6.67,78.10511012771052,47.79696846720041,97.26,33.34400000000001,awake,0,50.46797731812734,76,62.5,37.2,96.4,33.54,7.0
2024-01-01 11:41:00,user_001,4,1411,light,6.428,80.07007341847368,41.96464564480027,97.24,33.477999999999994,awake,0,56.54531821208489,84,30.3,68.7,98.1,33.39,6.49
2024-01-01 11:42:00,user_001,5,1416,light,5.876,78.38004894564912,41.009763763200176,97.06,33.496,awake,0,55.79687880805659,75,39.1,54.3,97.2,33.29,5.3
2024-01-01 11:43:00,user_001,2,1418,sedentary,6.078,76.25336596376609,43.90650917546679,97.23999999999998,33.702,awake,0,55.73125253870439,72,49.7,55.6,97.5,33.52,5.43
2024-01-01 11:44:00,user_001,4,1422,light,5.9879999999999995,74.50224397584405,45.97100611697786,97.24,33.61,awake,0,51.25416835913626,71,50.1,42.3,96.1,33.74,5.16
2024-01-01 11:45:00,user_001,3,1425,sedentary,6.418000000000001,77.00149598389604,47.21400407798524,97.36,33.586,awake,0,51.96944557275751,82,49.7,53.4,97.3,34.57,8.01
2024-01-01 11:46:00,user_001,4,1429,light,6.492,75.66766398926403,47.94266938532349,97.3,33.612,awake,0,51.146297048505005,73,49.4,49.5,98.1,32.93,6.04
2024-01-01 11:47:00,user_001,6,1435,light,6.9719999999999995,79.77844265950935,50.32844625688233,97.5,33.458,awake,0,47.09753136567,88,55.1,39.0,97.8,33.17,7.45
2024-01-01 11:48:00,user_001,8,1443,light,6.694,76.1856284396729,51.61896417125488,97.52,33.03,awake,0,46.79835424378,69,54.2,46.2,97.2,33.65,5.8
2024-01-01 11:49:00,user_001,5,1448,light,6.862,79.79041895978193,45.07930944750325,97.46,33.47,awake,0,54.96556949585334,87,32.0,71.3,97.1,32.97,7.56
2024-01-01 11:50:00,user_001,3,1451,sedentary,6.517999999999999,79.86027930652129,36.71953963166883,97.46,33.728,awake,0,62.34371299723555,80,20.0,77.1,97.4,32.43,6.62
2024-01-01 11:51:00,user_001,7,1458,light,6.734,79.57351953768087,40.413026421112555,97.6,33.638,awake,0,59.26247533149037,79,47.8,53.1,97.8,35.13,6.88
2024-01-01 11:52:00,user_001,5,1463,light,6.478,78.38234635845392,47.57535094740837,97.82,33.524,awake,0,55.27498355432691,76,61.9,47.3,97.8,34.46,5.73
2024-01-01 11:53:00,user_001,2,1465,sedentary,6.510000000000001,79.25489757230261,42.78356729827224,97.86,33.574,awake,0,63.81665570288461,81,33.2,80.9,97.9,33.2,6.88
2024-01-01 11:54:00,user_001,3,1468,sedentary,6.395999999999999,79.16993171486841,40.45571153218149,98.08,33.24,awake,0,62.04443713525641,79,35.8,58.5,98.2,32.4,6.28
2024-01-01 11:55:00,user_001,6,1474,light,6.554,81.11328780991228,42.970474354787655,98.12,32.926,awake,0,58.29629142350427,85,48.0,50.8,97.6,32.68,6.78
2024-01-01 11:56:00,user_001,9,1483,light,6.366,80.74219187327485,45.58031623652511,97.92,32.986000000000004,awake,0,60.197527615669514,80,50.8,64.0,98.9,33.46,6.31
2024-01-01 11:57:00,user_001,4,1487,light,6.444,80.49479458218323,49.4535441576834,97.84,33.242000000000004,awake,0,52.39835174377968,80,57.2,36.8,98.0,32.89,6.52
2024-01-01 11:58:00,user_001,6,1493,light,6.58,79.32986305478882,54.0690294384556,97.9,33.519999999999996,awake,0,46.86556782918645,77,63.3,35.8,96.9,33.5,5.94
2024-01-01 11:59:00,user_001,5,1498,light,6.4079999999999995,79.21990870319254,52.2793529589704,97.74,33.476,awake,0,51.74371188612431,79,48.7,61.5,97.8,33.68,6.67
2024-01-01 12:00:00,user_001,6,1504,light,6.376,79.81327246879503,46.986235305980266,97.58,33.576,awake,0,51.52914125741621,81,36.4,51.1,97.9,34.07,7.46
2024-01-01 12:01:00,user_001,4,1508,light,6.536,76.8755149791967,44.557490203986845,97.38,33.510000000000005,awake,0,54.31942750494414,71,39.7,59.9,98.1,33.24,5.45
2024-01-01 12:02:00,user_001,2,1510,sedentary,6.545999999999999,75.58367665279779,43.93832680265789,97.56000000000002,33.292,awake,0,54.31295166996276,73,42.7,54.3,97.2,33.39,6.36
2024-01-01 12:03:00,user_001,8,1518,light,6.318,78.05578443519853,47.75888453510526,97.46,33.186,awake,0,52.17530111330851,83,55.4,47.9,95.9,33.17,6.74
2024-01-01 12:04:00,user_001,4,1522,light,6.5,78.70385629013235,45.50592302340351,97.0,33.084,awake,0,54.983534075539005,80,41.0,60.6,98.7,32.59,6.72
2024-01-01 12:05:00,user_001,2,1524,sedentary,6.638,78.80257086008824,48.970615348935674,97.02,33.048,awake,0,57.22235605035934,79,55.9,61.7,97.4,33.54,6.32
2024-01-01 12:06:00,user_001,4,1528,light,6.603999999999999,79.20171390672549,42.91374356595711,97.46,33.154,awake,0,65.68157070023956,80,30.8,82.6,95.8,32.73,6.36
2024-01-01 12:07:00,user_001,5,1533,light,6.595999999999999,79.80114260448366,44.809162377304744,97.04,33.338,awake,0,60.82104713349304,81,48.6,51.1,97.3,33.21,7.05
2024-01-01 12:08:00,user_001,5,1538,light,6.731999999999999,78.8674284029891,43.006108251536496,96.88,33.352,awake,0,62.61403142232869,77,39.4,66.2,98.1,33.7,6.57
2024-01-01 12:09:00,user_001,5,1543,light,6.581999999999999,77.91161893532608,46.137405501024325,97.18,33.495999999999995,awake,0,56.176020948219126,76,52.4,43.3,96.6,33.51,6.68
2024-01-01 12:10:00,user_001,6,1549,light,6.628,78.60774595688405,45.22493700068288,97.24,33.524,awake,0,56.38401396547942,80,43.4,56.8,96.6,33.61,7.0
2024-01-01 12:11:00,user_001,8,1557,light,6.4719999999999995,77.40516397125603,48.64995800045525,97.02,33.321999999999996,awake,0,50.722675976986274,75,55.5,39.4,97.3,33.45,5.61
2024-01-01 12:12:00,user_001,2,1559,sedentary,6.459999999999999,78.93677598083735,46.133305333636834,97.14,33.402,awake,0,54.08178398465751,82,41.1,60.8,97.6,33.35,7.28
2024-01-01 12:13:00,user_001,7,1566,light,6.5120000000000005,76.2911839872249,46.88887022242455,97.44,33.23199999999999,awake,0,52.05452265643834,71,48.4,48.0,97.0,32.69,5.79
2024-01-01 12:14:00,user_001,3,1569,sedentary,6.787999999999999,79.19412265814994,48.79258014828304,97.48,33.263999999999996,awake,0,50.90301510429222,85,52.6,48.6,97.2,33.91,6.62
2024-01-01 12:15:00,user_001,6,1575,light,6.874,80.1294151054333,47.328386765522026,97.22,32.988,awake,0,51.43534340286149,82,44.4,52.5,98.1,32.76,7.26
2024-01-01 12:16:00,user_001,5,1580,light,7.146000000000001,80.41961007028887,46.98559117701469,97.5,33.334,awake,0,47.623562268574325,81,46.3,40.0,97.5,33.61,6.99
2024-01-01 12:17:00,user_001,6,1586,light,7.268000000000001,81.61307338019257,48.79039411800979,97.54,33.212,awake,0,48.84904151238288,84,52.4,51.3,96.3,31.97,7.71
2024-01-01 12:18:00,user_001,4,1590,light,6.924000000000001,83.74204892012838,46.7935960786732,97.28,33.282000000000004,awake,0,51.26602767492192,88,42.8,56.1,98.4,34.42,7.15
2024-01-01 12:19:00,user_001,5,1595,light,6.609999999999999,84.16136594675226,40.76239738578213,97.24,33.302,awake,0,54.97735178328128,85,28.7,62.4,97.4,33.3,7.23
2024-01-01 12:20:00,user_001,4,1599,light,6.481999999999999,79.44091063116817,41.608264923854755,97.26,33.68,awake,0,57.58490118885419,70,43.3,62.8,96.8,33.11,5.54
2024-01-01 12:21:00,user_001,6,1605,light,6.3020000000000005,77.29394042077878,37.372176615903165,97.08,33.524,awake,0,66.32326745923613,73,28.9,83.8,97.3,33.71,5.42
2024-01-01 12:22:00,user_001,8,1613,light,6.3020000000000005,76.86262694718586,39.81478441060211,97.18,33.67,awake,0,59.88217830615742,76,44.7,47.0,96.4,33.86,7.07
2024-01-01 12:23:00,user_001,7,1620,light,6.492,77.90841796479057,43.44318960706807,97.22,33.718,awake,0,53.021452204104946,80,50.7,39.3,97.5,33.64,6.25
2024-01-01 12:24:00,user_001,2,1622,sedentary,6.734,79.27227864319372,44.49545973804538,97.22,33.64,awake,0,55.88096813606996,82,46.6,61.6,97.9,34.03,7.23
2024-01-01 12:25:00,user_001,3,1625,sedentary,6.58,78.18151909546248,50.030306492030256,97.34,33.55,awake,0,51.95397875737998,76,61.1,44.1,97.0,33.35,6.49
2024-01-01 12:26:00,user_001,5,1630,light,6.798,78.78767939697498,52.9535376613535,97.46,33.572,awake,0,47.06931917158665,80,58.8,37.3,97.3,33.32,6.63
2024-01-01 12:27:00,user_001,5,1635,light,6.498,77.85845293131665,51.90235844090233,97.34,33.35,awake,0,49.04621278105776,76,49.8,53.0,97.0,33.41,6.3
2024-01-01 12:28:00,user_001,8,1643,light,6.392,77.23896862087777,42.36823896060155,97.34,33.257999999999996,awake,0,54.03080852070517,76,23.3,64.0,98.1,33.75,7.34
2024-01-01 12:29:00,user_001,6,1649,light,6.066,75.49264574725184,46.61215930706771,97.4,33.552,awake,0,50.38720568047012,72,55.1,43.1,97.3,32.92,5.73
2024-01-01 12:30:00,user_001,6,1655,light,6.132,75.32843049816789,44.34143953804514,97.46,33.638,awake,0,54.95813712031341,75,39.8,64.1,97.0,32.89,5.96
2024-01-01 12:31:00,user_001,5,1660,light,6.1240000000000006,74.5522869987786,48.52762635869676,97.32,33.596,awake,0,52.7054247468756,73,56.9,48.2,97.6,34.79,5.0
2024-01-01 12:32:00,user_001,5,1665,light,6.362,74.7015246658524,49.21841757246451,97.24,33.760000000000005,awake,0,48.470283164583726,75,50.6,40.0,97.3,33.84,6.63
2024-01-01 12:33:00,user_001,4,1669,light,6.768000000000001,78.13434977723493,49.84561171497634,97.44,33.868,awake,0,50.81352210972248,85,51.1,55.5,97.4,33.54,7.3
2024-01-01 12:34:00,user_001,5,1674,light,7.159999999999999,77.08956651815662,50.73040780998423,97.36,33.688,awake,0,51.77568140648165,75,52.5,53.7,96.9,33.74,6.92
2024-01-01 12:35:00,user_001,4,1678,light,7.142,82.39304434543774,55.82027187332282,97.36,33.622,awake,0,44.85045427098777,93,66.0,31.0,98.0,33.43,7.99
2024-01-01 12:36:00,user_001,4,1682,light,7.036,82.26202956362516,54.08018124888188,97.4,33.576,awake,0,48.266969513991846,82,50.6,55.1,97.2,33.89,6.96
2024-01-01 12:37:00,user_001,6,1688,light,7.151999999999999,81.50801970908344,47.12012083258792,97.84,33.444,awake,0,57.21131300932789,80,33.2,75.1,97.3,33.51,6.54
2024-01-01 12:38:00,user_001,4,1692,light,6.706,79.33867980605562,50.81341388839195,97.88,33.616,awake,0,51.60754200621859,75,58.2,40.4,97.6,33.31,6.77
2024-01-01 12:39:00,user_001,10,1702,light,6.7219999999999995,80.55911987070375,47.47560925892797,97.84,33.428000000000004,awake,0,55.97169467081239,83,40.8,64.7,99.1,33.08,7.5
2024-01-01 12:40:00,user_001,6,1708,light,7.052,79.37274658046917,51.78373950595198,97.68,33.308,awake,0,54.947796447208255,77,60.4,52.9,98.2,34.29,5.76
2024-01-01 12:41:00,user_001,3,1711,sedentary,7.074,79.58183105364611,54.98915967063465,97.72,33.432,awake,0,54.165197631472175,80,61.4,52.6,97.0,32.95,7.04
2024-01-01 12:42:00,user_001,4,1715,light,7.086,83.72122070243074,52.859439780423095,97.3,33.636,awake,0,56.27679842098146,92,48.6,60.5,96.5,32.91,8.19
2024-01-01 12:43:00,user_001,5,1720,light,7.214,82.14748046828716,46.40629318694872,97.12,33.406,awake,0,60.351198947320974,79,33.5,68.5,97.8,33.93,6.88
2024-01-01 12:44:00,user_001,6,1726,light,7.15,83.09832031219143,44.23752879129915,97.2,33.464,awake,0,57.500799298213984,85,39.9,51.8,97.0,34.1,7.56
2024-01-01 12:45:00,user_001,5,1731,light,6.872,80.73221354146095,49.6916858608661,97.38,33.53,awake,0,49.06719953214266,76,60.6,32.2,97.3,33.14,6.4
2024-01-01 12:46:00,user_001,4,1735,light,6.7299999999999995,80.15480902764064,55.22779057391074,97.28,33.346000000000004,awake,0,42.97813302142844,79,66.3,30.8,97.4,33.24,6.72
2024-01-01 12:47:00,user_001,4,1739,light,6.95,82.76987268509376,51.55186038260715,97.3,33.134,awake,0,46.91875534761896,88,44.2,54.8,97.4,33.24,6.8
2024-01-01 12:48:00,user_001,2,1741,sedentary,7.132,80.51324845672917,49.20124025507143,97.0,33.208000000000006,awake,0,51.51250356507931,76,44.5,60.7,97.3,33.01,6.17
2024-01-01 12:49:00,user_001,10,1751,light,7.0,83.34216563781945,43.30082683671429,97.04,33.278,awake,0,57.80833571005288,89,31.5,70.4,97.1,33.04,8.66
2024-01-01 12:50:00,user_001,10,1761,light,6.992,83.22811042521296,40.0005512244762,97.16,33.428,awake,0,64.33889047336858,83,33.4,77.4,95.8,33.51,7.31
2024-01-01 12:51:00,user_001,7,1768,light,7.13,81.15207361680864,43.067034149650794,97.04,33.534000000000006,awake,0,61.65926031557905,77,49.2,56.3,97.6,33.59,6.06
2024-01-01 12:52:00,user_001,6,1774,light,6.7219999999999995,81.76804907787242,46.07802276643386,97.24,33.644000000000005,awake,0,57.57284021038603,83,52.1,49.4,98.0,33.99,6.76
2024-01-01 12:53:00,user_001,8,1782,light,6.372,82.51203271858161,40.68534851095591,97.62,33.778000000000006,awake,0,67.3818934735907,84,29.9,87.0,96.7,33.54,6.86
2024-01-01 12:54:00,user_001,4,1786,light,6.26,82.67468847905441,44.92356567397061,97.62,33.782000000000004,awake,0,59.82126231572713,83,53.4,44.7,98.1,33.59,6.62
2024-01-01 12:55:00,user_001,6,1792,light,6.1579999999999995,79.11645898603628,50.64904378264708,97.54,33.566,awake,0,51.714174877151414,72,62.1,35.5,97.7,34.18,5.56
2024-01-01 12:56:00,user_001,10,1802,light,6.122,78.07763932402419,51.599362521764725,97.82,33.588,awake,0,49.10944991810094,76,53.5,43.9,97.6,33.61,5.5
2024-01-01 12:57:00,user_001,3,1805,sedentary,6.112,78.05175954934946,55.43290834784315,97.78,33.544,awake,0,43.5729666120673,78,63.1,32.5,97.6,32.91,6.25
2024-01-01 12:58:00,user_001,6,1811,light,6.247999999999999,78.3678396995663,53.58860556522877,97.48,33.492000000000004,awake,0,40.615311074711535,79,49.9,34.7,98.1,33.65,6.68
2024-01-01 12:59:00,user_001,3,1814,sedentary,6.316,79.9118931330442,51.99240371015251,97.66,33.384,awake,0,42.643540716474355,83,48.8,46.7,97.9,33.37,6.57
2024-01-01 13:00:00,user_001,3,1817,sedentary,6.33,79.94126208869613,51.161602473435,97.72,33.483999999999995,awake,0,46.62902714431624,80,49.5,54.6,96.2,33.92,6.24
2024-01-01 13:01:00,user_001,5,1822,light,6.465999999999999,77.29417472579742,54.77440164895667,97.44,33.464,awake,0,45.11935142954416,72,62.0,42.1,98.5,33.07,5.84
2024-01-01 13:02:00,user_001,3,1825,sedentary,6.316,78.52944981719828,53.549601099304454,97.08,33.462,awake,0,45.74623428636278,81,51.1,47.0,97.9,33.41,6.32
2024-01-01 13:03:00,user_001,6,1831,light,6.6240000000000006,79.68629987813219,49.06640073286963,97.14,33.488,awake,0,49.99748952424185,82,40.1,58.5,96.7,33.55,7.36
2024-01-01 13:04:00,user_001,7,1838,light,7.044,80.45753325208813,49.244267155246426,97.14,33.636,awake,0,46.99832634949456,82,49.6,41.0,96.1,33.36,5.82
2024-01-01 13:05:00,user_001,11,1849,active,7.146000000000001,81.63835550139208,49.19617810349762,97.04,33.722,awake,0,48.66555089966304,84,49.1,52.0,96.5,34.05,7.78
2024-01-01 13:06:00,user_001,5,1854,light,7.096000000000001,82.09223700092805,47.13078540233175,97.32,33.482,awake,0,43.47703393310869,83,43.0,33.1,98.5,33.81,7.94
2024-01-01 13:07:00,user_001,10,1864,light,7.102000000000001,81.7281580006187,50.05385693488784,97.92,33.5,awake,0,44.88468928873913,81,55.9,47.7,97.4,33.84,6.83
2024-01-01 13:08:00,user_001,3,1867,sedentary,6.926,80.81877200041247,49.10257128992523,97.94,33.498000000000005,awake,0,49.523126192492754,79,47.2,58.8,98.1,32.35,7.11
2024-01-01 13:09:00,user_001,6,1873,light,6.609999999999999,77.54584800027497,51.33504752661682,97.54,33.344,awake,0,52.31541746166184,71,55.8,57.9,99.1,33.45,5.85
2024-01-01 13:10:00,user_001,14,1887,active,6.524000000000001,78.69723200018332,51.156698351077885,97.56,33.053999999999995,awake,0,47.143611641107896,81,50.8,36.8,96.6,34.04,6.9
2024-01-01 13:11:00,user_001,4,1891,light,6.388,79.13148800012222,47.00446556738526,97.48,33.242,awake,0,57.59574109407193,80,38.7,78.5,96.5,33.04,6.36
2024-01-01 13:12:00,user_001,3,1894,sedentary,6.444,79.42099200008148,43.40297704492351,97.28,33.334,awake,0,61.59716072938128,80,36.2,69.6,97.5,32.39,6.4
2024-01-01 13:13:00,user_001,4,1898,light,6.262,77.28066133338766,42.568651363282335,97.32,33.476,awake,0,62.69810715292086,73,40.9,64.9,97.7,33.29,6.43
2024-01-01 13:14:00,user_001,5,1903,light,6.182,76.18710755559177,44.04576757552155,97.42,33.628,awake,0,63.33207143528057,74,47.0,64.6,98.1,33.91,6.13
2024-01-01 13:15:00,user_001,7,1910,light,6.35,78.79140503706118,49.59717838368103,97.64,33.964,awake,0,54.721380956853714,84,60.7,37.5,96.8,34.75,5.99
2024-01-01 13:16:00,user_001,7,1917,light,6.537999999999999,78.86093669137412,48.331452255787354,97.66,33.98199999999999,awake,0,48.94758730456914,79,45.8,37.4,97.0,33.8,5.96
2024-01-01 13:17:00,user_001,6,1923,light,6.531999999999999,79.90729112758275,48.587634837191565,97.6,33.774,awake,0,46.13172486971276,82,49.1,40.5,98.6,34.07,7.24
2024-01-01 13:18:00,user_001,5,1928,light,6.51,79.60486075172183,50.72508989146104,97.66,33.59400000000001,awake,0,48.62114991314184,79,55.0,53.6,97.8,33.38,7.37
2024-01-01 13:19:00,user_001,5,1933,light,6.540000000000001,79.40324050114789,48.05005992764069,97.98,33.642,awake,0,52.91409994209456,79,42.7,61.5,97.8,32.87,6.1
2024-01-01 13:20:00,user_001,4,1937,light,6.31,80.93549366743193,45.60003995176046,97.92,33.522000000000006,awake,0,50.54273329472971,84,40.7,45.8,97.1,33.85,5.88
2024-01-01 13:21:00,user_001,2,1939,sedentary,6.226000000000001,79.29032911162129,49.633359967840306,97.86,33.43,awake,0,40.12848886315314,76,57.7,19.3,98.6,34.04,6.11
2024-01-01 13:22:00,user_001,3,1942,sedentary,6.517999999999999,79.19355274108086,50.42223997856021,97.54,33.408,awake,0,40.95232590876875,79,52.0,42.6,98.3,33.47,6.09
2024-01-01 13:23:00,user_001,6,1948,light,6.6659999999999995,78.4623684940539,47.38149331904014,97.78,33.443999999999996,awake,0,45.3682172725125,77,41.3,54.2,97.5,32.92,6.95
2024-01-01 13:24:00,user_001,8,1956,light,6.787999999999999,77.97491232936927,45.85432887936009,97.64,33.42999999999999,awake,0,49.678811515008334,77,42.8,58.3,96.2,32.76,7.56
2024-01-01 13:25:00,user_001,1,1957,sedentary,6.814,77.64994155291285,46.502885919573394,97.5,33.366,awake,0,46.985874343338885,77,47.8,41.6,98.3,34.03,6.62
2024-01-01 13:26:00,user_001,5,1962,light,6.803999999999999,78.43329436860857,47.43525727971559,97.68,33.552,awake,0,44.12391622889259,80,49.3,38.4,97.9,33.97,6.72
2024-01-01 13:27:00,user_001,9,1971,light,6.593999999999999,77.95552957907238,51.390171519810394,98.02,33.77,awake,0,47.04927748592839,77,59.3,52.9,97.6,33.15,6.22
2024-01-01 13:28:00,user_001,3,1974,sedentary,6.688,80.30368638604826,50.860114346540264,97.82,33.75599999999999,awake,0,46.69951832395227,85,49.8,46.0,98.4,33.85,6.9
2024-01-01 13:29:00,user_001,4,1978,light,6.69,78.53579092403217,46.473409564360175,97.9,33.776,awake,0,51.999678882634846,75,37.7,62.6,97.9,33.85,6.51
2024-01-01 13:30:00,user_001,2,1980,sedentary,6.882,78.35719394935478,43.88227304290678,97.92,33.926,awake,0,55.59978592175656,78,38.7,62.8,97.3,33.96,7.09
2024-01-01 13:31:00,user_001,3,1983,sedentary,6.7620000000000005,77.90479596623652,45.92151536193785,97.88,33.66,awake,0,50.66652394783771,77,50.0,40.8,98.3,34.07,6.73
2024-01-01 13:32:00,user_001,4,1987,light,6.773999999999999,80.60319731082434,45.814343574625234,97.82,33.702,awake,0,56.644349298558474,86,45.6,68.6,97.7,33.9,7.18
2024-01-01 13:33:00,user_001,2,1989,sedentary,6.542,80.40213154054956,43.07622904975016,97.94,33.396,awake,0,61.72956619903899,80,37.6,71.9,98.2,32.52,6.3
2024-01-01 13:34:00,user_001,3,1992,sedentary,6.606,81.60142102703304,47.15081936650011,98.02,33.364,awake,0,54.45304413269266,84,55.3,39.9,97.6,34.06,6.57
2024-01-01 13:35:00,user_001,4,1996,light,6.494,78.40094735135536,40.06721291100007,98.2,33.358000000000004,awake,0,61.6020294217951,72,25.9,75.9,97.9,32.43,5.93
2024-01-01 13:36:00,user_001,5,2001,light,6.55,78.93396490090358,43.17814194066671,97.98,33.616,awake,0,61.36801961453006,80,49.4,60.9,98.7,33.91,7.05
2024-01-01 13:37:00,user_001,4,2005,light,6.714,80.28930993393571,38.65209462711115,98.1,33.552,awake,0,66.17867974302004,83,29.6,75.8,98.6,33.87,6.62
2024-01-01 13:38:00,user_001,5,2010,light,6.845999999999999,79.85953995595715,44.134729751407434,97.92,33.898,awake,0,58.485786495346694,79,55.1,43.1,97.1,33.81,6.58
2024-01-01 13:39:00,user_001,6,2016,light,7.0200000000000005,81.23969330397144,43.48981983427162,97.8,33.822,awake,0,59.39052433023113,84,42.2,61.2,98.2,33.74,7.39
2024-01-01 13:40:00,user_001,7,2023,light,7.05,79.49312886931429,47.22654655618109,97.56,33.674,awake,0,51.660349553487414,76,54.7,36.2,97.0,34.16,6.59
2024-01-01 13:41:00,user_001,3,2026,sedentary,7.075999999999999,81.6620859128762,44.91769770412072,97.4,33.658,awake,0,54.540233035658275,86,40.3,60.3,98.1,33.53,7.92
2024-01-01 13:42:00,user_001,6,2032,light,6.938,84.44139060858413,48.711798469413814,97.3,33.42,awake,0,50.49348869043885,90,56.3,42.4,97.4,33.13,6.77
2024-01-01 13:43:00,user_001,3,2035,sedentary,6.958,81.96092707238942,41.87453231294254,97.56,33.42399999999999,awake,0,56.92899246029257,77,28.2,69.8,96.3,33.73,6.71
2024-01-01 13:44:00,user_001,6,2041,light,6.742,80.30728471492628,46.4830215419617,97.54,33.476,awake,0,53.25266164019504,77,55.7,45.9,97.7,32.55,6.7
2024-01-01 13:45:00,user_001,6,2047,light,6.626,82.20485647661752,43.68868102797447,97.42,33.681999999999995,awake,0,58.73510776013003,86,38.1,69.7,98.3,34.18,6.69
2024-01-01 13:46:00,user_001,3,2050,sedentary,6.612,83.80323765107835,45.02578735198298,97.7,33.727999999999994,awake,0,56.523405173420024,87,47.7,52.1,98.0,33.79,6.84
2024-01-01 13:47:00,user_001,3,2053,sedentary,6.590000000000001,81.20215843405224,47.15052490132198,97.64,33.908,awake,0,51.14893678228001,76,51.4,40.4,96.8,34.16,6.19
2024-01-01 13:48:00,user_001,7,2060,light,6.39,79.80143895603483,42.433683267547984,97.6,33.704,awake,0,55.76595785485333,77,33.0,65.0,97.7,33.96,6.64
2024-01-01 13:49:00,user_001,6,2066,light,6.244,79.20095930402321,47.15578884503199,97.66,33.604,awake,0,48.377305236568894,78,56.6,33.6,97.4,33.45,6.59
2024-01-01 13:50:00,user_001,6,2072,light,6.180000000000001,76.80063953601548,48.870525896688,97.6,33.382000000000005,awake,0,50.5848701577126,72,52.3,55.0,98.1,33.16,5.69
2024-01-01 13:51:00,user_001,4,2076,light,6.104000000000001,75.86709302401032,48.91368393112534,97.58,33.466,awake,0,44.156580105141735,74,49.0,31.3,98.3,33.29,6.11
2024-01-01 13:52:00,user_001,6,2082,light,5.984,75.24472868267354,49.84245595408356,97.46,33.408,awake,0,42.80438673676116,74,51.7,40.1,96.5,33.05,5.87
2024-01-01 13:53:00,user_001,4,2086,light,6.082,75.16315245511569,49.49497063605571,97.38,33.374,awake,0,45.136257824507446,75,48.8,49.8,97.6,34.38,6.26
2024-01-01 13:54:00,user_001,6,2092,light,6.346,76.4421016367438,51.196647090703806,97.0,33.556,awake,0,46.12417188300497,79,54.6,48.1,96.8,33.16,5.99
2024-01-01 13:55:00,user_001,3,2095,sedentary,6.575999999999999,77.6280677578292,47.89776472713587,97.2,33.624,awake,0,52.48278125533665,80,41.3,65.2,97.7,32.99,6.18
2024-01-01 13:56:00,user_001,3,2098,sedentary,6.596000000000001,80.75204517188614,49.36517648475725,97.22,33.286,awake,0,52.7885208368911,87,52.3,53.4,96.4,34.2,7.43
2024-01-01 13:57:00,user_001,6,2104,light,6.814,78.50136344792409,50.74345098983817,97.0,33.410000000000004,awake,0,48.35901389126074,74,53.5,39.5,97.5,33.39,7.02
2024-01-01 13:58:00,user_001,3,2107,sedentary,6.758,80.33424229861606,48.19563399322545,96.92,33.635999999999996,awake,0,48.93934259417383,84,43.1,50.1,97.7,32.69,6.36
2024-01-01 13:59:00,user_001,3,2110,sedentary,6.7219999999999995,79.55616153241071,53.830422662150305,96.9,33.57,awake,0,50.09289506278255,78,65.1,52.4,95.7,33.78,7.08
2024-01-01 14:00:00,user_001,5,2115,light,6.548,78.70410768827381,53.020281774766865,97.04,33.736,awake,0,47.39526337518837,77,51.4,42.0,97.3,34.12,5.9
2024-01-01 14:01:00,user_001,6,2121,light,6.582000000000001,79.46940512551588,51.24685451651124,96.68,33.944,awake,0,49.596842250125576,81,47.7,54.0,96.3,33.87,7.25
2024-01-01 14:02:00,user_001,6,2127,light,6.526000000000001,76.97960341701058,52.1979030110075,96.98,33.912,awake,0,50.59789483341705,72,54.1,52.6,98.2,34.22,6.15
2024-01-01 14:03:00,user_001,6,2133,light,6.68,77.65306894467372,49.89860200733833,97.24,33.982,awake,0,53.39859655561137,79,45.3,59.0,95.9,33.73,6.53
2024-01-01 14:04:00,user_001,7,2140,light,6.504,77.76871262978248,52.79906800489223,97.32,33.94199999999999,awake,0,47.599064370407575,78,58.6,36.0,97.2,33.62,6.8
2024-01-01 14:05:00,user_001,7,2147,light,6.772,78.51247508652166,50.46604533659482,97.06,33.815999999999995,awake,0,53.73270958027172,80,45.8,66.0,98.6,34.47,6.67
2024-01-01 14:06:00,user_001,4,2151,light,6.647999999999999,78.67498339101444,51.81069689106321,97.36,33.734,awake,0,50.68847305351448,79,54.5,44.6,96.7,33.67,6.37
2024-01-01 14:07:00,user_001,9,2160,light,6.470000000000001,82.44998892734296,45.30713126070881,97.42,33.67,awake,0,56.39231536900965,90,32.3,67.8,96.9,33.59,7.49
2024-01-01 14:08:00,user_001,6,2166,light,6.456,79.63332595156197,40.1380875071392,96.82,33.396,awake,0,60.42821024600644,74,29.8,68.5,97.4,33.32,5.91
2024-01-01 14:09:00,user_001,5,2171,light,6.426,78.08888396770799,43.925391671426134,96.94,33.342,awake,0,54.78547349733763,75,51.5,43.5,97.5,33.3,5.91
2024-01-01 14:10:00,user_001,4,2175,light,6.042,76.72592264513865,43.95026111428408,97.18,33.454,awake,0,52.92364899822508,74,44.0,49.2,95.6,33.1,6.6
2024-01-01 14:11:00,user_001,3,2178,sedentary,6.346,76.1506150967591,44.50017407618939,97.54,33.516,awake,0,51.015765998816725,75,45.6,47.2,97.3,33.4,6.22
2024-01-01 14:12:00,user_001,8,2186,light,6.672,75.4337433978394,37.80011605079292,97.42,33.306,awake,0,56.77717733254448,74,24.4,68.3,98.1,34.15,5.57
2024-01-01 14:13:00,user_001,3,2189,sedentary,6.614,77.95582893189292,45.90007736719528,97.76,33.554,awake,0,52.351451555029655,83,62.1,43.5,99.2,33.63,7.43
2024-01-01 14:14:00,user_001,10,2199,light,6.392,80.30388595459529,45.766718244796856,97.86,33.506,awake,0,49.33430103668644,85,45.5,43.3,96.9,32.25,7.54
2024-01-01 14:15:00,user_001,2,2201,sedentary,6.597999999999999,78.53592396973019,50.7778121631979,97.6,33.53,awake,0,51.08953402445763,75,60.8,54.6,97.3,34.34,6.31
2024-01-01 14:16:00,user_001,4,2205,light,6.255999999999999,76.69061597982012,45.25187477546527,97.5,33.596000000000004,awake,0,58.52635601630508,73,34.2,73.4,97.8,33.16,5.11
2024-01-01 14:17:00,user_001,3,2208,sedentary,6.118,77.79374398654674,45.83458318364351,97.62,33.902,awake,0,54.11757067753672,80,47.0,45.3,96.8,34.27,6.6
2024-01-01 14:18:00,user_001,7,2215,light,6.18,76.86249599103117,47.75638878909567,97.7,33.8,awake,0,51.94504711835781,75,51.6,47.6,98.7,33.96,5.72
2024-01-01 14:19:00,user_001,3,2218,sedentary,6.336,78.24166399402078,47.50425919273045,97.72,33.794000000000004,awake,0,55.73003141223854,81,47.0,63.3,97.5,33.78,6.85
2024-01-01 14:20:00,user_001,5,2223,light,6.256,78.49444266268053,47.86950612848696,97.58,33.744,awake,0,55.78668760815902,79,48.6,55.9,97.7,33.83,6.62
2024-01-01 14:21:00,user_001,8,2231,light,6.558,75.66296177512035,43.61300408565797,97.38,33.634,awake,0,53.824458405439344,70,35.1,49.9,97.9,33.13,5.89
2024-01-01 14:22:00,user_001,6,2237,light,6.498,78.77530785008024,44.97533605710532,97.28,33.564,awake,0,50.54963893695956,85,47.7,44.0,96.1,34.02,6.2
2024-01-01 14:23:00,user_001,4,2241,light,6.508,81.18353856672016,41.91689070473688,97.1,33.468,awake,0,54.899759291306374,86,35.8,63.6,97.7,33.41,7.23
2024-01-01 14:24:00,user_001,7,2248,light,6.478,78.78902571114678,41.81126046982459,97.1,33.73,awake,0,52.36650619420425,74,41.6,47.3,97.0,33.43,6.55
2024-01-01 14:25:00,user_001,6,2254,light,6.587999999999999,77.85935047409785,43.674173646549725,97.56,33.67,awake,0,54.7110041294695,76,47.4,59.4,96.8,33.35,6.67
2024-01-01 14:26:00,user_001,6,2260,light,6.354000000000001,78.2395669827319,43.38278243103315,97.52,33.574,awake,0,55.640669419646336,79,42.8,57.5,97.9,34.44,5.74
2024-01-01 14:27:00,user_001,7,2267,light,6.540000000000001,78.4930446551546,43.38852162068877,97.86,33.424,awake,0,54.46044627976423,79,43.4,52.1,98.4,33.72,6.75
2024-01-01 14:28:00,user_001,6,2273,light,6.581999999999999,79.32869643676973,47.89234774712585,97.96,33.358000000000004,awake,0,51.64029751984282,81,56.9,46.0,97.5,32.93,6.06
2024-01-01 14:29:00,user_001,5,2278,light,6.684,82.21913095784649,45.92823183141723,97.6,33.144,awake,0,55.593531679895214,88,42.0,63.5,98.7,32.68,7.48
2024-01-01 14:30:00,user_001,5,2283,light,6.6579999999999995,80.47942063856432,44.91882122094483,97.24,33.192,awake,0,58.129021119930144,77,42.9,63.2,97.3,33.02,6.88
2024-01-01 14:31:00,user_001,4,2287,light,6.564,77.98628042570955,45.57921414729655,97.48,33.227999999999994,awake,0,55.8526807466201,73,46.9,51.3,96.1,33.37,6.25
2024-01-01 14:32:00,user_001,8,2295,light,6.202,75.65752028380636,42.9194760981977,97.52,33.352,awake,0,56.63512049774673,71,37.6,58.2,96.6,33.96,6.62
2024-01-01 14:33:00,user_001,4,2299,light,6.24,75.10501352253758,45.07965073213179,97.62,33.36,awake,0,53.52341366516449,74,49.4,47.3,98.7,33.11,5.59
2024-01-01 14:34:00,user_001,1,2300,sedentary,6.1979999999999995,75.73667568169172,48.086433821421195,97.8,33.466,awake,0,56.015609110109665,77,54.1,61.0,98.9,33.3,5.67
2024-01-01 14:35:00,user_001,3,2303,sedentary,5.958,79.15778378779449,47.8242892142808,97.94,33.318,awake,0,51.47707274007311,86,47.3,42.4,97.8,33.06,7.07
2024-01-01 14:36:00,user_001,5,2308,light,6.214,77.77185585852966,47.84952614285387,97.7,33.496,awake,0,48.25138182671541,75,47.9,41.8,97.0,33.9,6.04
2024-01-01 14:37:00,user_001,4,2312,light,6.537999999999999,78.18123723901978,49.33301742856924,97.42,33.796,awake,0,45.90092121781027,79,52.3,41.2,97.3,33.22,5.42
2024-01-01 14:38:00,user_001,8,2320,light,6.506,77.78749149267985,46.688678285712825,97.44,33.992,awake,0,49.66728081187352,77,41.4,57.2,97.5,34.0,6.87
2024-01-01 14:39:00,user_001,4,2324,light,6.62,79.52499432845323,46.29245219047522,97.6,34.013999999999996,awake,0,50.644853874582346,83,45.5,52.6,97.5,34.8,7.29
2024-01-01 14:40:00,user_001,5,2329,light,6.8420000000000005,83.01666288563548,49.86163479365015,97.44,34.221999999999994,awake,0,41.19656924972156,90,57.0,22.3,97.9,34.04,6.91
2024-01-01 14:41:00,user_001,5,2334,light,6.892,80.34444192375699,48.1077565291001,97.26,33.976,awake,0,47.09771283314771,75,44.6,58.9,97.8,34.01,6.61
2024-01-01 14:42:00,user_001,4,2338,light,6.640000000000001,78.56296128250466,49.93850435273339,97.34,33.428000000000004,awake,0,43.09847522209847,75,53.6,35.1,96.5,34.26,6.53
2024-01-01 14:43:00,user_001,5,2343,light,6.784000000000001,80.04197418833644,50.42566956848893,97.2,33.388000000000005,awake,0,42.49898348139898,83,51.4,41.3,96.6,32.77,7.12
2024-01-01 14:44:00,user_001,5,2348,light,6.76,80.36131612555762,46.31711304565928,97.12,33.322,awake,0,47.332655654265984,81,38.1,57.0,97.9,32.06,6.03
2024-01-01 14:45:00,user_001,5,2353,light,6.508,82.57421075037175,47.811408697106195,97.32,33.33,awake,0,51.22177043617731,87,50.8,59.0,97.2,33.84,7.63
2024-01-01 14:46:00,user_001,6,2359,light,6.380000000000001,81.71614050024783,45.17427246473746,97.42,33.354,awake,0,54.98118029078487,80,39.9,62.5,97.4,33.68,6.49
2024-01-01 14:47:00,user_001,2,2361,sedentary,6.646000000000001,79.81076033349855,47.28284830982498,97.36,33.696,awake,0,51.52078686052325,76,51.5,44.6,97.5,34.3,5.27
2024-01-01 14:48:00,user_001,8,2369,light,6.452,79.87384022233236,44.788565539883315,97.54,33.498000000000005,awake,0,53.14719124034883,80,39.8,56.4,97.1,32.89,6.48
2024-01-01 14:49:00,user_001,9,2378,light,6.473999999999999,80.9158934815549,45.825710359922205,97.54,33.326,awake,0,49.764794160232555,83,47.9,43.0,97.6,33.77,7.36
2024-01-01 14:50:00,user_001,5,2383,light,6.754,81.2772623210366,46.117140239948135,97.76,33.08,awake,0,51.40986277348836,82,46.7,54.7,98.1,32.85,6.66
2024-01-01 14:51:00,user_001,5,2388,light,6.622,80.8515082140244,46.444760159965426,98.1,33.226,awake,0,54.406575182325575,80,47.1,60.4,97.4,32.82,6.6
2024-01-01 14:52:00,user_001,4,2392,light,6.554,81.56767214268294,46.896506773310286,97.94,33.220000000000006,awake,0,57.43771678821705,83,47.8,63.5,98.6,33.07,6.67
2024-01-01 14:53:00,user_001,4,2396,light,6.587999999999999,82.04511476178862,44.53100451554019,97.88,33.522,awake,0,57.82514452547804,83,39.8,58.6,98.8,33.62,5.82
2024-01-01 14:54:00,user_001,4,2400,light,6.374,82.69674317452575,40.72066967702679,97.86,33.656,awake,0,63.01676301698536,84,33.1,73.4,96.8,33.74,7.02
2024-01-01 14:55:00,user_001,9,2409,light,6.43,82.1311621163505,42.64711311801786,97.52,33.9,awake,0,56.444508677990235,81,46.5,43.3,97.8,34.36,6.83
2024-01-01 14:56:00,user_001,2,2411,sedentary,6.708,80.42077474423367,47.73140874534524,97.26,33.956,awake,0,49.06300578532682,77,57.9,34.3,97.3,33.49,5.53
2024-01-01 14:57:00,user_001,5,2416,light,6.554,79.61384982948911,49.28760583023016,97.06,34.044000000000004,awake,0,45.67533719021788,78,52.4,38.9,96.9,34.29,6.95
2024-01-01 14:58:00,user_001,7,2423,light,6.486,81.07589988632607,49.29173722015344,97.12,33.826,awake,0,50.38355812681192,84,49.3,59.8,97.5,33.9,7.21
2024-01-01 14:59:00,user_001,3,2426,sedentary,6.552,78.38393325755071,47.19449148010229,97.3,33.739999999999995,awake,0,50.45570541787461,73,43.0,50.6,95.8,34.18,6.25
2024-01-01 15:00:00,user_001,4,2430,light,6.306,77.92262217170047,47.729660986734864,97.46,33.692,awake,0,50.90380361191641,77,48.8,51.8,98.1,33.27,6.49
2024-01-01 15:01:00,user_001,7,2437,light,6.15,76.28174811446698,45.08644065782324,97.62,33.676,awake,0,50.26920240794427,73,39.8,49.0,98.2,33.06,5.86
2024-01-01 15:02:00,user_001,2,2439,sedentary,6.327999999999999,75.85449874297798,44.490960438548825,97.84,33.45399999999999,awake,0,50.579468271962845,75,43.3,51.2,97.7,34.05,5.72
2024-01-01 15:03:00,user_001,4,2443,light,6.1659999999999995,77.56966582865199,46.09397362569922,97.28,33.622,awake,0,49.21964551464189,81,49.3,46.5,98.3,33.82,6.43
2024-01-01 15:04:00,user_001,7,2450,light,6.093999999999999,77.046443885768,40.395982417132814,97.06,33.826,awake,0,61.87976367642793,76,29.0,87.2,96.9,33.07,7.14
2024-01-01 15:05:00,user_001,8,2458,light,6.2700000000000005,76.36429592384533,48.53065494475521,96.82,33.717999999999996,awake,0,56.48650911761862,75,64.8,45.7,95.3,34.11,5.68
2024-01-01 15:06:00,user_001,8,2466,light,6.3020000000000005,73.57619728256356,44.453769963170146,96.66,33.582,awake,0,61.69100607841241,68,36.3,72.1,97.1,34.08,5.5
2024-01-01 15:07:00,user_001,5,2471,light,6.2219999999999995,75.38413152170904,51.36917997544676,97.02,33.55800000000001,awake,0,53.99400405227494,79,65.2,38.6,96.5,33.51,6.6
2024-01-01 15:08:00,user_001,5,2476,light,6.322,76.25608768113936,46.97945331696451,97.5,33.641999999999996,awake,0,58.8626693681833,78,38.2,68.6,97.5,33.14,6.59
2024-01-01 15:09:00,user_001,7,2483,light,6.5120000000000005,79.50405845409291,43.219635544643005,97.54,33.548,awake,0,60.00844624545553,86,35.7,62.3,98.7,32.95,6.74
2024-01-01 15:10:00,user_001,2,2485,sedentary,6.314,77.6693723027286,43.413090363095336,97.92,33.59,awake,0,60.905630830303686,74,43.8,62.7,97.7,34.53,6.18
2024-01-01 15:11:00,user_001,6,2491,light,6.34,77.11291486848573,43.20872690873023,98.2,33.716,awake,0,60.70375388686912,76,42.8,60.3,97.3,33.61,6.45
2024-01-01 15:12:00,user_001,3,2494,sedentary,6.37,76.74194324565715,42.50581793915348,98.04,33.839999999999996,awake,0,59.935835924579415,76,41.1,58.4,98.4,33.72,5.61
2024-01-01 15:13:00,user_001,5,2499,light,6.2700000000000005,78.82796216377143,42.13721195943565,97.9,33.642,awake,0,56.69055728305295,83,41.4,50.2,98.9,33.77,6.72
2024-01-01 15:14:00,user_001,6,2505,light,6.409999999999999,77.55197477584763,44.2248079729571,97.96,33.69,awake,0,54.79370485536864,75,48.4,51.0,97.9,33.57,6.89
2024-01-01 15:15:00,user_001,3,2508,sedentary,6.508,77.36798318389842,42.11653864863806,97.8,33.678,awake,0,58.96246990357909,77,37.9,67.3,97.0,33.54,5.68
2024-01-01 15:16:00,user_001,9,2517,light,6.444,77.57865545593228,46.4110257657587,97.48,33.646,awake,0,56.5749799357194,78,55.0,51.8,97.6,33.85,7.15
2024-01-01 15:17:00,user_001,8,2525,light,6.346,77.05243697062151,51.37401717717247,97.6,33.626,awake,0,51.88331995714626,76,61.3,42.5,97.6,33.66,6.1
2024-01-01 15:18:00,user_001,7,2532,light,6.38,75.701624647081,43.81601145144831,97.84,33.68,awake,0,59.02221330476417,73,28.7,73.3,97.3,33.61,6.4
2024-01-01 15:19:00,user_001,5,2537,light,6.0600000000000005,75.80108309805401,51.14400763429887,97.64,33.768,awake,0,51.81480886984278,76,65.8,37.4,98.5,33.47,6.4
2024-01-01 15:20:00,user_001,5,2542,light,6.052,77.20072206536933,51.99600508953258,97.42,33.954,awake,0,51.743205913228515,80,53.7,51.6,98.2,33.81,5.85
2024-01-01 15:21:00,user_001,2,2544,sedentary,6.098000000000001,74.80048137691288,51.864003393021726,97.38,33.93,awake,0,45.16213727548567,70,51.6,32.0,96.6,34.29,5.55
2024-01-01 15:22:00,user_001,4,2548,light,6.124,75.20032091794192,48.40933559534782,97.02,33.992000000000004,awake,0,46.14142485032378,76,41.5,48.1,96.5,34.59,6.06
2024-01-01 15:23:00,user_001,6,2554,light,6.0760000000000005,74.13354727862794,48.97289039689855,96.8,33.864,awake,0,47.39428323354918,72,50.1,49.9,97.1,33.49,6.63
2024-01-01 15:24:00,user_001,7,2561,light,6.17,76.42236485241862,50.881926931265696,96.98,33.74400000000001,awake,0,56.52952215569945,81,54.7,74.8,96.7,33.78,6.53
2024-01-01 15:25:00,user_001,6,2567,light,6.212000000000001,73.28157656827908,59.25461795417713,97.16,33.452000000000005,awake,0,44.2530147704663,67,76.0,19.7,97.1,33.17,5.61
2024-01-01 15:26:00,user_001,4,2571,light,6.4319999999999995,72.85438437885271,62.93641196945142,97.26,33.462,awake,0,40.1686765136442,72,70.3,32.0,97.5,33.69,6.02
2024-01-01 15:27:00,user_001,1,2572,sedentary,6.266,74.23625625256848,52.490941312967614,97.36,33.522000000000006,awake,0,50.31245100909613,77,31.6,70.6,97.4,33.13,6.27
2024-01-01 15:28:00,user_001,7,2579,light,6.388,77.15750416837899,49.32729420864507,97.22,33.367999999999995,awake,0,52.74163400606409,83,43.0,57.6,97.6,33.54,7.73
2024-01-01 15:29:00,user_001,3,2582,sedentary,6.614,76.43833611225266,48.984862805763385,97.06000000000002,33.40599999999999,awake,0,48.89442267070939,75,48.3,41.2,97.2,34.08,5.7
2024-01-01 15:30:00,user_001,7,2589,light,6.459999999999999,74.95889074150178,53.25657520384226,96.92,33.644,awake,0,47.829615113806256,72,61.8,45.7,96.4,32.4,6.22
2024-01-01 15:31:00,user_001,4,2593,light,6.086,78.30592716100118,50.07105013589483,96.78,33.586,awake,0,49.48641007587084,85,43.7,52.8,96.7,33.88,7.15
2024-01-01 15:32:00,user_001,8,2601,light,6.132,74.87061810733412,47.380700090596555,96.9,33.34,awake,0,52.89094005058056,68,42.0,59.7,96.7,34.32,5.5
2024-01-01 15:33:00,user_001,4,2605,light,6.002000000000001,71.24707873822275,48.68713339373104,97.06,33.672000000000004,awake,0,49.89396003372037,64,51.3,43.9,96.9,33.25,5.86
2024-01-01 15:34:00,user_001,5,2610,light,5.77,73.16471915881517,46.791422262487366,97.08,33.648,awake,0,48.16264002248025,77,43.0,44.7,97.8,32.85,5.93
2024-01-01 15:35:00,user_001,2,2612,sedentary,5.958,73.10981277254345,50.52761484165825,97.22,33.382,awake,0,47.4084266816535,73,58.0,45.9,97.2,34.06,5.57
2024-01-01 15:36:00,user_001,7,2619,light,6.164,72.07320851502897,57.9850765611055,97.38,33.544,awake,0,40.505617787769005,70,72.9,26.7,96.8,33.76,5.99
2024-01-01 15:37:00,user_001,3,2622,sedentary,6.322,74.38213901001932,57.12338437407033,97.36,33.61,awake,0,40.637078525179334,79,55.4,40.9,97.4,32.99,6.44
2024-01-01 15:38:00,user_001,8,2630,light,6.236,74.92142600667954,56.98225624938022,97.8,33.566,awake,0,39.39138568345289,76,56.7,36.9,97.7,34.06,6.89
2024-01-01 15:39:00,user_001,5,2635,light,6.3020000000000005,73.94761733778635,58.25483749958681,97.84,33.602000000000004,awake,0,39.19425712230193,72,60.8,38.8,97.7,33.18,6.72
2024-01-01 15:40:00,user_001,4,2639,light,6.326,72.29841155852424,56.76989166639121,97.92,33.812,awake,0,39.89617141486795,69,53.8,41.3,99.4,33.84,5.14
2024-01-01 15:41:00,user_001,5,2644,light,6.124,74.53227437234949,51.9465944442608,98.06,33.715999999999994,awake,0,43.964114276578634,79,42.3,52.1,97.0,33.94,6.32
2024-01-01 15:42:00,user_001,4,2648,light,6.176,75.68818291489966,49.16439629617387,98.28,33.604,awake,0,49.34274285105243,78,43.6,60.1,97.8,34.04,6.56
2024-01-01 15:43:00,user_001,1,2649,sedentary,6.311999999999999,75.45878860993311,52.27626419744925,97.86,33.428,awake,0,45.02849523403495,75,58.5,36.4,98.4,33.58,5.88
2024-01-01 15:44:00,user_001,4,2653,light,6.258,78.30585907328874,50.750842798299495,97.68,33.296,awake,0,53.652330156023304,84,47.7,70.9,98.8,32.62,6.98
2024-01-01 15:45:00,user_001,2,2655,sedentary,6.128,75.5372393821925,46.900561865533,97.58,33.092,awake,0,60.96822010401553,70,39.2,75.6,97.3,32.96,5.82
2024-01-01 15:46:00,user_001,7,2662,light,6.202,72.69149292146166,52.26704124368867,97.46,33.224000000000004,awake,0,49.312146736010355,67,63.0,26.0,96.1,33.28,6.05
2024-01-01 15:47:00,user_001,5,2667,light,5.868,72.46099528097444,48.41136082912578,97.62,33.376000000000005,awake,0,51.90809782400691,72,40.7,57.1,97.3,33.02,5.91
2024-01-01 15:48:00,user_001,7,2674,light,5.884,73.3073301873163,44.34090721941718,97.44,33.434000000000005,awake,0,55.9720652160046,75,36.2,64.1,97.8,34.24,6.25
2024-01-01 15:49:00,user_001,4,2678,light,5.764,74.2048867915442,42.360604812944786,97.72,33.476,awake,0,55.381376810669735,76,38.4,54.2,99.6,33.38,5.31
2024-01-01 15:50:00,user_001,4,2682,light,5.734,74.1365911943628,45.207069875296526,97.66,33.348,awake,0,58.08758454044649,74,50.9,63.5,96.4,33.25,5.9
2024-01-01 15:51:00,user_001,6,2688,light,5.774,75.09106079624186,49.00471325019768,97.74,33.209999999999994,awake,0,53.058389693631,77,56.6,43.0,97.5,33.49,5.45
2024-01-01 15:52:00,user_001,2,2690,sedentary,5.736,73.06070719749458,49.93647550013179,97.22,33.156,awake,0,51.03892646242067,69,51.8,47.0,97.0,32.38,5.76
2024-01-01 15:53:00,user_001,3,2693,sedentary,5.9159999999999995,76.04047146499639,46.5576503334212,97.2,33.07,awake,0,55.82595097494711,82,39.8,65.4,98.2,33.55,6.45
2024-01-01 15:54:00,user_001,3,2696,sedentary,5.99,75.69364764333092,44.17176688894747,96.88,33.002,awake,0,58.21730064996475,75,39.4,63.0,97.0,33.11,5.12
2024-01-01 15:55:00,user_001,7,2703,light,6.208,77.46243176222062,47.24784459263165,97.02,33.379999999999995,awake,0,58.17820043330983,81,53.4,58.1,96.3,32.82,6.8
2024-01-01 15:56:00,user_001,10,2713,light,6.194,77.30828784148041,46.83189639508777,96.9,33.434000000000005,awake,0,59.31880028887323,77,46.0,61.6,95.9,33.15,5.82
2024-01-01 15:57:00,user_001,4,2717,light,6.396,77.20552522765361,47.98793093005852,97.08,33.444,awake,0,56.94586685924882,77,50.3,52.2,97.7,34.27,6.85
2024-01-01 15:58:00,user_001,3,2720,sedentary,6.1899999999999995,77.47035015176907,47.058620620039015,97.34,33.507999999999996,awake,0,55.76391123949921,78,45.2,53.4,97.6,33.82,6.38
2024-01-01 15:59:00,user_001,4,2724,light,6.194,77.31356676784604,48.005747080026005,97.7,33.636,awake,0,54.10927415966614,77,49.9,50.8,97.9,33.16,6.13
2024-01-01 16:00:00,user_001,1,2725,sedentary,6.029999999999999,76.54237784523069,49.13716472001733,97.74,33.52,awake,0,53.0395161064441,75,51.4,50.9,97.6,33.14,5.77
2024-01-01 16:01:00,user_001,3,2728,sedentary,6.09,77.36158523015379,56.291443146678226,97.58,33.428,awake,0,45.859677404296065,79,70.6,31.5,97.7,33.79,5.84
2024-01-01 16:02:00,user_001,7,2735,light,5.92,75.9077234867692,54.89429543111882,97.5,33.54,awake,0,43.60645160286404,73,52.1,39.1,97.9,33.69,6.03
2024-01-01 16:03:00,user_001,7,2742,light,5.9719999999999995,75.9384823245128,51.02953028741255,97.56,33.748000000000005,awake,0,41.43763440190936,76,43.3,37.1,96.8,33.36,6.68
2024-01-01 16:04:00,user_001,6,2748,light,5.858,74.62565488300854,50.75302019160837,97.36,33.74399999999999,awake,0,46.15842293460624,72,50.2,55.6,97.5,33.72,5.28
2024-01-01 16:05:00,user_001,2,2750,sedentary,6.11,76.08376992200569,46.10201346107224,97.0,33.388,awake,0,45.87228195640416,79,36.8,45.3,97.9,34.18,6.03
2024-01-01 16:06:00,user_001,2,2752,sedentary,5.992,73.72251328133713,43.96800897404816,97.2,33.39,awake,0,53.514854637602774,69,39.7,68.8,96.7,33.77,5.27
2024-01-01 16:07:00,user_001,6,2758,light,6.08,76.14834218755809,48.71200598269877,97.18,33.438,awake,0,44.97656975840184,81,58.2,27.9,96.1,31.91,7.29
2024-01-01 16:08:00,user_001,4,2762,light,5.996,74.76556145837206,49.608003988465846,97.32,33.436,awake,0,43.58437983893456,72,51.4,40.8,97.8,33.37,6.09
2024-01-01 16:09:00,user_001,5,2767,light,6.072000000000001,71.51037430558138,53.638669325643896,97.58,33.452000000000005,awake,0,42.82291989262304,65,61.7,41.3,97.4,33.96,5.72
2024-01-01 16:10:00,user_001,5,2772,light,6.0,72.00691620372092,46.39244621709593,97.8,33.833999999999996,awake,0,50.11527992841536,73,31.9,64.7,98.6,34.17,5.61
2024-01-01 16:11:00,user_001,8,2780,light,5.8420000000000005,71.00461080248061,44.094964144730625,97.52,33.79600000000001,awake,0,53.97685328561024,69,39.5,61.7,98.0,33.85,5.65
2024-01-01 16:12:00,user_001,10,2790,light,5.924,72.66974053498707,46.12997609648708,97.76,33.716,awake,0,44.55123552374016,76,50.2,25.7,97.2,33.82,6.93
2024-01-01 16:13:00,user_001,7,2797,light,5.672,71.44649368999139,44.453317397658054,97.66,33.648,awake,0,47.66749034916011,69,41.1,53.9,96.4,33.18,5.3
2024-01-01 16:14:00,user_001,9,2806,light,5.645999999999999,70.96432912666093,41.23554493177203,97.76,33.704,awake,0,51.444993566106746,70,34.8,59.0,98.6,33.56,6.13
2024-01-01 16:15:00,user_001,5,2811,light,5.29,68.30955275110729,40.92369662118136,97.98,33.724000000000004,awake,0,53.16332904407116,63,40.3,56.6,98.1,33.83,4.35
2024-01-01 16:16:00,user_001,6,2817,light,5.116,68.87303516740486,42.54913108078757,98.0,33.56,awake,0,48.97555269604744,70,45.8,40.6,98.5,34.13,5.52
2024-01-01 16:17:00,user_001,1,2818,sedentary,5.1579999999999995,65.91535677826991,47.066087387191715,97.86,33.468,awake,0,45.58370179736496,60,56.1,38.8,98.3,33.92,5.15
2024-01-01 16:18:00,user_001,4,2822,light,5.558,65.2769045188466,54.04405825812781,97.9,33.332,awake,0,38.22246786490997,64,68.0,23.5,96.5,32.36,4.43
2024-01-01 16:19:00,user_001,7,2829,light,5.642,68.85126967923107,48.262705505418545,97.72,33.3,awake,0,48.714978576606654,76,36.7,69.7,97.9,33.1,6.34
2024-01-01 16:20:00,user_001,2,2831,sedentary,5.811999999999999,71.23417978615404,44.57513700361236,97.5,33.312,awake,0,55.37665238440443,76,37.2,68.7,98.3,33.15,6.35
2024-01-01 16:21:00,user_001,3,2834,sedentary,6.084,72.15611985743602,40.81675800240824,97.62,33.416,awake,0,55.717768256269615,74,33.3,56.4,97.6,33.97,5.94
2024-01-01 16:22:00,user_001,3,2837,sedentary,5.968,70.43741323829069,45.74450533493883,97.42,33.416,awake,0,48.411845504179745,67,55.6,33.8,97.2,33.98,6.0
2024-01-01 16:23:00,user_001,3,2840,sedentary,5.806,70.95827549219379,47.029670223292555,97.24,33.644,awake,0,53.07456366945316,72,49.6,62.4,97.1,32.88,5.79
2024-01-01 16:24:00,user_001,3,2843,sedentary,6.022,71.30551699479587,44.28644681552837,97.02,33.568,awake,0,50.48304244630211,72,38.8,45.3,96.9,33.1,5.76
2024-01-01 16:25:00,user_001,3,2846,sedentary,5.996,69.53701132986392,43.49096454368558,96.78,33.362,awake,0,46.922028297534744,66,41.9,39.8,97.4,34.29,5.54
2024-01-01 16:26:00,user_001,5,2851,light,6.112,73.02467421990927,43.92730969579039,96.78,33.468,awake,0,52.58135219835649,80,44.8,63.9,96.5,33.59,7.02
2024-01-01 16:27:00,user_001,4,2855,light,6.272,74.01644947993951,44.78487313052693,96.8,33.58,awake,0,56.18756813223766,76,46.5,63.4,96.0,32.95,5.87
2024-01-01 16:28:00,user_001,6,2861,light,6.398,73.01096631995968,42.62324875368462,97.18,33.42999999999999,awake,0,58.09171208815844,71,38.3,61.9,97.1,33.41,6.37
2024-01-01 16:29:00,user_001,1,2862,sedentary,5.798,72.67397754663979,45.14883250245642,97.6,33.455999999999996,awake,0,56.32780805877229,72,50.2,52.8,97.0,33.66,6.56
2024-01-01 16:30:00,user_001,9,2871,light,5.869999999999999,72.78265169775986,41.53255500163761,97.86,33.589999999999996,awake,0,61.75187203918153,73,34.3,72.6,99.3,33.54,6.17
2024-01-01 16:31:00,user_001,4,2875,light,5.6899999999999995,69.18843446517324,44.98837000109174,97.93999999999998,33.501999999999995,awake,0,57.801248026121016,62,51.9,49.9,98.6,33.72,4.02
2024-01-01 16:32:00,user_001,9,2884,light,5.386,69.79228964344883,45.62558000072783,98.2,33.362,awake,0,55.80083201741402,71,46.9,51.8,97.3,33.62,6.23
2024-01-01 16:33:00,user_001,5,2889,light,5.298,69.52819309563255,48.183720000485216,97.84,33.372,awake,0,53.43388801160935,69,53.3,48.7,97.5,32.97,5.47
2024-01-01 16:34:00,user_001,2,2891,sedentary,5.840000000000001,68.68546206375503,52.78914666699014,97.58,33.465999999999994,awake,0,56.42259200773956,67,62.0,62.4,98.3,32.96,5.04
2024-01-01 16:35:00,user_001,6,2897,light,6.054,69.45697470917001,50.1927644446601,97.58,33.428000000000004,awake,0,56.115061338493035,71,45.0,55.5,97.5,33.59,5.73
2024-01-01 16:36:00,user_001,3,2900,sedentary,5.996,73.30464980611335,48.69517629644006,97.56,33.466,awake,0,58.97670755899535,81,45.7,64.7,97.3,34.19,6.73
2024-01-01 16:37:00,user_001,7,2907,light,6.252,73.86976653740889,41.696784197626705,97.22,33.544,awake,0,65.2844717059969,75,27.7,77.9,97.3,33.43,7.3
2024-01-01 16:38:00,user_001,2,2909,sedentary,6.394,72.24651102493927,50.79785613175113,97.4,33.498000000000005,awake,0,54.089647803997934,69,69.0,31.7,97.4,33.16,5.18
2024-01-01 16:39:00,user_001,8,2917,light,6.192,73.16434068329285,43.498570754500754,97.4,33.303999999999995,awake,0,62.42643186933196,75,28.9,79.1,96.6,33.35,6.32
