timestamp,steps_per_min_mean,steps_per_min_std,steps_per_min_min,steps_per_min_max,cumulative_steps_mean,cumulative_steps_std,cumulative_steps_min,cumulative_steps_max,calories_burned_mean,calories_burned_std,calories_burned_min,calories_burned_max,heart_rate_bpm_mean,heart_rate_bpm_std,heart_rate_bpm_min,heart_rate_bpm_max,hrv_ms_mean,hrv_ms_std,hrv_ms_min,hrv_ms_max,spo2_pct_mean,spo2_pct_std,spo2_pct_min,spo2_pct_max,skin_temp_c_mean,skin_temp_c_std,skin_temp_c_min,skin_temp_c_max,is_sleep_period_mean,is_sleep_period_std,is_sleep_period_min,is_sleep_period_max,stress_score_mean,stress_score_std,stress_score_min,stress_score_max,heart_rate_bpm_raw_mean,heart_rate_bpm_raw_std,heart_rate_bpm_raw_min,heart_rate_bpm_raw_max,hrv_ms_raw_mean,hrv_ms_raw_std,hrv_ms_raw_min,hrv_ms_raw_max,stress_score_raw_mean,stress_score_raw_std,stress_score_raw_min,stress_score_raw_max,spo2_pct_raw_mean,spo2_pct_raw_std,spo2_pct_raw_min,spo2_pct_raw_max,skin_temp_c_raw_mean,skin_temp_c_raw_std,skin_temp_c_raw_min,skin_temp_c_raw_max,calories_burned_raw_mean,calories_burned_raw_std,calories_burned_raw_min,calories_burned_raw_max,hr_trend_5min_mean,hr_trend_5min_std,hr_trend_5min_min,hr_trend_5min_max,hr_trend_30min_mean,hr_trend_30min_std,hr_trend_30min_min,hr_trend_30min_max,hr_roc_mean,hr_roc_std,hr_roc_min,hr_roc_max,resting_hr_mean,resting_hr_std,resting_hr_min,resting_hr_max,hrv_rmssd_proxy_mean,hrv_rmssd_proxy_std,hrv_rmssd_proxy_min,hrv_rmssd_proxy_max,hrv_sdnn_proxy_mean,hrv_sdnn_proxy_std,hrv_sdnn_proxy_min,hrv_sdnn_proxy_max,hrv_trend_30min_mean,hrv_trend_30min_std,hrv_trend_30min_min,hrv_trend_30min_max,sleep_duration_min_mean,sleep_duration_min_std,sleep_duration_min_min,sleep_duration_min_max,sleep_efficiency_mean,sleep_efficiency_std,sleep_efficiency_min,sleep_efficiency_max,deep_ratio_mean,deep_ratio_std,deep_ratio_min,deep_ratio_max,rem_ratio_mean,rem_ratio_std,rem_ratio_min,rem_ratio_max,sleep_quality_score_mean,sleep_quality_score_std,sleep_quality_score_min,sleep_quality_score_max,sleep_consistency_mean,sleep_consistency_std,sleep_consistency_min,sleep_consistency_max,activity_intensity_mean,activity_intensity_std,activity_intensity_min,activity_intensity_max,step_intensity_15min_mean,step_intensity_15min_std,step_intensity_15min_min,step_intensity_15min_max,energy_expenditure_proxy_mean,energy_expenditure_proxy_std,energy_expenditure_proxy_min,energy_expenditure_proxy_max,computed_stress_mean,computed_stress_std,computed_stress_min,computed_stress_max,recovery_score_mean,recovery_score_std,recovery_score_min,recovery_score_max,anomaly_hr_spike_mean,anomaly_hr_spike_std,anomaly_hr_spike_min,anomaly_hr_spike_max,anomaly_hrv_drop_mean,anomaly_hrv_drop_std,anomaly_hrv_drop_min,anomaly_hrv_drop_max,anomaly_low_spo2_mean,anomaly_low_spo2_std,anomaly_low_spo2_min,anomaly_low_spo2_max,anomaly_critical_hr_mean,anomaly_critical_hr_std,anomaly_critical_hr_min,anomaly_critical_hr_max,anomaly_score_mean,anomaly_score_std,anomaly_score_min,anomaly_score_max,health_score_mean,health_score_std,health_score_min,health_score_max,user_id,sample_count
2024-01-01 00:00:00,0.0,0.0,0,0,0.0,0.0,0,0,4.370900000000001,0.2055737094085718,4.138,4.57,51.8199551010227,1.2965562576731149,50.2,53.8,59.00449450275342,3.8031815959751816,54.98,62.85846153846154,97.44166666666666,0.1339672430940562,97.26,97.63333333333333,33.408433333333335,0.1138717358356447,33.294,33.557500000000005,1.0,0.0,1,1,36.792801120555666,1.9585683561217344,34.3276923076923,39.52,51.8,3.563705936241091,48,57,60.879999999999995,5.7408187569370295,54.7,68.2,37.08,5.277025677405787,31.1,43.1,97.42,0.7085195833567326,96.6,98.3,33.46,0.3916631205513237,33.07,33.92,4.474,0.289706748281775,4.32,4.99,51.608727862309806,0.4078525207792028,51.1,52.0,51.608727862309806,0.4078525207792028,51.1,52.0,-0.0853080568720386,1.942282663365852,-2.2265402843601905,2.273684210526312,50.25684836141202,0.0,50.25684836141202,50.25684836141202,1.592584857206465,1.331386123739441,0.0,2.7952150248872507,2.004921448424943,1.804803365960088,0.0,3.8031815959751816,56.83019039852638,1.6685115888308224,55.19,59.00449450275342,540.0,0.0,540.0,540.0,0.375,0.0,0.375,0.375,0.3277777777777778,0.0,0.3277777777777778,0.3277777777777778,0.1925925925925926,0.0,0.1925925925925926,0.1925925925925926,70.2,0.0,70.2,70.2,94.9,0.0,94.9,94.9,0.0,0.0,0,0,0.0,0.0,0.0,0.0,1.225,0.0,1.225,1.225,27.49686598350106,1.8363781240408144,25.1380670684809,29.64315627261836,71.08289499685922,1.492786790412156,69.45364183207813,73.01732142802152,0.0,0.0,0.0,0.0,0.0,0.0,0.0,0.0,0.0,0.0,0.0,0.0,0.0,0.0,0.0,0.0,0.0,0.0,0.0,0.0,55.7,1.5556349186104086,53.7,57.7,user_001,5
2024-01-01 00:05:00,0.0,0.0,0,0,0.0,0.0,0,0,3.878,0.1365283853270081,3.676,4.032,51.538581149402376,1.1221468723916992,50.26766917293233,52.77224425059477,60.907709487204365,2.392225017721658,57.86099920697859,63.80947368421053,97.484,0.2732764168383385,97.06,97.76,33.3704,0.1411835684490215,33.15,33.518,1.0,0.0,1,1,39.74897797980235,3.9562737361644382,35.61413533834587,46.127613005551154,51.4,4.03732584763727,47,57,60.46,7.997061960495241,50.7,70.8,40.66,14.43876726040004,21.4,59.2,97.62,0.9549869109050648,96.2,98.6,33.374,0.5024241236246506,32.94,34.19,3.834,0.3316323265304515,3.42,4.28,51.76020715440198,0.3160671293965585,51.47348893560917,52.21293203434139,51.70766301108779,0.1035170663296654,51.56124077967431,51.84887199514758,-0.0737061611374386,1.6913938401837356,-1.9754678696026389,2.383617859607739,50.25684836141202,0.0,50.25684836141202,50.25684836141202,2.9158323135572415,0.2711215387047877,2.5478202074627965,3.2809715363201835,2.6861989382222156,0.5660792554730388,2.2384783996920974,3.6677089508516096,59.75055589792254,0.1734094706183523,59.48261744711054,59.956101994978894,540.0,0.0,540.0,540.0,0.375,0.0,0.375,0.375,0.3277777777777778,0.0,0.3277777777777778,0.3277777777777778,0.1925925925925926,0.0,0.1925925925925926,0.1925925925925926,70.2,0.0,70.2,70.2,94.9,0.0,94.9,94.9,0.0,0.0,0,0,0.0,0.0,0.0,0.0,1.225,0.0,1.225,1.225,22.552348642150967,0.2505827536523159,22.29152895886268,22.85807704013709,73.80542969744127,0.2205925972935607,73.45449508024298,74.0208488720744,0.0,0.0,0.0,0.0,0.0,0.0,0.0,0.0,0.0,0.0,0.0,0.0,0.0,0.0,0.0,0.0,0.0,0.0,0.0,0.0,56.760000000000005,0.320936130717625,56.2,57.0,user_001,5
2024-01-01 00:10:00,0.0,0.0,0,0,0.0,0.0,0,0,3.5035999999999996,0.2137119556786655,3.26,3.8199999999999994,47.83073506129152,2.270764794102551,44.57563348609566,49.78689198681889,59.776433394182035,2.1640390178827515,57.888806758383986,63.313607813560445,97.476,0.3093218388669049,97.2,97.96,33.5792,0.0674774036252145,33.498000000000005,33.64,1.0,0.0,1,1,42.11876775362502,2.188973307346002,38.5048447263607,44.25522077577298,45.2,4.604345773288536,40,51,58.67999999999999,8.291079543702375,49.3,69.3,43.38,8.696666027852281,31.1,53.0,97.4,0.5431390245600106,96.7,98.2,33.624,0.3923391390111369,33.12,34.21,3.444,0.6776651090324777,2.89,4.52,49.83081921383367,1.398377599697008,47.83073506129153,51.44242571217969,51.03112845004316,0.4351511727208089,50.396423770572206,51.507233930813115,-1.3258590847713905,1.421496896063717,-3.201246455621962,0.7201293471159573,50.25684836141202,0.0,50.25684836141202,50.25684836141202,2.6799533776720894,0.4099244980412599,2.1683244453308523,3.185875291730285,2.0169826163161053,0.1599139243125009,1.8220748085532417,2.164039017882752,59.82838439353511,0.1231751257200698,59.68274276588975,59.98653382561413,540.0,0.0,540.0,540.0,0.375,0.0,0.375,0.375,0.3277777777777778,0.0,0.3277777777777778,0.3277777777777778,0.1925925925925926,0.0,0.1925925925925926,0.1925925925925926,70.2,0.0,70.2,70.2,94.9,0.0,94.9,94.9,0.0,0.0,0,0,0.0,0.0,0.0,0.0,1.225,0.0,1.225,1.225,21.773495390169472,1.650039116113481,19.74174532595662,23.652158781732865,74.33508735646292,0.3710643180290051,74.0245514264789,74.82704132694634,0.0,0.0,0.0,0.0,0.0,0.0,0.0,0.0,0.0,0.0,0.0,0.0,0.0,0.0,0.0,0.0,0.0,0.0,0.0,0.0,54.5,1.288409872672513,52.4,55.6,user_001,5
2024-01-01 00:15:00,0.0,0.0,0,0,0.0,0.0,0,0,3.4024,0.2687876485257459,3.126,3.74,45.68469381434777,0.9109752772297708,44.866014369290305,46.94994239889108,58.81940893647099,1.576668975837932,56.78592539649378,61.125908000057215,96.768,0.301860895115619,96.46,97.14,33.3908,0.1811882998430124,33.239999999999995,33.638,1.0,0.0,1,1,41.87758930291143,3.0081918844022932,37.95032715355015,46.19381396415464,45.8,3.4205262752974135,42,51,59.0,6.387096366894739,54.0,69.8,39.720000000000006,9.7430488041475,29.5,54.6,96.46,1.2361229712290034,94.6,98.0,33.260000000000005,0.3699999999999998,32.86,33.75,3.3299999999999996,0.4818194682658641,2.57,3.85,46.01341034411029,0.5695230333108884,45.62661763770883,46.95035423391099,49.63027611361831,0.328052309157431,49.218491281516094,50.0832090255312,0.0580761766389287,1.3637314979341617,-1.4336538958672804,2.0270862104074325,50.25684836141202,0.0,50.25684836141202,50.25684836141202,2.65521138644634,0.2532008621038868,2.2620967116812674,2.943922402841649,1.9664290367247583,0.3859726325866345,1.570694749624782,2.4588718583898155,59.68596526943649,0.102404710058522,59.57394439998442,59.8352981544834,540.0,0.0,540.0,540.0,0.375,0.0,0.375,0.375,0.3277777777777778,0.0,0.3277777777777778,0.3277777777777778,0.1925925925925926,0.0,0.1925925925925926,0.1925925925925926,70.2,0.0,70.2,70.2,94.9,0.0,94.9,94.9,0.0,0.0,0,0,0.0,0.0,0.0,0.0,1.225,0.0,1.225,1.225,18.29643328608541,0.3943419283289599,17.760806077131868,18.71159125601732,75.84106498612981,0.313348610533314,75.3480686246286,76.1445201679144,0.0,0.0,0.0,0.0,0.0,0.0,0.0,0.0,0.0,0.0,0.0,0.0,0.0,0.0,0.0,0.0,0.0,0.0,0.0,0.0,52.879999999999995,0.4868264577855243,52.3,53.6,user_001,5
2024-01-01 00:20:00,0.0,0.0,0,0,0.0,0.0,0,0,3.6712,0.0829529987402506,3.5879999999999996,3.782,48.02297376455257,1.1636119922088264,46.71438424238719,49.071786419402216,52.53385367506937,1.7191419431919517,50.34684076935143,55.088081946244955,97.312,0.3694861296449423,96.9,97.64,33.2524,0.1134848007444177,33.134,33.396,1.0,0.0,1,1,43.00818927007536,2.4824503359071803,38.900408580176205,45.53120749847395,48.8,5.449770637375484,42,57,49.04,2.6566896694947264,47.1,53.3,46.04,6.078897926433706,40.8,54.4,97.64,0.976217188949262,96.1,98.6,33.216,0.2498599607780343,32.83,33.52,3.716,0.6978395230996879,3.15,4.89,47.34509724622095,0.6215844528866142,46.38999370555718,48.02297376455257,49.120406071893,0.0939070026340115,48.97938777812339,49.203872044585005,0.3887157792228805,2.3175715083683195,-2.3574021770150253,4.045472936672958,50.25684836141202,0.0,50.25684836141202,50.25684836141202,2.7155178674767626,0.3836186827317175,2.2635483091474056,3.0761412414694487,2.8244039491582784,0.8368166731289589,1.7191419431919155,3.826708753250219,58.81606880301242,0.4695514149187177,58.208379999136035,59.41087207377615,540.0,0.0,540.0,540.0,0.375,0.0,0.375,0.375,0.3277777777777778,0.0,0.3277777777777778,0.3277777777777778,0.1925925925925926,0.0,0.1925925925925926,0.1925925925925926,70.2,0.0,70.2,70.2,94.9,0.0,94.9,94.9,0.0,0.0,0,0,0.0,0.0,0.0,0.0,1.225,0.0,1.225,1.225,24.20004287307627,3.2656305187213177,20.18346916052621,28.603744239638026,75.07151389498134,0.5518464350954756,74.26737955076231,75.65007393668293,0.0,0.0,0.0,0.0,0.4,0.5477225575051662,0.0,1.0,0.0,0.0,0.0,0.0,0.0,0.0,0.0,0.0,0.4,0.5477225575051662,0.0,1.0,52.48,1.2676750372236598,50.8,53.8,user_001,5
2024-01-01 00:25:00,0.0,0.0,0,0,0.0,0.0,0,0,3.8208,0.1249127695634036,3.724,4.022,47.49190106910195,0.5728342715918647,46.582037446093345,48.05470891100265,48.99427495997685,1.9867533018582133,46.81108816408547,52.216674532098274,97.344,0.1791089054179079,97.1,97.58,33.564800000000005,0.0565437883414234,33.519999999999996,33.641999999999996,1.0,0.0,1,1,48.555401642755015,3.5093450875220196,44.664182353073215,52.64282984478719,47.8,2.8635642126552705,44,51,47.58,8.611445871629224,36.0,60.2,51.4,13.773706835852138,38.7,68.6,97.1,0.6928203230275458,95.9,97.5,33.519999999999996,0.5992912480589051,32.83,34.18,3.858,0.5472842040475862,3.13,4.47,47.45239653299696,0.2283065574394969,47.20676282393073,47.815294354313075,48.82207026899635,0.0786267965890255,48.73147332661981,48.93683787337886,0.1540549770735765,1.157709761332019,-1.2910528086724256,1.472671464909304,50.25684836141202,0.0,50.25684836141202,50.25684836141202,1.743769059556017,0.8529902780531461,1.0277785075179136,3.0820523567012823,1.6961337218698376,0.1941641666997664,1.47524152003416,1.986753301858166,57.24738181963979,0.4545448550319554,56.67269582594284,57.851564991645176,540.0,0.0,540.0,540.0,0.375,0.0,0.375,0.375,0.3277777777777778,0.0,0.3277777777777778,0.3277777777777778,0.1925925925925926,0.0,0.1925925925925926,0.1925925925925926,70.2,0.0,70.2,70.2,94.9,0.0,94.9,94.9,0.0,0.0,0,0,0.0,0.0,0.0,0.0,1.225,0.0,1.225,1.225,30.9460443252837,0.9259932680642148,29.84083593949856,32.2336650729397,72.44764021905632,1.1268898430050058,70.91086263527988,73.72851982277588,0.0,0.0,0.0,0.0,0.2,0.447213595499958,0.0,1.0,0.0,0.0,0.0,0.0,0.0,0.0,0.0,0.0,0.2,0.447213595499958,0.0,1.0,50.42,0.432434966208793,49.9,51.0,user_001,5
2024-01-01 00:30:00,0.0,0.0,0,0,0.0,0.0,0,0,4.07,0.1070980858839222,3.948,4.2299999999999995,49.368483538197985,1.6597327322509314,47.053243602917014,51.03550496544313,51.95768491270418,3.4560017593511994,47.607394877933785,54.82551998818051,97.676,0.1663730747446908,97.54,97.96,33.52720000000001,0.068155704089978,33.444,33.60600000000001,1.0,0.0,1,1,48.098493601384234,5.549650108147204,43.24230542819521,55.79523085657207,50.4,6.1073725938409895,44,59,54.779999999999994,6.966132355905965,49.2,66.8,44.88,13.073140403131912,25.4,62.1,97.96,0.3974921382870343,97.3,98.3,33.588,0.4307783652877664,33.13,34.18,4.101999999999999,0.360721499220659,3.6,4.62,48.48936961870261,0.7686187974623169,47.3279317387322,49.368483538197985,48.48188335171107,0.1255355234181804,48.3228947328157,48.594431612231816,0.5157598769916618,2.421012363709281,-2.1190029368290766,3.982261362526117,50.25684836141202,0.0,50.25684836141202,50.25684836141202,3.3297353690353804,0.5293956449715729,2.7799581323305884,4.078001145567688,2.9773802320816793,0.8399912613540775,2.083130141963887,3.894267309685459,55.99594208596237,0.3580341080851856,55.49822756093464,56.41294232187396,540.0,0.0,540.0,540.0,0.375,0.0,0.375,0.375,0.3277777777777778,0.0,0.3277777777777778,0.3277777777777778,0.1925925925925926,0.0,0.1925925925925926,0.1925925925925926,70.2,0.0,70.2,70.2,94.9,0.0,94.9,94.9,0.0,0.0,0,0,0.0,0.0,0.0,0.0,1.225,0.0,1.225,1.225,32.1439563141853,0.9209824471561704,30.800864867139616,33.35278573055841,68.94012191394278,0.8336422488960716,67.89998109247163,70.11562936806065,0.0,0.0,0.0,0.0,0.0,0.0,0.0,0.0,0.0,0.0,0.0,0.0,0.0,0.0,0.0,0.0,0.0,0.0,0.0,0.0,52.279999999999994,1.4618481453283736,49.9,53.7,user_001,5
2024-01-01 00:35:00,0.0,0.0,0,0,0.0,0.0,0,0,3.814799999999999,0.1136714563995727,3.708,4.004,46.81477932244349,1.5387639693411823,44.93257559440045,48.84829628258595,54.65903744884706,3.951962630239646,48.59639710871243,59.06930379417177,97.452,0.1368210510118941,97.3,97.66,33.5832,0.1068044942874598,33.414,33.658,1.0,0.0,1,1,43.92136403164376,3.604428372314501,40.343170791676705,48.82070400948368,45.4,4.827007354458868,40,51,56.739999999999995,11.781468499300075,36.5,64.6,42.22,10.520313683536246,29.9,59.0,97.42,0.6572670690062057,96.3,97.9,33.658,0.5971766907708308,32.8,34.37,3.798000000000001,0.5728612397430988,3.15,4.54,48.2214816625306,1.1027097650986823,46.81477932244349,49.51232360387651,47.892095769732514,0.2908125346588586,47.53559442832254,48.239720558094945,-0.7073900640070278,2.051559344811229,-2.94943269436029,1.6891416212953132,50.25684836141202,0.0,50.25684836141202,50.25684836141202,3.628810757247224,0.491784181566625,2.778904498001315,3.9864201387984233,2.966467006468162,0.5927192263488614,2.557627159316893,3.951962630239611,54.74680744629744,0.2907095663694341,54.456782221208414,55.19273171920039,540.0,0.0,540.0,540.0,0.375,0.0,0.375,0.375,0.3277777777777778,0.0,0.3277777777777778,0.3277777777777778,0.1925925925925926,0.0,0.1925925925925926,0.1925925925925926,70.2,0.0,70.2,70.2,94.9,0.0,94.9,94.9,0.0,0.0,0,0,0.0,0.0,0.0,0.0,1.225,0.0,1.225,1.225,27.53038962253512,1.8473193175665057,24.7114015302132,29.28197640103724,68.11756627678605,0.4656870373772735,67.65979057124927,68.84758926130586,0.0,0.0,0.0,0.0,0.0,0.0,0.0,0.0,0.0,0.0,0.0,0.0,0.0,0.0,0.0,0.0,0.0,0.0,0.0,0.0,51.9,0.8154753215150038,51.1,53.2,user_001,5
2024-01-01 00:40:00,0.0,0.0,0,0,0.0,0.0,0,0,4.118,0.1996647189665717,3.858,4.328,48.45132900908949,1.1122550440182255,46.49339485815185,49.16520775365479,57.26365943626739,5.192747960096295,52.0353490838628,65.77953626735331,97.392,0.1100908715561768,97.3,97.54,33.678399999999996,0.1079388715894363,33.608,33.868,1.0,0.0,1,1,44.79985036059298,4.6384296743150095,37.995447052902605,50.39797680029942,48.4,4.037325847637269,42,53,55.66,16.014930533723838,40.4,79.2,46.04,13.121089893755014,33.3,61.6,97.48,0.775886589650835,96.6,98.7,33.608,0.3415699049974979,33.15,33.96,3.986,0.7674828988322803,2.83,4.76,47.7453801264794,0.7119154738567636,47.00985285724489,48.47699348059827,47.54452258850681,0.0616532789163824,47.49608481041284,47.63902675295555,-0.0256644715087816,1.5715295005251544,-2.246697469211476,2.126094389620846,50.25684836141202,0.0,50.25684836141202,50.25684836141202,5.444726644235445,0.2665797105230854,4.977552171885362,5.6285164262832685,5.1855664800769405,0.723790188262213,4.370928964623912,6.350983228835851,54.39819554577572,0.2997211024307952,54.03798656155597,54.69133054737005,540.0,0.0,540.0,540.0,0.375,0.0,0.375,0.375,0.3277777777777778,0.0,0.3277777777777778,0.3277777777777778,0.1925925925925926,0.0,0.1925925925925926,0.1925925925925926,70.2,0.0,70.2,70.2,94.9,0.0,94.9,94.9,0.0,0.0,0,0,0.0,0.0,0.0,0.0,1.225,0.0,1.225,1.225,21.931316261347256,1.2595754135799586,20.132529042998797,23.43768277138394,70.54340334197792,0.5053411052605624,69.88108591768248,71.26493144184973,0.0,0.0,0.0,0.0,0.0,0.0,0.0,0.0,0.0,0.0,0.0,0.0,0.0,0.0,0.0,0.0,0.0,0.0,0.0,0.0,54.17999999999999,1.3700364958642532,52.5,56.1,user_001,5
2024-01-01 00:45:00,0.0,0.0,0,0,0.0,0.0,0,0,3.8252,0.1157894641148321,3.652,3.94,47.82075113949749,1.6864513371161625,46.32892990412878,49.91227553557907,55.685831671276254,6.0047358137482325,50.74004596532061,65.2955760074148,97.568,0.1723948955160797,97.42,97.84,33.8716,0.1000939558614775,33.726,33.965999999999994,1.0,0.0,1,1,43.51701733352437,4.291985010525264,36.7510018215044,47.36475413583804,48.0,5.2915026221291805,41,55,59.779999999999994,15.411424333915413,46.3,80.3,40.84,13.912871738070468,18.1,52.7,97.42,0.9984988733093326,96.1,98.3,33.868,0.3717122543043222,33.26,34.21,3.94,0.9013046099959772,2.95,5.07,47.69223113738256,0.2197580435738257,47.44503510557494,47.96755266885192,47.82432605405218,0.1354379795145559,47.67049148809596,47.99503630714716,0.0896244321816794,2.0668096078708085,-2.9707585165188206,2.8157933641795765,50.25684836141202,0.0,50.25684836141202,50.25684836141202,3.752678609245603,1.1222994049987125,2.2138536383068184,4.8604489787848335,3.00993643901819,1.723005148390342,1.7226409883598472,6.004735813748215,53.53546114295655,0.1930202870968801,53.30864863055226,53.81193722429104,540.0,0.0,540.0,540.0,0.375,0.0,0.375,0.375,0.3277777777777778,0.0,0.3277777777777778,0.3277777777777778,0.1925925925925926,0.0,0.1925925925925926,0.1925925925925926,70.2,0.0,70.2,70.2,94.9,0.0,94.9,94.9,0.0,0.0,0,0,0.0,0.0,0.0,0.0,1.225,0.0,1.225,1.225,26.359305439907217,1.0526395767172947,24.614002830715357,27.22038630166578,72.02636616268936,0.4612957670055401,71.58603056817485,72.79902047182743,0.0,0.0,0.0,0.0,0.0,0.0,0.0,0.0,0.0,0.0,0.0,0.0,0.0,0.0,0.0,0.0,0.0,0.0,0.0,0.0,53.0,1.552417469626003,51.5,54.7,user_001,5
2024-01-01 00:50:00,0.0,0.0,0,0,0.0,0.0,0,0,3.832,0.1266885945931995,3.64,3.984,48.89409068563866,1.4500176480214402,47.46415319107553,51.20629030791754,51.009327626894915,3.1697008554691983,48.07225691923003,56.29705066220144,97.844,0.1621110730332773,97.62,98.06,33.8348,0.1826504859013585,33.62,33.99400000000001,1.0,0.0,1,1,51.344051668310456,5.178580052576298,42.50066788701451,55.46696351136509,50.6,3.6469165057620936,46,55,44.12,4.386000455996332,38.3,48.6,58.379999999999995,11.364066173689766,43.0,74.3,97.82,0.8927485648266253,96.8,99.1,33.946000000000005,0.4191419807177507,33.42,34.51,3.856,0.3461647006845153,3.36,4.28,48.3706641831721,0.3465439887293502,48.0411360278672,48.89409068563866,47.99525387687737,0.0871790831731197,47.907164185281026,48.14022246066151,0.8529546577714584,1.1980371532268907,-0.7320765960480458,1.8968548466288695,50.25684836141202,0.0,50.25684836141202,50.25684836141202,5.9522990565066785,0.7719816975890417,4.708202698680168,6.582533014075924,5.490148346559364,1.344913833921665,3.169700855469179,6.639464933600558,53.4176181147249,0.1206351410427342,53.26163600932777,53.556022641222064,540.0,0.0,540.0,540.0,0.375,0.0,0.375,0.375,0.3277777777777778,0.0,0.3277777777777778,0.3277777777777778,0.1925925925925926,0.0,0.1925925925925926,0.1925925925925926,70.2,0.0,70.2,70.2,94.9,0.0,94.9,94.9,0.0,0.0,0,0,0.0,0.0,0.0,0.0,1.225,0.0,1.225,1.225,26.194538079460425,3.036400006326216,24.06239709556193,31.400903133603872,72.39374924637816,0.78009104208444,71.17064618585043,73.07147645749401,0.0,0.0,0.0,0.0,0.0,0.0,0.0,0.0,0.0,0.0,0.0,0.0,0.0,0.0,0.0,0.0,0.0,0.0,0.0,0.0,52.86,0.6107372593840952,52.1,53.8,user_001,5
2024-01-01 00:55:00,0.0,0.0,0,0,0.0,0.0,0,0,3.781200000000001,0.1274409667257746,3.61,3.936,50.407452271518984,1.2186885384959874,49.17223416518443,52.137526872073245,49.53398553088208,2.942196117652594,46.480939638301514,54.08729309240788,97.296,0.1395707705789424,97.18,97.52,33.6996,0.0726828728105888,33.622,33.82,1.0,0.0,1,1,48.233949190783825,3.29234634398141,43.251498964086665,51.23399953991972,50.4,3.911521443121589,45,54,51.94,10.665973935839146,42.1,69.3,45.28,13.855035185808806,32.3,66.5,97.52,0.7155417527999385,96.8,98.4,33.686,0.379512845632397,33.04,34.04,3.734,0.5395646393158099,3.2,4.54,50.1546553659216,0.3279503733500301,49.66272712389571,50.41117840729736,48.445630349031475,0.1290052312980858,48.282370347905086,48.62614766106435,-0.0037261357783734,1.5181937119805151,-2.379175624242805,1.4061701855445392,50.25684836141202,0.0,50.25684836141202,50.25684836141202,2.080389034608318,1.049853190907385,1.0571121766998492,3.706654096597034,1.5128845985015635,0.8261455053233967,0.9024924571559622,2.942196117652574,53.2720200319816,0.0953539997400413,53.1090476068679,53.35158777114531,540.0,0.0,540.0,540.0,0.375,0.0,0.375,0.375,0.3277777777777778,0.0,0.3277777777777778,0.3277777777777778,0.1925925925925926,0.0,0.1925925925925926,0.1925925925925926,70.2,0.0,70.2,70.2,94.9,0.0,94.9,94.9,0.0,0.0,0,0,0.0,0.0,0.0,0.0,1.225,0.0,1.225,1.225,35.02011569123578,0.923891041458573,33.922240335782156,36.300117738865026,69.08357054089399,0.6876281440780236,68.27103968552362,69.97235989967979,0.0,0.0,0.0,0.0,0.0,0.0,0.0,0.0,0.0,0.0,0.0,0.0,0.0,0.0,0.0,0.0,0.0,0.0,0.0,0.0,51.54,1.2660963628413129,50.2,53.0,user_001,5
2024-01-01 01:00:00,0.0,0.0,0,0,0.0,0.0,0,0,3.9664,0.1950251265862936,3.748,4.142,48.6602406283337,1.4653341996444589,46.55558708719007,50.12510641933118,51.91509274483453,2.320922479262758,48.97401276807965,54.499561230277415,97.444,0.1835211159512718,97.2,97.68,33.22,0.3173231791092473,32.92,33.742,1.0,0.0,1,1,50.5202731444997,2.594565172592748,47.005316832021705,53.68044430815393,47.8,4.147288270665545,44,54,52.08,7.726059797852978,41.6,63.4,50.54,8.384986583173525,43.1,61.7,97.2,0.8062257748298596,96.3,98.4,33.088,1.0463842506460057,31.38,34.07,4.044,0.4374128484624107,3.7,4.81,49.498884657246734,0.5993307625924047,48.6602406283337,50.00496818097057,48.61388285545549,0.0926296342629239,48.508107176086966,48.72854308827815,-0.4301203141780149,1.718197441443836,-1.9166903154208657,2.48147097094553,50.25684836141202,0.0,50.25684836141202,50.25684836141202,3.5369164478522337,0.4930067655227655,2.6673032660568237,3.8373087929113754,2.9475619854957293,0.631916168313278,2.21086570223286,3.549123274121494,53.47217320201612,0.1445087300763874,53.32340027263044,53.671817334398504,540.0,0.0,540.0,540.0,0.375,0.0,0.375,0.375,0.3277777777777778,0.0,0.3277777777777778,0.3277777777777778,0.1925925925925926,0.0,0.1925925925925926,0.1925925925925926,70.2,0.0,70.2,70.2,94.9,0.0,94.9,94.9,0.0,0.0,0,0,0.0,0.0,0.0,0.0,1.225,0.0,1.225,1.225,31.842657813389003,1.4469024241953548,30.057266596930987,33.44287674208684,67.75644644629732,0.524608896354526,66.88228047409514,68.18038973641625,0.0,0.0,0.0,0.0,0.0,0.0,0.0,0.0,0.0,0.0,0.0,0.0,0.0,0.0,0.0,0.0,0.0,0.0,0.0,0.0,51.7,1.3472193585307477,50.2,53.0,user_001,5
2024-01-01 01:05:00,0.0,0.0,0,0,0.0,0.0,0,0,4.381600000000001,0.1327584272278037,4.260000000000001,4.586,51.60710987698533,0.7952863249180716,50.51928336568111,52.41838757278451,54.2945801145499,3.4728461596920983,49.21966641585353,58.34424943568497,97.68,0.1516575088810322,97.54,97.92,33.5644,0.3501868072900536,32.983999999999995,33.846,1.0,0.0,1,1,44.83188782148992,2.1304230941809927,41.57559727828836,47.01339591743639,52.2,3.9623225512317903,47,57,54.58,11.988202534158322,41.5,67.2,42.66,7.801794665331816,30.7,50.4,97.54,0.6426507605223898,96.8,98.5,33.724000000000004,0.5220440594432603,32.87,34.16,4.442,0.5311967620383244,3.86,5.24,50.26125230054064,1.1837079457700528,48.97349375222014,51.60710987698533,48.95384462845717,0.2877965207472713,48.63873811300209,49.30682893517727,0.2964450615091024,1.710687989848168,-1.759641682841803,2.654313980627805,50.25684836141202,0.0,50.25684836141202,50.25684836141202,3.41553190785081,0.603008099789667,2.7291018913541727,4.185010225026577,3.392910612017757,0.3891088166892777,2.934866975921273,3.966050589886877,53.49429719955193,0.1886585713617675,53.28374618745085,53.713476678110744,540.0,0.0,540.0,540.0,0.375,0.0,0.375,0.375,0.3277777777777778,0.0,0.3277777777777778,0.3277777777777778,0.1925925925925926,0.0,0.1925925925925926,0.1925925925925926,70.2,0.0,70.2,70.2,94.9,0.0,94.9,94.9,0.0,0.0,0,0,0.0,0.0,0.0,0.0,1.225,0.0,1.225,1.225,29.65995547813885,0.8213308170899546,28.74594437484958,30.522122298423277,66.97371505106182,0.2308808587417839,66.70880641580449,67.3195040902302,0.0,0.0,0.0,0.0,0.0,0.0,0.0,0.0,0.0,0.0,0.0,0.0,0.0,0.0,0.0,0.0,0.0,0.0,0.0,0.0,54.46,0.5594640292279767,53.9,55.2,user_001,5
2024-01-01 01:10:00,0.0,0.0,0,0,0.0,0.0,0,0,3.8748,0.2066717203683176,3.59,4.072,52.03385809079649,1.873057920070552,49.43463813869045,54.15195720803611,54.57838092043467,3.4812970396907503,49.96715864281846,57.92610694634265,97.624,0.2389142105442903,97.4,97.98,33.662400000000005,0.0624083327769615,33.612,33.766,1.0,0.0,1,1,39.79201814933074,5.838515628533151,34.68373151885674,46.99555190496012,51.6,7.402702209328699,40,58,52.48,10.253145858710877,40.6,63.5,41.96,15.815751641954932,20.9,63.1,97.98,0.7596051605933208,97.3,99.2,33.674,0.4114365078599626,33.22,34.31,3.59,0.290946730519523,3.35,4.09,51.909300714475606,0.2850440424381506,51.47140658465683,52.25078713619462,49.647831393123205,0.210650377620539,49.38233040090408,49.90391711546177,-0.2169290453981318,2.8560755306450276,-4.717319069345663,2.3290481409601824,50.25684836141202,0.0,50.25684836141202,50.25684836141202,3.992370794825667,0.4001635322927517,3.426977865604673,4.303408692871773,3.261007365717682,0.5455682569275577,2.351235021977504,3.7582266536202984,52.98035189045921,0.106580619552573,52.83619976814539,53.12061614692677,540.0,0.0,540.0,540.0,0.375,0.0,0.375,0.375,0.3277777777777778,0.0,0.3277777777777778,0.3277777777777778,0.1925925925925926,0.0,0.1925925925925926,0.1925925925925926,70.2,0.0,70.2,70.2,94.9,0.0,94.9,94.9,0.0,0.0,0,0,0.0,0.0,0.0,0.0,1.225,0.0,1.225,1.225,30.28340322590792,0.6407734443187102,29.652787578873404,31.215915732160703,68.36805236146087,0.3670052336100012,67.90228883070293,68.74420570871993,0.0,0.0,0.0,0.0,0.0,0.0,0.0,0.0,0.0,0.0,0.0,0.0,0.0,0.0,0.0,0.0,0.0,0.0,0.0,0.0,54.620000000000005,1.6254230218623091,51.8,55.9,user_001,5
2024-01-01 01:15:00,0.0,0.0,0,0,0.0,0.0,0,0,3.884,0.1251798705862886,3.708,3.992,49.69087843170979,1.7100160850252095,46.70744205941601,50.9564254257937,50.262091314625,2.6247293421713636,45.84477242854547,52.56434330157589,97.352,0.2663080922540744,97.08,97.7,33.876400000000004,0.1080592430104873,33.738,34.004,1.0,0.0,1,1,49.29540979744298,2.68330073386823,45.4283116755437,52.457027411352826,48.6,5.176871642217915,40,54,50.739999999999995,8.386179106124553,37.6,58.6,51.48,9.600364576410628,35.6,60.0,97.16,0.8264381404557756,96.4,98.5,33.82,0.3652396473549937,33.29,34.19,3.992,1.0015338236924407,3.49,5.78,50.89719186363465,0.9387269058861492,49.69087843170979,52.02257206053105,50.181991514165226,0.0701049566465256,50.05816696618394,50.22340749615197,-0.5454392158548884,1.7660911826967591,-3.3537210297080406,1.521787287103244,50.25684836141202,0.0,50.25684836141202,50.25684836141202,3.539854943720461,0.5238741376439202,2.9066115268429846,4.023962203210624,3.3854855568982165,1.0499819272172897,2.5762664637625448,4.658426059399433,52.4235826907976,0.2882981209460714,51.932243042036845,52.62635540132733,540.0,0.0,540.0,540.0,0.375,0.0,0.375,0.375,0.3277777777777778,0.0,0.3277777777777778,0.3277777777777778,0.1925925925925926,0.0,0.1925925925925926,0.1925925925925926,70.2,0.0,70.2,70.2,94.9,0.0,94.9,94.9,0.0,0.0,0,0,0.0,0.0,0.0,0.0,1.225,0.0,1.225,1.225,33.9424589627253,0.6521905748126481,33.18673919090592,34.880320315596656,67.91267208196123,0.096440990173347,67.80307586909258,68.04272336225881,0.0,0.0,0.0,0.0,0.0,0.0,0.0,0.0,0.0,0.0,0.0,0.0,0.0,0.0,0.0,0.0,0.0,0.0,0.0,0.0,51.5,0.6670832032063166,50.5,52.2,user_001,5
2024-01-01 01:20:00,0.0,0.0,0,0,0.0,0.0,0,0,4.194,0.060580524923444,4.106,4.258000000000001,49.38892226261199,1.574015899978116,47.47162803961068,51.65405690649365,58.73146881509469,1.9499866413998657,56.13325831851932,60.69983121666847,97.528,0.1997998998998751,97.26,97.78,33.8996,0.1400242836082331,33.720000000000006,34.038,1.0,0.0,1,1,40.422687709951326,2.614568511888768,37.475462204711654,43.569789960601234,50.2,4.43846820423443,46,57,60.720000000000006,12.207047144989652,51.2,79.4,36.34,14.63618802830846,17.2,51.8,97.48,0.7949842765740732,96.4,98.4,33.914,0.2992991814222004,33.56,34.36,4.244,0.6361839356664076,3.47,5.2,49.00078246763911,0.2578866224033253,48.66261263631545,49.388922262611985,50.28701122824306,0.0842458310212271,50.188181109457915,50.380448723827094,0.4055388686940105,1.8345194455424092,-1.5513523021645526,2.672971546753189,50.25684836141202,0.0,50.25684836141202,50.25684836141202,4.705445765318865,0.1062315527705542,4.567804407614603,4.836334421683466,3.7824944016207422,1.0619337783949712,1.9499866414000009,4.677889498887532,52.63519058734969,0.4669940526654864,52.07482869454693,53.21926657340348,540.0,0.0,540.0,540.0,0.375,0.0,0.375,0.375,0.3277777777777778,0.0,0.3277777777777778,0.3277777777777778,0.1925925925925926,0.0,0.1925925925925926,0.1925925925925926,70.2,0.0,70.2,70.2,94.9,0.0,94.9,94.9,0.0,0.0,0,0,0.0,0.0,0.0,0.0,1.225,0.0,1.225,1.225,25.38561549446954,2.4892668777464073,22.73708862494258,28.887982374972307,68.95823698898951,0.6695083249988143,68.28581940200819,69.71320674716178,0.0,0.0,0.0,0.0,0.0,0.0,0.0,0.0,0.0,0.0,0.0,0.0,0.0,0.0,0.0,0.0,0.0,0.0,0.0,0.0,54.66,1.173882447266333,53.6,56.4,user_001,5
2024-01-01 01:25:00,0.0,0.0,0,0,0.0,0.0,0,0,3.92,0.069166465863162,3.854,4.029999999999999,50.16397330207237,1.0671898093409864,48.49009093525738,51.10670708233661,61.85393828017709,3.304376028683231,58.6839283906724,67.44841261807663,97.62,0.2694438717061574,97.34,98.0,33.5244,0.0511155553623301,33.462,33.589999999999996,1.0,0.0,1,1,36.24224694122815,2.675908925795107,33.544581393988636,39.64203617510606,51.0,3.3911649915626336,47,55,66.38,9.386799241488015,54.2,79.3,32.82,11.39986842029328,21.8,47.1,97.68,0.7596051605933172,96.8,98.5,33.562,0.2190205469813263,33.32,33.86,3.89,0.4498888751680799,3.21,4.45,49.84997958421586,0.2137542531174348,49.59261484174133,50.16397330207237,50.236231931292096,0.0424993131995364,50.17649572909885,50.27103513885974,0.4180133489638208,1.3370641345200582,-1.3689023607788684,2.1699696882475408,50.25684836141202,0.0,50.25684836141202,50.25684836141202,3.044387390505777,0.4075411910571558,2.69554949025715,3.715080267930871,2.2979188136346136,0.5719993732155191,1.9390226825136971,3.3043760286833384,54.39533648338655,0.6694798506219052,53.597288826715165,55.27259203161931,540.0,0.0,540.0,540.0,0.375,0.0,0.375,0.375,0.3277777777777778,0.0,0.3277777777777778,0.3277777777777778,0.1925925925925926,0.0,0.1925925925925926,0.1925925925925926,70.2,0.0,70.2,70.2,94.9,0.0,94.9,94.9,0.0,0.0,0,0,0.0,0.0,0.0,0.0,1.225,0.0,1.225,1.225,22.070535112050145,1.2694156194941817,19.87879649126599,22.93830200903725,70.99433723235315,0.9523720819152086,70.01614414689703,72.44889693277365,0.0,0.0,0.0,0.0,0.0,0.0,0.0,0.0,0.0,0.0,0.0,0.0,0.0,0.0,0.0,0.0,0.0,0.0,0.0,0.0,56.42,1.4113823011501896,54.8,58.7,user_001,5
2024-01-01 01:30:00,0.0,0.0,0,0,0.0,0.0,0,0,3.6748,0.1021234547006709,3.5700000000000003,3.844,50.31130512619883,1.1371278115036283,49.04694033220809,52.0334236212023,56.552452777636496,4.171884597654401,51.06728067398541,60.865608412051095,98.22,0.3009983388658511,97.76,98.54,33.496,0.0385746030439708,33.446000000000005,33.542,1.0,0.0,1,1,43.29980206633456,5.0089303410517445,36.16312718893602,49.2951856175676,49.6,3.209361307176242,47,55,50.0,5.134685968976099,46.0,58.2,49.54,8.530123094070799,40.7,59.5,98.36,0.4505552130427538,97.6,98.8,33.446000000000005,0.2668894902389391,33.15,33.85,3.844,0.5244330271826899,3.3,4.58,50.62106727034942,0.1994373925207878,50.31130512619883,50.85065480092105,50.42326236680922,0.1146993757856213,50.27166473250069,50.53267451506247,-0.3556525630994159,1.1563920109777863,-1.6778078737341031,1.4832881893988556,50.25684836141202,0.0,50.25684836141202,50.25684836141202,4.235542480067992,0.267570892024131,3.776172481525089,4.471981452594403,3.941142371033038,0.7414526956252612,3.2897071896987633,5.1133407736149685,55.9068426644803,0.2596420024574805,55.52172802107904,56.15989472229604,540.0,0.0,540.0,540.0,0.375,0.0,0.375,0.375,0.3277777777777778,0.0,0.3277777777777778,0.3277777777777778,0.1925925925925926,0.0,0.1925925925925926,0.1925925925925926,70.2,0.0,70.2,70.2,94.9,0.0,94.9,94.9,0.0,0.0,0,0,0.0,0.0,0.0,0.0,1.225,0.0,1.225,1.225,22.274595559210848,2.4864317434639585,20.298746208497512,26.37309878324906,74.08511862329138,0.4029152048968039,73.42351204242486,74.42326007981247,0.0,0.0,0.0,0.0,0.0,0.0,0.0,0.0,0.0,0.0,0.0,0.0,0.0,0.0,0.0,0.0,0.0,0.0,0.0,0.0,55.9,2.1494185260204666,52.9,58.2,user_001,5
2024-01-01 01:35:00,0.0,0.0,0,0,0.0,0.0,0,0,3.8764,0.0802421335708366,3.802000000000001,4.006,48.687908493985034,1.025853190507821,47.031293554805394,49.49075364586827,54.74419131228135,3.640077704282541,51.08545807732685,58.70680239328203,97.484,0.1687601848778313,97.32,97.76,33.5272,0.0786333262681923,33.452,33.65,1.0,0.0,1,1,45.735776403797146,4.4471342191864665,39.25574460807474,49.77563805225227,48.8,3.346640106136302,43,51,57.8,16.147600440932393,36.5,73.0,41.720000000000006,16.900502951095863,20.1,63.2,97.32,0.7049822692805859,96.8,98.5,33.506,0.1694992625352672,33.3,33.73,3.802000000000001,0.5593478345358994,3.01,4.51,48.88935865288552,0.4127140836023307,48.631862740977546,49.60753675079923,50.19461342553336,0.1375279395117962,50.04614095122909,50.37733856559719,0.0560457530074842,1.2909878185868569,-2.0156467774026936,1.3229021483981995,50.25684836141202,0.0,50.25684836141202,50.25684836141202,5.062934125261745,0.6577262657090046,4.035181156776421,5.866014948930586,3.362828355201835,0.2973848379751857,2.988227538496579,3.643865591351037,56.01202592015115,0.1102246850208328,55.883919423889985,56.125879135835255,540.0,0.0,540.0,540.0,0.375,0.0,0.375,0.375,0.3277777777777778,0.0,0.3277777777777778,0.3277777777777778,0.1925925925925926,0.0,0.1925925925925926,0.1925925925925926,70.2,0.0,70.2,70.2,94.9,0.0,94.9,94.9,0.0,0.0,0,0,0.0,0.0,0.0,0.0,1.225,0.0,1.225,1.225,27.367662048695575,0.9330208911069232,26.177580544120666,28.472038443744573,73.54824050057317,0.4582921655033622,73.06287419654855,74.19217276483056,0.0,0.0,0.0,0.0,0.0,0.0,0.0,0.0,0.0,0.0,0.0,0.0,0.0,0.0,0.0,0.0,0.0,0.0,0.0,0.0,53.04,0.8677557259966646,52.0,54.3,user_001,5
2024-01-01 01:40:00,0.0,0.0,0,0,0.0,0.0,0,0,3.9104,0.2322300583473205,3.696,4.26,47.437090830483626,0.2724951893594746,47.101663031554665,47.73444202103644,59.49363836211112,2.942255513191814,55.51413439701423,62.184059732006325,97.2,0.1726267650163197,97.0,97.4,33.7132,0.0628744781290465,33.612,33.769999999999996,1.0,0.0,1,1,39.550225699265454,2.9963937207778373,36.080180359911076,43.55810871469988,46.8,2.3874672772626644,43,49,60.7,7.846018098373211,52.0,71.3,38.28,8.657193540634285,27.8,47.4,97.34,0.8384509526501851,96.3,98.2,33.730000000000004,0.4320300915445598,33.12,34.23,3.904,0.4502554830315782,3.4,4.55,48.14032706540056,0.5388280305756256,47.437090830483626,48.72527232932335,49.56645115068752,0.2666942876944494,49.28001307451027,49.91964952304162,-0.3185454152418131,1.088887618920356,-2.1090563657485077,0.6327789894817784,50.25684836141202,0.0,50.25684836141202,50.25684836141202,3.9398326760415174,0.8339913001644699,2.646946695415688,4.912479079897816,3.056424895802092,0.3655016103530557,2.667334842585894,3.4917848023993843,56.38498283722155,0.3579885678427999,56.10583593558324,56.9396301436543,540.0,0.0,540.0,540.0,0.375,0.0,0.375,0.375,0.3277777777777778,0.0,0.3277777777777778,0.3277777777777778,0.1925925925925926,0.0,0.1925925925925926,0.1925925925925926,70.2,0.0,70.2,70.2,94.9,0.0,94.9,94.9,0.0,0.0,0,0,0.0,0.0,0.0,0.0,1.225,0.0,1.225,1.225,23.384225231851893,3.1693732004713446,19.637796548673784,27.017078171547674,73.0700737539996,0.1619327504218503,72.83780978560509,73.28639860663503,0.0,0.0,0.0,0.0,0.0,0.0,0.0,0.0,0.0,0.0,0.0,0.0,0.0,0.0,0.0,0.0,0.0,0.0,0.0,0.0,53.67999999999999,1.3007690033207318,52.3,55.1,user_001,5
2024-01-01 01:45:00,0.0,0.0,0,0,0.0,0.0,0,0,3.8984,0.3065530949117951,3.5159999999999996,4.234,51.25673624105134,1.2719459006617404,49.15629468069096,52.43752978712731,57.454470895422034,2.6791991770228347,55.154536216890754,61.981804325336135,97.608,0.1792205345377627,97.32,97.8,33.472,0.0637024332345336,33.4,33.57,1.0,0.0,1,1,40.70801326080861,5.9549686099283194,31.520120239940713,46.76522081183429,52.6,3.646916505762094,50,59,55.48,8.746542173910784,41.5,62.5,44.32,14.449463657866335,22.4,59.1,97.32,0.9628083921528756,95.8,98.2,33.436,0.2326585480914046,33.29,33.84,3.924,0.5932790237316672,3.42,4.95,49.63214183577291,1.3676220343915917,47.824727220322416,51.25673624105134,49.35560947937723,0.12266373089278,49.22000871634018,49.540989376067195,0.6716318794743301,1.6705407476895702,-0.546300709204047,3.2812351064363483,50.25684836141202,0.0,50.25684836141202,50.25684836141202,3.2830712429571713,0.4763292573592095,2.570518083213543,3.9131092692426783,2.975074729270753,0.2412968486671517,2.6791991770229324,3.225327611496076,57.80450802794687,0.2573437540743892,57.47753120688064,58.13836007378713,540.0,0.0,540.0,540.0,0.375,0.0,0.375,0.375,0.3277777777777778,0.0,0.3277777777777778,0.3277777777777778,0.1925925925925926,0.0,0.1925925925925926,0.1925925925925926,70.2,0.0,70.2,70.2,94.9,0.0,94.9,94.9,0.0,0.0,0,0,0.0,0.0,0.0,0.0,1.225,0.0,1.225,1.225,22.35545948297445,3.0409989491179097,18.947887932829463,26.356751396583455,72.97455729120374,0.1763974997813203,72.81092797044175,73.19412596003193,0.0,0.0,0.0,0.0,0.0,0.0,0.0,0.0,0.0,0.0,0.0,0.0,0.0,0.0,0.0,0.0,0.0,0.0,0.0,0.0,56.0,0.6442049363362512,55.1,56.7,user_001,5
2024-01-01 01:50:00,0.0,0.0,0,0,0.0,0.0,0,0,3.894,0.1698764256746648,3.642,4.101999999999999,49.90952905231953,2.491485913219952,47.395067612272065,53.22816818141395,54.60618546770989,3.155431268647339,50.271065580174366,58.79101949963274,97.292,0.1063954886261581,97.14,97.42,33.4428,0.0867017877555008,33.334,33.536,1.0,0.0,1,1,46.60640503846039,2.703656492166866,44.8993028764117,51.24413461173853,50.2,7.823042886243179,40,62,52.0,9.3610896801601,42.9,62.8,49.06,6.700223876856654,44.4,60.2,97.26,0.8619744775804002,96.4,98.7,33.386,0.3256224807963959,32.81,33.6,3.938,0.8294998493067977,2.53,4.64,50.018882875492736,0.5457435776798824,49.44644036771892,50.90449082736756,49.525292880686166,0.0736706972627902,49.42078697562486,49.627757174351785,0.1452354738402434,2.9949117244342323,-3.697533806136029,4.385915909293033,50.25684836141202,0.0,50.25684836141202,50.25684836141202,2.9993175048302656,0.3267925806281467,2.7337122955614035,3.4449804961666173,2.057528726016794,0.6592226655941235,1.4111897060329437,3.1554312686474124,57.78568555649232,0.2476367545664897,57.450812849223,58.078906715858096,540.0,0.0,540.0,540.0,0.375,0.0,0.375,0.375,0.3277777777777778,0.0,0.3277777777777778,0.3277777777777778,0.1925925925925926,0.0,0.1925925925925926,0.1925925925925926,70.2,0.0,70.2,70.2,94.9,0.0,94.9,94.9,0.0,0.0,0,0,0.0,0.0,0.0,0.0,1.225,0.0,1.225,1.225,26.662456966112774,0.9676513968482676,25.71161383612098,28.24592076013454,73.24707883583346,0.2756185743218002,72.817580724808,73.48159646843118,0.0,0.0,0.0,0.0,0.0,0.0,0.0,0.0,0.0,0.0,0.0,0.0,0.0,0.0,0.0,0.0,0.0,0.0,0.0,0.0,53.620000000000005,1.1432410069622252,52.4,55.5,user_001,5
2024-01-01 01:55:00,0.0,0.0,0,0,0.0,0.0,0,0,3.8807999999999994,0.2337887935723181,3.626,4.148,51.067921521293115,1.3105599401753028,48.83519371484721,52.14897498437654,51.43307792167373,3.210814573781932,47.032556163985056,55.89883424597759,97.132,0.1797776404339501,96.82,97.28,33.676,0.0384707681233442,33.608,33.7,1.0,0.0,1,1,46.04948543716351,2.7476779657353423,41.78344729236697,49.16275640782569,51.2,4.604345773288535,44,56,51.56,12.964875626090672,29.3,62.7,43.7,9.450396817065409,32.0,58.2,97.2,1.3453624047073722,96.3,99.5,33.7,0.6234580980306555,32.87,34.35,3.826,0.744600564061027,3.16,4.93,51.13664301241057,0.2619314518792472,50.80635270154636,51.40423513436424,49.73973678538529,0.0352801818836052,49.68476755783263,49.77841521088858,0.0660392393534451,1.7874136208751128,-2.4175968574235966,2.3882687617175975,50.25684836141202,0.0,50.25684836141202,50.25684836141202,3.4437374261074907,1.099910402601488,2.310813717527459,4.611958067718474,2.682460227021541,0.4957300633408383,2.2443168425014104,3.234730549489891,56.54672402390023,0.5586407773491476,55.714002789472445,57.13276412170422,540.0,0.0,540.0,540.0,0.375,0.0,0.375,0.375,0.3277777777777778,0.0,0.3277777777777778,0.3277777777777778,0.1925925925925926,0.0,0.1925925925925926,0.1925925925925926,70.2,0.0,70.2,70.2,94.9,0.0,94.9,94.9,0.0,0.0,0,0,0.0,0.0,0.0,0.0,1.225,0.0,1.225,1.225,32.388411772590885,0.9591504739352372,31.076932217284792,33.335120133702546,71.07002967592746,1.1524222785383098,69.43692705613567,72.21853762169681,0.0,0.0,0.0,0.0,0.2,0.4472135954999579,0.0,1.0,0.0,0.0,0.0,0.0,0.0,0.0,0.0,0.0,0.2,0.4472135954999579,0.0,1.0,52.56,0.8173126696681016,51.2,53.2,user_001,5
2024-01-01 02:00:00,0.0,0.0,0,0,0.0,0.0,0,0,4.3732,0.1409865241787311,4.202,4.566,52.111002011034486,1.2634272425111115,50.807204935185496,53.71080740277824,52.986002030837696,1.8289633503118337,49.858913850660024,54.57260923377336,97.596,0.1751570723664929,97.34,97.82,33.6928,0.1648914794645281,33.432,33.864000000000004,1.0,0.0,1,1,45.28519972835075,2.4760679770432814,42.65419882039401,47.946947345886514,52.0,5.830951894845301,45,59,53.98,5.892537653676895,48.4,64.0,46.239999999999995,8.416828381284722,38.3,56.8,97.82,0.5761944116355161,97.3,98.8,33.864,0.5572521870751151,32.99,34.52,4.202,0.8210481106488219,3.2,4.96,51.82276780410346,0.4860403289045403,51.27463178724139,52.249754524827594,49.94002020767763,0.0985226351753691,49.83114750113567,50.07836469169453,-0.0555010055172417,2.322645182749409,-2.903602467592748,2.6445962986108853,50.25684836141202,0.0,50.25684836141202,50.25684836141202,3.8487223136337185,1.316701383321231,2.175084201541099,5.011381048299699,2.783882841588002,0.7725934540843926,1.8289633503119305,3.613593251463454,55.14776338311992,0.1214753078075875,55.05242057959677,55.347112970759405,540.0,0.0,540.0,540.0,0.375,0.0,0.375,0.375,0.3277777777777778,0.0,0.3277777777777778,0.3277777777777778,0.1925925925925926,0.0,0.1925925925925926,0.1925925925925926,70.2,0.0,70.2,70.2,94.9,0.0,94.9,94.9,0.0,0.0,0,0,0.0,0.0,0.0,0.0,1.225,0.0,1.225,1.225,33.64323237885505,0.8665496300710339,32.6495563412426,34.968999067969904,68.22377392008245,0.2878702462602631,67.82272851429393,68.51261525509398,0.0,0.0,0.0,0.0,0.0,0.0,0.0,0.0,0.0,0.0,0.0,0.0,0.0,0.0,0.0,0.0,0.0,0.0,0.0,0.0,53.779999999999994,0.6379655163094643,53.3,54.9,user_001,5
2024-01-01 02:05:00,0.0,0.0,0,0,0.0,0.0,0,0,4.1372,0.2744652983529977,3.844,4.442,52.267292445897546,1.786336808230255,50.70323884204646,55.247646637860214,55.2288562345136,2.568340585758766,52.8268376689177,58.5512251126118,97.736,0.2026820169625331,97.48,97.98,33.60080000000001,0.1472725364757496,33.410000000000004,33.760000000000005,1.0,0.0,1,1,48.7179686885071,4.4988182095248685,43.21249997668516,53.52812494754159,51.8,5.974947698515862,47,62,57.42,9.820488786206113,46.4,70.0,46.9,15.77276133085136,23.2,66.8,97.68,0.7694153624668496,96.7,98.6,33.410000000000004,0.3366749173906493,32.97,33.88,4.264,0.860162775293142,3.54,5.65,52.49748382605478,0.2149754423452234,52.267292445897546,52.82711200490422,50.54137440320584,0.1267404901559242,50.35224312779635,50.67492868367994,-0.2336462229487736,2.2813640034490272,-2.7492155459534047,3.376176681069886,50.25684836141202,0.0,50.25684836141202,50.25684836141202,2.4505115528094303,0.649566142377619,1.7662662867556078,3.514750206967257,1.7003550397523266,0.7299011627904863,0.5421273527766651,2.5683405857588273,55.14035567185118,0.1019653013579478,54.96084066555954,55.20555772806702,540.0,0.0,540.0,540.0,0.375,0.0,0.375,0.375,0.3277777777777778,0.0,0.3277777777777778,0.3277777777777778,0.1925925925925926,0.0,0.1925925925925926,0.1925925925925926,70.2,0.0,70.2,70.2,94.9,0.0,94.9,94.9,0.0,0.0,0,0,0.0,0.0,0.0,0.0,1.225,0.0,1.225,1.225,31.46800662803185,0.8021048934525913,30.147297336550004,32.234559985107914,67.12764605956576,0.2385197293043693,66.91160871675127,67.49201046672053,0.0,0.0,0.0,0.0,0.0,0.0,0.0,0.0,0.0,0.0,0.0,0.0,0.0,0.0,0.0,0.0,0.0,0.0,0.0,0.0,54.82000000000001,0.8043631020876078,53.9,55.8,user_001,5
2024-01-01 02:10:00,0.0,0.0,0,0,0.0,0.0,0,0,4.0607999999999995,0.2168760014386102,3.802,4.342,49.20474633032397,0.7916882424916143,48.43058928653229,50.287059524354866,52.18947901030632,4.964753174048874,46.777527586846,57.211655605605245,97.248,0.25163465580083,97.0,97.64,33.4408,0.0828444325226476,33.356,33.541999999999994,1.0,0.0,1,1,46.59940328408324,0.8506575086409777,45.9083333177901,48.08148147457337,48.6,4.219004621945797,44,54,47.48,8.343380609800802,36.7,58.1,47.84,3.642526595647586,43.1,51.7,97.34,0.9316651759081724,96.2,98.4,33.542,0.5355557860764837,32.78,34.0,4.036,0.6096556405053594,3.32,4.83,49.94501844622944,0.6827695185975191,49.20474633032397,50.91152829726504,50.84215630001065,0.1022097509102065,50.71661912245329,50.96953793365333,-0.3023731651619755,1.735286065766235,-2.2344129473488223,1.8564702378225777,50.25684836141202,0.0,50.25684836141202,50.25684836141202,3.4963747903779776,0.3803815096206767,3.1765330272039267,4.112086297232758,3.408285222184789,1.2349912104076055,2.427878354113526,4.964753174048912,54.772277290120314,0.5329710827270606,53.98301192674388,55.2401652527606,540.0,0.0,540.0,540.0,0.375,0.0,0.375,0.375,0.3277777777777778,0.0,0.3277777777777778,0.3277777777777778,0.1925925925925926,0.0,0.1925925925925926,0.1925925925925926,70.2,0.0,70.2,70.2,94.9,0.0,94.9,94.9,0.0,0.0,0,0,0.0,0.0,0.0,0.0,1.225,0.0,1.225,1.225,28.045096156385114,1.3522462037875351,26.86108399141534,30.34047734259792,68.19675278070711,0.1374782271374803,68.00286385086504,68.37506864280836,0.0,0.0,0.0,0.0,0.2,0.4472135954999579,0.0,1.0,0.0,0.0,0.0,0.0,0.0,0.0,0.0,0.0,0.2,0.4472135954999579,0.0,1.0,52.42,1.2696456198483093,50.6,53.8,user_001,5
2024-01-01 02:15:00,0.0,0.0,0,0,0.0,0.0,0,0,4.2472,0.128752475704353,4.093999999999999,4.438,51.2944521916476,1.1145685776140335,49.95524253711758,52.46091534415772,51.256474602180255,4.1586884418929175,46.318351724564,57.419267433139545,97.38,0.1870828693386978,97.18,97.66,33.7244,0.142305305593293,33.568,33.910000000000004,1.0,0.0,1,1,45.954324712307255,4.810133112148912,39.36340496784505,51.342269978563365,51.6,5.770615218501404,45,59,52.58,13.933305422619574,33.9,66.5,47.4,16.850816003980338,29.9,75.3,97.42,0.8497058314499141,96.4,98.6,33.834,0.6131313073070045,33.42,34.89,4.093999999999999,0.723968231347205,3.38,5.08,50.684117655470544,0.5520150983148598,50.00316422021597,51.2944521916476,51.01748560329359,0.0409647375282788,50.97582392541938,51.079691955768894,0.152773904176199,2.3563431053553012,-2.477621268558778,3.269542327921137,50.25684836141202,0.0,50.25684836141202,50.25684836141202,4.353406909233824,0.7673072699194572,3.1373486947707456,5.014705725775199,4.33682590523248,0.6346595782578006,3.303760025166428,4.842950645926192,53.27053308621612,0.2087214313491972,52.95001254453691,53.46089684005148,540.0,0.0,540.0,540.0,0.375,0.0,0.375,0.375,0.3277777777777778,0.0,0.3277777777777778,0.3277777777777778,0.1925925925925926,0.0,0.1925925925925926,0.1925925925925926,70.2,0.0,70.2,70.2,94.9,0.0,94.9,94.9,0.0,0.0,0,0,0.0,0.0,0.0,0.0,1.225,0.0,1.225,1.225,34.2923806534752,0.5465303619104369,33.73095752303044,35.06340691807108,67.93849727309377,0.1675717457481189,67.78338970513212,68.21716458914806,0.0,0.0,0.0,0.0,0.2,0.447213595499958,0.0,1.0,0.0,0.0,0.0,0.0,0.0,0.0,0.0,0.0,0.2,0.447213595499958,0.0,1.0,52.620000000000005,0.7463243262818129,51.7,53.6,user_001,5
2024-01-01 02:20:00,0.0,0.0,0,0,0.0,0.0,0,0,4.2684,0.1745359561809545,4.008,4.478,51.22642991824167,1.2928143321603247,49.87562741840522,53.313441127607824,56.6354205237439,3.1669411227717994,53.00504048062015,59.94668465805341,97.496,0.2233383084022959,97.24,97.74,33.3164,0.1649751496438173,33.156,33.568,1.0,0.0,1,1,43.959417246065144,3.5229804514422165,38.19445530581904,46.52963687054603,51.8,5.449770637375486,43,58,59.44,8.5655122438766,51.4,72.1,42.6,12.773409881468616,28.5,63.2,97.42,0.8167006795638155,96.1,98.1,33.156,0.3681439935677316,32.6,33.48,4.478,0.8281123112235442,3.29,5.49,51.18720890936238,0.2184854761723457,50.939644877362504,51.464200974065605,51.21220660893853,0.0774056769557155,51.09499372805736,51.29777499024772,0.2867850408791724,2.183946497848319,-3.437813709202601,2.3432794361960987,50.25684836141202,0.0,50.25684836141202,50.25684836141202,4.270675533508847,0.8273930687965231,3.3210421181162166,5.269767275067194,3.534931983696997,0.5236193932910876,3.1615172918861276,4.270908509103891,52.94938432959773,0.2240534605486945,52.75482039016456,53.28821838720925,540.0,0.0,540.0,540.0,0.375,0.0,0.375,0.375,0.3277777777777778,0.0,0.3277777777777778,0.3277777777777778,0.1925925925925926,0.0,0.1925925925925926,0.1925925925925926,70.2,0.0,70.2,70.2,94.9,0.0,94.9,94.9,0.0,0.0,0,0,0.0,0.0,0.0,0.0,1.225,0.0,1.225,1.225,30.27335399234896,2.1633599717253165,27.300557987544124,32.182443103559976,68.15908775087473,0.3722797817788172,67.66729524837818,68.58800126332848,0.0,0.0,0.0,0.0,0.0,0.0,0.0,0.0,0.0,0.0,0.0,0.0,0.0,0.0,0.0,0.0,0.0,0.0,0.0,0.0,54.5,0.8455767262643883,53.4,55.4,user_001,5
2024-01-01 02:25:00,0.0,0.0,0,0,0.0,0.0,0,0,4.292,0.063655321851358,4.218,4.366,50.48907719087957,1.548821450528212,48.37456821970769,52.59277849434229,55.65923233234487,1.853024123101675,52.99934511764017,58.09970894117341,97.312,0.3269862382425183,97.02,97.8,33.727999999999994,0.2003996007980051,33.452,33.954,1.0,0.0,1,1,44.52996441100446,3.2915465396712618,41.10472584303486,48.89094972024268,50.4,4.979959839195494,45,55,56.06,6.4142809417735975,48.0,63.2,42.36,9.836056120214035,31.9,58.5,97.2,0.6519202405202564,96.4,98.0,33.71,0.2223735595793692,33.37,33.92,4.218,0.4710307845565935,3.61,4.74,50.814941090944856,0.4417030688029469,50.48907719087957,51.550953278827784,51.15858962202758,0.0458899086256308,51.09883334800414,51.21909382427093,-0.0445385954397806,1.939580739128807,-2.530926164780759,1.8751439267641103,50.25684836141202,0.0,50.25684836141202,50.25684836141202,2.596707116216218,0.6159824699993826,1.8960297475287256,3.2485511955269155,2.2005079503407763,0.5333694108750874,1.55302500204774,2.878730524541081,53.62358970595526,0.2428596610535217,53.42659003591727,53.99257745565444,540.0,0.0,540.0,540.0,0.375,0.0,0.375,0.375,0.3277777777777778,0.0,0.3277777777777778,0.3277777777777778,0.1925925925925926,0.0,0.1925925925925926,0.1925925925925926,70.2,0.0,70.2,70.2,94.9,0.0,94.9,94.9,0.0,0.0,0,0,0.0,0.0,0.0,0.0,1.225,0.0,1.225,1.225,27.198260835169727,0.7487645587536903,25.971707953789643,27.928038230873415,68.44996411536606,0.5229248839645494,68.05840985988407,69.28115941057703,0.0,0.0,0.0,0.0,0.0,0.0,0.0,0.0,0.0,0.0,0.0,0.0,0.0,0.0,0.0,0.0,0.0,0.0,0.0,0.0,54.120000000000005,1.2872451204024826,52.2,55.7,user_001,5
2024-01-01 02:30:00,0.0,0.0,0,0,0.0,0.0,0,0,4.2332,0.1654424371193797,4.002000000000001,4.3740000000000006,51.65946695517755,0.5459272272195643,50.79006659683392,52.18509989525089,56.07364376393018,1.8993436200349911,53.585098945532856,58.26647262744894,96.9,0.178885438199984,96.7,97.08,33.9572,0.0766498532288215,33.862,34.041999999999994,1.0,0.0,1,1,45.56172370844503,2.0007460723210326,42.536483895356575,47.35765593023772,52.0,2.2360679774997902,48,53,55.0,5.575392362874563,45.4,59.1,46.98,5.898050525385486,41.7,57.0,97.04,0.7602631123499257,96.4,98.3,34.042,0.3439040563878249,33.66,34.5,4.366,0.6692010161379016,3.63,5.43,51.0918440942808,0.5484196435990258,50.326051460586385,51.65946695517755,51.0367690037238,0.0375896851468136,50.994716053729626,51.09207408059443,0.1702665224112181,0.8838178038431592,-1.395033298416969,0.736644467722023,50.25684836141202,0.0,50.25684836141202,50.25684836141202,2.1584182415009496,0.2056294847150064,2.024988606487012,2.512984859971651,2.0461030797961386,0.1274920114131862,1.8993436200350753,2.188222507466743,54.390823884460495,0.0860659065969511,54.27282941488074,54.50718441116985,540.0,0.0,540.0,540.0,0.375,0.0,0.375,0.375,0.3277777777777778,0.0,0.3277777777777778,0.3277777777777778,0.1925925925925926,0.0,0.1925925925925926,0.1925925925925926,70.2,0.0,70.2,70.2,94.9,0.0,94.9,94.9,0.0,0.0,0,0,0.0,0.0,0.0,0.0,1.225,0.0,1.225,1.225,27.327691898773026,0.7313467097795124,26.70350181717174,28.4569638983944,70.33770460649978,0.2821925678436563,70.0725604320111,70.73283097283691,0.0,0.0,0.0,0.0,0.0,0.0,0.0,0.0,0.0,0.0,0.0,0.0,0.0,0.0,0.0,0.0,0.0,0.0,0.0,0.0,54.46,0.7127411872482176,53.6,55.4,user_001,5
2024-01-01 02:35:00,0.0,0.0,0,0,0.0,0.0,0,0,4.413200000000001,0.1731681263974406,4.188,4.584,52.57079400232791,1.553784041704464,50.67853825091375,54.119025500609176,53.059574487431135,5.655104224493745,47.94999496915515,62.14373302089862,97.488,0.345137653697762,97.1,97.86,33.62,0.1389028437433883,33.522,33.856,1.0,0.0,1,1,44.77545332786107,5.666713107490414,35.100277714614855,49.8926748784044,52.8,5.974947698515863,46,61,50.52,14.889492939653788,38.8,75.6,45.7,18.86040826705509,16.0,65.5,97.38,1.1966620241321289,95.3,98.3,33.634,0.4391241282371091,32.98,34.18,4.516,0.4277031680967538,3.99,5.09,52.15546918113986,0.4979259168128898,51.43964463678503,52.57079400232791,50.97976656290465,0.0806459348779441,50.8712738924631,51.07416109809971,0.1146029988360467,2.359576835997861,-2.693116777913154,3.440487249695422,50.25684836141202,0.0,50.25684836141202,50.25684836141202,4.713850189831277,0.6163140022322934,3.6260960938222344,5.067311602957948,4.287132076278041,1.084392455898323,3.296243326843134,5.655104224493785,54.542618783138835,0.2521942147380275,54.145637453322784,54.79145627411324,540.0,0.0,540.0,540.0,0.375,0.0,0.375,0.375,0.3277777777777778,0.0,0.3277777777777778,0.3277777777777778,0.1925925925925926,0.0,0.1925925925925926,0.1925925925925926,70.2,0.0,70.2,70.2,94.9,0.0,94.9,94.9,0.0,0.0,0,0,0.0,0.0,0.0,0.0,1.225,0.0,1.225,1.225,29.997066167125816,2.3032529341308505,27.28463324229411,33.07747880482131,70.48378874988273,0.8930576800732513,69.29285153245877,71.33015234267233,0.0,0.0,0.0,0.0,0.0,0.0,0.0,0.0,0.0,0.0,0.0,0.0,0.0,0.0,0.0,0.0,0.0,0.0,0.0,0.0,54.48,1.2597618822618843,52.8,55.6,user_001,5
2024-01-01 02:40:00,0.0,0.0,0,0,0.0,0.0,0,0,4.0928,0.1440180544237422,3.862000000000001,4.194,52.23319097973042,1.1989317811675322,50.72721491370057,53.76765107275581,52.1103143357934,4.19501624996548,45.544442208513395,56.04197431489485,97.824,0.1835211159512753,97.6,98.02,33.532399999999996,0.0825154530981928,33.424,33.622,1.0,0.0,1,1,45.33092389502697,4.92541157921986,39.77756540807988,53.274522168179736,52.4,4.979959839195493,47,57,53.02,12.04520651545668,38.5,65.4,44.4,16.961574219393672,24.6,65.9,98.02,0.7791020472312995,96.9,98.9,33.495999999999995,0.2871933146854196,33.14,33.9,3.862000000000001,0.6801985004393939,2.76,4.37,52.25504120903899,0.1864936861252745,52.12467970439345,52.58052933488527,51.364770356706245,0.1726787761517634,51.14944073206648,51.57890187300079,0.0834045101347868,1.962527177928292,-2.2558836909186084,1.6161744636220874,50.25684836141202,0.0,50.25684836141202,50.25684836141202,4.108143356048596,0.2166290128599066,3.816849261108595,4.370960893474546,3.7690662333171447,0.6786793863462024,2.7524221050484226,4.416729949999428,53.83994431163419,0.2134816750343848,53.60324627555086,54.132443340903954,540.0,0.0,540.0,540.0,0.375,0.0,0.375,0.375,0.3277777777777778,0.0,0.3277777777777778,0.3277777777777778,0.1925925925925926,0.0,0.1925925925925926,0.1925925925925926,70.2,0.0,70.2,70.2,94.9,0.0,94.9,94.9,0.0,0.0,0,0,0.0,0.0,0.0,0.0,1.225,0.0,1.225,1.225,35.669496353980165,1.5414981709714497,33.83203396539379,37.13548801103617,68.33248461740712,0.3584689898951566,67.77176376557014,68.75550837633008,0.0,0.0,0.0,0.0,0.0,0.0,0.0,0.0,0.0,0.0,0.0,0.0,0.0,0.0,0.0,0.0,0.0,0.0,0.0,0.0,53.58,1.6873055443517049,50.9,55.5,user_001,5
2024-01-01 02:45:00,0.0,0.0,0,0,0.0,0.0,0,0,4.1408000000000005,0.2201799264238232,3.802,4.32,54.11712803025257,1.5715682053219089,52.215024845593405,56.48380590258514,50.326461147100375,4.4738668259422765,46.79594554368293,57.824724605535685,97.408,0.2508385935218041,97.08,97.74,33.2612,0.1541985732748517,33.094,33.492000000000004,1.0,0.0,1,1,48.677734833913014,7.060019330303238,39.690136429919626,56.05631567646811,53.8,5.11859355682789,48,61,52.92,14.002392652686185,38.6,74.7,46.7,21.531372459738837,27.2,78.9,97.08,0.3834057902536155,96.6,97.6,33.158,0.4908869523627623,32.67,33.97,4.226,0.5433507154683794,3.68,5.0,53.606425179791145,0.6392472747224823,52.75546065315361,54.275692045378854,51.85182161075967,0.1837978933407204,51.608156804222745,52.04934784610161,-0.158564015126278,1.9353541129136536,-2.1612686341950393,2.258097048707441,50.25684836141202,0.0,50.25684836141202,50.25684836141202,3.6816030064829337,0.7126710637038067,3.1428808368539793,4.573286391585689,3.6125747054308888,0.9862177100112716,2.028482706909393,4.473866825942341,53.907334230338655,0.1860229006131908,53.71949498091929,54.15829556060263,540.0,0.0,540.0,540.0,0.375,0.0,0.375,0.375,0.3277777777777778,0.0,0.3277777777777778,0.3277777777777778,0.1925925925925926,0.0,0.1925925925925926,0.1925925925925926,70.2,0.0,70.2,70.2,94.9,0.0,94.9,94.9,0.0,0.0,0,0,0.0,0.0,0.0,0.0,1.225,0.0,1.225,1.225,37.08766312768517,2.2162835908050416,34.04791082503995,39.800855251624306,65.91786829980595,0.705047805848419,65.24623128000613,66.99036473546319,0.2,0.447213595499958,0.0,1.0,0.0,0.0,0.0,0.0,0.0,0.0,0.0,0.0,0.0,0.0,0.0,0.0,0.2,0.447213595499958,0.0,1.0,53.64,0.7162401831788004,53.0,54.6,user_001,5
2024-01-01 02:50:00,0.0,0.0,0,0,0.0,0.0,0,0,3.8268,0.1784634416344144,3.654,4.0440000000000005,50.44093867065055,0.8917095925961463,49.31778882026373,51.61267816896704,58.45311422513256,3.1678285628450693,53.96290856405643,62.14981640369046,97.848,0.1432480366357618,97.68,98.04,33.4408,0.0310998392278804,33.388,33.462,1.0,0.0,1,1,40.32151240611201,6.153048168028485,33.493424286613084,46.979533121959435,50.2,3.033150177620619,47,53,59.05999999999999,10.765825560541092,48.4,70.8,41.84,16.462624335141708,21.1,62.8,98.04,0.8905054744357271,96.9,99.2,33.454,0.5465619818465227,32.67,34.04,3.7239999999999993,0.4421877429327955,3.13,4.26,51.67047574384081,1.3449069855473814,50.440938670650546,53.54475202016839,51.932366083172745,0.0567554090746898,51.899710153822944,52.03289856406774,-0.1204693353252722,1.2420263015661157,-1.738341615197804,1.0404913732747332,50.25684836141202,0.0,50.25684836141202,50.25684836141202,4.480113750865343,0.4066228349579828,3.7617492758012903,4.754230728298494,4.658578020808369,1.481746130393707,3.133888448968933,6.404457830729775,54.328153753240755,0.1175637940637715,54.20558507293313,54.49256641409954,540.0,0.0,540.0,540.0,0.375,0.0,0.375,0.375,0.3277777777777778,0.0,0.3277777777777778,0.3277777777777778,0.1925925925925926,0.0,0.1925925925925926,0.1925925925925926,70.2,0.0,70.2,70.2,94.9,0.0,94.9,94.9,0.0,0.0,0,0,0.0,0.0,0.0,0.0,1.225,0.0,1.225,1.225,27.801135538957304,3.96692575508757,24.24945614399848,33.838018828723726,66.46718154718562,0.8373788316318891,65.40021710402635,67.58563967317191,0.0,0.0,0.0,0.0,0.0,0.0,0.0,0.0,0.0,0.0,0.0,0.0,0.0,0.0,0.0,0.0,0.0,0.0,0.0,0.0,55.16,0.7092249290598841,54.7,56.4,user_001,5
2024-01-01 02:55:00,0.0,0.0,0,0,0.0,0.0,0,0,4.208,0.0949526197637534,4.102,4.337999999999999,54.1897532405795,1.834199079557425,52.71674585287425,57.1382950675183,56.03596565927671,2.186630018665961,52.8520248945125,58.12803734176875,97.28,0.1288409872672505,97.16,97.42,33.4052,0.072313207645628,33.31,33.501999999999995,1.0,0.0,1,1,42.58933496706002,3.132380248970126,39.42929049322655,47.290903609759745,56.4,5.9413803110051795,50,65,53.44,9.38125791138907,42.3,63.7,42.48,9.68901439775997,32.3,54.9,97.2,0.4358898943540711,96.8,97.9,33.501999999999995,0.4538391785643874,33.13,34.29,4.338,0.8536509825449745,3.38,5.11,52.50047417202843,1.2571522923316485,50.9606257804337,54.1897532405795,52.21328826335334,0.2414763019507003,51.93451064766873,52.53521197978641,1.105123379710251,2.154691703985926,-1.6037213006387248,3.9308524662408577,50.25684836141202,0.0,50.25684836141202,50.25684836141202,3.6536613145895225,0.1434642967066582,3.5032639428748156,3.846428611193839,2.168147543319861,0.332923164176671,1.6951096898393554,2.6362494636489227,54.390217778204544,0.0978459375654845,54.27359336574806,54.51810173799943,540.0,0.0,540.0,540.0,0.375,0.0,0.375,0.375,0.3277777777777778,0.0,0.3277777777777778,0.3277777777777778,0.1925925925925926,0.0,0.1925925925925926,0.1925925925925926,70.2,0.0,70.2,70.2,94.9,0.0,94.9,94.9,0.0,0.0,0,0,0.0,0.0,0.0,0.0,1.225,0.0,1.225,1.225,28.64438548800455,1.7816279350269908,26.51692677710207,31.34020179658886,68.3588981465529,0.1558164274141307,68.08835845636396,68.48555343095408,0.2,0.4472135954999579,0.0,1.0,0.0,0.0,0.0,0.0,0.0,0.0,0.0,0.0,0.0,0.0,0.0,0.0,0.2,0.4472135954999579,0.0,1.0,56.06,0.3286335345031017,55.7,56.5,user_001,5
2024-01-01 03:00:00,0.0,0.0,0,0,0.0,0.0,0,0,4.054,0.0859302042357633,3.948,4.168,54.42087285472652,1.6422111690030303,52.81875409407949,57.09219671167887,53.061855560069375,1.8892909919490832,51.51911848726297,56.24607899150865,97.396,0.3335865704731012,96.92,97.8,33.8316,0.1724842021751579,33.616,34.014,1.0,0.0,1,1,46.47760789689679,3.770648539597313,40.82849738212139,50.839119109773144,53.0,3.5355339059327378,49,57,53.120000000000005,7.652907944043232,46.5,65.7,47.64,14.09744657730612,24.9,60.9,97.38,0.769415362466853,96.7,98.7,33.914,0.7171680416750312,32.78,34.59,4.004,0.3628084894265844,3.58,4.54,54.98755215434119,0.3564719358035559,54.42087285472651,55.395445884702006,52.86257294003008,0.112917404672227,52.712363542079835,52.995446296377914,-0.7104364273632612,1.407428053756119,-2.3640655705596245,1.0604153019734994,50.25684836141202,0.0,50.25684836141202,50.25684836141202,2.8750113268508097,0.26063177455624,2.6669618891470854,3.2852233519174185,2.419347868173084,0.491946876654698,1.8892909919491871,2.9258078454770757,53.94945254692406,0.1084770600229248,53.8412142358006,54.12656373540715,540.0,0.0,540.0,540.0,0.375,0.0,0.375,0.375,0.3277777777777778,0.0,0.3277777777777778,0.3277777777777778,0.1925925925925926,0.0,0.1925925925925926,0.1925925925925926,70.2,0.0,70.2,70.2,94.9,0.0,94.9,94.9,0.0,0.0,0,0,0.0,0.0,0.0,0.0,1.225,0.0,1.225,1.225,34.85473659087086,1.1136085844264032,33.03568102414392,35.981627875432494,69.05762716322057,0.3861865851426856,68.52562427011621,69.56799790525902,0.0,0.0,0.0,0.0,0.0,0.0,0.0,0.0,0.0,0.0,0.0,0.0,0.0,0.0,0.0,0.0,0.0,0.0,0.0,0.0,54.739999999999995,0.8876936408468861,53.4,55.8,user_001,5
2024-01-01 03:05:00,0.0,0.0,0,0,0.0,0.0,0,0,3.9052,0.1432103348225961,3.746,4.078,53.72044416193929,1.8065482780485231,50.78500252585375,55.149383524756445,56.86337192560585,4.636335730802538,51.03159066289274,63.18343427048674,97.68,0.2701851217221203,97.38,98.12,33.5616,0.1163219669709907,33.376,33.658,1.0,0.0,1,1,41.714582109879416,7.0680843218430285,34.6982217051104,51.63254298004907,52.6,4.560701700396552,46,57,57.46,14.601130093249632,37.1,70.9,43.92,22.76558806620202,22.6,80.3,97.64,0.8203657720797448,96.4,98.3,33.376,0.5550045044862248,32.6,34.02,3.802,0.5726866507960526,2.99,4.3,54.08017147711489,0.2764973082610643,53.72044416193929,54.42099936436341,53.18335665602591,0.0426580556671738,53.13029753091861,53.24724865113638,-0.560222080969649,1.4406234188408218,-2.392501262926885,1.1379623564326735,50.25684836141202,0.0,50.25684836141202,50.25684836141202,3.807126986683559,0.8355126753463485,2.806080487113876,5.12245183299149,3.45826306050406,1.2571437031789234,2.038208371744525,4.869432122954224,53.91241350412169,0.451644465897397,53.470809490533725,54.47518047549637,540.0,0.0,540.0,540.0,0.375,0.0,0.375,0.375,0.3277777777777778,0.0,0.3277777777777778,0.3277777777777778,0.1925925925925926,0.0,0.1925925925925926,0.1925925925925926,70.2,0.0,70.2,70.2,94.9,0.0,94.9,94.9,0.0,0.0,0,0,0.0,0.0,0.0,0.0,1.225,0.0,1.225,1.225,32.421339662100465,2.101223007900224,29.82599428188316,34.79457612833666,68.00577198444907,0.2505195448890124,67.74340165518689,68.30064138419752,0.0,0.0,0.0,0.0,0.0,0.0,0.0,0.0,0.0,0.0,0.0,0.0,0.0,0.0,0.0,0.0,0.0,0.0,0.0,0.0,55.82000000000001,1.3989281611290825,53.7,57.1,user_001,5
2024-01-01 03:10:00,0.0,0.0,0,0,0.0,0.0,0,0,4.4488,0.2725641208963496,4.126,4.754,52.71874161803315,1.1264494920370278,51.190001683902494,53.97333408173443,53.93451811366003,1.1564393100628896,52.35598701639244,55.125970786882995,97.576,0.1352035502492435,97.46,97.76,33.8808,0.1220704714498966,33.698,34.02,1.0,0.0,1,1,46.82068570994297,3.3088292478607375,41.88082870519165,50.831864586681206,53.6,3.7815340802378072,48,58,53.379999999999995,4.416672955970365,47.9,58.8,42.92,10.391919938105756,32.8,55.4,97.68,0.9038805230781352,96.5,98.7,34.02,0.2612470095522622,33.7,34.42,4.638,0.5514707607842867,3.71,5.15,52.64068101756244,0.2707052434896764,52.27811242704972,53.013629441292856,53.247629957446485,0.0270394001008987,53.20248088198654,53.26863631071206,0.4406291909834223,1.5480692136491112,-1.9911113605781452,2.269999438699166,50.25684836141202,0.0,50.25684836141202,50.25684836141202,3.925922333163949,1.3616063159248089,1.5646818042807478,5.054483163102275,2.7663254892097795,1.523749152323811,1.0701004307947808,4.18088375294615,54.7843864148089,0.0580850416619899,54.72048832437789,54.87526539651691,540.0,0.0,540.0,540.0,0.375,0.0,0.375,0.375,0.3277777777777778,0.0,0.3277777777777778,0.3277777777777778,0.1925925925925926,0.0,0.1925925925925926,0.1925925925925926,70.2,0.0,70.2,70.2,94.9,0.0,94.9,94.9,0.0,0.0,0,0,0.0,0.0,0.0,0.0,1.225,0.0,1.225,1.225,29.856183132270168,1.888017884956136,28.055557028526255,32.19890538568238,67.69311074230808,0.2377217745687082,67.41612684916372,68.04386547800132,0.0,0.0,0.0,0.0,0.0,0.0,0.0,0.0,0.0,0.0,0.0,0.0,0.0,0.0,0.0,0.0,0.0,0.0,0.0,0.0,54.879999999999995,0.5890670590009259,54.3,55.6,user_001,5
2024-01-01 03:15:00,0.0,0.0,0,0,0.0,0.0,0,0,4.016,0.3354251034135639,3.752,4.494,52.93415527480272,0.936288258786666,51.65276029376406,53.992098987180576,60.903804854473755,4.405907976454415,53.66844059744961,65.54562706496641,97.484,0.178549712965319,97.2,97.62,33.3604,0.2109853075453332,33.122,33.67399999999999,1.0,0.0,1,1,35.92823844739989,6.436368404781593,29.39802332005678,44.32055247012776,52.4,3.6469165057620936,48,56,64.4,14.324978184974665,54.8,89.3,34.82,21.48329583653309,0.0,53.0,97.62,0.6610597552415397,96.8,98.3,33.294,0.4853143311298354,32.82,33.87,3.808,0.6476650368824921,2.96,4.58,53.07383453729217,0.1642574756854631,52.90184936830612,53.279161078688766,53.15886485036333,0.0948192159216243,53.070817636788625,53.2897642862424,-0.2670776374013598,1.3799462078820537,-1.8263801468820375,1.0039505064097156,50.25684836141202,0.0,50.25684836141202,50.25684836141202,4.76124430055978,1.790168987610978,1.559196254782729,5.5974854477878395,4.426454973907937,2.015556644391897,0.9454848535165914,5.765637410928094,55.91951041950845,0.6272689907353612,54.99836518120499,56.542105056369714,540.0,0.0,540.0,540.0,0.375,0.0,0.375,0.375,0.3277777777777778,0.0,0.3277777777777778,0.3277777777777778,0.1925925925925926,0.0,0.1925925925925926,0.1925925925925926,70.2,0.0,70.2,70.2,94.9,0.0,94.9,94.9,0.0,0.0,0,0,0.0,0.0,0.0,0.0,1.225,0.0,1.225,1.225,28.35942237848517,3.4938065414384982,24.120439314315483,33.17554236281714,69.28208497602755,0.9838936360086452,67.8783940516739,70.44833798885267,0.0,0.0,0.0,0.0,0.0,0.0,0.0,0.0,0.0,0.0,0.0,0.0,0.0,0.0,0.0,0.0,0.0,0.0,0.0,0.0,56.67999999999999,1.0084641788382966,55.0,57.5,user_001,5
2024-01-01 03:20:00,0.0,0.0,0,0,0.0,0.0,0,0,4.1516,0.1649145233143518,3.898000000000001,4.298,54.806143904500765,1.6069602644755965,53.101840195842705,56.956100798768205,52.11877265573317,4.708615731598339,47.71648852147853,59.56209917332669,97.044,0.2151278689523987,96.7,97.28,33.4548,0.101711356298108,33.294,33.57600000000001,1.0,0.0,1,1,47.61343057743538,4.002254646672151,40.60682172446127,50.176656143103465,55.6,4.979959839195493,47,59,47.58,8.324782279435304,35.8,55.0,52.04,6.96476848143569,43.6,63.0,96.7,0.9924716620639612,95.3,97.8,33.576,0.7062081846028108,32.95,34.73,4.298,0.6338532953294475,3.62,5.31,53.77120454812077,0.8474142171879058,52.75610351653514,54.806143904500765,53.508986317743314,0.2688822681436636,53.158322868970195,53.79835184243032,0.3969280477496156,2.0861740333330463,-3.318700266256066,1.5329244009238463,50.25684836141202,0.0,50.25684836141202,50.25684836141202,4.160252194749898,0.8849503231526229,3.240881533231589,5.637783978181734,4.537821849243623,1.6652183647875831,2.244478575813035,6.222227918087697,55.98162277129329,0.3808199226933823,55.48638146146981,56.45584781535759,540.0,0.0,540.0,540.0,0.375,0.0,0.375,0.375,0.3277777777777778,0.0,0.3277777777777778,0.3277777777777778,0.1925925925925926,0.0,0.1925925925925926,0.1925925925925926,70.2,0.0,70.2,70.2,94.9,0.0,94.9,94.9,0.0,0.0,0,0,0.0,0.0,0.0,0.0,1.225,0.0,1.225,1.225,29.71264477672804,5.718220992729933,22.513518548381693,36.70805286969152,69.98129878218205,1.0695527898817596,68.69431198661975,71.06426782156214,0.0,0.0,0.0,0.0,0.0,0.0,0.0,0.0,0.0,0.0,0.0,0.0,0.0,0.0,0.0,0.0,0.0,0.0,0.0,0.0,55.16,1.474109900923262,53.2,57.0,user_001,5
2024-01-01 03:25:00,0.0,0.0,0,0,0.0,0.0,0,0,4.1712,0.2370510493543532,3.878,4.4799999999999995,55.097105370140014,3.402373565147624,52.0916003550081,60.89463710716209,51.766011213923704,5.187445515620483,45.56414474710475,58.39678362877178,97.252,0.2373183515870653,97.0,97.56,33.358000000000004,0.1834775190588797,33.168,33.624,1.0,0.0,1,1,45.096912668633465,6.56231518066371,37.301561707279696,53.21777076206897,58.0,8.916277250063503,49,73,50.58,19.345206124515705,25.8,69.5,45.2,22.4586286313301,22.5,76.7,97.44,0.3577708763999642,96.9,97.8,33.304,0.644150603508218,32.43,34.2,4.156000000000001,0.7237610102789456,3.59,5.39,54.3636154137443,0.5477070151914445,53.64565805521003,55.097105370140014,53.8195098580293,0.0763164313620013,53.76556789495355,53.94957719735707,1.4514473149299902,2.796330566973708,-1.5458001775040415,6.0526814464189584,50.25684836141202,0.0,50.25684836141202,50.25684836141202,5.04487414544222,0.9920213163508954,4.287510492795446,6.742156099877219,3.8724759239466153,1.0176039441168732,2.99666782288431,5.187445515620524,54.971996963023535,0.1425439863687098,54.77472238724432,55.16869875209099,540.0,0.0,540.0,540.0,0.375,0.0,0.375,0.375,0.3277777777777778,0.0,0.3277777777777778,0.3277777777777778,0.1925925925925926,0.0,0.1925925925925926,0.1925925925925926,70.2,0.0,70.2,70.2,94.9,0.0,94.9,94.9,0.0,0.0,0,0,0.0,0.0,0.0,0.0,1.225,0.0,1.225,1.225,37.966186922279576,1.9109467962151692,35.11951081016047,39.82363037357793,67.94747371709417,0.2761578276251551,67.47039277474373,68.17988434055275,0.2,0.4472135954999579,0.0,1.0,0.2,0.447213595499958,0.0,1.0,0.0,0.0,0.0,0.0,0.0,0.0,0.0,0.0,0.4,0.5477225575051662,0.0,1.0,54.220000000000006,2.432488437793691,50.7,56.6,user_001,5
2024-01-01 03:30:00,0.0,0.0,0,0,0.0,0.0,0,0,4.6008,0.094250729440148,4.504,4.723999999999999,58.78233486355752,1.375423001477296,56.43879994826826,59.73094982540537,54.96210847261547,2.005640687391751,51.82497292704349,56.82591790430917,97.444,0.1872965562950938,97.28,97.74,33.6428,0.1497971962354437,33.510000000000005,33.836,1.0,0.0,1,1,39.5625564008077,0.5737816674663356,38.82291631434653,40.287962806376235,57.0,3.082207001484488,52,60,58.67999999999999,8.12662291483984,47.1,67.5,35.239999999999995,11.141499001480907,15.6,42.0,97.5,0.9924716620639612,95.8,98.3,33.510000000000005,0.7238784428341526,32.89,34.58,4.504,0.2811227489905429,4.26,4.93,58.36590820263299,1.178484680754502,56.59807024676,59.6735022953363,54.382569199411265,0.2660103925533746,54.03305146490472,54.67648753216224,-0.8911674317787657,0.9226407320772028,-2.2193999741341273,0.1345250872973125,50.25684836141202,0.0,50.25684836141202,50.25684836141202,5.899396494975254,1.259163933421405,3.7446885204212457,7.032267640627194,3.514133107081932,0.8726651682873443,2.0056406873918013,4.183475984604682,54.942649805830264,0.1068927749691058,54.82358032025674,55.09143120600199,540.0,0.0,540.0,540.0,0.375,0.0,0.375,0.375,0.3277777777777778,0.0,0.3277777777777778,0.3277777777777778,0.1925925925925926,0.0,0.1925925925925926,0.1925925925925926,70.2,0.0,70.2,70.2,94.9,0.0,94.9,94.9,0.0,0.0,0,0,0.0,0.0,0.0,0.0,1.225,0.0,1.225,1.225,38.8544969472867,1.5268897775471892,37.08027298517746,40.99264763707597,65.54453328132051,1.1605695636171631,64.26683956931015,67.25198103902464,0.2,0.447213595499958,0.0,1.0,0.0,0.0,0.0,0.0,0.0,0.0,0.0,0.0,0.0,0.0,0.0,0.0,0.2,0.447213595499958,0.0,1.0,57.08,0.4919349550499552,56.6,57.7,user_001,5
2024-01-01 03:35:00,0.0,0.0,0,0,0.0,0.0,0,0,4.2776000000000005,0.1295021235347128,4.082,4.42,54.425657265982885,1.5442985704512706,53.06198517496657,56.95919996551218,52.77394021038557,3.4651764766324384,47.691067378345245,56.917278602872784,97.628,0.1375499909124024,97.5,97.82,33.4796,0.1685075665956865,33.21,33.608,1.0,0.0,1,1,45.729060925209254,3.8386532897873584,41.36799265311136,50.20533115647745,53.2,3.114482300479487,50,58,49.120000000000005,6.572822833455957,39.1,57.1,49.96,7.9726407168516,40.0,60.1,97.58,0.6260990336999417,96.8,98.4,33.608000000000004,0.4337856613582338,32.93,34.0,4.316,0.4898264998956265,3.88,5.16,56.22267103902986,1.564746166802958,54.425657265982885,58.254889909038354,54.739652459730415,0.0350972795192482,54.70770124092093,54.79402304950284,-0.6128286329914431,1.1438469677727974,-2.319733321837397,0.5204000172439152,50.25684836141202,0.0,50.25684836141202,50.25684836141202,1.9809356750873832,0.4358717800461734,1.5077347454870125,2.3993086313856926,2.121839852735315,0.9425381729386108,0.8475420139688389,3.4651764766324797,54.91662878101469,0.3827102622070221,54.409859253465285,55.287620804001335,540.0,0.0,540.0,540.0,0.375,0.0,0.375,0.375,0.3277777777777778,0.0,0.3277777777777778,0.3277777777777778,0.1925925925925926,0.0,0.1925925925925926,0.1925925925925926,70.2,0.0,70.2,70.2,94.9,0.0,94.9,94.9,0.0,0.0,0,0,0.0,0.0,0.0,0.0,1.225,0.0,1.225,1.225,35.010997927556595,1.0135271761345168,34.005439722904484,36.53033294681329,64.3149620173483,0.3506578129225264,63.92536814908961,64.72759011018168,0.0,0.0,0.0,0.0,0.0,0.0,0.0,0.0,0.0,0.0,0.0,0.0,0.0,0.0,0.0,0.0,0.0,0.0,0.0,0.0,54.879999999999995,1.6068602926203652,52.9,57.1,user_001,5
2024-01-01 03:40:00,0.0,0.0,0,0,0.0,0.0,0,0,4.46,0.1691567320563977,4.292,4.704000000000001,53.64864622432697,2.3186043987616727,51.629561833740446,57.249771188874035,48.16809089190262,2.6791268605374676,44.53439033432451,51.47084014858867,97.588,0.0481663783151654,97.52,97.64,33.806799999999996,0.0660545229337086,33.724000000000004,33.888,1.0,0.0,1,1,49.819547117723026,3.0202459651728546,46.20646336216987,52.54681384732331,53.0,8.276472678623424,45,65,49.68,8.682280806331939,37.9,60.8,48.22,7.928871294200706,36.1,55.9,97.6,0.4636809247747862,97.0,98.0,33.724000000000004,0.3511125175780563,33.27,34.15,4.470000000000001,0.7204165461731151,3.49,5.23,54.11080441666237,0.3162011809093063,53.64864622432697,54.48377151065525,54.98467302624708,0.0208046360219303,54.949007150551815,55.00193275540825,-0.3243231121634835,3.191185408923069,-4.083257062958012,3.87511440556299,50.25684836141202,0.0,50.25684836141202,50.25684836141202,2.716856816914624,0.4919589563633401,2.262737866099491,3.4632894013111124,2.64564296045165,0.4898071476817452,1.9476232490157708,3.3287943602737355,53.7324284814505,0.2909410808722458,53.44878804983905,54.13990616897686,540.0,0.0,540.0,540.0,0.375,0.0,0.375,0.375,0.3277777777777778,0.0,0.3277777777777778,0.3277777777777778,0.1925925925925926,0.0,0.1925925925925926,0.1925925925925926,70.2,0.0,70.2,70.2,94.9,0.0,94.9,94.9,0.0,0.0,0,0,0.0,0.0,0.0,0.0,1.225,0.0,1.225,1.225,39.98759787014889,1.441123025551571,37.92564803910214,41.39236271424821,63.75701365999544,0.5199819194466846,63.07930623983601,64.4224988008545,0.0,0.0,0.0,0.0,0.0,0.0,0.0,0.0,0.0,0.0,0.0,0.0,0.0,0.0,0.0,0.0,0.0,0.0,0.0,0.0,52.620000000000005,1.2397580409095923,51.7,54.8,user_001,5
2024-01-01 03:45:00,0.0,0.0,0,0,0.0,0.0,0,0,4.2332,0.106231821974397,4.134,4.37,53.1397394204875,1.1139313199066,51.60553900691232,54.16869414832909,53.39036587876907,1.5177058508913726,51.542388177499,55.32037339937275,97.284,0.1329661611087529,97.06,97.4,33.5056,0.1942699153240159,33.336,33.8,1.0,0.0,1,1,43.783890978465585,2.5953289680483467,40.413983716519944,46.295103874008866,53.8,4.324349662087931,49,59,54.0,5.5285622000661245,45.6,60.8,43.540000000000006,8.618178461832873,31.3,55.6,97.36,0.8264381404557785,96.6,98.7,33.432,0.561444565384682,32.63,34.09,4.176,0.5618985673589144,3.56,4.98,53.00356272153577,0.1872979067152377,52.809609130731246,53.22162054414531,54.97296105695434,0.0341477410936769,54.92490676224891,55.01437354839339,0.3301302897562507,1.73749447389308,-1.7041542551842426,2.4156529258354595,50.25684836141202,0.0,50.25684836141202,50.25684836141202,2.6204139030520723,0.5608376196764312,2.016275083781971,3.2072562886648193,2.5301276204223124,1.0421619702437357,1.5177058508914727,4.0006303351864805,52.79489593171364,0.4764995044052067,52.19654822055494,53.412525366559365,540.0,0.0,540.0,540.0,0.375,0.0,0.375,0.375,0.3277777777777778,0.0,0.3277777777777778,0.3277777777777778,0.1925925925925926,0.0,0.1925925925925926,0.1925925925925926,70.2,0.0,70.2,70.2,94.9,0.0,94.9,94.9,0.0,0.0,0,0,0.0,0.0,0.0,0.0,1.225,0.0,1.225,1.225,34.99608805060434,2.201476924361009,33.31435224814096,38.10896756030475,64.38492159245706,0.2976778321191605,63.88153846496582,64.61356345913403,0.0,0.0,0.0,0.0,0.0,0.0,0.0,0.0,0.0,0.0,0.0,0.0,0.0,0.0,0.0,0.0,0.0,0.0,0.0,0.0,53.94,0.5770615218501399,53.0,54.5,user_001,5
2024-01-01 03:50:00,0.0,0.0,0,0,0.0,0.0,0,0,4.1616,0.1268100942354353,3.978,4.33,53.658731117101226,1.7922704028494283,52.269128447516586,56.75686487852179,50.21017163835643,4.860085998133196,43.929950301110665,56.17924453366243,97.66,0.1822086715828806,97.4,97.88,33.6836,0.1759568128831583,33.432,33.912,1.0,0.0,1,1,45.456808688522216,7.334858121539505,37.954714194700365,54.4644906106706,55.0,5.958187643906492,50,65,50.02,15.63432121967564,25.8,65.2,42.4,18.36777068672189,25.1,72.2,97.68,0.8927485648266228,97.0,99.2,33.912,0.1991732913821512,33.61,34.1,4.33,0.7242582412371987,3.58,5.19,52.95240332135451,0.4213159890458378,52.573217520216666,53.658731117101226,54.83649418582663,0.105268934203133,54.68805356539903,54.95551411655507,0.6706344414493813,2.097486444951129,-1.1345642237582965,4.121567560739095,50.25684836141202,0.0,50.25684836141202,50.25684836141202,4.937486429214123,0.423425508215013,4.500424917252005,5.441417796015114,4.5289838650020755,0.4239348139076843,3.859568988126973,4.9208335224385795,51.67724006782512,0.1750527259383215,51.44476217209849,51.87844805099214,540.0,0.0,540.0,540.0,0.375,0.0,0.375,0.375,0.3277777777777778,0.0,0.3277777777777778,0.3277777777777778,0.1925925925925926,0.0,0.1925925925925926,0.1925925925925926,70.2,0.0,70.2,70.2,94.9,0.0,94.9,94.9,0.0,0.0,0,0,0.0,0.0,0.0,0.0,1.225,0.0,1.225,1.225,36.799887433677874,1.1206499329479158,34.960072673080525,37.709840278316896,63.663330775533744,0.2244583669006592,63.41992674199003,63.889348646667194,0.0,0.0,0.0,0.0,0.2,0.447213595499958,0.0,1.0,0.0,0.0,0.0,0.0,0.0,0.0,0.0,0.0,0.2,0.447213595499958,0.0,1.0,53.64,1.7256882684888355,51.5,55.9,user_001,5
2024-01-01 03:55:00,0.0,0.0,0,0,0.0,0.0,0,0,4.08,0.0974576831245236,3.944,4.17,53.94765183435078,1.7800077991168834,52.55860661267635,56.83790991901452,47.405701614927594,5.8872897288666595,40.286442824788864,56.45524231845596,97.552,0.4001499718855478,97.18,98.06,33.8968,0.1974365720934188,33.64,34.129999999999995,1.0,0.0,1,1,48.57398303717165,3.689513123784575,42.26975660177124,51.835428530977936,53.0,5.70087712549569,44,58,48.98,18.53771830619939,30.5,72.8,50.3,16.478470802838473,26.2,70.8,97.44,0.939680796866682,96.5,98.5,33.9,0.8925245094673887,32.65,34.75,4.016,0.6476727568764955,3.28,4.72,54.36443171310018,0.2407694746504481,53.94765183435078,54.57248741140082,54.83663023571928,0.141027004067563,54.60046012096782,54.95024602906623,-0.4738259171753867,2.3316409448517,-4.279303306338171,1.806132353677583,50.25684836141202,0.0,50.25684836141202,50.25684836141202,5.40632921638317,0.4798882525988031,4.893761318308726,6.155899000235832,5.484807988464493,0.9424371078438782,4.466525827100616,6.3528199368476415,51.2973539732664,0.3767235441593262,50.85426134340585,51.86563203399477,540.0,0.0,540.0,540.0,0.375,0.0,0.375,0.375,0.3277777777777778,0.0,0.3277777777777778,0.3277777777777778,0.1925925925925926,0.0,0.1925925925925926,0.1925925925925926,70.2,0.0,70.2,70.2,94.9,0.0,94.9,94.9,0.0,0.0,0,0,0.0,0.0,0.0,0.0,1.225,0.0,1.225,1.225,40.68820433712623,1.661390819296103,38.42610240199051,42.84285992035082,63.495468865874344,0.1802854925374979,63.30812724824476,63.76252840621301,0.0,0.0,0.0,0.0,0.2,0.447213595499958,0.0,1.0,0.0,0.0,0.0,0.0,0.0,0.0,0.0,0.0,0.2,0.447213595499958,0.0,1.0,52.5,1.795828499606794,50.6,54.5,user_001,5
2024-01-01 04:00:00,0.0,0.0,0,0,0.0,0.0,0,0,4.268,0.1020000000000001,4.093999999999999,4.346,55.70421752551122,1.569679137551968,53.92515686176324,57.940787218300215,53.8580347805666,3.3588687038566607,50.71015536703947,58.0978495758388,97.108,0.1308434178703665,96.94,97.24,33.6956,0.1662131162092795,33.448,33.897999999999996,1.0,0.0,1,1,47.460689124236595,3.837138383058589,40.92807603015444,50.56803379117975,56.2,4.324349662087931,51,61,51.55999999999999,12.422077120997116,38.8,68.6,50.78,15.634960825022878,26.5,65.2,97.0,0.9823441352194276,95.8,98.5,33.448,0.5584532209594649,32.73,34.14,4.266,0.3130175713917673,3.76,4.54,54.53737372353582,1.0225173910029468,53.36510122290052,55.70421752551122,54.19854115586975,0.1324177445015533,54.08744056462676,54.411417858422986,0.2478912372443915,1.6805791893557225,-2.313595739433403,1.7944095862748313,50.25684836141202,0.0,50.25684836141202,50.25684836141202,5.157982244840381,0.4822266892946203,4.4429026089183346,5.7565343403954055,4.008247606145754,1.1344654359344752,2.9733454750451247,5.909417944712388,51.08093824613659,0.0808421354206471,50.967717502484646,51.17157625372697,540.0,0.0,540.0,540.0,0.375,0.0,0.375,0.375,0.3277777777777778,0.0,0.3277777777777778,0.3277777777777778,0.1925925925925926,0.0,0.1925925925925926,0.1925925925925926,70.2,0.0,70.2,70.2,94.9,0.0,94.9,94.9,0.0,0.0,0,0,0.0,0.0,0.0,0.0,1.225,0.0,1.225,1.225,36.110150351247135,2.082332432424241,33.98927532315158,39.33562423071761,63.31308537730862,0.1240177596209252,63.125466923524336,63.46029735848684,0.0,0.0,0.0,0.0,0.0,0.0,0.0,0.0,0.0,0.0,0.0,0.0,0.0,0.0,0.0,0.0,0.0,0.0,0.0,0.0,55.14,1.7067512999848553,53.1,57.2,user_001,5
2024-01-01 04:05:00,0.0,0.0,0,0,0.0,0.0,0,0,4.5756,0.1870796621763037,4.392,4.836,56.565987493071454,1.9056699049361925,54.85250117892351,58.71222274618824,60.61356836616515,1.8238105167995209,59.214351677439886,63.682291274239766,97.048,0.3097095413447899,96.68,97.38,33.642,0.148620321625274,33.492000000000004,33.815999999999995,1.0,0.0,1,1,37.01046111924103,2.653747144422056,34.462821489615756,41.212022527453165,57.8,4.969909455915671,54,66,64.2,11.433503400095702,51.5,81.2,31.48,6.769564240037907,22.5,41.3,97.02,0.6833739825307998,96.1,97.7,33.766,0.6381065741708021,33.24,34.83,4.473999999999999,0.3253152317368495,4.09,4.93,56.09529201297592,0.2859165760160523,55.82347185941073,56.565987493071454,54.1773113181941,0.1749299258037413,54.03607148752896,54.44416226914152,0.6170062534642853,1.744237489500213,-0.4262505894617447,3.715832940358837,50.25684836141202,0.0,50.25684836141202,50.25684836141202,5.664879039409129,0.3493781864504979,5.060649854330034,5.937526181654714,4.116422266419223,1.3303014461333458,1.823810516799458,4.94003345444836,51.65535812294803,0.4496768391781009,51.09958944610087,52.27432219511457,540.0,0.0,540.0,540.0,0.375,0.0,0.375,0.375,0.3277777777777778,0.0,0.3277777777777778,0.3277777777777778,0.1925925925925926,0.0,0.1925925925925926,0.1925925925925926,70.2,0.0,70.2,70.2,94.9,0.0,94.9,94.9,0.0,0.0,0,0,0.0,0.0,0.0,0.0,1.225,0.0,1.225,1.225,30.753579318285396,1.8640029987833,28.540806561865736,33.6094468614197,65.1604623031313,0.6675324462836251,64.06297766043315,65.78519700013206,0.0,0.0,0.0,0.0,0.0,0.0,0.0,0.0,0.0,0.0,0.0,0.0,0.0,0.0,0.0,0.0,0.0,0.0,0.0,0.0,57.9,1.3982131454109603,56.5,59.6,user_001,5
2024-01-01 04:10:00,0.0,0.0,0,0,0.0,0.0,0,0,4.808400000000001,0.1220360602445032,4.636,4.966,58.92556213900531,2.45039724703138,56.141481830792166,61.5974760980125,56.15684850912462,3.3703381897082703,52.63388197850071,60.15082296775106,97.284,0.2923696290656773,96.93999999999998,97.68,33.564,0.0305614135798703,33.532000000000004,33.604,1.0,0.0,1,1,37.73726236961198,5.841246441107074,31.827920662051444,45.2346314053562,58.4,8.080841540334768,49,68,55.56,11.094277804345806,37.6,66.0,36.9,20.934063150759815,12.5,64.3,97.34,0.9071934744033402,96.3,98.4,33.582,0.1652876280911556,33.41,33.82,4.843999999999999,0.7017335676736576,3.73,5.56,58.13617014162647,1.0845788997467776,56.7106583287143,59.18834320850796,54.84820560568811,0.3813262708501044,54.40721929053879,55.323648254921245,-0.2627810695026483,3.1085751614244197,-4.199158699337502,3.3018929264906305,50.25684836141202,0.0,50.25684836141202,50.25684836141202,3.460909159483483,0.7217109617435028,2.2353445931744407,3.9379731394242543,3.17343811170677,0.7982106136998569,1.8266982964782144,3.8586921738199935,53.1427494921852,0.3643952370559845,52.7117703522986,53.60578179798491,540.0,0.0,540.0,540.0,0.375,0.0,0.375,0.375,0.3277777777777778,0.0,0.3277777777777778,0.3277777777777778,0.1925925925925926,0.0,0.1925925925925926,0.1925925925925926,70.2,0.0,70.2,70.2,94.9,0.0,94.9,94.9,0.0,0.0,0,0,0.0,0.0,0.0,0.0,1.225,0.0,1.225,1.225,33.84880897913577,3.2966121208858676,28.87562053229477,36.5081109125153,67.2663551196267,0.2881420253761891,66.76966720531452,67.47939451559022,0.2,0.447213595499958,0.0,1.0,0.0,0.0,0.0,0.0,0.0,0.0,0.0,0.0,0.0,0.0,0.0,0.0,0.2,0.447213595499958,0.0,1.0,58.04,0.9939818911831348,56.9,59.2,user_001,5
2024-01-01 04:15:00,0.0,0.0,0,0,0.0,0.0,0,0,4.578799999999999,0.1256869126042962,4.444,4.728,57.67990941748218,1.0085017258679068,56.598878265783334,58.73258551052222,51.896375112312704,4.364675194592232,46.16476309704988,57.95607545254334,97.608,0.3306357512429674,97.16,97.94,33.6652,0.074947981960825,33.571999999999996,33.766,1.0,0.0,1,1,44.09313743138922,2.1124684941073073,41.799150046031464,47.27382223586117,58.2,4.147288270665544,53,63,48.84,9.461395245945493,36.6,59.3,47.52,7.908982235408043,35.1,56.1,97.58,0.6760177512462225,97.0,98.7,33.692,0.3849935064387451,33.27,34.17,4.674,0.6836153889432273,3.83,5.6,58.29826108860925,0.7732596237414763,57.419864126223274,59.14469428400237,55.7306553335337,0.2686801586303884,55.404654392169725,56.08034325442036,0.2600452912589077,1.6090734579806532,-1.9108618368407375,2.1337072447388863,50.25684836141202,0.0,50.25684836141202,50.25684836141202,3.3038736155367125,0.4864115901844758,2.740462781630106,3.9335716385773503,3.5771602031795986,1.0844851395463917,2.5176223224660137,5.055424628787763,53.58693271776376,0.1854585169803986,53.35678333690885,53.78496564310105,540.0,0.0,540.0,540.0,0.375,0.0,0.375,0.375,0.3277777777777778,0.0,0.3277777777777778,0.3277777777777778,0.1925925925925926,0.0,0.1925925925925926,0.1925925925925926,70.2,0.0,70.2,70.2,94.9,0.0,94.9,94.9,0.0,0.0,0,0,0.0,0.0,0.0,0.0,1.225,0.0,1.225,1.225,37.75356562328856,1.4969266385334703,36.3723307760833,40.197098549824865,67.109353648983,0.6343490144409364,66.38666001277304,67.77922353665194,0.0,0.0,0.0,0.0,0.0,0.0,0.0,0.0,0.0,0.0,0.0,0.0,0.0,0.0,0.0,0.0,0.0,0.0,0.0,0.0,56.120000000000005,0.8228000972289672,55.0,57.1,user_001,5
2024-01-01 04:20:00,0.0,0.0,0,0,0.0,0.0,0,0,4.1452,0.1400185701969563,3.962,4.318,53.84756008789888,2.5532407457254584,51.42919817925023,56.643797268875346,50.821827175283985,2.558150742860752,47.230300176903675,53.986866784602455,97.988,0.1487279395406225,97.76,98.14,33.3636,0.061488210252045,33.296,33.464,1.0,0.0,1,1,48.86954896215825,4.285870238714521,43.61952044165159,55.02928066247738,51.6,6.348228099241551,41,57,50.46,10.62652342019722,39.5,67.5,51.84,18.73560780972958,20.8,71.6,98.14,0.5683308895353146,97.4,98.7,33.344,0.2562810956742608,33.01,33.69,4.138,0.8499529398737319,2.81,5.14,55.97293973183331,1.5789188619192436,53.84756008789888,57.65327294498811,56.2340780686135,0.0816036055711203,56.111814749553304,56.33570811307572,-1.1237800439494436,2.648739689030289,-5.214599089625118,1.4601781823888371,50.25684836141202,0.0,50.25684836141202,50.25684836141202,3.936833829949168,0.3799269588351373,3.6285902335473983,4.537339586424614,2.6559318869311745,0.3179298402770836,2.320650407251511,3.1455752473955347,53.5818896308715,0.0842659806376766,53.45872592639678,53.68880000105941,540.0,0.0,540.0,540.0,0.375,0.0,0.375,0.375,0.3277777777777778,0.0,0.3277777777777778,0.3277777777777778,0.1925925925925926,0.0,0.1925925925925926,0.1925925925925926,70.2,0.0,70.2,70.2,94.9,0.0,94.9,94.9,0.0,0.0,0,0,0.0,0.0,0.0,0.0,1.225,0.0,1.225,1.225,40.22418795959402,2.4297449263399917,37.1811202700584,42.922187889766136,64.57470839564974,0.6918633759106657,63.87928986598461,65.71708698064141,0.0,0.0,0.0,0.0,0.0,0.0,0.0,0.0,0.0,0.0,0.0,0.0,0.0,0.0,0.0,0.0,0.0,0.0,0.0,0.0,53.720000000000006,0.7463243262818113,53.0,54.8,user_001,5
2024-01-01 04:25:00,0.0,0.0,0,0,0.0,0.0,0,0,4.785200000000001,0.1309702256239945,4.6579999999999995,4.99,54.739596390175976,1.5880171412313289,52.386429090148205,56.590952726765465,51.20657806423493,2.1832647477469065,49.30604775992147,54.272162299235994,97.5,0.3901281840626223,97.1,98.02,33.667199999999994,0.1148006968619944,33.488,33.772,1.0,0.0,1,1,47.521668999131954,1.5422624590151874,45.63175488102291,49.79467272345232,55.8,6.058052492344385,50,65,53.06,7.693698720381503,44.7,62.7,46.5,4.497221364353772,41.7,53.0,97.4,0.7176350047203661,96.2,98.0,33.656,0.8671966328347919,32.49,34.53,4.6579999999999995,0.8884931063322888,3.6,5.96,53.723185479089146,0.750400832218665,53.02113781684394,54.739596390175976,56.12720369627832,0.1077750526432184,55.963432055257755,56.2438055088575,0.5302018049120079,2.393116586653675,-2.196984242255155,4.20452363661726,50.25684836141202,0.0,50.25684836141202,50.25684836141202,2.8254116058933754,0.7080153796896456,2.0780256824811403,3.749212348340347,1.9690092801915065,0.474406706612595,1.3994051289262786,2.6000497601651857,53.975941570046174,0.2269289943174406,53.60803950648673,54.16497466858866,540.0,0.0,540.0,540.0,0.375,0.0,0.375,0.375,0.3277777777777778,0.0,0.3277777777777778,0.3277777777777778,0.1925925925925926,0.0,0.1925925925925926,0.1925925925925926,70.2,0.0,70.2,70.2,94.9,0.0,94.9,94.9,0.0,0.0,0,0,0.0,0.0,0.0,0.0,1.225,0.0,1.225,1.225,37.146338753532675,0.8517763987546592,36.101452312592826,38.233999694002776,63.365360087391345,0.1321994174369923,63.235326455114745,63.55257028685688,0.0,0.0,0.0,0.0,0.0,0.0,0.0,0.0,0.0,0.0,0.0,0.0,0.0,0.0,0.0,0.0,0.0,0.0,0.0,0.0,54.260000000000005,0.9126883367283684,53.2,55.3,user_001,5
2024-01-01 04:30:00,0.0,0.0,0,0,0.0,0.0,0,0,4.5232,0.1749034019108827,4.304,4.6579999999999995,57.162415985537585,1.32540612513325,55.658067848792165,58.48710177318824,52.56547530063999,1.4516724842234003,50.83771107145402,54.714774866157335,97.64,0.4427188724235655,97.14,98.06,33.6128,0.1810060772460399,33.448,33.9,1.0,0.0,1,1,51.707380279721086,3.2011961508378417,47.627927372154936,56.079078832068866,57.2,6.300793600809346,50,64,51.760000000000005,3.3102869966212904,48.7,55.6,53.760000000000005,8.910274967698811,42.9,65.0,97.78,0.97826376811165,96.9,99.4,33.476,0.627319695211303,32.41,33.96,4.646,0.411497266090554,4.31,5.26,56.51087216185535,0.6467012183122919,55.773153951189315,57.162415985537585,56.45612010266491,0.0411261801471603,56.39587033923833,56.48705348410593,0.0187920072312152,2.519012043251527,-2.8290339243960716,2.7564491134058784,50.25684836141202,0.0,50.25684836141202,50.25684836141202,2.262270913482903,0.6409797106996291,1.2149568137395064,2.809997668324383,1.8439299349874811,0.3764862795966936,1.4516724842233917,2.4427045195944856,54.032837298661775,0.1862920173628085,53.825168131940345,54.22579496353244,540.0,0.0,540.0,540.0,0.375,0.0,0.375,0.375,0.3277777777777778,0.0,0.3277777777777778,0.3277777777777778,0.1925925925925926,0.0,0.1925925925925926,0.1925925925925926,70.2,0.0,70.2,70.2,94.9,0.0,94.9,94.9,0.0,0.0,0,0,0.0,0.0,0.0,0.0,1.225,0.0,1.225,1.225,37.91630990455267,0.7599145161765699,36.76642349162395,38.8178315055797,63.188299031307075,0.2581388371261942,62.95135039600278,63.57155367418929,0.0,0.0,0.0,0.0,0.0,0.0,0.0,0.0,0.0,0.0,0.0,0.0,0.0,0.0,0.0,0.0,0.0,0.0,0.0,0.0,55.96,0.7893034904268432,54.9,56.8,user_001,5
2024-01-01 04:35:00,0.0,0.0,0,0,0.0,0.0,0,0,4.316,0.239165214862028,4.103999999999999,4.642,56.54402185817779,0.5258128910836879,55.96455805049394,57.25538342041708,54.48401320831473,1.9660373508921472,51.82266154027378,57.33898269842401,97.54,0.2231591360442094,97.3,97.8,33.7016,0.1424176955297307,33.504,33.821999999999996,1.0,0.0,1,1,46.768708514201954,2.3813460334852836,44.04194928357597,49.49761460254103,56.6,2.0736441353327724,54,59,55.239999999999995,8.639907406911258,45.9,67.5,45.28,9.406487123257016,32.8,56.7,97.5,0.7071067811865522,96.3,98.1,33.808,0.3506707857806233,33.24,34.12,4.186,0.3329864862122786,3.84,4.54,56.76735765094393,0.2615404999162399,56.51603278726668,57.16107377135005,56.56813104232624,0.062079590152177,56.48317764637962,56.64548303768747,0.0279890709111015,0.8278937082030638,-1.085127806805701,1.0584624346871934,50.25684836141202,0.0,50.25684836141202,50.25684836141202,2.862919385295672,0.225099639762746,2.5689010320600225,3.139369365648049,2.350871473149801,0.255751820957345,1.9660373508921276,2.571463934875881,53.27730367719003,0.3520137880755684,52.855186228318495,53.75896361419571,540.0,0.0,540.0,540.0,0.375,0.0,0.375,0.375,0.3277777777777778,0.0,0.3277777777777778,0.3277777777777778,0.1925925925925926,0.0,0.1925925925925926,0.1925925925925926,70.2,0.0,70.2,70.2,94.9,0.0,94.9,94.9,0.0,0.0,0,0,0.0,0.0,0.0,0.0,1.225,0.0,1.225,1.225,36.91928748839375,0.9265382183573808,35.83377461077647,37.89938674598413,64.12901312325599,0.1754190210216905,63.95035585801062,64.37470152365421,0.0,0.0,0.0,0.0,0.0,0.0,0.0,0.0,0.0,0.0,0.0,0.0,0.0,0.0,0.0,0.0,0.0,0.0,0.0,0.0,56.1,0.6782329983125274,55.4,57.0,user_001,5
2024-01-01 04:40:00,0.0,0.0,0,0,0.0,0.0,0,0,4.742,0.2137989709984596,4.426,4.912000000000001,58.488101643875254,1.8539055943961644,56.64303870032929,60.744303940805786,55.838635484222515,2.2502911622918584,52.82916771165902,58.14375156748853,97.372,0.1572259520562706,97.12,97.52,33.6804,0.0945663788034622,33.525999999999996,33.774,1.0,0.0,1,1,44.50279289075911,1.9018982878708537,42.1859485634649,46.52892284519734,60.4,6.580273550544841,51,68,57.34,9.193911028501416,42.2,65.3,43.06,9.77921264724313,33.5,53.9,97.12,0.4086563348340531,96.5,97.4,33.730000000000004,0.3988107320521857,33.26,34.35,4.87,0.4523273151159458,4.41,5.4,57.302368085721,0.8085821668193296,56.49601457211852,58.488101643875254,56.42916403300867,0.0810699988457552,56.29873467912025,56.49989620869753,0.9559491780623688,2.5237983510634012,-3.058227955604345,3.6278480295971103,50.25684836141202,0.0,50.25684836141202,50.25684836141202,2.89253881612967,0.583250654077295,2.174427572873752,3.328679889901899,2.0246642488374116,0.482327563290251,1.2019485807348818,2.4066828295237768,52.798547534993475,0.0763998532565837,52.66901304110122,52.85733912937831,540.0,0.0,540.0,540.0,0.375,0.0,0.375,0.375,0.3277777777777778,0.0,0.3277777777777778,0.3277777777777778,0.1925925925925926,0.0,0.1925925925925926,0.1925925925925926,70.2,0.0,70.2,70.2,94.9,0.0,94.9,94.9,0.0,0.0,0,0,0.0,0.0,0.0,0.0,1.225,0.0,1.225,1.225,36.342823856356475,0.4898715093812349,35.64421801064523,37.009325570750754,64.61093831613707,0.2276632679918952,64.25390512138539,64.7661688717754,0.0,0.0,0.0,0.0,0.0,0.0,0.0,0.0,0.0,0.0,0.0,0.0,0.0,0.0,0.0,0.0,0.0,0.0,0.0,0.0,57.42,1.107700320483839,56.2,59.1,user_001,5
2024-01-01 04:45:00,0.0,0.0,0,0,0.0,0.0,0,0,4.4712000000000005,0.1413053431403072,4.25,4.62,56.73670474322637,0.7132585486887724,56.10857952924702,57.603813124109784,54.25438821191408,1.037384821881866,52.92382267976157,55.76790154419526,97.364,0.1359411637437327,97.22,97.56,33.786,0.1269094165143,33.61800000000001,33.924,1.0,0.0,1,1,48.255594125532056,2.654298303487731,45.32708825042884,50.701647061813105,55.0,4.999999999999999,47,60,52.620000000000005,2.1300234740490533,50.2,55.6,50.18,5.109500954105009,44.2,56.5,97.32,1.2377398757412663,95.9,99.2,33.72,0.4678140656286421,33.43,34.53,4.51,0.5544366510251648,3.96,5.32,57.66055876025956,0.6276442730672641,56.73670474322637,58.39206776258351,56.322880311617055,0.0511464475968725,56.25306678481531,56.39573393146085,-0.8683523716131845,2.25760809862616,-4.581434646935257,1.2971401569176564,50.25684836141202,0.0,50.25684836141202,50.25684836141202,2.2830527092407467,0.9256291816983202,1.3344520483048905,3.4283389165985216,1.6732985818335755,0.434786763707723,1.0373848218818147,2.141880143527874,52.92413246002658,0.2074783398700715,52.72921159388987,53.19515290743504,540.0,0.0,540.0,540.0,0.375,0.0,0.375,0.375,0.3277777777777778,0.0,0.3277777777777778,0.3277777777777778,0.1925925925925926,0.0,0.1925925925925926,0.1925925925925926,70.2,0.0,70.2,70.2,94.9,0.0,94.9,94.9,0.0,0.0,0,0,0.0,0.0,0.0,0.0,1.225,0.0,1.225,1.225,36.13868872565419,0.3818644808516069,35.53770874724149,36.5066824077299,65.17094524738056,0.1992036198697653,64.93750700733129,65.39934449663046,0.0,0.0,0.0,0.0,0.0,0.0,0.0,0.0,0.0,0.0,0.0,0.0,0.0,0.0,0.0,0.0,0.0,0.0,0.0,0.0,56.08,0.2588435821108958,55.8,56.5,user_001,5
2024-01-01 04:50:00,0.0,0.0,0,0,0.0,0.0,0,0,4.2984,0.1656526486356318,4.134,4.534000000000001,56.453393217215,1.0149735368371344,55.23038283933033,57.76905903970237,54.17127746000515,1.3266019274590442,52.18768813649484,55.84392119100514,97.508,0.1803330252616028,97.3,97.78,33.8064,0.097912205572133,33.704,33.944,1.0,0.0,1,1,42.99917288895896,3.4184792713957255,38.970858388685365,47.65371483941572,57.0,2.9154759474226504,54,61,53.52,4.207968631061788,48.3,59.9,41.78,14.806991591812295,27.1,61.6,97.78,1.0034938963441746,96.3,98.7,33.866,0.2780827215056671,33.59,34.32,4.134,0.4630658700444244,3.46,4.67,56.47332461040455,0.2561080063247027,56.18008982582249,56.757803162150914,56.40627779137892,0.199012111908144,56.21988153399199,56.687372306368,0.2733033913925012,1.0343191400515386,-0.615191419665166,1.923205720223223,50.25684836141202,0.0,50.25684836141202,50.25684836141202,1.287751751128781,0.0841294230025703,1.1604039245625188,1.3939473915777767,1.07673564130009,0.1787273494454092,0.8217309875743994,1.3266019274590106,53.59603664768525,0.1491138447739128,53.353435271623354,53.75339462155523,540.0,0.0,540.0,540.0,0.375,0.0,0.375,0.375,0.3277777777777778,0.0,0.3277777777777778,0.3277777777777778,0.1925925925925926,0.0,0.1925925925925926,0.1925925925925926,70.2,0.0,70.2,70.2,94.9,0.0,94.9,94.9,0.0,0.0,0,0,0.0,0.0,0.0,0.0,1.225,0.0,1.225,1.225,35.97266635984103,0.3714619520172986,35.41014316678453,36.32955695272007,65.40138948824033,0.0826826097648453,65.32011602926639,65.52592366178038,0.0,0.0,0.0,0.0,0.0,0.0,0.0,0.0,0.0,0.0,0.0,0.0,0.0,0.0,0.0,0.0,0.0,0.0,0.0,0.0,56.08,0.4604345773288545,55.6,56.6,user_001,5
2024-01-01 04:55:00,0.0,0.0,0,0,0.0,0.0,0,0,4.823600000000001,0.1411906512485866,4.618,4.958,58.31402709033283,1.1767786613038314,56.51270602646824,59.48399131387026,50.549962463868994,1.3663853438519882,48.605639171775486,51.86917296523355,97.76,0.2416609194718854,97.4,98.0,33.5144,0.0402094516252103,33.47,33.55800000000001,1.0,0.0,1,1,51.25528202652957,2.409068314913114,47.765509773091786,54.14609548418477,59.0,2.9154759474226504,54,61,50.08,4.896120913539616,42.7,56.2,51.3,8.342961105027399,39.5,62.1,97.84,0.7334848328356907,96.8,98.7,33.47,0.2780287754891557,33.08,33.79,4.958,0.4194281821718706,4.33,5.5,57.45574645075286,0.740407266219346,56.50226214480999,58.31402709033283,57.02837128665622,0.1924193278537951,56.824914870912,57.283110756394144,0.3429864548335786,1.0234891025089057,-1.2563530132341256,1.495764657843914,50.25684836141202,0.0,50.25684836141202,50.25684836141202,1.6251221920822148,0.3179583449491043,1.0953020074320117,1.9384781000382976,1.737874447601189,0.4343074893864832,1.359736882882962,2.2493500475655357,53.739774373357726,0.0714054160859171,53.64395868816091,53.81670752548127,540.0,0.0,540.0,540.0,0.375,0.0,0.375,0.375,0.3277777777777778,0.0,0.3277777777777778,0.3277777777777778,0.1925925925925926,0.0,0.1925925925925926,0.1925925925925926,70.2,0.0,70.2,70.2,94.9,0.0,94.9,94.9,0.0,0.0,0,0,0.0,0.0,0.0,0.0,1.225,0.0,1.225,1.225,40.30361879917121,2.1627159002457925,37.1835006447724,42.51577616248947,64.35664727811192,0.5444532328673921,63.67550377482936,65.13449567321445,0.0,0.0,0.0,0.0,0.2,0.447213595499958,0.0,1.0,0.0,0.0,0.0,0.0,0.0,0.0,0.0,0.0,0.2,0.447213595499958,0.0,1.0,55.94,0.2792848008753789,55.7,56.4,user_001,5
2024-01-01 05:00:00,0.0,0.0,0,0,0.0,0.0,0,0,5.1288,0.1650551423009904,4.9239999999999995,5.368,59.879213443994445,1.552616625777007,58.215107250609,61.428936555826226,52.3359621351597,3.973621816286123,49.175187984548245,59.17287663892311,97.264,0.1203328716519332,97.12,97.42,33.721199999999996,0.0531526104721116,33.668,33.78,1.0,0.0,1,1,47.283000102259045,4.017931037933381,40.55800951744419,50.69578212137413,60.6,3.5777087639996625,56,64,55.6,10.83351281902597,45.5,74.0,44.4,10.597169433391166,27.7,55.4,97.12,0.4868264577855209,96.5,97.6,33.67,0.2666458325194641,33.24,33.94,5.128,0.6480894999920924,4.09,5.71,59.17392545853536,0.5200764910467545,58.676018060221885,59.879213443994445,57.47221350276955,0.178702665552965,57.27762939315165,57.73591033280362,0.3603932780027776,1.2351321714692811,-1.1613304379567566,1.9282975831303375,50.25684836141202,0.0,50.25684836141202,50.25684836141202,1.934066937883797,0.9182889999779116,1.2140963520618029,3.509918546820282,1.725274021177064,1.2612104409738232,1.081587117040081,3.9736218162861183,53.42796754436536,0.1091230567648312,53.3445062779736,53.6057064939142,540.0,0.0,540.0,540.0,0.375,0.0,0.375,0.375,0.3277777777777778,0.0,0.3277777777777778,0.3277777777777778,0.1925925925925926,0.0,0.1925925925925926,0.1925925925925926,70.2,0.0,70.2,70.2,94.9,0.0,94.9,94.9,0.0,0.0,0,0,0.0,0.0,0.0,0.0,1.225,0.0,1.225,1.225,43.13694735930656,0.5968487797937689,42.13929875943473,43.68338327827562,62.60361592365209,0.3695987380825678,62.23779691226624,63.15883510699193,0.0,0.0,0.0,0.0,0.0,0.0,0.0,0.0,0.0,0.0,0.0,0.0,0.0,0.0,0.0,0.0,0.0,0.0,0.0,0.0,56.32000000000001,1.7137677789012122,54.6,58.8,user_001,5
2024-01-01 05:05:00,0.0,0.0,0,0,0.0,0.0,0,0,5.0312,0.0760342028300421,4.948,5.148000000000001,61.795616585217374,0.7988277927283538,61.1906384692561,63.1270923128374,54.31749295607041,2.5680755680809195,51.46871637312061,58.07914424874707,97.316,0.2363895090734836,97.1,97.72,33.6564,0.0896482013204945,33.559999999999995,33.773999999999994,1.0,0.0,1,1,45.343851865318065,3.648400800587162,41.63867301162946,51.32256978122354,61.8,3.420526275297414,58,67,53.879999999999995,11.691749227553592,44.2,71.3,47.14,11.10576426906316,32.5,63.4,97.28,0.8814760348415649,96.3,98.4,33.774,0.369702583166523,33.46,34.32,4.982,0.5384421974548427,4.57,5.71,61.43343874351083,0.5675153860498272,60.45280896266296,61.795616585217374,58.24989368486403,0.2880610462395063,57.87949577742463,58.61117612064355,0.0021917073913115,1.3581474649641785,-1.7090307709458017,1.9364538435812977,50.25684836141202,0.0,50.25684836141202,50.25684836141202,4.207864783221795,0.188338742719632,4.00564562977321,4.501085991229685,3.047552771125716,0.3823720257772464,2.568075568080898,3.6104375595133695,53.48843468348296,0.0564177742149584,53.44692967781021,53.577953118540144,540.0,0.0,540.0,540.0,0.375,0.0,0.375,0.375,0.3277777777777778,0.0,0.3277777777777778,0.3277777777777778,0.1925925925925926,0.0,0.1925925925925926,0.1925925925925926,70.2,0.0,70.2,70.2,94.9,0.0,94.9,94.9,0.0,0.0,0,0,0.0,0.0,0.0,0.0,1.225,0.0,1.225,1.225,41.72017219510773,0.2457751853641946,41.47450944000115,42.02759301476329,61.44186957894615,0.4045994271669703,60.99100457276363,62.05219315810291,0.0,0.0,0.0,0.0,0.0,0.0,0.0,0.0,0.0,0.0,0.0,0.0,0.0,0.0,0.0,0.0,0.0,0.0,0.0,0.0,58.120000000000005,0.6140032573203502,57.5,59.0,user_001,5
2024-01-01 05:10:00,0.0,0.0,0,0,0.0,0.0,0,0,5.2528,0.1099508981318475,5.086,5.382,63.1393404556665,1.536103615133717,60.864610827227146,64.9485651016745,54.65835298186936,2.377376359631599,50.683261794073694,56.37489269111054,97.732,0.1868689380287675,97.44,97.9,33.587599999999995,0.0860860035081217,33.522000000000006,33.736000000000004,1.0,0.0,1,1,43.50355250901307,2.353558531699242,41.3342478724245,47.48949858161634,64.6,2.7018512172212605,60,67,51.7,7.947641159488772,39.3,60.7,44.48,9.182973374675544,37.1,59.8,97.8,0.9617692030835664,96.4,98.8,33.522000000000006,0.5511533361960163,32.9,34.39,5.3,0.4198213905936663,4.87,5.81,62.18251045182036,0.6156071749819655,61.62027403787439,63.1393404556665,59.06325074588059,0.2547212608617706,58.75189519154014,59.386382589275414,0.730329772166759,0.7818299396412908,-0.4323054136135624,1.7117963909242917,50.25684836141202,0.0,50.25684836141202,50.25684836141202,3.475406552698145,0.3281731737197896,2.9755252437502406,3.79833810616086,2.2670659110540337,0.5123087701808103,1.375529071387369,2.686571405751794,53.55735216682355,0.1024966241781622,53.381239368147945,53.62752430124898,540.0,0.0,540.0,540.0,0.375,0.0,0.375,0.375,0.3277777777777778,0.0,0.3277777777777778,0.3277777777777778,0.1925925925925926,0.0,0.1925925925925926,0.1925925925925926,70.2,0.0,70.2,70.2,94.9,0.0,94.9,94.9,0.0,0.0,0,0,0.0,0.0,0.0,0.0,1.225,0.0,1.225,1.225,41.323294715748,1.04629595160292,40.438606524453064,43.023703170479855,61.523427742616,0.1589729838783547,61.29871854402934,61.69938960972302,0.0,0.0,0.0,0.0,0.0,0.0,0.0,0.0,0.0,0.0,0.0,0.0,0.0,0.0,0.0,0.0,0.0,0.0,0.0,0.0,59.42,0.6906518659932807,58.5,60.3,user_001,5
2024-01-01 05:15:00,0.0,0.0,0,0,0.0,0.0,0,0,4.8732,0.118706360402465,4.708,5.004,62.61588022461452,1.0294424204997994,61.40886454013821,63.754917822966455,54.70249915810625,1.828720598922968,52.29052084821209,56.43578127231813,97.212,0.1375499909123941,96.98,97.34,33.5744,0.0948409194388169,33.428,33.678,1.0,0.0,1,1,43.887299095837115,4.255550210084074,38.72633238774423,49.52125084202354,61.2,1.9235384061671352,59,64,55.760000000000005,8.527191800352561,44.0,67.4,44.7,14.307340773183537,21.2,56.1,97.22,0.4207136793592503,96.7,97.7,33.548,0.1617714437099455,33.39,33.82,4.859999999999999,0.5486802347451566,4.47,5.76,63.44938409242079,0.5136378344992515,62.61588022461452,63.928595758074,60.028054967907465,0.2816726229752051,59.63536617062805,60.36624516950678,-0.7079401123072586,0.7505071877168287,-1.5849726076554802,0.1225410885167832,50.25684836141202,0.0,50.25684836141202,50.25684836141202,3.728336165800368,0.3115842113514148,3.2227901090882227,4.080495677251848,2.317876356432701,0.2859611791989572,1.8287205989229345,2.561313157705025,53.44812593692052,0.038564290114222,53.397492912098635,53.49333018315495,540.0,0.0,540.0,540.0,0.375,0.0,0.375,0.375,0.3277777777777778,0.0,0.3277777777777778,0.3277777777777778,0.1925925925925926,0.0,0.1925925925925926,0.1925925925925926,70.2,0.0,70.2,70.2,94.9,0.0,94.9,94.9,0.0,0.0,0,0,0.0,0.0,0.0,0.0,1.225,0.0,1.225,1.225,43.414474696882664,0.6474659894807198,42.383827893301245,44.04322932684279,61.76914316529367,0.1731786045076504,61.57266404536587,61.95038821782724,0.0,0.0,0.0,0.0,0.0,0.0,0.0,0.0,0.0,0.0,0.0,0.0,0.0,0.0,0.0,0.0,0.0,0.0,0.0,0.0,58.32000000000001,0.7628892449104286,57.5,59.3,user_001,5
2024-01-01 05:20:00,0.0,0.0,0,0,0.0,0.0,0,0,4.9844,0.1421295183978328,4.808000000000001,5.196,61.838305214764056,1.3389769444690605,60.454478382263176,63.96965225484212,50.356625403536626,1.9850672208040037,49.267263377424605,53.90089506613691,96.936,0.14240786495135,96.8,97.1,33.5052,0.1485974427774617,33.300000000000004,33.674,1.0,0.0,1,1,48.300961197805705,3.7113826733992954,45.31884784750927,54.51416722801569,61.8,6.058052492344383,56,71,48.82,8.892806081322139,40.0,62.6,46.62,11.320644857957516,34.6,64.5,96.84,0.6387487769068539,96.0,97.6,33.57,0.6297221609567196,32.88,34.24,5.016,0.4596520423102674,4.38,5.64,61.83103000394019,0.2332228253913932,61.48618673321912,62.14392014974302,60.92100586683007,0.2956584523454129,60.53305233522674,61.26373050243162,-0.019152607382027,2.4104119241138857,-2.6565507516140414,3.5151738725789414,50.25684836141202,0.0,50.25684836141202,50.25684836141202,3.2747651364471393,0.4155511884766553,2.6509488093635656,3.818438028290263,2.31713394188903,0.2741858128117399,1.9850672208039872,2.669751280424964,53.05164347043124,0.18692961371875,52.82014918310189,53.24617190611998,540.0,0.0,540.0,540.0,0.375,0.0,0.375,0.375,0.3277777777777778,0.0,0.3277777777777778,0.3277777777777778,0.1925925925925926,0.0,0.1925925925925926,0.1925925925925926,70.2,0.0,70.2,70.2,94.9,0.0,94.9,94.9,0.0,0.0,0,0,0.0,0.0,0.0,0.0,1.225,0.0,1.225,1.225,44.82245870670827,1.4448380895015287,43.413262911214886,46.699817687692544,60.97159900082413,0.4260382315367484,60.302133320596106,61.38955828647256,0.0,0.0,0.0,0.0,0.0,0.0,0.0,0.0,0.0,0.0,0.0,0.0,0.0,0.0,0.0,0.0,0.0,0.0,0.0,0.0,56.44,1.0549881515922344,55.3,57.8,user_001,5
2024-01-01 05:25:00,0.0,0.0,0,0,0.0,0.0,0,0,5.2648,0.1684019002268083,5.058000000000001,5.47,61.965538135277576,1.7065524212166776,59.20873433548538,63.39925616503416,45.64268318071264,1.3235676394438565,44.01575572887399,47.67717048591599,97.16400000000002,0.1117139203501516,97.04,97.28,33.484,0.2135556133656997,33.176,33.7,1.0,0.0,1,1,55.411155384073176,2.7243877719461125,52.27923189833951,58.11948793222634,62.8,4.43846820423443,55,66,43.92,6.58156516339389,37.9,55.0,58.52,11.35856505021651,43.1,69.8,97.04,0.5683308895353126,96.2,97.5,33.434000000000005,0.5175712511335999,32.84,34.18,5.2780000000000005,0.7765114294071916,3.98,5.96,61.589106831794595,0.2651331147645599,61.28369120656181,61.965538135277576,61.60989926367036,0.2072404045652179,61.35359811273219,61.872315676589075,0.4172309323612168,1.6092201937241508,-2.1043671677426943,2.26375522150488,50.25684836141202,0.0,50.25684836141202,50.25684836141202,2.7796348109372673,0.3254745282172667,2.490386419154055,3.3289050038333197,2.280432618937952,0.611414088839798,1.3235676394438531,2.933825103774782,52.338485285543754,0.2422917877917559,52.00226930257583,52.62232167762348,540.0,0.0,540.0,540.0,0.375,0.0,0.375,0.375,0.3277777777777778,0.0,0.3277777777777778,0.3277777777777778,0.1925925925925926,0.0,0.1925925925925926,0.1925925925925926,70.2,0.0,70.2,70.2,94.9,0.0,94.9,94.9,0.0,0.0,0,0,0.0,0.0,0.0,0.0,1.225,0.0,1.225,1.225,50.04837607669799,1.9667343666098844,47.174607986404986,52.47015176849918,58.60053537167754,0.8071545639930575,57.69530234847518,59.712401300773806,0.0,0.0,0.0,0.0,0.4,0.5477225575051661,0.0,1.0,0.0,0.0,0.0,0.0,0.0,0.0,0.0,0.0,0.4,0.5477225575051661,0.0,1.0,54.9,0.851469318296321,53.7,55.6,user_001,5
2024-01-01 05:30:00,0.0,0.0,0,0,0.0,0.0,0,0,4.7828,0.2100742725799609,4.598000000000001,5.108,60.85307498077729,1.183488577833254,59.39985306963638,62.59950411002277,52.85212288799509,2.4677128652829703,48.58582829212326,54.87147924094367,97.344,0.0792464510246334,97.24,97.42,33.624,0.1620740571467234,33.39,33.839999999999996,1.0,0.0,1,1,51.55455544152403,1.821416173096814,49.54042639436725,54.504570783516215,60.0,3.605551275463989,56,65,56.220000000000006,4.151746620399658,52.4,62.3,52.120000000000005,5.72293630927341,46.7,60.3,97.42,0.7886697661252092,96.4,98.6,33.674,0.3415113468100274,33.11,34.04,4.684,0.5540126352349735,4.07,5.29,61.84498526180012,0.7604463872040257,60.85307498077729,62.64369209018506,62.055075897547816,0.0380076742099517,62.01487711772605,62.10290834861898,-0.4265374903886482,1.543834511185873,-2.199834703340926,1.8667156434545404,50.25684836141202,0.0,50.25684836141202,50.25684836141202,2.777992527916627,0.2398312657445815,2.519058881247495,3.163562193035788,3.2001991543608597,1.0659917480383143,1.865083507382288,4.36003595914832,52.12625594981097,0.112346865269854,51.98262397949499,52.27411080873925,540.0,0.0,540.0,540.0,0.375,0.0,0.375,0.375,0.3277777777777778,0.0,0.3277777777777778,0.3277777777777778,0.1925925925925926,0.0,0.1925925925925926,0.1925925925925926,70.2,0.0,70.2,70.2,94.9,0.0,94.9,94.9,0.0,0.0,0,0,0.0,0.0,0.0,0.0,1.225,0.0,1.225,1.225,47.65329809274933,3.926097076067035,42.61548777088744,52.52357882789282,57.35020405202906,0.1282062936808207,57.24441011570634,57.50170219036401,0.0,0.0,0.0,0.0,0.0,0.0,0.0,0.0,0.0,0.0,0.0,0.0,0.0,0.0,0.0,0.0,0.0,0.0,0.0,0.0,56.4,0.7416198487095664,55.6,57.5,user_001,5
2024-01-01 05:35:00,0.0,0.0,0,0,0.0,0.0,0,0,4.8668,0.1709537949271674,4.6160000000000005,5.032,59.85719505919701,0.750516302569356,59.153057396471375,60.84437914206061,50.90332482475656,2.0713478330212656,47.960184734458714,53.46562347879813,97.516,0.165166582576502,97.32,97.76,33.3788,0.0690883492348734,33.314,33.482,1.0,0.0,1,1,51.39706079888383,2.930759664544893,47.76971385567748,55.54287817946,59.2,2.5884358211089564,56,63,50.08,7.938954591128484,40.6,58.7,50.66,12.34131273406521,34.3,66.9,97.76,0.6228964600958932,96.9,98.5,33.406,0.4296859318153214,32.73,33.89,5.002,0.7120884776486699,4.21,6.15,60.15835196863211,0.2519353209906026,59.85719505919701,60.50204998718486,61.84256143506802,0.1210276778941416,61.71155567838283,62.02308395514637,-0.3285975295985054,1.067135084971116,-1.614793047353544,1.282314201176213,50.25684836141202,0.0,50.25684836141202,50.25684836141202,2.2361805818888496,0.4544909841852162,1.8152860223685816,2.898572104153985,1.7563517128024069,0.6588363714740165,0.6654059522772603,2.4069018255004586,51.82694454208759,0.2094957507506556,51.51926807282941,52.05441961869893,540.0,0.0,540.0,540.0,0.375,0.0,0.375,0.375,0.3277777777777778,0.0,0.3277777777777778,0.3277777777777778,0.1925925925925926,0.0,0.1925925925925926,0.1925925925925926,70.2,0.0,70.2,70.2,94.9,0.0,94.9,94.9,0.0,0.0,0,0,0.0,0.0,0.0,0.0,1.225,0.0,1.225,1.225,42.43383985729338,1.261144493344768,41.056615345354,43.82491657223409,57.86208468298961,0.1756062707969019,57.64852103052794,58.12019325581177,0.0,0.0,0.0,0.0,0.0,0.0,0.0,0.0,0.0,0.0,0.0,0.0,0.0,0.0,0.0,0.0,0.0,0.0,0.0,0.0,56.34,0.6877499545619761,55.8,57.5,user_001,5
2024-01-01 05:40:00,0.0,0.0,0,0,0.0,0.0,0,0,4.6024,0.1682403043268763,4.41,4.814,59.595186180635,0.6922384128514268,58.74905404339893,60.55513513039953,49.10043783700498,2.7798222959447596,44.90672140280259,52.46008210420388,97.856,0.2804995543668512,97.64,98.34,33.2916,0.1665316786680548,33.077999999999996,33.456,1.0,0.0,1,1,51.70356356199293,3.355698026196615,47.07461252420444,54.91640834946963,59.4,2.408318915758459,57,62,47.86,11.698204990510298,29.8,61.2,52.5,14.56863068376709,35.9,70.6,97.76,0.6804410334481666,96.7,98.4,33.364,0.2487569094517801,33.05,33.61,4.452,0.3595413745314994,4.13,5.06,59.6248035514248,0.1505490123063782,59.43813003946467,59.839168906428746,61.41627695166877,0.2045785305922131,61.12086329921091,61.641037118921886,-0.0975930903174983,0.9302146287485772,-0.8745270216994641,1.0836486522003597,50.25684836141202,0.0,50.25684836141202,50.25684836141202,4.119237622988743,0.7075616429916245,2.927021924160932,4.7698090318807935,2.748799249992669,0.5567546784927715,1.7900994053998915,3.1926183468365905,50.918527676324295,0.3213723983666758,50.59294888201869,51.39951204855294,540.0,0.0,540.0,540.0,0.375,0.0,0.375,0.375,0.3277777777777778,0.0,0.3277777777777778,0.3277777777777778,0.1925925925925926,0.0,0.1925925925925926,0.1925925925925926,70.2,0.0,70.2,70.2,94.9,0.0,94.9,94.9,0.0,0.0,0,0,0.0,0.0,0.0,0.0,1.225,0.0,1.225,1.225,44.96121634587288,0.8284097604391969,43.59493337361282,45.68334652938432,59.07176821272312,0.4829357544371623,58.57609914375852,59.75275089597826,0.0,0.0,0.0,0.0,0.0,0.0,0.0,0.0,0.0,0.0,0.0,0.0,0.0,0.0,0.0,0.0,0.0,0.0,0.0,0.0,55.739999999999995,0.5899152481501051,54.8,56.4,user_001,5
2024-01-01 05:45:00,0.0,0.0,0,0,0.0,0.0,0,0,4.908799999999999,0.1337355599681697,4.831999999999999,5.145999999999999,57.74586813901366,1.43835817868657,56.48462684844767,60.09041040900727,53.415283994996535,1.3450768963105153,52.126227864453,54.989341796679504,98.24,0.0787400787401184,98.16,98.36,33.2424,0.2054624053202974,33.032,33.49400000000001,1.0,0.0,1,1,48.86219767071511,2.502741828414849,46.019410335207205,52.36867325421622,57.2,3.8340579025361623,53,62,55.94,6.3212340567329095,46.4,61.0,46.0,7.888916275382825,39.5,59.0,98.18,0.6685805860178718,97.6,99.2,33.096000000000004,0.7837920642619436,32.1,34.27,4.878,0.4980662606521345,4.17,5.29,58.73972721664853,0.905029206546168,57.74586813901366,59.863457453756666,60.63133413904005,0.279083827207153,60.309194618277424,61.0027977550295,-0.2729340695068316,1.495007125086086,-2.3634701363357635,1.1145273670116254,50.25684836141202,0.0,50.25684836141202,50.25684836141202,3.0568164132466173,0.9220689846821452,2.241550397548971,4.601856058264283,2.218994266384493,0.6059589052509113,1.3450768963105657,2.830488218013227,50.38048101087398,0.0565346929235779,50.33095286558394,50.47196592134579,540.0,0.0,540.0,540.0,0.375,0.0,0.375,0.375,0.3277777777777778,0.0,0.3277777777777778,0.3277777777777778,0.1925925925925926,0.0,0.1925925925925926,0.1925925925925926,70.2,0.0,70.2,70.2,94.9,0.0,94.9,94.9,0.0,0.0,0,0,0.0,0.0,0.0,0.0,1.225,0.0,1.225,1.225,41.98558450419805,2.9125150328791656,38.457776183093976,45.94465021780108,60.350944462162474,0.1968943515689137,60.12257161381436,60.62911421241991,0.0,0.0,0.0,0.0,0.0,0.0,0.0,0.0,0.0,0.0,0.0,0.0,0.0,0.0,0.0,0.0,0.0,0.0,0.0,0.0,56.5,0.6442049363362545,56.0,57.3,user_001,5
2024-01-01 05:50:00,0.0,0.0,0,0,0.0,0.0,0,0,5.032,0.1669431040804021,4.788,5.226,61.62743942571374,1.460120476625551,59.18063017731782,63.08028007880792,56.028679373826705,3.79663388791623,52.278020318904304,61.87912014173525,98.076,0.2677312084909065,97.64,98.28,33.562,0.1448792600754112,33.386,33.788,1.0,0.0,1,1,44.15140051630816,4.9589038584751,36.219014413766125,48.317782430973786,63.2,3.271085446759226,60,68,58.879999999999995,9.785039601350626,48.7,70.4,39.64,14.723212964567209,19.3,58.3,98.26,0.5458937625582427,97.4,98.8,33.572,0.4900714233660215,33.0,34.29,5.1,0.5516792546398677,4.62,6.03,59.647371485319965,1.6696658212578968,57.56391209267578,61.62743942571374,60.26739105260335,0.0356199167295933,60.23741983034553,60.32494655356368,0.7862802871431356,1.552198683637155,-1.0267600262693009,2.939789940894059,50.25684836141202,0.0,50.25684836141202,50.25684836141202,2.397833316180452,0.5481422048693734,1.925810486965294,3.1664437103728797,1.8765205495083104,1.1184026869019472,1.133293947225865,3.796633887916276,50.791196401980656,0.3341740069633553,50.536719792111384,51.32375534988208,540.0,0.0,540.0,540.0,0.375,0.0,0.375,0.375,0.3277777777777778,0.0,0.3277777777777778,0.3277777777777778,0.1925925925925926,0.0,0.1925925925925926,0.1925925925925926,70.2,0.0,70.2,70.2,94.9,0.0,94.9,94.9,0.0,0.0,0,0,0.0,0.0,0.0,0.0,1.225,0.0,1.225,1.225,39.431088745660006,1.226141103063089,37.853855715260735,40.61246359719219,61.11346650336272,0.4745706008518161,60.75626748848065,61.86364442913303,0.0,0.0,0.0,0.0,0.0,0.0,0.0,0.0,0.0,0.0,0.0,0.0,0.0,0.0,0.0,0.0,0.0,0.0,0.0,0.0,59.52,0.8613942186943208,58.1,60.4,user_001,5
2024-01-01 05:55:00,0.0,0.0,0,0,0.0,0.0,0,0,5.0576,0.264217334783318,4.786,5.386,59.87192617951786,0.5652183290586982,59.02253125289777,60.53379687934665,51.17908534963974,2.96092280596018,46.73140676763592,54.768497840771225,97.4,0.0734846922834951,97.32,97.5,33.2116,0.1273137855850643,32.992000000000004,33.296,1.0,0.0,1,1,51.20660418321754,2.376426471205958,48.80845085056273,53.802503955722294,58.8,2.7748873851023212,56,62,45.12,13.067402190183024,31.2,61.0,58.239999999999995,9.625642835675963,48.6,74.3,97.4,0.6442049363362558,96.7,98.2,33.296,0.4160288451537928,32.82,33.8,4.924,0.3919566302539098,4.41,5.41,60.82220529847835,0.7497188379468586,59.87192617951786,61.75162628380915,60.139574130383984,0.1477175608797553,59.925114994142426,60.2938113245127,-0.5359630897589298,1.1530301333046455,-1.9007822338974736,0.7331015603266806,50.25684836141202,0.0,50.25684836141202,50.25684836141202,5.744121574567282,0.1846942702774512,5.558917083865528,6.008694735578866,4.132069057357415,0.6835375590768732,2.9609228059601747,4.657800212622668,51.96423985540487,0.2883582136217915,51.52472578881029,52.24648904470327,540.0,0.0,540.0,540.0,0.375,0.0,0.375,0.375,0.3277777777777778,0.0,0.3277777777777778,0.3277777777777778,0.1925925925925926,0.0,0.1925925925925926,0.1925925925925926,70.2,0.0,70.2,70.2,94.9,0.0,94.9,94.9,0.0,0.0,0,0,0.0,0.0,0.0,0.0,1.225,0.0,1.225,1.225,40.785690800240886,1.5729059038909652,39.590901312699046,43.51223126780279,62.31648278158864,0.3165764303873338,61.76501629657717,62.566954722949035,0.0,0.0,0.0,0.0,0.0,0.0,0.0,0.0,0.0,0.0,0.0,0.0,0.0,0.0,0.0,0.0,0.0,0.0,0.0,0.0,56.56,1.1844830095868812,54.6,57.7,user_001,5
2024-01-01 06:00:00,0.0,0.0,0,0,0.0,0.0,0,0,5.5564,0.064333506044673,5.512,5.662,64.6761384269324,1.7739950648964893,61.681687501931854,66.33218518556679,46.400044161269435,1.6258459961134826,44.731296364462345,49.120937845090616,97.456,0.1062073443788135,97.36,97.62,33.3024,0.3022958815465429,32.876,33.712,1.0,0.0,1,1,56.164079563222074,2.780944176419,53.44518635725105,60.56777953587658,67.6,2.880972058177588,64,72,45.6,5.27967802048572,40.0,53.9,56.58,12.59789664983802,39.2,71.9,97.36,0.4878524367060153,96.9,98.1,33.348,1.091430254299376,31.73,34.57,5.662,0.3859663197741481,5.18,6.25,62.318315101034194,1.7203142272484386,60.24795078634524,64.6761384269324,60.21846243692299,0.2656674205745013,59.89452110720607,60.56229223516827,1.461930786533803,1.5502811064417072,-0.3737083337626359,3.4394374993560533,50.25684836141202,0.0,50.25684836141202,50.25684836141202,3.124953804590689,0.7996713544922823,1.8145432521959195,3.775919305250337,2.268151428580916,0.7487624290791117,1.3321499967049826,3.0739982185928096,51.73347191511505,0.4347978817089319,51.171142590249,52.26432602980218,540.0,0.0,540.0,540.0,0.375,0.0,0.375,0.375,0.3277777777777778,0.0,0.3277777777777778,0.3277777777777778,0.1925925925925926,0.0,0.1925925925925926,0.1925925925925926,70.2,0.0,70.2,70.2,94.9,0.0,94.9,94.9,0.0,0.0,0,0,0.0,0.0,0.0,0.0,1.225,0.0,1.225,1.225,49.83721586526563,3.948145985767304,44.5385298492739,54.60651399409636,60.49032449839708,1.379331308954604,58.67522524637739,62.16873449176754,0.2,0.447213595499958,0.0,1.0,0.0,0.0,0.0,0.0,0.0,0.0,0.0,0.0,0.0,0.0,0.0,0.0,0.2,0.447213595499958,0.0,1.0,56.48,0.6723094525588644,55.4,57.2,user_001,5
2024-01-01 06:05:00,0.0,0.0,0,0,0.0,0.0,0,0,5.236800000000001,0.1703502274726977,5.058,5.498,64.83554086280591,0.6257847348339641,63.74333302855201,65.25874897136302,48.19399758502313,4.660556067235948,44.587530909641565,55.99630240190451,98.244,0.1946278500112514,97.92,98.42,33.7044,0.2353567504874257,33.476,34.072,1.0,0.0,1,1,53.9473685021527,4.132586878464177,47.67388379228538,58.67435779896317,63.8,2.16794833886788,61,66,52.7,10.455381389504645,44.3,70.3,51.08,10.232888155354772,38.0,64.7,98.22,0.9418067742376864,97.5,99.7,33.476,0.927270187162297,32.53,35.02,5.220000000000001,0.4582030117753482,4.62,5.68,65.2562390256506,0.2388539655129076,64.83554086280591,65.42996694131331,61.06811027975941,0.2771475276247899,60.69708371233441,61.39201653576976,-0.5177704314029554,0.8328356234760207,-1.4440617285222572,0.3706255143184904,50.25684836141202,0.0,50.25684836141202,50.25684836141202,1.541844222459496,1.1184194709375903,0.6031650161218309,3.4357232910028004,1.7385912847999407,1.6928735142732376,0.698793548485459,4.6605560672359205,50.68462181598223,0.1340449804924826,50.5415731131602,50.875206171277114,540.0,0.0,540.0,540.0,0.375,0.0,0.375,0.375,0.3277777777777778,0.0,0.3277777777777778,0.3277777777777778,0.1925925925925926,0.0,0.1925925925925926,0.1925925925925926,70.2,0.0,70.2,70.2,94.9,0.0,94.9,94.9,0.0,0.0,0,0,0.0,0.0,0.0,0.0,1.225,0.0,1.225,1.225,55.66506140433812,1.717722529901893,52.643654079412485,56.69193874378341,56.5807013747917,0.9260042603997158,55.461316953467794,57.800704932291715,0.0,0.0,0.0,0.0,0.0,0.0,0.0,0.0,0.0,0.0,0.0,0.0,0.0,0.0,0.0,0.0,0.0,0.0,0.0,0.0,57.2,1.1467344941179718,56.1,59.0,user_001,5
2024-01-01 06:10:00,0.0,0.0,0,0,0.0,0.0,0,0,4.9292,0.0738457852554906,4.805999999999999,5.004,66.98081196547238,2.424107169309811,64.16222201903467,70.29130311487104,49.03081449679317,4.594038004374907,41.11926615992158,52.74334885982355,97.636,0.4160288451537991,97.18,98.28,33.3184,0.115424434154992,33.215999999999994,33.5,1.0,0.0,1,1,53.87315140769088,4.800015080086869,47.692261864380846,59.14100527305815,69.6,3.974921382870359,65,75,43.08,11.94851455202696,24.9,56.1,58.46,18.22108668548613,36.1,77.7,97.64,0.8988882021697719,96.8,98.8,33.5,0.2456623699307668,33.08,33.69,5.004,0.4729482001234384,4.19,5.36,65.42189155893342,0.962667167405686,64.6602403834693,66.98081196547238,62.034291614344184,0.4159126209838752,61.572455468290954,62.62295416657599,1.3095940172638063,0.9484260922660224,0.4188889904826638,2.354348442564472,50.25684836141202,0.0,50.25684836141202,50.25684836141202,4.237137027290039,0.217510277174506,4.091543470422252,4.6027494481481686,3.5267383536764014,0.9237601822970484,2.553474297065973,4.59403800437488,50.83264155601412,0.1352236493899911,50.67083647797339,50.9562976939141,540.0,0.0,540.0,540.0,0.375,0.0,0.375,0.375,0.3277777777777778,0.0,0.3277777777777778,0.3277777777777778,0.1925925925925926,0.0,0.1925925925925926,0.1925925925925926,70.2,0.0,70.2,70.2,94.9,0.0,94.9,94.9,0.0,0.0,0,0,0.0,0.0,0.0,0.0,1.225,0.0,1.225,1.225,50.40363291520352,2.234743932003793,48.48862850828801,54.0510224259855,54.35988556238698,0.7820142875332303,53.18258163499299,55.22394285141036,0.0,0.0,0.0,0.0,0.2,0.4472135954999579,0.0,1.0,0.0,0.0,0.0,0.0,0.0,0.0,0.0,0.0,0.2,0.4472135954999579,0.0,1.0,56.46,2.657630523605563,52.0,58.4,user_001,5
2024-01-01 06:15:00,0.0,0.0,0,0,0.0,0.0,0,0,5.236,0.1247156766409096,5.098000000000001,5.36,67.56290527940376,1.2370525502703094,66.38403991636162,69.57605987454242,43.49623894607976,7.02093200371135,34.55300718218737,51.778668794722186,96.94,0.2785677655436782,96.7,97.38,33.2256,0.1010583989582264,33.124,33.384,1.0,0.0,1,1,56.19284298372882,10.081857503942125,44.25889781373604,69.67378012135917,66.0,6.164414002968976,60,75,47.760000000000005,17.029474448731534,27.1,65.9,50.24,24.89624469674091,27.1,84.7,96.98,1.100908715561827,96.0,98.6,33.156,0.6063662259723919,32.62,34.2,5.35,0.6628725367670621,4.78,6.49,67.92716267442745,0.3425473986408583,67.56290527940376,68.34435791910566,63.56553085730733,0.5661344773136618,62.85974722216177,64.25912702330768,-0.7814526397018853,2.5156260327477153,-3.1920199581808077,2.7119700627287813,50.25684836141202,0.0,50.25684836141202,50.25684836141202,5.438121333197051,1.038313580155107,4.2190768392136055,6.469159071501883,6.402105339693742,0.9402901926818624,5.279695240381874,7.594951145644154,49.47260300326112,0.4756732362447733,49.05480998543866,50.22976721794986,540.0,0.0,540.0,540.0,0.375,0.0,0.375,0.375,0.3277777777777778,0.0,0.3277777777777778,0.3277777777777778,0.1925925925925926,0.0,0.1925925925925926,0.1925925925925926,70.2,0.0,70.2,70.2,94.9,0.0,94.9,94.9,0.0,0.0,0,0,0.0,0.0,0.0,0.0,1.225,0.0,1.225,1.225,62.03313327652985,2.743620691580409,57.767840474598664,64.73292634764697,51.52707567827944,0.4370219844479439,51.16413778872702,52.244963059679094,0.0,0.0,0.0,0.0,0.4,0.5477225575051661,0.0,1.0,0.0,0.0,0.0,0.0,0.0,0.0,0.0,0.0,0.4,0.5477225575051661,0.0,1.0,52.66,1.9768662069042504,50.3,55.7,user_001,5
2024-01-01 06:20:00,0.0,0.0,0,0,0.0,0.0,0,0,4.8576,0.1828737269265327,4.636,5.086,61.98276941950995,1.7678220956847952,60.3360118270701,64.25602661090774,56.332673441459065,3.178733997109446,51.94607501987653,60.23071667991769,97.48,0.0989949493661192,97.36,97.62,33.7008,0.1223159842375443,33.51800000000001,33.808,1.0,0.0,1,1,41.99411924065565,4.206596838202939,38.81039956814539,48.94839902832714,59.8,3.346640106136302,54,62,58.0,12.05072611920128,45.6,76.8,41.48,18.389725392185717,21.4,67.9,97.48,0.7854934754662192,96.2,98.2,33.80800000000001,0.4626769931604566,33.22,34.49,4.636,0.5405367702571212,4.11,5.5,64.59205434395751,2.0715415230810836,61.98276941950995,66.97527018626917,64.38964466708026,0.0630016978515852,64.31834868894039,64.47442682517378,-1.0913847097549805,1.539772325513431,-3.1680059135350547,0.5546627243099707,50.25684836141202,0.0,50.25684836141202,50.25684836141202,5.0077966867812815,0.5365514629613203,4.455494345032866,5.616657309072667,4.679848847711834,1.8594326006348796,3.1787339971095205,7.879347131168835,49.155733728824515,0.1275863919431449,49.011397030565334,49.303213495066075,540.0,0.0,540.0,540.0,0.375,0.0,0.375,0.375,0.3277777777777778,0.0,0.3277777777777778,0.3277777777777778,0.1925925925925926,0.0,0.1925925925925926,0.1925925925925926,70.2,0.0,70.2,70.2,94.9,0.0,94.9,94.9,0.0,0.0,0,0,0.0,0.0,0.0,0.0,1.225,0.0,1.225,1.225,47.247323426617925,6.921225527175664,39.72751838008275,56.63141010427772,53.72213746682233,1.1279556308026744,52.30943476054529,54.841491483884994,0.0,0.0,0.0,0.0,0.0,0.0,0.0,0.0,0.0,0.0,0.0,0.0,0.0,0.0,0.0,0.0,0.0,0.0,0.0,0.0,58.02,0.5069516742254604,57.4,58.5,user_001,5
2024-01-01 06:25:00,0.0,0.0,0,0,0.0,0.0,0,0,5.449599999999999,0.1172467483557647,5.292,5.622,65.2569902116227,2.294952658380723,62.2847442450578,67.6769612577949,58.090393210397906,1.5236289186288925,56.12100216507977,60.231503247619656,97.612,0.1830846798615295,97.4,97.8,33.5428,0.0876082187925306,33.454,33.68,1.0,0.0,1,1,41.49058360370774,1.9299601099143793,39.420711054241366,44.48106658136205,67.2,4.549725266430932,62,74,58.16,6.191364954515283,47.9,63.2,40.96,9.00266627172195,29.3,53.0,97.8,1.3674794331177342,96.5,99.5,33.496,0.4196188746946437,33.07,34.11,5.622,0.280748998217269,5.18,5.87,63.1303116831549,1.6309904747269766,61.588512946339975,65.2569902116227,64.77432906452634,0.335528501786496,64.40112134818247,65.21585936095785,0.971504894188645,1.9282260438809973,-1.892320419264962,3.492279056653828,50.25684836141202,0.0,50.25684836141202,50.25684836141202,2.7744947889978944,1.2874410400806,1.6414781724470389,4.281338941504551,1.7790303561600969,0.7931309805453446,1.0883476141442596,3.1511665881355873,49.71991280928279,0.3897952243732864,49.31142822002936,50.25736030683708,540.0,0.0,540.0,540.0,0.375,0.0,0.375,0.375,0.3277777777777778,0.0,0.3277777777777778,0.3277777777777778,0.1925925925925926,0.0,0.1925925925925926,0.1925925925925926,70.2,0.0,70.2,70.2,94.9,0.0,94.9,94.9,0.0,0.0,0,0,0.0,0.0,0.0,0.0,1.225,0.0,1.225,1.225,39.33354385968846,1.5268349439398508,37.31092306347068,41.30184960016883,56.50279477290336,1.0726330553945491,55.360842525621834,58.112361934435654,0.0,0.0,0.0,0.0,0.0,0.0,0.0,0.0,0.0,0.0,0.0,0.0,0.0,0.0,0.0,0.0,0.0,0.0,0.0,0.0,60.3,0.3316624790355405,59.9,60.6,user_001,5
2024-01-01 06:30:00,0.0,0.0,0,0,0.0,0.0,0,0,5.4096,0.0926218116860167,5.351999999999999,5.574,65.07334850523426,1.985463174106364,62.602856544749606,67.60126957544428,50.66079252153388,3.5712248688541197,45.78029693780142,55.380668110053186,97.256,0.2620686932847949,97.0,97.62,33.4108,0.0219818106624526,33.384,33.436,1.0,0.0,1,1,54.25513858155822,6.349875948075606,43.23142713521838,59.058412060097055,65.8,6.723094525588644,58,74,49.16,9.955048970246208,36.3,58.6,60.1,12.726939930713902,46.4,78.5,97.12,0.6220932405998311,96.4,97.9,33.392,0.3281310713724042,33.1,33.95,5.3839999999999995,0.6730750329643792,4.22,5.91,65.23345668255538,0.4644719230632005,64.7100227578514,65.84755120516566,65.26018599477987,0.0342146612282627,65.20963734151837,65.28835068508302,0.3633257473828678,2.516137844348821,-2.3014282723747996,3.7990478184168026,50.25684836141202,0.0,50.25684836141202,50.25684836141202,3.2534224580443216,0.7465524130918163,2.0614398017443825,3.8884043713135106,3.8330602718724336,1.3094206520957337,1.9596001493559088,5.570777516975023,50.67261677598238,0.1868013945423209,50.466017982335835,50.96748503354782,540.0,0.0,540.0,540.0,0.375,0.0,0.375,0.375,0.3277777777777778,0.0,0.3277777777777778,0.3277777777777778,0.1925925925925926,0.0,0.1925925925925926,0.1925925925925926,70.2,0.0,70.2,70.2,94.9,0.0,94.9,94.9,0.0,0.0,0,0,0.0,0.0,0.0,0.0,1.225,0.0,1.225,1.225,46.283007727549915,3.155329110041736,42.23957528524276,49.96548832922901,60.50139045129085,0.6709661183980692,59.35096380252553,60.96875992043299,0.0,0.0,0.0,0.0,0.0,0.0,0.0,0.0,0.0,0.0,0.0,0.0,0.0,0.0,0.0,0.0,0.0,0.0,0.0,0.0,57.54,1.681665840766232,55.8,59.8,user_001,5
2024-01-01 06:35:00,0.0,0.0,0,0,0.0,0.0,0,0,5.124,0.249611698443803,4.837999999999999,5.4879999999999995,65.07138745747942,1.6304470492697902,62.48945314464191,66.92280093174575,48.42249119625137,4.166765222334046,45.44601390749671,55.51279287061664,97.612,0.1863330351816302,97.32,97.78,33.6436,0.1215269517432222,33.496,33.767999999999994,1.0,0.0,1,1,56.41499767329161,5.845931722695899,46.72180006570298,62.572862832621354,64.8,6.3796551630946325,56,71,49.68,13.495073175051704,31.6,69.2,52.6,17.680921921664606,26.3,75.2,97.56,0.952890339965729,96.1,98.7,33.536,0.3434093766920189,33.18,34.02,5.14,0.644864326816114,4.28,6.04,65.24078441910194,0.2353181911054633,64.965932668993,65.51062177932867,65.25761022702177,0.0533510596678459,65.21538654301395,65.32136880645375,-0.1356937287397045,2.5652126711227057,-3.2447265723209497,2.836848951786031,50.25684836141202,0.0,50.25684836141202,50.25684836141202,4.175621207287922,0.5181915183392057,3.5344049119528296,4.812243336536597,3.201546534348553,0.5446528320814307,2.8624197694430964,4.166765222333989,51.01276709258478,0.0125197979061684,50.99610113347632,51.027526429693175,540.0,0.0,540.0,540.0,0.375,0.0,0.375,0.375,0.3277777777777778,0.0,0.3277777777777778,0.3277777777777778,0.1925925925925926,0.0,0.1925925925925926,0.1925925925925926,70.2,0.0,70.2,70.2,94.9,0.0,94.9,94.9,0.0,0.0,0,0,0.0,0.0,0.0,0.0,1.225,0.0,1.225,1.225,53.21124904050805,0.4878552820964039,52.63542539440797,53.73922212726565,58.9595229168028,1.1153901975473852,57.74059380335539,60.269518186787785,0.0,0.0,0.0,0.0,0.0,0.0,0.0,0.0,0.0,0.0,0.0,0.0,0.0,0.0,0.0,0.0,0.0,0.0,0.0,0.0,56.56,1.0761040841851657,55.2,57.9,user_001,5
2024-01-01 06:40:00,0.0,0.0,0,0,0.0,0.0,0,0,4.9316,0.2667148289840672,4.6240000000000006,5.244000000000001,63.597055138433504,0.3917762126121515,63.07680041410922,64.14524462849299,51.68798237975327,1.4158595192805894,49.642836921233474,53.3963830727753,97.568,0.1269645619848236,97.44,97.76,33.496,0.1575499920660095,33.339999999999996,33.730000000000004,1.0,0.0,1,1,47.57892973475445,2.470390221075734,43.81757038983792,50.374475728816854,62.2,3.2710854467592245,57,65,49.34,4.484194465007065,46.4,57.0,49.04,9.333166665178544,33.5,55.8,97.54,0.3435112807463453,97.2,98.0,33.418,0.6902680638708435,32.42,34.34,4.8,0.5023445033042563,4.24,5.28,64.34973292761836,0.4581053531806448,63.5970551384335,64.76506109221307,65.07891712180259,0.2167230202888345,64.7574093352806,65.30313475985805,-0.698527569216752,1.5728437911984745,-3.3076003105819183,0.6410665286302546,50.25684836141202,0.0,50.25684836141202,50.25684836141202,3.2256505607491555,0.6824338603437446,2.007250061268218,3.5875110025904675,2.6235357773742853,1.1288502679130754,1.415859519280549,4.107533199632162,51.16818880780266,0.1618545360277521,51.05704486805724,51.44842861591254,540.0,0.0,540.0,540.0,0.375,0.0,0.375,0.375,0.3277777777777778,0.0,0.3277777777777778,0.3277777777777778,0.1925925925925926,0.0,0.1925925925925926,0.1925925925925926,70.2,0.0,70.2,70.2,94.9,0.0,94.9,94.9,0.0,0.0,0,0,0.0,0.0,0.0,0.0,1.225,0.0,1.225,1.225,48.08770123960964,1.6715750588032126,46.46523600942088,50.46580973209884,56.71627038639933,0.499244426104905,56.07476187165327,57.34411502592823,0.0,0.0,0.0,0.0,0.0,0.0,0.0,0.0,0.0,0.0,0.0,0.0,0.0,0.0,0.0,0.0,0.0,0.0,0.0,0.0,57.84,0.5366563145999473,57.2,58.4,user_001,5
2024-01-01 06:45:00,0.0,0.0,0,0,0.0,0.0,0,0,5.1536,0.126375630562225,4.94,5.246,64.00537351617231,0.9083507958273056,62.968961371405335,64.953442057108,50.42384953149015,2.028845903304904,47.66189128082232,52.63321309250811,97.344,0.3904868755797037,96.94,97.88,33.410399999999996,0.0752249958457939,33.36,33.541999999999994,1.0,0.0,1,1,47.423480458897714,3.641538016562744,43.1657745815726,51.54799280853833,64.6,3.507135583350037,59,68,51.620000000000005,5.344810567269899,43.7,57.3,44.540000000000006,14.055710583246936,30.7,66.6,97.14,1.059716943339112,95.6,98.1,33.542,0.3290440699967112,33.18,33.95,5.236,0.5959278479816159,4.62,6.13,63.83667264890448,0.1133480591839546,63.70806027425847,64.00537351617231,64.39716878421544,0.2150729157408289,64.16448737474202,64.68271733463152,0.2973132419138423,1.3542562389154544,-1.984480685702671,1.523278971446011,50.25684836141202,0.0,50.25684836141202,50.25684836141202,1.8533950884053343,0.0982119512860129,1.7460228476207649,1.9846521316283103,1.84330324436035,0.378312150259955,1.290655518749542,2.164261381859562,52.32882596097264,0.34312312468694,51.76117463283058,52.60303038014761,540.0,0.0,540.0,540.0,0.375,0.0,0.375,0.375,0.3277777777777778,0.0,0.3277777777777778,0.3277777777777778,0.1925925925925926,0.0,0.1925925925925926,0.1925925925925926,70.2,0.0,70.2,70.2,94.9,0.0,94.9,94.9,0.0,0.0,0,0,0.0,0.0,0.0,0.0,1.225,0.0,1.225,1.225,49.13119872465434,0.4540975857222905,48.54861586847389,49.7148762433654,55.85229999776718,0.3108092434610344,55.534081344056275,56.23892281720473,0.0,0.0,0.0,0.0,0.0,0.0,0.0,0.0,0.0,0.0,0.0,0.0,0.0,0.0,0.0,0.0,0.0,0.0,0.0,0.0,57.42,0.6180614856144965,56.6,58.0,user_001,5
2024-01-01 06:50:00,0.0,0.0,0,0,0.0,0.0,0,0,5.3712,0.1355035054897098,5.168000000000001,5.5280000000000005,64.13651009266466,1.7331456956101785,61.41977164303146,65.9444861968208,43.56355220167771,3.382559851513866,39.525872485559155,47.71149888247074,97.468,0.3494567212116611,96.9,97.72,33.1892,0.0888549379607035,33.032,33.244,1.0,0.0,1,1,52.23263940199477,2.919591695358264,48.93417607658569,55.91051638771506,64.2,5.974947698515862,57,71,41.06,14.352107859126477,20.4,58.5,54.54,15.152161561968647,45.8,81.4,97.7,0.659545297913646,97.1,98.8,33.228,0.2606146580681889,32.89,33.61,5.436,0.6361839356664076,4.65,6.19,64.14754536940306,0.1385222157274974,63.9571477084955,64.33572156274326,64.32308395512301,0.13032620876272,64.22076936093913,64.52344415360113,0.0317449536676662,2.329422308726532,-2.314828732273604,3.1934094523228467,50.25684836141202,0.0,50.25684836141202,50.25684836141202,5.317672224088843,0.2985922571068475,5.051477937816853,5.651609057374292,5.059887971392644,1.200206606654893,3.3825598515137294,6.212976208720696,51.265941415985424,0.6886970763097895,50.47484350685071,52.162020253431734,540.0,0.0,540.0,540.0,0.375,0.0,0.375,0.375,0.3277777777777778,0.0,0.3277777777777778,0.3277777777777778,0.1925925925925926,0.0,0.1925925925925926,0.1925925925925926,70.2,0.0,70.2,70.2,94.9,0.0,94.9,94.9,0.0,0.0,0,0,0.0,0.0,0.0,0.0,1.225,0.0,1.225,1.225,54.36209110818788,2.5674617768654096,50.65113615789998,57.38747633428962,55.4636553622433,0.3938986132166209,54.90179824760553,56.002997323296945,0.0,0.0,0.0,0.0,0.4,0.5477225575051661,0.0,1.0,0.0,0.0,0.0,0.0,0.0,0.0,0.0,0.0,0.4,0.5477225575051661,0.0,1.0,55.08,1.2008330441822437,53.7,56.5,user_001,5
2024-01-01 06:55:00,0.0,0.0,0,0,0.0,0.0,0,0,5.5228,0.1946874418137957,5.228,5.686,66.01056923030976,1.368718433072548,63.71696937571303,67.32354648169276,49.759480125323805,2.443616944002918,46.075632275004274,52.67017261875964,97.532,0.1432480366357578,97.32,97.7,33.2948,0.1455238812016756,33.158,33.506,1.0,0.0,1,1,45.46347514758779,4.048553166877034,41.1323484671365,52.02548820761623,66.6,4.393176527297759,61,72,49.64,7.841109615354194,39.0,55.9,46.7,12.542129005874564,36.3,65.7,97.52,0.6496152707564693,96.8,98.3,33.208,0.3081720298794179,32.73,33.52,5.228,0.6807128616384442,4.48,6.25,64.97037634494197,0.977187210574938,63.69100672844311,66.01056923030976,64.6297613987542,0.0369657722221057,64.57118499128966,64.66967888308199,0.2947153848451279,1.7079088876558497,-1.3584846878565102,2.761010208095662,50.25684836141202,0.0,50.25684836141202,50.25684836141202,2.882565910198864,0.409553576659583,2.2622004347129137,3.265351667779336,2.934728312804625,0.7368061273367625,2.3321502719410145,4.049521780147063,49.69072753900493,0.4415587654058231,49.086357992671694,50.193229004567144,540.0,0.0,540.0,540.0,0.375,0.0,0.375,0.375,0.3277777777777778,0.0,0.3277777777777778,0.3277777777777778,0.1925925925925926,0.0,0.1925925925925926,0.1925925925925926,70.2,0.0,70.2,70.2,94.9,0.0,94.9,94.9,0.0,0.0,0,0,0.0,0.0,0.0,0.0,1.225,0.0,1.225,1.225,52.68073406070719,1.4638395427433486,51.53695185827213,55.09842735543386,54.285258893169114,0.3689730511175078,53.74639949697309,54.69609832800768,0.0,0.0,0.0,0.0,0.0,0.0,0.0,0.0,0.0,0.0,0.0,0.0,0.0,0.0,0.0,0.0,0.0,0.0,0.0,0.0,56.64,0.6465291950097852,56.0,57.7,user_001,5
2024-01-01 07:00:00,4.8,1.4832396974191326,3,7,13.6,7.956129712366435,4,24,5.9448,0.2273042014569906,5.606,6.128,71.53225603032885,0.8336518035202217,70.69935399186345,72.79956932790897,51.79524018111259,6.026286138579637,41.78375485000285,58.00629773333418,97.24,0.0883176086632762,97.12,97.34,33.5784,0.090447774986454,33.501999999999995,33.734,0.0,0.0,0,0,49.69946997828316,5.599798827960326,42.79021989286246,58.116992138410815,73.6,4.669047011971499,67,79,54.17999999999999,17.978793062939456,33.2,76.6,47.82,16.25167683656059,29.4,70.3,97.12,0.7823042886243133,96.2,98.0,33.734,0.313177266097014,33.34,34.05,6.078,0.5056382105814394,5.35,6.77,69.55132527999237,1.597070427647095,67.40704615353984,71.53225603032885,65.3494061649937,0.3426696434204463,64.87713821558822,65.72552524423142,1.0338719848355709,2.2668531522466293,-1.9331897759696517,4.1503230040682695,50.25684836141202,0.0,50.25684836141202,50.25684836141202,5.479139197317447,1.3881008784753852,3.0227367455569785,6.432804772397188,5.363174905269505,0.8946354069258182,4.353333817075048,6.534731414032782,48.98370348936142,0.3019959381323501,48.63312755067002,49.28648223723556,540.0,0.0,540.0,540.0,0.375,0.0,0.375,0.375,0.3277777777777778,0.0,0.3277777777777778,0.3277777777777778,0.1925925925925926,0.0,0.1925925925925926,0.1925925925925926,70.2,0.0,70.2,70.2,94.9,0.0,94.9,94.9,0.8,0.4472135954999579,0,1,13.6,7.956129712366435,4.0,24.0,2.205,0.5478366544874486,1.225,2.45,56.19079195627154,0.6344074553883344,55.47364188756851,57.1695393237113,52.830047656092745,0.2221983254100182,52.49438423993301,53.11432435667657,0.4,0.5477225575051661,0.0,1.0,0.0,0.0,0.0,0.0,0.0,0.0,0.0,0.0,0.0,0.0,0.0,0.0,0.4,0.5477225575051661,0.0,1.0,53.42,1.1233877335986904,51.8,54.8,user_001,5
2024-01-01 07:05:00,4.4,3.361547262794322,2,9,39.2,6.760177512462227,31,46,5.7268,0.4969619703760037,5.114,6.246,70.56144935378816,1.8993122081249492,67.81476752750262,72.81226060798203,50.514928748130046,2.9957955756026995,46.85020995189765,54.69168788148185,97.492,0.2678058998603292,97.1,97.78,33.638400000000004,0.0770376531314422,33.556,33.724000000000004,0.0,0.0,0,0,49.52067094364223,4.062953221655845,44.01787550793887,54.87513590280273,69.0,6.6332495807108005,60,75,48.44,6.702462234134556,43.2,60.0,52.540000000000006,13.64250710096938,37.4,66.4,97.66,0.439317652729785,97.3,98.4,33.56,0.4911720676097099,33.02,34.35,5.742,1.070453175061852,3.98,6.87,71.30832267061628,0.4951671480481391,70.56144935378816,71.95483735355258,66.36066254024608,0.2846795838998231,65.96146127393206,66.64053556028288,-0.7807246768940814,2.4415129169019067,-3.907383763751312,1.1389243543730316,50.25684836141202,0.0,50.25684836141202,50.25684836141202,3.8535508041268622,1.48544739709649,2.1840008742171224,6.2534665387214625,2.5855748599722235,0.383664603714049,2.2025927421853,2.9957955756026657,49.76450416320809,0.1557340988608952,49.58362173506766,49.91292495853857,540.0,0.0,540.0,540.0,0.375,0.0,0.375,0.375,0.3277777777777778,0.0,0.3277777777777778,0.3277777777777778,0.1925925925925926,0.0,0.1925925925925926,0.1925925925925926,70.2,0.0,70.2,70.2,94.9,0.0,94.9,94.9,0.6,0.8944271909999159,0,2,39.2,6.760177512462227,31.0,46.0,2.2050000000000005,1.597204589274649,1.225,4.9,54.42446073851134,1.5678673645024117,52.97287881009006,56.29570205799049,53.34890524008755,0.2359632279540113,53.001404013628054,53.61619896662509,0.0,0.0,0.0,0.0,0.0,0.0,0.0,0.0,0.0,0.0,0.0,0.0,0.0,0.0,0.0,0.0,0.0,0.0,0.0,0.0,54.220000000000006,0.9364827814754516,52.8,55.4,user_001,5
2024-01-01 07:10:00,5.2,2.588435821108957,2,9,60.4,8.049844718999244,51,72,5.3716,0.4085814484285842,4.906000000000001,5.87,66.12578756922312,2.58574770529683,63.25100779000116,70.00029860444478,46.384270452428645,1.3264302896724869,44.639533820826024,47.73342664528784,96.864,0.0792464510246406,96.76,96.96,33.548,0.0534041196912729,33.486000000000004,33.614,0.0,0.0,0,0,52.38017065924506,3.3230876664768796,48.23339373457899,56.82470925469007,67.0,7.280109889280518,58,76,45.5,5.407402333838313,38.8,52.2,53.15999999999999,11.96925227405622,35.8,68.6,96.86,0.4979959839195398,96.4,97.6,33.548,0.5762985337479196,32.93,34.25,5.4719999999999995,0.7742867685812539,4.93,6.81,67.094264713826,1.416274393215185,65.6886813538347,69.17429956919212,66.81808450461402,0.1455797577600586,66.71591259574414,67.06199096541448,0.437106215388431,2.5741232476460767,-2.625503895000584,2.999850697777603,50.25684836141202,0.0,50.25684836141202,50.25684836141202,1.7845371389748863,0.1328034022153368,1.6022255926399211,1.9301525156116448,1.5858316375592256,0.6670613333231267,0.8990613390713789,2.583846143143425,49.065580795154965,0.2623059921678545,48.74022020669383,49.38944812972083,540.0,0.0,540.0,540.0,0.375,0.0,0.375,0.375,0.3277777777777778,0.0,0.3277777777777778,0.3277777777777778,0.1925925925925926,0.0,0.1925925925925926,0.1925925925925926,70.2,0.0,70.2,70.2,94.9,0.0,94.9,94.9,1.0,0.7071067811865476,0,2,60.4,8.049844718999244,51.0,72.0,2.6950000000000003,1.341920265887657,1.225,4.9,56.172627245017416,0.6225759576983347,55.23329689296552,56.93433432996269,52.57656004184719,0.3143115479562953,52.165630559971376,52.921874481409105,0.0,0.0,0.0,0.0,0.0,0.0,0.0,0.0,0.0,0.0,0.0,0.0,0.0,0.0,0.0,0.0,0.0,0.0,0.0,0.0,54.5,1.1423659658795864,52.5,55.4,user_001,5
2024-01-01 07:15:00,6.0,2.345207879911715,3,8,89.8,8.786353054595521,80,102,5.693199999999999,0.1899821044203898,5.422,5.886,68.43878684039151,2.6062203973506075,65.60499725519897,72.11124382419767,50.634554133653154,3.043337998463166,46.473126142589344,53.682084095059565,96.948,0.113666177907055,96.78,97.06,33.4688,0.0976688281899572,33.39,33.629999999999995,0.0,0.0,0,0,47.00775909915985,2.871339293734805,42.936950890278546,50.25542633541781,67.0,6.892024376045111,60,77,53.379999999999995,9.681787025131255,42.3,68.1,42.68,11.323073787624985,28.3,54.1,96.78,0.4816637831516926,96.2,97.4,33.452,0.6175516172758335,32.53,34.23,5.601999999999999,0.4145117609911692,5.12,6.26,68.51480029153262,0.993799418674026,66.88385837948208,69.43727039088091,67.59777244505206,0.236057372665686,67.21910508805409,67.80089318611768,-0.7193934201957604,2.53513373375746,-3.7037479413992287,2.444378087901157,50.25684836141202,0.0,50.25684836141202,50.25684836141202,3.381712222464679,0.8077172786934859,2.487600060211119,4.033884620750998,2.675253388478075,1.135097820228422,1.4601920267929425,3.962688349982032,48.75995302652246,0.061806183308314,48.65343120297503,48.81300646058149,540.0,0.0,540.0,540.0,0.375,0.0,0.375,0.375,0.3277777777777778,0.0,0.3277777777777778,0.3277777777777778,0.1925925925925926,0.0,0.1925925925925926,0.1925925925925926,70.2,0.0,70.2,70.2,94.9,0.0,94.9,94.9,1.2,0.8366600265340756,0,2,76.2,1.7888543819998313,74.0,78.0,3.185,1.6435099634623456,1.225,4.9,56.567912512441026,1.8655203508475648,53.77187075273817,58.65990742111903,52.39848227217211,0.1670950129986575,52.23392012987679,52.643384539064435,0.0,0.0,0.0,0.0,0.0,0.0,0.0,0.0,0.0,0.0,0.0,0.0,0.0,0.0,0.0,0.0,0.0,0.0,0.0,0.0,54.7,2.30108669980077,51.3,57.0,user_001,5
2024-01-01 07:20:00,5.0,2.9154759474226504,1,9,120.0,6.928203230275508,111,127,5.2508,0.0883470429612672,5.154,5.35,65.98535464564827,1.6128795668323537,64.43994488934531,67.73481400154044,51.45368614105721,2.9396591083253405,48.17839970107519,56.002098991128754,97.948,0.4676751008980555,97.32,98.4,33.3116,0.1957365576482807,33.108000000000004,33.596,0.0,0.0,0,0,49.574602021288534,5.244738833230254,44.17020767119365,55.328209680353666,65.2,5.0199601592044525,58,70,50.82,8.935435076144863,42.6,65.0,53.14,10.872580190552744,40.5,70.1,97.94,0.642650760522388,97.0,98.7,33.268,0.4220426518730082,32.64,33.83,5.192,0.5327006664159526,4.83,6.12,66.7813728778973,0.8144085204302005,65.98535464564827,68.02585789359435,68.03674369646777,0.1139334449071062,67.85615101296735,68.13021758408908,-0.392677322824133,1.8755593597929392,-3.2449380005134856,1.1988894988446788,50.25684836141202,0.0,50.25684836141202,50.25684836141202,3.419176050948862,0.6394439746560178,2.787265965103946,4.225898027043197,2.6034616086493108,0.7432058620004108,1.7318516862166455,3.552295222627109,49.786657737374696,0.3398953898990708,49.24578064914733,50.09035996361758,540.0,0.0,540.0,540.0,0.375,0.0,0.375,0.375,0.3277777777777778,0.0,0.3277777777777778,0.3277777777777778,0.1925925925925926,0.0,0.1925925925925926,0.1925925925925926,70.2,0.0,70.2,70.2,94.9,0.0,94.9,94.9,1.0,0.7071067811865476,0,2,80.8,1.3038404810405295,79.0,82.0,2.6950000000000003,1.3419202658876572,1.225,4.9,49.96226613013063,1.0148878489127748,48.95140162797353,51.53169789078523,53.24987138250108,0.4083704570454977,52.807321686568585,53.81558995920446,0.0,0.0,0.0,0.0,0.0,0.0,0.0,0.0,0.0,0.0,0.0,0.0,0.0,0.0,0.0,0.0,0.0,0.0,0.0,0.0,58.06,0.634822809924158,57.3,58.7,user_001,5
2024-01-01 07:25:00,3.4,1.3416407864998738,2,5,137.6,5.594640292279747,131,144,5.4128,0.1662744718830885,5.1659999999999995,5.614,66.66062283399484,0.967977148657822,65.28838780435822,67.97330883970902,51.05801628194992,3.01388606960039,46.94595542270008,54.82389242917533,97.528,0.3285117958308371,97.14,97.94,33.512800000000006,0.1883486129494996,33.324,33.788,0.0,0.0,0,0,48.34883648016968,4.085328429941229,44.6967152531449,53.94587096904608,67.0,3.8729833462074184,63,72,53.02,7.520771237047435,41.0,58.6,44.260000000000005,12.464068356680333,31.8,60.9,97.58,1.4184498581197686,96.4,100.0,33.564,0.4571979877471013,33.03,34.14,5.49,0.5042320894191483,4.83,6.03,66.24989272466136,0.3563532215989222,65.85690309709885,66.66062283399484,68.249996426421,0.0318182613442971,68.21713374107664,68.28909647751554,0.169688583002582,1.6080643374524433,-1.3244362799030114,2.5200183702182244,50.25684836141202,0.0,50.25684836141202,50.25684836141202,2.520504932846673,0.0869329872166019,2.4656720507884264,2.668904971340442,2.0813475881978327,0.5975233328791753,1.4806460339106715,3.013886069600374,50.04276425622492,0.1544382137420295,49.901094310207675,50.30678265638859,540.0,0.0,540.0,540.0,0.375,0.0,0.375,0.375,0.3277777777777778,0.0,0.3277777777777778,0.3277777777777778,0.1925925925925926,0.0,0.1925925925925926,0.1925925925925926,70.2,0.0,70.2,70.2,94.9,0.0,94.9,94.9,0.6,0.5477225575051662,0,1,77.2,3.1144823004794877,72.0,80.0,1.96,0.6709601329438285,1.225,2.45,52.281509225979185,0.7207338086039259,51.27174067783743,53.238973168310906,54.22435994350228,0.5730933228993211,53.806149030334296,55.183504283738195,0.0,0.0,0.0,0.0,0.0,0.0,0.0,0.0,0.0,0.0,0.0,0.0,0.0,0.0,0.0,0.0,0.0,0.0,0.0,0.0,57.1,0.9192388155425152,56.3,58.6,user_001,5
2024-01-01 07:30:00,5.8,1.4832396974191326,4,8,160.0,10.148891565092216,148,173,5.775200000000001,0.0846593172663237,5.65,5.854000000000001,67.35695444727503,0.953139537911748,66.19225853623881,68.46150569082587,49.01809267910451,1.5863290309605973,47.814486645681576,51.38259495278354,97.536,0.1424078649513377,97.4,97.73999999999998,33.1268,0.204766208149683,32.79600000000001,33.308,0.0,0.0,0,0,51.95869451590711,3.91604987284659,46.0311435020966,55.8999789633771,68.2,3.9623225512317903,63,73,47.06,4.797186675542235,40.7,53.5,56.44,6.088760136513837,48.7,62.6,97.74,0.4669047011971546,97.1,98.4,33.15,0.6385138996137818,32.38,34.15,5.854000000000001,0.4181865612379241,5.48,6.48,66.8014673546879,0.3504336379596484,66.50708188932988,67.35695444727503,67.79168677220358,0.2133107483852457,67.52149261505348,68.06713969704164,0.4215227763624824,1.6576108825882492,-1.8205018969419624,2.269247154587063,50.25684836141202,0.0,50.25684836141202,50.25684836141202,2.527028508813914,0.1562245139715647,2.35876541607406,2.663078353247641,2.4894184380002384,0.6856865053309188,1.5863290309604712,3.1288622747216257,50.2138098334672,0.3352702734148453,49.84392473938725,50.62674399314795,540.0,0.0,540.0,540.0,0.375,0.0,0.375,0.375,0.3277777777777778,0.0,0.3277777777777778,0.3277777777777778,0.1925925925925926,0.0,0.1925925925925926,0.1925925925925926,70.2,0.0,70.2,70.2,94.9,0.0,94.9,94.9,1.2,0.4472135954999579,1,2,70.2,1.9235384061671343,68.0,73.0,2.9400000000000004,1.095673308974897,2.45,4.9,51.881049127470405,1.7878515553771004,50.04019875368949,54.48813422103085,55.346065573170065,0.352768155378466,54.91160027494458,55.76876579438512,0.0,0.0,0.0,0.0,0.0,0.0,0.0,0.0,0.0,0.0,0.0,0.0,0.0,0.0,0.0,0.0,0.0,0.0,0.0,0.0,56.36,0.8848728722251578,55.6,57.7,user_001,5
2024-01-01 07:35:00,4.6,2.8809720581775866,2,9,189.8,5.310367218940701,182,196,5.7196,0.2091621380651864,5.508,5.964,65.76964009182224,0.8841564218922474,64.47190145661507,66.84266741607584,49.787732369264795,1.8016238066892225,47.23899471237809,51.719107154276024,97.692,0.1937008002048467,97.52,97.98,33.3824,0.2231161132684055,33.05,33.658,0.0,0.0,0,0,49.46427252884373,3.734508982433744,45.38929764126777,54.73331930891806,64.6,2.4083189157584584,62,68,49.959999999999994,5.854741668084085,44.3,56.6,45.260000000000005,8.077623412860989,37.3,54.6,97.52,1.084896308409243,96.6,99.1,33.484,0.8843246010374209,32.38,34.48,5.508,0.4868983466802898,5.1,6.31,66.67492574218113,0.6266168159034752,65.76964009182224,67.37130296485002,67.01945395079773,0.2430988694254082,66.72285773805916,67.30321729892455,-0.5848200459111126,0.879743754501755,-1.280889138691947,0.5786662919620795,50.25684836141202,0.0,50.25684836141202,50.25684836141202,1.6823967410380565,0.3359656358674369,1.1960362137839542,2.030297692964266,1.6962114676769335,0.124473874082088,1.4866769147074856,1.8016238066891463,49.688479758591015,0.0573022317447619,49.60575468103123,49.744838715147054,540.0,0.0,540.0,540.0,0.375,0.0,0.375,0.375,0.3277777777777778,0.0,0.3277777777777778,0.3277777777777778,0.1925925925925926,0.0,0.1925925925925926,0.1925925925925926,70.2,0.0,70.2,70.2,94.9,0.0,94.9,94.9,0.6,0.8944271909999159,0,2,69.8,2.2803508501982757,67.0,73.0,2.205,1.597204589274649,1.225,4.9,52.99002418586108,0.977285128276986,51.78880792510481,54.42388191317351,54.530703210667426,0.1369955356433396,54.40302651472608,54.6989436490576,0.0,0.0,0.0,0.0,0.0,0.0,0.0,0.0,0.0,0.0,0.0,0.0,0.0,0.0,0.0,0.0,0.0,0.0,0.0,0.0,57.34,0.5412947441089757,56.9,58.2,user_001,5
2024-01-01 07:40:00,3.6,2.1908902300206643,1,7,205.0,5.787918451395112,199,214,5.6488,0.1669886223669146,5.422,5.828,68.3606110408984,0.5959635786828541,67.6583411723304,68.98751175849559,51.36826105274268,3.40645206723891,46.93955320550137,56.108015764593,97.532,0.2291724241700945,97.24,97.86,33.6016,0.1041671733321025,33.49399999999999,33.724000000000004,0.0,0.0,0,0,41.717023542893,5.162662536869987,35.120108176052895,46.99286509417851,69.8,4.868264577855236,65,78,52.16,9.744896100010504,40.1,64.6,40.66,14.97758324964345,21.2,58.0,97.5,0.8396427811873336,96.4,98.7,33.552,0.774932255103629,32.53,34.43,5.788,1.2996807300256474,4.28,7.23,67.24361162036953,0.7952543202856366,66.31309339454816,68.3606110408984,67.04434510188831,0.1325654394312425,66.82634960315055,67.15965914167424,0.7196944795507989,2.219941416508181,-1.3291705861651906,4.509366181128314,50.25684836141202,0.0,50.25684836141202,50.25684836141202,2.863198993301496,0.3995070928972644,2.4124558951351553,3.3502390942715548,2.4288132837852996,0.907442695293737,1.4745670690919814,3.4064520672389067,50.0930672933124,0.3285201682658683,49.770705784162026,50.55339044296205,540.0,0.0,540.0,540.0,0.375,0.0,0.375,0.375,0.3277777777777778,0.0,0.3277777777777778,0.3277777777777778,0.1925925925925926,0.0,0.1925925925925926,0.1925925925925926,70.2,0.0,70.2,70.2,94.9,0.0,94.9,94.9,0.4,0.5477225575051661,0,1,67.4,2.3021728866442652,65.0,70.0,1.7150000000000003,0.6709601329438286,1.225,2.45,53.442114997720395,0.7939878483612609,52.47357040551519,54.33587444465063,54.295519547409285,0.1049542295575133,54.14702029542291,54.43007909209933,0.0,0.0,0.0,0.0,0.0,0.0,0.0,0.0,0.0,0.0,0.0,0.0,0.0,0.0,0.0,0.0,0.0,0.0,0.0,0.0,56.14,0.944986772394198,54.9,57.4,user_001,5
2024-01-01 07:45:00,4.2,1.4832396974191326,2,6,228.0,5.744562646538031,220,235,5.561999999999999,0.228372502723073,5.258,5.845999999999999,68.5396689436574,0.8949347064629769,67.71358256957937,69.8727033642575,44.066519974023734,4.045575633882566,40.93356586200402,50.42578478426355,97.376,0.3229241396984758,96.92,97.72,33.4288,0.1131423881664139,33.260000000000005,33.566,0.0,0.0,0,0,51.24298252416698,2.888295341288154,46.764492522690176,53.85088556564008,68.4,2.8809720581775875,66,72,41.42,10.912011730198971,25.6,55.3,54.14,7.648398525181595,44.7,65.4,97.48,1.0521406750050122,96.5,99.2,33.260000000000005,0.5203364296299081,32.69,34.08,5.516,0.5960536888569689,4.91,6.23,68.36837683889641,0.2575112482197727,68.07138268484373,68.6095034154861,67.01994119311561,0.0766359878563313,66.92014591852076,67.11214200054935,-0.0698344718287018,1.1001571248290618,-1.290901121419168,1.0954724768068758,50.25684836141202,0.0,50.25684836141202,50.25684836141202,4.188708579177127,0.6377752434601653,3.10112222381131,4.68025173611246,4.758504709292301,1.5411254192811814,2.5129518967671785,6.545386047395814,50.04986894397529,0.501511841201526,49.45871808302381,50.61559362864136,540.0,0.0,540.0,540.0,0.375,0.0,0.375,0.375,0.3277777777777778,0.0,0.3277777777777778,0.3277777777777778,0.1925925925925926,0.0,0.1925925925925926,0.1925925925925926,70.2,0.0,70.2,70.2,94.9,0.0,94.9,94.9,0.8,0.4472135954999579,0,1,68.0,4.690415759823429,62.0,72.0,2.205,0.5478366544874486,1.225,2.45,56.71309455043331,4.287039817075061,51.69147828432807,61.72610534905732,53.124149027707254,0.7119052626743829,52.30533913461542,54.01784002611369,0.0,0.0,0.0,0.0,0.6,0.5477225575051662,0.0,1.0,0.0,0.0,0.0,0.0,0.0,0.0,0.0,0.0,0.6,0.5477225575051662,0.0,1.0,53.8,1.4882876066137238,52.5,56.2,user_001,5
2024-01-01 07:50:00,5.0,1.5811388300841898,3,7,249.4,8.264381404557753,239,260,5.6568,0.219260575571624,5.3,5.8759999999999994,66.35666422303308,2.9322745426039765,62.991467109696465,70.32954093764288,52.59575571674386,4.2229856328575215,46.03298794947634,57.199222886321785,97.988,0.1841738309315424,97.8,98.24,33.830400000000004,0.085386181551816,33.75600000000001,33.976,0.0,0.0,0,0,45.46689481799729,3.829374189687579,40.17460221440527,50.22204542862457,67.4,8.64869932417586,57,77,52.720000000000006,14.29534889395848,34.9,68.0,45.56,13.209201338461003,32.4,63.3,97.88,0.7918333157931672,97.1,99.0,33.976,0.3821387182686428,33.52,34.49,5.715999999999999,0.5361249854278386,5.17,6.53,66.87320188824974,1.1088219413457303,65.83499633454963,68.49311262910494,67.03524602817436,0.1012387002351348,66.93322725942204,67.1740269301135,0.5216678884834636,3.1241139765530983,-3.4936003322723437,4.00284429676784,50.25684836141202,0.0,50.25684836141202,50.25684836141202,4.704627669638208,0.583258444588206,4.065259216478635,5.434831370287169,5.430826553036878,1.2311447462441374,4.22298563285753,6.826879306657402,49.58252869495422,0.1683225788199861,49.36358983312699,49.778594518457375,540.0,0.0,540.0,540.0,0.375,0.0,0.375,0.375,0.3277777777777778,0.0,0.3277777777777778,0.3277777777777778,0.1925925925925926,0.0,0.1925925925925926,0.1925925925925926,70.2,0.0,70.2,70.2,94.9,0.0,94.9,94.9,0.8,0.4472135954999579,0,1,59.6,3.2093613071762417,57.0,64.0,2.205,0.5478366544874486,1.225,2.45,53.41280272004574,5.3754298887483385,48.583997437593936,61.02385352534329,53.02623535706972,0.5058082803588331,52.34173755040308,53.60587154294805,0.0,0.0,0.0,0.0,0.0,0.0,0.0,0.0,0.0,0.0,0.0,0.0,0.0,0.0,0.0,0.0,0.0,0.0,0.0,0.0,57.36,1.696466916859861,54.8,58.9,user_001,5
2024-01-01 07:55:00,7.0,3.082207001484488,3,11,277.8,11.819475453673904,266,295,6.2332,0.0894270652543176,6.122,6.33,71.57618623513193,2.6697843552566,69.21969395842858,74.58361302471958,44.35985260467409,1.7831017275788588,41.78335643779112,46.52199196631756,97.908,0.1418449858119848,97.68,98.06,33.6244,0.0966064180062592,33.476,33.726,0.0,0.0,0,0,54.15243059331651,4.414202820901283,50.44803028574972,61.39096894533327,73.2,6.534523701081818,67,84,42.66,4.824209779849962,35.9,47.5,58.620000000000005,10.14061142140848,50.9,75.5,98.06,0.3209361307176268,97.6,98.4,33.644,0.4454548237475919,33.18,34.36,6.33,0.427375712927162,5.71,6.8,69.23219119516045,2.0054861101644454,66.70444281535538,71.57618623513193,67.53229577325753,0.3080361197299035,67.24935128674232,67.99328749696969,0.811906882434036,2.26366808503359,-1.1098469792142964,4.708193487640216,50.25684836141202,0.0,50.25684836141202,50.25684836141202,3.112561160671525,0.8991269009232081,1.7043452904525669,3.76426475086989,3.200280491261702,1.7981789886136088,1.1474954107335402,5.075412538693669,49.16921091181839,0.4349939928642115,48.53270239942562,49.63493089709217,540.0,0.0,540.0,540.0,0.375,0.0,0.375,0.375,0.3277777777777778,0.0,0.3277777777777778,0.3277777777777778,0.1925925925925926,0.0,0.1925925925925926,0.1925925925925926,70.2,0.0,70.2,70.2,94.9,0.0,94.9,94.9,1.2,0.8366600265340756,0,2,72.8,6.180614856144977,67.0,81.0,3.185,1.6435099634623451,1.225,4.9,58.58736537472505,5.678441230046134,51.067221539817126,64.78202111593583,51.8028763918874,1.204043471173972,50.115048596579264,53.03030281032338,0.4,0.5477225575051661,0.0,1.0,0.0,0.0,0.0,0.0,0.0,0.0,0.0,0.0,0.0,0.0,0.0,0.0,0.4,0.5477225575051661,0.0,1.0,52.48,2.5133642792082505,49.4,55.2,user_001,5
2024-01-01 08:00:00,5.2,1.6431676725154982,3,7,310.0,8.426149773176359,299,321,5.601999999999999,0.2335123123092217,5.252000000000001,5.901999999999999,70.57217267293919,1.7445965199271194,68.78194825179646,73.25938356654204,47.30598882036861,0.6917833179545152,46.53704730568494,48.22757658030442,97.716,0.229085137012416,97.48,98.04,33.830400000000004,0.0596891950021064,33.74400000000001,33.896,0.0,0.0,0,0,52.895464111054025,1.461748448089468,50.827312630222174,54.367694502320965,68.6,3.507135583350036,64,73,49.44,4.773677827419864,44.9,57.0,49.760000000000005,11.515771793501294,29.7,59.2,97.72,1.05451410611713,96.5,99.3,33.744,0.3948797285250286,33.18,34.24,5.608,0.704960991828626,4.46,6.19,71.92160542487709,0.8620327885778235,70.57217267293917,72.65608277116975,68.38565211828907,0.1174743064873422,68.22885833131312,68.52915720124705,-0.9860863364695917,1.499436945688586,-2.390974125898225,1.4060172494011738,50.25684836141202,0.0,50.25684836141202,50.25684836141202,2.6847206777210797,0.1663453589527011,2.40094639643904,2.828858411491127,1.9290029248596805,0.7401322983338703,0.6917833179540833,2.5829259088354193,48.3294735905824,0.0494528915892965,48.24735175630296,48.38180159961708,540.0,0.0,540.0,540.0,0.375,0.0,0.375,0.375,0.3277777777777778,0.0,0.3277777777777778,0.3277777777777778,0.1925925925925926,0.0,0.1925925925925926,0.1925925925925926,70.2,0.0,70.2,70.2,94.9,0.0,94.9,94.9,0.8,0.4472135954999579,0,1,82.0,2.7386127875258315,79.0,86.0,2.205,0.5478366544874486,1.225,2.45,63.63936740800996,2.3284461328491948,60.13863855891702,65.60864929263651,50.221583984731154,0.484987859663783,49.63889893430469,50.69036556447357,0.0,0.0,0.0,0.0,0.0,0.0,0.0,0.0,0.0,0.0,0.0,0.0,0.0,0.0,0.0,0.0,0.0,0.0,0.0,0.0,52.760000000000005,1.5404544783926544,50.6,54.2,user_001,5
2024-01-01 08:05:00,4.8,2.2803508501982757,2,8,333.4,8.414273587185052,325,345,5.814,0.337621089388682,5.424,6.3340000000000005,69.87205566063396,2.539864186674172,67.8766351607304,73.27850451588019,49.975932684163766,2.632949450894927,46.05261528305317,52.47892292457974,97.792,0.4748894608222064,97.26,98.38,33.5516,0.1494215513237597,33.392,33.79,0.0,0.0,0,0,52.22261255783427,4.228588892687912,45.33487244513214,56.54366590966878,71.4,6.348228099241551,65,80,51.6,13.249339606184153,33.2,63.2,52.120000000000005,17.250420284735092,28.9,72.0,97.68,0.7463243262818157,96.8,98.6,33.47,0.494317711598523,32.81,34.14,5.728,0.945499867794808,4.56,6.93,69.24004680492209,0.4496840778636474,68.76212523642644,69.87205566063396,68.81317229541256,0.2571261314181775,68.58610480083136,69.21289312938234,0.763972169683018,2.1084537802012018,-1.4862145558217037,4.041121613089871,50.25684836141202,0.0,50.25684836141202,50.25684836141202,4.083657476705769,0.9566583988136208,2.52312232215465,4.834172996625038,2.6095282353412097,0.2021707196020813,2.352988002807432,2.8129269134517494,48.22411997900674,0.069359000637178,48.11067485465317,48.27871847545279,540.0,0.0,540.0,540.0,0.375,0.0,0.375,0.375,0.3277777777777778,0.0,0.3277777777777778,0.3277777777777778,0.1925925925925926,0.0,0.1925925925925926,0.1925925925925926,70.2,0.0,70.2,70.2,94.9,0.0,94.9,94.9,1.0,0.7071067811865476,0,2,84.0,1.58113883008419,82.0,86.0,2.6950000000000003,1.341920265887657,1.225,4.9,56.62199744997552,0.6962471842700678,55.971506825039434,57.609890684982176,49.542793554169045,0.7098344249334863,48.87237920249848,50.62569038010395,0.0,0.0,0.0,0.0,0.0,0.0,0.0,0.0,0.0,0.0,0.0,0.0,0.0,0.0,0.0,0.0,0.0,0.0,0.0,0.0,54.94,1.8782971010998235,52.8,57.0,user_001,5
2024-01-01 08:10:00,4.2,2.588435821108957,0,7,356.2,8.105553651663785,345,366,6.3988,0.0913958423562034,6.258,6.467999999999999,73.65640239152381,1.2376667375503494,71.95624780560597,74.90155756261342,51.54399113536313,1.0347602071703814,50.54179338561784,53.01857483805238,97.452,0.2128849454517637,97.2,97.72,33.366,0.1659096139468729,33.138,33.518,0.0,0.0,0,0,51.32552922572303,2.027376883006654,49.131954208804935,54.630518182075015,74.2,5.118593556827889,68,80,52.279999999999994,3.809461904258921,47.2,57.0,49.66,5.920557406190736,42.9,57.3,97.34,0.6913754406977474,96.6,98.0,33.518,0.4254056887254803,33.04,34.13,6.454000000000001,0.380565368892126,5.95,6.93,72.68626130764407,1.178585305691919,70.84803710708931,73.65640239152381,69.72028057662497,0.2924138662142042,69.34192875292156,70.09552502115324,0.2717988042380909,2.0030652822862436,-1.9781239028029771,2.6812507314646723,50.25684836141202,0.0,50.25684836141202,50.25684836141202,2.437371348246941,1.2058833724778146,1.3215133602649731,4.199478985673198,1.3448663646271557,0.6329329989618939,0.625485132787018,2.3381361864866643,48.391617994491966,0.0923533421468149,48.28534356716763,48.49868969279383,540.0,0.0,540.0,540.0,0.375,0.0,0.375,0.375,0.3277777777777778,0.0,0.3277777777777778,0.3277777777777778,0.1925925925925926,0.0,0.1925925925925926,0.1925925925925926,70.2,0.0,70.2,70.2,94.9,0.0,94.9,94.9,0.8,0.4472135954999579,0,1,78.4,4.77493455452533,71.0,83.0,2.205,0.5478366544874484,1.225,2.45,58.34743149170622,0.7021298121033214,57.633083819491425,59.25202033723123,49.86507444970045,0.6826218126813013,49.18465554860307,50.888094850598286,0.0,0.0,0.0,0.0,0.0,0.0,0.0,0.0,0.0,0.0,0.0,0.0,0.0,0.0,0.0,0.0,0.0,0.0,0.0,0.0,52.54,0.68044103344816,51.9,53.6,user_001,5
2024-01-01 08:15:00,6.2,1.4832396974191326,4,8,385.4,9.208691546577072,373,397,6.0132,0.1610751377463323,5.7780000000000005,6.172,71.58273611740232,2.2372287841529706,68.68065824356486,74.7583323580471,52.160525581611616,2.6335132688900753,49.21726088402337,55.40825548357884,97.28,0.2280350850198215,96.96,97.56,33.3928,0.2572531826819622,33.142,33.727999999999994,0.0,0.0,0,0,48.139658169642544,4.0083859849918015,41.891979648357754,51.77421317704789,69.2,3.898717737923586,65,75,50.64,7.867210433184052,42.3,63.2,48.6,14.22480228333596,25.1,62.4,97.36,0.7300684899377619,96.6,98.5,33.282,0.5361156591632108,32.44,33.69,5.7780000000000005,0.3827139924277657,5.35,6.35,72.98946650964861,0.9194116240502176,71.58273611740233,74.03760159434921,70.49046218841701,0.1086553679269567,70.33035001410215,70.60270288344404,-1.1913680587011557,1.0879009963016295,-2.586110786015695,0.1208338209764576,50.25684836141202,0.0,50.25684836141202,50.25684836141202,2.2570708105542865,0.5186760653598234,1.4787326747981304,2.7805308564095537,1.8972349511673812,0.5959862054582825,0.9776158992504528,2.633513268890022,49.11106629282747,0.5453506989595535,48.34422677059302,49.657007757154176,540.0,0.0,540.0,540.0,0.375,0.0,0.375,0.375,0.3277777777777778,0.0,0.3277777777777778,0.3277777777777778,0.1925925925925926,0.0,0.1925925925925926,0.1925925925925926,70.2,0.0,70.2,70.2,94.9,0.0,94.9,94.9,1.2,0.4472135954999579,1,2,75.4,1.3416407864998732,74.0,77.0,2.9400000000000004,1.0956733089748971,2.45,4.9,56.74326846122277,1.378794484459814,55.47674122418798,58.82476030197823,51.78388979885769,0.4265555078793376,51.11734117004514,52.206838333183335,0.0,0.0,0.0,0.0,0.0,0.0,0.0,0.0,0.0,0.0,0.0,0.0,0.0,0.0,0.0,0.0,0.0,0.0,0.0,0.0,53.98,1.1777096416349817,52.0,55.1,user_001,5
2024-01-01 08:20:00,3.4,1.51657508881031,1,5,409.0,5.0,402,414,6.241200000000001,0.1657383480067305,5.974,6.418000000000001,72.46850845990483,1.4972185062693582,71.45377216237658,74.96918144158438,47.59364945930688,3.0656403834992565,43.93313723575616,51.411507256015575,97.296,0.2523489647293993,97.06,97.58,33.568,0.1520328911781934,33.368,33.7,0.0,0.0,0,0,48.16472864785417,2.527398495715052,44.80972112139218,50.7709871650632,73.6,6.693280212272605,65,82,45.48,11.340723081003256,33.0,58.4,48.36,9.573557332569749,34.0,59.5,97.14,0.6655824516917483,96.5,98.1,33.7,0.5913966520026991,32.68,34.17,6.418000000000001,0.5929755475565582,5.65,7.12,71.64569106299899,0.5768101929515635,70.9218240782682,72.46850845990483,71.28587705087521,0.3702818018349069,70.73513525562936,71.62134358958934,0.5657457700475816,2.8423028746342385,-3.3230604805281274,3.5154092792078018,50.25684836141202,0.0,50.25684836141202,50.25684836141202,3.576104839744398,0.4965356375045098,2.7737695672501976,3.990265216664956,2.7304864222993124,0.4457953411963146,2.30461361281203,3.309234704734842,49.12280708382913,0.3171269218385654,48.82332338091468,49.59911628254723,540.0,0.0,540.0,540.0,0.375,0.0,0.375,0.375,0.3277777777777778,0.0,0.3277777777777778,0.3277777777777778,0.1925925925925926,0.0,0.1925925925925926,0.1925925925925926,70.2,0.0,70.2,70.2,94.9,0.0,94.9,94.9,0.6,0.5477225575051661,0,1,75.6,4.219004621945795,69.0,79.0,1.96,0.6709601329438286,1.225,2.45,58.68207080127373,2.669499826818778,54.759472730827646,61.92236842434382,51.41443318621871,0.4199144470061948,50.86593610305309,51.98267253616814,0.0,0.0,0.0,0.0,0.0,0.0,0.0,0.0,0.0,0.0,0.0,0.0,0.0,0.0,0.0,0.0,0.0,0.0,0.0,0.0,52.260000000000005,1.4484474446799929,50.2,54.1,user_001,5
2024-01-01 08:25:00,6.8,1.9235384061671343,4,9,436.2,10.686440005914031,422,448,5.736,0.161511609489844,5.58,5.973999999999999,70.1711616078887,0.6100732628304781,69.55833691668231,71.00625806253518,45.158422974065104,1.0529848169061338,43.78061970089011,46.32209149050411,98.168,0.3183080269173247,97.68,98.54,33.4108,0.1173337121206051,33.278,33.596000000000004,0.0,0.0,0,0,49.79140459560219,3.827662228694778,43.592475676057695,53.55807027112983,69.4,1.6733200530681518,68,72,46.02,4.511319097558941,42.1,51.1,46.92,11.215480373127138,31.9,60.3,98.54,0.4669047011971516,98.0,99.2,33.403999999999996,0.5201249849795716,32.75,33.82,5.58,0.454917574951771,5.12,6.32,71.11893874080644,0.8544761971012933,70.17116160788869,72.37900563993655,71.60033497514955,0.134155168719404,71.38717281838214,71.69837492870639,-0.3855808039443502,0.6804033806024723,-0.7907415370405175,0.8138876944392308,50.25684836141202,0.0,50.25684836141202,50.25684836141202,2.6079429106449146,0.9196990589326612,1.6528995738564605,4.012566953632263,1.605829857238224,0.5997523897186475,1.0181031410247967,2.251895778342335,48.848095308707265,0.0620915407566032,48.80999557670282,48.95641844247984,540.0,0.0,540.0,540.0,0.375,0.0,0.375,0.375,0.3277777777777778,0.0,0.3277777777777778,0.3277777777777778,0.1925925925925926,0.0,0.1925925925925926,0.1925925925925926,70.2,0.0,70.2,70.2,94.9,0.0,94.9,94.9,1.4,0.5477225575051661,1,2,80.0,2.8284271247461916,77.0,83.0,3.4300000000000006,1.3419202658876572,2.45,4.9,62.67150031288104,0.4920990731156456,62.06800646024002,63.19943033737336,50.14414235011999,0.4220670001690966,49.61496018338077,50.65607685185072,0.0,0.0,0.0,0.0,0.0,0.0,0.0,0.0,0.0,0.0,0.0,0.0,0.0,0.0,0.0,0.0,0.0,0.0,0.0,0.0,53.32000000000001,0.6016643582596518,52.5,53.9,user_001,5
2024-01-01 08:30:00,4.4,1.5165750888103102,3,7,462.2,7.049822692805829,452,470,5.767200000000001,0.027003703449712,5.734,5.806,70.43735461503061,0.777762583270765,69.4880965365045,71.14732581070267,50.99024500069993,4.695485813382642,45.4580532003956,57.61146729884357,97.972,0.3910498689425662,97.46,98.42,33.108,0.1236527395572013,32.982,33.244,0.0,0.0,0,0,44.42438249818629,1.1685531064899872,43.13151943059196,45.69727914588793,70.4,2.4083189157584597,67,73,55.6,8.520856764433963,44.2,67.4,44.239999999999995,4.16329196670135,38.0,48.6,97.96,1.0807404868885035,97.1,99.6,32.982,0.5347148772944316,32.45,33.65,5.734,0.610639009562933,5.03,6.37,70.37352279714324,0.1816562229197837,70.11410773859247,70.58404788381887,71.34232120386056,0.0371772576659961,71.30170643779947,71.37891540297743,-0.0186773075153041,0.9228511849158963,-1.3660724023783644,1.1395056419729883,50.25684836141202,0.0,50.25684836141202,50.25684836141202,2.070621132243083,0.6754672117789751,1.2922040890472717,2.993769898691565,2.6411517054141607,1.505487367896898,0.8691158613155309,4.695485813382599,49.14438292131125,0.26720113953332,48.909834517208786,49.57046113920173,540.0,0.0,540.0,540.0,0.375,0.0,0.375,0.375,0.3277777777777778,0.0,0.3277777777777778,0.3277777777777778,0.1925925925925926,0.0,0.1925925925925926,0.1925925925925926,70.2,0.0,70.2,70.2,94.9,0.0,94.9,94.9,0.8,0.4472135954999579,0,1,76.8,2.387467277262663,73.0,79.0,2.205,0.5478366544874484,1.225,2.45,59.7805711058441,2.8161882213081646,55.58905955593882,62.39493732692863,49.13857231135696,0.2990651769308119,48.81347016052193,49.49935595040116,0.0,0.0,0.0,0.0,0.0,0.0,0.0,0.0,0.0,0.0,0.0,0.0,0.0,0.0,0.0,0.0,0.0,0.0,0.0,0.0,54.739999999999995,1.4604793733565682,53.4,56.9,user_001,5
2024-01-01 08:35:00,4.6,1.6733200530681511,3,7,483.8,8.288546314040833,473,493,5.8352,0.2100695123048559,5.65,6.192,71.8666475213209,0.8965153865845951,70.84832489970503,72.82147773320223,52.61155489721151,5.524018158239492,48.37387008372218,60.97431153256238,97.028,0.4189510711288399,96.56,97.64,33.3412,0.1699505810522585,33.144,33.534000000000006,0.0,0.0,0,0,45.63580345655128,5.451634005252297,37.38767962039464,50.89452427573095,73.2,3.834057902536164,67,76,48.92,11.112920408245534,38.4,67.7,47.6,14.904194040604816,25.9,66.7,96.86,1.0922453936730494,95.7,98.6,33.356,0.5188255969013086,32.69,34.07,6.192,0.6363332460275828,5.45,6.93,71.10828283748387,0.4705457895440457,70.62490307668708,71.8666475213209,71.6536938759542,0.099847031481251,71.48757987248715,71.73522068406835,0.6666762393395459,1.5894453523316507,-1.924162449852517,2.1706344878318333,50.25684836141202,0.0,50.25684836141202,50.25684836141202,4.031672824499771,0.4659034846548483,3.3384528724562808,4.464747758667441,4.836712780704081,0.7281669921818488,3.82944860657136,5.524018158239465,50.04895851913015,0.1231725842692198,49.85364075946782,50.16909383964522,540.0,0.0,540.0,540.0,0.375,0.0,0.375,0.375,0.3277777777777778,0.0,0.3277777777777778,0.3277777777777778,0.1925925925925926,0.0,0.1925925925925926,0.1925925925925926,70.2,0.0,70.2,70.2,94.9,0.0,94.9,94.9,0.6,0.5477225575051662,0,1,74.8,3.346640106136302,71.0,79.0,1.96,0.6709601329438285,1.225,2.45,52.238201651156295,1.8384469092029072,50.602299740401705,55.25675913493778,50.816749538718184,0.4275243748216288,50.0990291195985,51.23184404865468,0.0,0.0,0.0,0.0,0.0,0.0,0.0,0.0,0.0,0.0,0.0,0.0,0.0,0.0,0.0,0.0,0.0,0.0,0.0,0.0,54.5,1.1291589790636172,53.2,56.3,user_001,5
2024-01-01 08:40:00,5.2,2.8635642126552705,2,9,510.6,8.848728722251566,498,519,5.5272,0.13293306586399,5.412000000000001,5.7379999999999995,71.02194535260193,0.872813437021399,69.88098515546815,72.14992152754611,51.45699488358341,3.60462285331213,47.64009284685628,56.621720037209855,97.6,0.300998338865857,97.28,97.94,33.482,0.1334840814479382,33.275999999999996,33.61,0.0,0.0,0,0,49.471793047776295,5.516584022972774,41.99467385947583,56.2687922546595,70.2,4.764451699828639,64,75,51.16,12.956002469897877,40.7,73.1,51.54,17.050747784188236,29.9,74.3,97.48,0.7563068160475551,96.5,98.3,33.589999999999996,0.4050308630215707,33.07,34.04,5.438000000000001,0.6641310111717416,4.78,6.53,71.29788086748758,0.1889159381364789,71.02194535260192,71.51109834754726,71.42229713592812,0.1275925447539975,71.25805894569154,71.59809007923012,-0.4109726763009632,1.9622483612297448,-2.9404925777340765,1.706338281510611,50.25684836141202,0.0,50.25684836141202,50.25684836141202,4.6523429517171095,0.3741809992873744,4.200509197899025,5.1437496398757245,3.589238625507031,0.2482497555572826,3.418561524333632,4.012973393043708,50.16713308345198,0.1012580318405254,49.99523213274641,50.26177229867941,540.0,0.0,540.0,540.0,0.375,0.0,0.375,0.375,0.3277777777777778,0.0,0.3277777777777778,0.3277777777777778,0.1925925925925926,0.0,0.1925925925925926,0.1925925925925926,70.2,0.0,70.2,70.2,94.9,0.0,94.9,94.9,0.8,0.8366600265340756,0,2,74.4,2.302172886644269,71.0,76.0,2.45,1.5003124674546968,1.225,4.9,55.94358862053325,0.271345810179362,55.68758602310377,56.38779778926207,52.62424077947742,0.4719390573797334,51.93811682281717,53.046145786695405,0.0,0.0,0.0,0.0,0.0,0.0,0.0,0.0,0.0,0.0,0.0,0.0,0.0,0.0,0.0,0.0,0.0,0.0,0.0,0.0,54.760000000000005,1.4275853739794342,53.1,56.9,user_001,5
2024-01-01 08:45:00,5.0,2.345207879911715,3,8,534.2,8.46758525200662,523,544,5.6128,0.0781357792563682,5.538,5.7299999999999995,68.50247840034264,1.1835002854895695,66.78516193408774,70.01562752626121,47.46857545792045,4.089068438439167,41.906707931936126,52.00298130308272,97.524,0.1614930339054929,97.3,97.74,33.672399999999996,0.156827293542929,33.459999999999994,33.854,0.0,0.0,0,0,54.21834311740264,3.868602823091723,49.866670376266406,59.75001251989912,67.8,4.549725266430932,63,73,48.44,11.56667627281061,36.2,62.0,52.879999999999995,10.745091902817776,44.5,68.3,97.74,0.4335896677735744,97.3,98.3,33.628,0.5562103918482655,33.03,34.29,5.544,0.6968357051701641,4.65,6.35,69.4077867809037,0.8459616053312223,68.50247840034265,70.68129690173461,70.82535051447064,0.1295840863362042,70.73369065593906,71.03870596379437,-0.3512392001713209,1.8896674725709528,-2.5888714505658044,1.738279355304087,50.25684836141202,0.0,50.25684836141202,50.25684836141202,3.4177943441496574,0.6581956720902596,2.5257697442033584,3.917927600445689,3.591823968734657,0.5087941585878578,2.882064269229413,4.089068438439086,49.32346334157941,0.2591991291940848,49.1289576689619,49.77015475516428,540.0,0.0,540.0,540.0,0.375,0.0,0.375,0.375,0.3277777777777778,0.0,0.3277777777777778,0.3277777777777778,0.1925925925925926,0.0,0.1925925925925926,0.1925925925925926,70.2,0.0,70.2,70.2,94.9,0.0,94.9,94.9,0.8,0.8366600265340756,0,2,72.0,1.8708286933869704,70.0,74.0,2.45,1.5003124674546968,1.225,4.9,58.768805859605,0.9634234202084964,57.622934303361944,59.93343613583022,52.82182622129225,0.2817508778315964,52.35908737182112,53.11581602059142,0.2,0.447213595499958,0.0,1.0,0.0,0.0,0.0,0.0,0.0,0.0,0.0,0.0,0.0,0.0,0.0,0.0,0.2,0.447213595499958,0.0,1.0,54.879999999999995,0.4494441010848873,54.3,55.3,user_001,5
2024-01-01 08:50:00,5.4,1.816590212458495,3,7,559.8,8.757853618324544,548,571,5.5296,0.2108193539502486,5.258,5.804,69.33201361650603,1.0637741448763474,68.52057646436361,71.0069455672272,50.003104587051254,2.8008948264123212,47.387008652460786,53.26089273442701,97.42,0.1574801574802399,97.2,97.64,33.2828,0.1488663830419766,33.128,33.438,0.0,0.0,0,0,50.90035794138636,5.10707336211446,44.815775522800514,57.54074238945174,69.2,4.43846820423443,64,75,51.279999999999994,9.581336023749504,37.7,62.0,48.88,16.17519706216898,35.5,76.4,97.2,0.8916277250063526,96.2,98.4,33.296,0.5209894432711666,32.66,33.92,5.494,0.4955098384492482,5.07,6.21,69.38818591353464,0.2259657978420394,69.06831893356176,69.69703063713855,70.4490996562266,0.1956556915708621,70.22193351894846,70.72978843967662,-0.0660068082530131,1.7510422468955062,-2.3356485224090733,1.9965272163863972,50.25684836141202,0.0,50.25684836141202,50.25684836141202,3.4655675921442297,0.6181729187051522,2.7728097827839875,4.30049471177953,2.770871132492549,0.9055611132090924,2.144082953010672,4.3197323011222615,49.35603632481704,0.1483771121682608,49.25771585253192,49.614816300088606,540.0,0.0,540.0,540.0,0.375,0.0,0.375,0.375,0.3277777777777778,0.0,0.3277777777777778,0.3277777777777778,0.1925925925925926,0.0,0.1925925925925926,0.1925925925925926,70.2,0.0,70.2,70.2,94.9,0.0,94.9,94.9,0.8,0.4472135954999579,0,1,76.0,1.5811388300841898,74.0,78.0,2.205,0.5478366544874486,1.225,2.45,55.91647789522599,0.4543420335944823,55.38356190473117,56.36388947040265,51.712322132731536,0.2645819730989096,51.44628146364779,52.0973062750513,0.0,0.0,0.0,0.0,0.0,0.0,0.0,0.0,0.0,0.0,0.0,0.0,0.0,0.0,0.0,0.0,0.0,0.0,0.0,0.0,55.34,0.8294576541331112,54.3,56.5,user_001,5
2024-01-01 08:55:00,4.6,1.8165902124584952,2,7,583.0,7.713624310270756,575,594,6.073600000000001,0.2229860982213915,5.698,6.276000000000001,70.27911290423125,1.1685872472185197,69.191281915367,71.97390307349644,51.9400796164018,1.76904321364768,49.99104054013373,53.960693693422485,97.192,0.2138223561744653,97.0,97.42,33.2816,0.1716240076446177,33.074,33.5,0.0,0.0,0,0,48.324244667178455,3.2295011823225113,45.37367801013357,53.23274578228159,71.2,3.5637059362410928,68,77,52.220000000000006,6.611883241558339,44.3,61.9,48.58,13.366263501816803,29.9,61.4,97.42,1.06395488626163,96.3,98.7,33.144,0.2977918736298872,32.89,33.61,6.064,0.8457127171800126,5.28,7.5,69.50116028490991,0.5271475446835515,69.08800907767069,70.27911290423125,70.17946991357715,0.0410564961867122,70.1398321537625,70.23992540167222,0.4604435478843783,1.4044513320718206,-0.99130102449881,2.5130484632517778,50.25684836141202,0.0,50.25684836141202,50.25684836141202,2.498765807376357,0.3559829411496483,2.153558216216058,3.083381709795622,2.1388960034981546,0.5268123215864883,1.5875907324513174,2.7009963090095903,50.28122289051089,0.3573994516757196,49.81432197783685,50.74509240714473,540.0,0.0,540.0,540.0,0.375,0.0,0.375,0.375,0.3277777777777778,0.0,0.3277777777777778,0.3277777777777778,0.1925925925925926,0.0,0.1925925925925926,0.1925925925925926,70.2,0.0,70.2,70.2,94.9,0.0,94.9,94.9,0.8,0.4472135954999579,0,1,72.4,3.646916505762092,68.0,77.0,2.205,0.5478366544874484,1.225,2.45,54.22975901664356,0.7130033627373344,53.41606576492079,55.35865173492948,52.03498294958523,0.2269984755483229,51.82682261964643,52.41774679386827,0.0,0.0,0.0,0.0,0.0,0.0,0.0,0.0,0.0,0.0,0.0,0.0,0.0,0.0,0.0,0.0,0.0,0.0,0.0,0.0,55.279999999999994,0.917605579756358,53.7,56.0,user_001,5
2024-01-01 09:00:00,5.6,1.6733200530681511,3,7,610.8,8.757853618324544,599,622,6.279999999999999,0.2217385848245632,5.99,6.486,73.7363440861539,1.883130336007668,72.10337868844339,76.71261275041928,46.678529002982955,3.1732051336139566,42.94655677894766,50.90475275263221,97.48,0.1772004514666887,97.3,97.72,33.5212,0.1480648506567282,33.392,33.696,0.0,0.0,0,0,49.43611452407289,2.9195490552441123,46.045974475512416,52.703442569902926,74.2,7.918333157931663,63,82,43.0,12.727922061357855,30.1,60.7,51.52,12.980446833603228,34.6,67.2,97.3,0.6284902544988282,96.6,98.3,33.666,0.7512522878500942,32.72,34.6,6.3740000000000006,0.7202291302078805,5.3,7.32,72.49710752723092,1.160095117511534,71.05274193615416,73.7363440861539,70.5334007019251,0.2020059420370225,70.33772804555926,70.78975698019276,0.2318279569230441,3.2025934559685676,-4.570870916806427,2.6724659836674505,50.25684836141202,0.0,50.25684836141202,50.25684836141202,4.796081683225897,0.4255871981726092,4.211744364762923,5.319257408522848,3.267633062155526,0.5755128221414922,2.8400111489586752,4.264046674755505,50.578781066514466,0.3461776252110362,50.0264730741919,50.86892995873099,540.0,0.0,540.0,540.0,0.375,0.0,0.375,0.375,0.3277777777777778,0.0,0.3277777777777778,0.3277777777777778,0.1925925925925926,0.0,0.1925925925925926,0.1925925925925926,70.2,0.0,70.2,70.2,94.9,0.0,94.9,94.9,0.8,0.4472135954999579,0,1,76.6,1.9493588689617931,74.0,79.0,2.205,0.5478366544874486,1.225,2.45,60.03123355332309,3.163418405074067,56.649662386896765,64.4370094028412,51.929357799631056,0.6705419095758367,50.99205337055641,52.585678801344685,0.2,0.4472135954999579,0.0,1.0,0.0,0.0,0.0,0.0,0.0,0.0,0.0,0.0,0.0,0.0,0.0,0.0,0.2,0.4472135954999579,0.0,1.0,51.6,1.7478558292948518,48.9,53.8,user_001,5
2024-01-01 09:05:00,4.0,1.5811388300841898,2,6,634.4,6.877499545619764,626,642,6.0,0.0833426661440587,5.882,6.078,73.67556794550175,1.1606505447178612,71.76116122240857,74.92923295478774,45.53256349010475,4.866924939454185,38.48296246070323,50.376247457310065,97.524,0.0792464510246358,97.4,97.6,33.3264,0.0475478706147797,33.256,33.372,0.0,0.0,0,0,56.04409738588614,3.505500217871993,51.77658502978145,61.15463407995683,74.4,3.0495901363953823,71,78,43.02,13.448866123209047,30.1,61.6,60.239999999999995,9.03343788377382,48.5,70.5,97.54,0.4219004621945827,97.0,98.0,33.256,0.4603585559105003,32.58,33.82,5.956,0.6633475710364817,5.02,6.76,73.54431045626087,0.1917580051947846,73.31335191825264,73.7050418160684,70.9394053050546,0.1320841962436855,70.79317132012851,71.09124371755625,0.3622160272491271,1.2084953151750952,-0.9764109849292452,2.079612925863813,50.25684836141202,0.0,50.25684836141202,50.25684836141202,4.142341621527786,0.2114251117120479,3.9516534350082,4.4102781308030075,3.4902933497956896,0.8006035300525337,2.9820265969995883,4.86692493945411,49.29393276047379,0.3064508003122259,48.84664117300744,49.67320427168349,540.0,0.0,540.0,540.0,0.375,0.0,0.375,0.375,0.3277777777777778,0.0,0.3277777777777778,0.3277777777777778,0.1925925925925926,0.0,0.1925925925925926,0.1925925925925926,70.2,0.0,70.2,70.2,94.9,0.0,94.9,94.9,0.6,0.5477225575051662,0,1,74.6,2.6076809620810577,71.0,78.0,1.96,0.6709601329438285,1.225,2.45,64.17402017585883,1.001593997148912,62.96893388785477,65.73691656984464,50.03814532485405,0.8937568296346952,48.594398544197354,50.80734394715034,0.0,0.0,0.0,0.0,0.2,0.4472135954999579,0.0,1.0,0.0,0.0,0.0,0.0,0.0,0.0,0.0,0.0,0.2,0.4472135954999579,0.0,1.0,50.82,1.7297398648351752,48.8,53.2,user_001,5
2024-01-01 09:10:00,4.6,2.073644135332772,2,7,654.8,8.105553651663794,644,665,6.2232,0.1539454448822694,6.002000000000001,6.422,75.73834639611546,1.1092373825965878,74.42347643104821,76.61565095403215,45.70815650898499,5.502276111803034,37.78864164046882,52.31257118824076,97.312,0.0944457516249421,97.2,97.42,33.3496,0.1232103891723372,33.178000000000004,33.502,0.0,0.0,0,0,54.08498401789448,7.053198484102143,47.44217403522065,64.86975605330456,76.8,2.588435821108957,74,81,51.239999999999995,10.027611879206336,36.4,58.5,48.6,14.632839779072278,35.9,72.3,97.26,0.7300684899377562,96.0,97.8,33.286,0.5251952018059548,32.42,33.73,6.1899999999999995,0.8173126696681021,5.28,7.38,74.89488861975454,0.6131012881563638,74.25037863033451,75.73834639611546,71.5389065970991,0.253325874816805,71.24971803392638,71.87731055814183,0.5308268019422713,0.9984952953524106,-0.2117382155241074,2.192174522983933,50.25684836141202,0.0,50.25684836141202,50.25684836141202,4.078376955172103,0.3876581815011322,3.540362924794906,4.459577330204369,4.606808691705245,0.8229015518634001,3.2993768146072697,5.502276111802972,47.90058922497323,0.2066090203567969,47.705794915458995,48.218871893116074,540.0,0.0,540.0,540.0,0.375,0.0,0.375,0.375,0.3277777777777778,0.0,0.3277777777777778,0.3277777777777778,0.1925925925925926,0.0,0.1925925925925926,0.1925925925925926,70.2,0.0,70.2,70.2,94.9,0.0,94.9,94.9,0.6,0.5477225575051661,0,1,71.8,1.923538406167134,69.0,74.0,1.96,0.6709601329438285,1.225,2.45,69.95883946161327,1.461741976635036,67.8411364201323,71.77800134553586,46.24707181806378,0.8196654312230455,45.38570804280539,47.45245363315062,0.0,0.0,0.0,0.0,0.2,0.447213595499958,0.0,1.0,0.0,0.0,0.0,0.0,0.0,0.0,0.0,0.0,0.2,0.447213595499958,0.0,1.0,48.66,1.035857133006286,47.6,50.1,user_001,5
2024-01-01 09:15:00,4.0,1.4142135623730951,2,6,677.4,6.066300355241253,669,685,6.2308,0.2237346642789172,6.014,6.609999999999999,74.69723080113454,0.5331367393045687,74.06872769765032,75.40463731971323,51.620827194598846,2.418098404941126,48.37504745882717,54.06050320174364,97.592,0.1559487095169389,97.34,97.74,33.9996,0.1091640966618614,33.852,34.116,0.0,0.0,0,0,47.487487607294746,3.946664879928893,40.673455016983795,50.09027378821353,73.8,1.7888543819998317,73,77,52.32000000000001,10.173101788540208,40.5,63.8,44.78,13.025244719390107,23.5,55.3,97.6,0.4301162633521312,97.0,98.0,34.116,0.2958546940645019,33.79,34.6,6.156000000000001,0.3656227564033728,5.69,6.51,75.41644623799236,0.519306383839838,74.69723080113455,75.9281539538291,72.5403498399472,0.3073209753771169,72.11820703876123,72.90976929160715,-0.4486154005672745,0.8347244238167741,-1.2023186598566156,0.9770907674498944,50.25684836141202,0.0,50.25684836141202,50.25684836141202,3.891985323975612,0.2807208906576257,3.56873644745098,4.248217799942982,2.682316448972545,0.6470857823190987,2.0799180904575363,3.4667479119915168,48.37451655088811,0.2156758705198684,48.00900096260513,48.58054340002077,540.0,0.0,540.0,540.0,0.375,0.0,0.375,0.375,0.3277777777777778,0.0,0.3277777777777778,0.3277777777777778,0.1925925925925926,0.0,0.1925925925925926,0.1925925925925926,70.2,0.0,70.2,70.2,94.9,0.0,94.9,94.9,0.8,0.4472135954999579,0,1,66.6,2.8809720581775857,63.0,70.0,2.205,0.5478366544874486,1.225,2.45,62.11408815416179,2.3450046272182945,59.6146173371403,65.48609073454516,45.90995474723146,0.5656178636492584,45.45797416013275,46.74353524898477,0.0,0.0,0.0,0.0,0.0,0.0,0.0,0.0,0.0,0.0,0.0,0.0,0.0,0.0,0.0,0.0,0.0,0.0,0.0,0.0,52.02,1.1344602240713415,50.1,53.1,user_001,5
2024-01-01 09:20:00,4.4,1.6733200530681511,3,7,698.6,7.503332592921624,688,707,6.4948,0.2147258717527997,6.1339999999999995,6.6579999999999995,77.47206331537573,1.451537547062079,75.24258598448898,78.66337154866177,49.52833938365088,1.7597943026902223,46.93965474261645,51.90700213449576,97.584,0.2237856116911895,97.3,97.82,33.4696,0.1326152329108563,33.33,33.648,0.0,0.0,0,0,46.1537432240059,2.6060907244368434,43.48364543545359,50.488202229770586,79.0,4.472135954999579,73,85,46.68,3.227537761204354,41.8,49.5,48.28,10.517937060089306,35.9,61.1,97.66,0.8648699324175914,96.6,98.6,33.378,0.4966084977122319,32.86,33.97,6.6579999999999995,0.8275989366837052,5.71,7.81,76.13006699430352,1.0963170325260343,74.6648205340897,77.47206331537573,73.66399668674202,0.4748773925265419,73.05095730551587,74.26644424141878,0.7639683423121284,1.8713229060661467,-1.8877905162205904,3.2524713385036677,50.25684836141202,0.0,50.25684836141202,50.25684836141202,2.217042993674725,0.6670294484893396,1.6100616218496169,3.250011473326451,1.8148307339004617,0.1445370445522616,1.6156011900216796,2.0053321482271524,48.614984346893365,0.0895690190480013,48.50141586612071,48.71212379918106,540.0,0.0,540.0,540.0,0.375,0.0,0.375,0.375,0.3277777777777778,0.0,0.3277777777777778,0.3277777777777778,0.1925925925925926,0.0,0.1925925925925926,0.1925925925925926,70.2,0.0,70.2,70.2,94.9,0.0,94.9,94.9,0.6,0.5477225575051662,0,1,64.2,1.4832396974191324,62.0,66.0,1.96,0.6709601329438285,1.225,2.45,61.75648184578442,2.4250270742125477,58.734956172400395,65.22524628632246,46.747996877559395,0.26502181140608,46.46292981486915,47.163886059038425,0.0,0.0,0.0,0.0,0.0,0.0,0.0,0.0,0.0,0.0,0.0,0.0,0.0,0.0,0.0,0.0,0.0,0.0,0.0,0.0,50.04,1.535578067048369,48.3,52.5,user_001,5
2024-01-01 09:25:00,6.0,1.8708286933869709,4,9,726.6,9.449867723941956,713,737,6.144,0.2047828117787233,5.99,6.497999999999999,72.3164857040824,2.5355223583998083,69.83875964213217,76.45581379219608,46.61574839620094,2.5562204831643927,44.7002837521141,51.10063844225672,97.188,0.2802142037798947,96.92,97.64,33.492000000000004,0.0805481222624102,33.414,33.594,0.0,0.0,0,0,53.25654231756455,2.4237086862779633,50.14491761687972,56.897741163057646,69.4,3.7815340802378064,65,73,45.72,9.794488245947312,34.3,61.2,57.61999999999999,8.756540412742924,43.8,65.6,97.06,0.3286335345030962,96.7,97.3,33.47,0.5228288438867902,32.9,34.23,5.99,0.3784838173555117,5.51,6.54,75.10223104451734,2.146362054582118,72.3164857040824,77.71470887691717,74.59750848000992,0.0687510955157678,74.4887406053903,74.6801810098031,-1.458242852041201,1.7679230055812094,-3.8186045973986897,1.053746785955937,50.25684836141202,0.0,50.25684836141202,50.25684836141202,2.507633883998205,1.0462211338210587,1.2802701000469534,3.6067404884388248,2.186366472789898,0.3147681863060961,1.8401124094994104,2.5562204831642417,47.98695541468006,0.2453540967589688,47.61402732942056,48.28205502185825,540.0,0.0,540.0,540.0,0.375,0.0,0.375,0.375,0.3277777777777778,0.0,0.3277777777777778,0.3277777777777778,0.1925925925925926,0.0,0.1925925925925926,0.1925925925925926,70.2,0.0,70.2,70.2,94.9,0.0,94.9,94.9,1.2,0.4472135954999579,1,2,71.8,1.923538406167136,69.0,74.0,2.9400000000000004,1.0956733089748971,2.45,4.9,65.01109135889541,1.7064091206795686,62.91928371401862,66.97312608978052,48.0829016280541,0.3849135565105984,47.58760248587005,48.44876999524679,0.0,0.0,0.0,0.0,0.0,0.0,0.0,0.0,0.0,0.0,0.0,0.0,0.0,0.0,0.0,0.0,0.0,0.0,0.0,0.0,51.52,1.9188538245525653,48.5,52.9,user_001,5
2024-01-01 09:30:00,6.0,1.5811388300841898,4,8,754.2,9.093954035511707,744,767,6.672,0.2525430656343584,6.274,6.95,75.29435202687503,1.7506294568701906,72.26167095205874,76.65662636090049,44.677958636536744,1.867701392969569,42.058080741158335,46.90538716077222,97.736,0.3150872894929301,97.3,98.14,33.518,0.0918041393402263,33.364000000000004,33.588,0.0,0.0,0,0,55.8035775891443,4.1886577503108064,49.6387971901969,60.66516077537176,77.6,3.577708763999663,74,83,45.56,8.321237888679788,34.3,56.6,52.9,10.793748190503614,38.7,68.2,98.14,0.6804410334481591,97.0,98.7,33.588,0.4293250516799603,33.08,34.2,6.95,0.5537598757584371,6.44,7.77,73.20885347088294,1.536543923763984,71.47765713605494,75.29435202687503,74.71613280395192,0.1112418082308591,74.55955980537377,74.86567436484751,1.1528239865624754,1.590231393118707,-0.7424697706753705,3.5794430159804165,50.25684836141202,0.0,50.25684836141202,50.25684836141202,2.883331682516145,0.5811680625550176,1.998749250561915,3.4018699533439234,1.942462131570041,0.8903048981127671,0.7903848783803333,2.9273012059325234,47.32537135776308,0.141791332826787,47.209231735852626,47.564907108502595,540.0,0.0,540.0,540.0,0.375,0.0,0.375,0.375,0.3277777777777778,0.0,0.3277777777777778,0.3277777777777778,0.1925925925925926,0.0,0.1925925925925926,0.1925925925925926,70.2,0.0,70.2,70.2,94.9,0.0,94.9,94.9,1.2,0.4472135954999579,1,2,76.8,3.420526275297414,73.0,82.0,2.9400000000000004,1.095673308974897,2.45,4.9,65.56849646016789,2.708075516912154,62.26318394458616,68.57297630138797,46.99664027064276,0.8725333311692801,45.87624778562648,48.116918424682055,0.0,0.0,0.0,0.0,0.0,0.0,0.0,0.0,0.0,0.0,0.0,0.0,0.0,0.0,0.0,0.0,0.0,0.0,0.0,0.0,49.88,1.2696456198483086,48.7,51.9,user_001,5
2024-01-01 09:35:00,5.6,2.8809720581775866,2,10,782.8,10.686440005914037,769,795,6.4896,0.1584007575739455,6.354,6.68,74.01077886773663,1.4454840153045443,72.43775090726699,75.6296791915589,49.04598632250689,2.764435089115968,45.49042135450498,52.080172071454314,96.864,0.2725435744977269,96.48,97.18,33.7288,0.0881884346158841,33.635999999999996,33.843999999999994,0.0,0.0,0,0,48.79791968252106,4.577520798476129,44.81149546376204,53.99399798389424,73.6,7.300684899377592,64,81,48.48,7.905504411484442,42.2,59.7,50.54,13.421177295602646,36.4,71.0,96.48,0.6457553716385188,95.8,97.5,33.844,0.2786216072023114,33.48,34.22,6.384,0.9059139031938964,5.02,7.24,74.63342926365536,0.5288292846739564,74.01077886773662,75.3295680179167,74.89765260518433,0.0279563557315923,74.86564761116328,74.93180475007827,-0.2053894338683164,2.980350909483146,-4.218875453633501,2.6851604042205395,50.25684836141202,0.0,50.25684836141202,50.25684836141202,3.305558071604119,0.3987736001634688,2.613436704148102,3.5905453744917537,3.3325236748168043,0.7652356746506257,2.350962692744014,4.085787734556594,47.55043847783986,0.2109470230601702,47.307065956675245,47.86616940707988,540.0,0.0,540.0,540.0,0.375,0.0,0.375,0.375,0.3277777777777778,0.0,0.3277777777777778,0.3277777777777778,0.1925925925925926,0.0,0.1925925925925926,0.1925925925925926,70.2,0.0,70.2,70.2,94.9,0.0,94.9,94.9,1.0,0.7071067811865476,0,2,84.2,3.492849839314597,80.0,88.0,2.6950000000000003,1.341920265887657,1.225,4.9,63.7835571568796,2.1559344914285457,61.8110646567168,67.02786033071101,46.34416691402513,0.2276229244781343,45.95518774150744,46.499203333225005,0.0,0.0,0.0,0.0,0.0,0.0,0.0,0.0,0.0,0.0,0.0,0.0,0.0,0.0,0.0,0.0,0.0,0.0,0.0,0.0,51.04,1.217784874269671,49.5,52.2,user_001,5
2024-01-01 09:40:00,4.0,2.345207879911715,2,8,806.2,7.529940238806682,797,815,6.406000000000001,0.1480405349895759,6.220000000000001,6.587999999999999,76.95615194966078,1.7764338416089898,75.0576351962484,79.3589489761104,47.46103523588568,1.2379073104687557,46.16028090300332,49.04018726866888,97.428,0.4583884815306822,96.98,98.12,33.7208,0.0571419285638856,33.64,33.79600000000001,0.0,0.0,0,0,51.17824456724558,0.907215655725485,49.89838656578032,52.319554659508555,78.0,4.847679857416329,73,86,47.76,4.390102504498045,42.9,54.8,49.54,3.7111992670833502,46.3,54.1,97.5,1.0606601717798232,95.7,98.4,33.64,0.4693080012102941,33.25,34.38,6.38,0.5572701319826855,5.74,7.25,75.66185076723033,0.9726603108151288,74.74051924515776,76.95615194966079,75.02547962976364,0.0688295007800645,74.96991745681332,75.12451044414419,0.521924025169605,1.8129075400021308,-1.119649658703466,3.320525511944794,50.25684836141202,0.0,50.25684836141202,50.25684836141202,1.8127361731961995,0.2524662914812502,1.5684152670314102,2.1852122052905263,1.7112984209457658,0.5872985715526771,1.2379073104684912,2.709390904034109,48.27314141820662,0.1173245175220728,48.14522404916436,48.40454402185083,540.0,0.0,540.0,540.0,0.375,0.0,0.375,0.375,0.3277777777777778,0.0,0.3277777777777778,0.3277777777777778,0.1925925925925926,0.0,0.1925925925925926,0.1925925925925926,70.2,0.0,70.2,70.2,94.9,0.0,94.9,94.9,0.6,0.894427190999916,0,2,79.6,2.6076809620810595,78.0,84.0,2.205,1.5972045892746491,1.225,4.9,65.64247276788322,1.2931006303498278,63.933285948913486,67.11453776379395,46.21764741373663,0.3806299510858182,45.72742741144361,46.62512415837291,0.0,0.0,0.0,0.0,0.0,0.0,0.0,0.0,0.0,0.0,0.0,0.0,0.0,0.0,0.0,0.0,0.0,0.0,0.0,0.0,49.34,1.0014988766843445,48.0,50.5,user_001,5
2024-01-01 09:45:00,4.6,1.140175425099138,3,6,828.6,7.300684899377587,820,838,6.236400000000001,0.0707304743374453,6.154,6.324,75.59257968061377,1.3448957251810925,74.25785011587251,77.49286621160462,46.063757726536394,2.5772682918193457,41.79265842267473,48.38898763401209,97.912,0.2179908254950174,97.6,98.18,33.617999999999995,0.0681615727518059,33.534,33.69199999999999,0.0,0.0,0,0,53.69828735041917,6.247678232471911,45.93225771052022,62.45400228459857,74.0,3.4641016151377544,71,79,45.86,10.081567338464788,28.6,53.6,56.5,18.253492816444748,38.0,84.6,97.94,0.6913754406977423,97.0,98.8,33.684,0.284569850827522,33.51,34.19,6.1739999999999995,0.3753398460062556,5.7,6.68,76.74542890761882,0.7540197247842954,75.59257968061377,77.42495642207146,75.24697674136806,0.0334457463760343,75.1941180738739,75.27726955275276,-0.7962898403068834,1.3673497861645705,-1.6650813803565825,1.556612413095607,50.25684836141202,0.0,50.25684836141202,50.25684836141202,2.1400631701973585,1.151676112455795,1.0976217761324043,3.559148146601512,1.5475030343562532,0.9421374149427334,0.7342147470573811,2.577268291819173,47.727804631204165,0.3552141851356591,47.232137616886256,48.12998835215333,540.0,0.0,540.0,540.0,0.375,0.0,0.375,0.375,0.3277777777777778,0.0,0.3277777777777778,0.3277777777777778,0.1925925925925926,0.0,0.1925925925925926,0.1925925925925926,70.2,0.0,70.2,70.2,94.9,0.0,94.9,94.9,0.8,0.4472135954999579,0,1,74.4,2.0736441353327737,71.0,76.0,2.205,0.5478366544874484,1.225,2.45,67.51104161693213,0.3953689387555851,67.104156611275,68.02468665977128,45.96410372237658,0.1861996544257005,45.68319454661464,46.10393216987547,0.0,0.0,0.0,0.0,0.0,0.0,0.0,0.0,0.0,0.0,0.0,0.0,0.0,0.0,0.0,0.0,0.0,0.0,0.0,0.0,50.02,0.9731392500562278,48.7,51.3,user_001,5
2024-01-01 09:50:00,4.2,2.280350850198276,1,7,850.6,7.092249290598853,843,859,6.467999999999999,0.0461952378498046,6.3919999999999995,6.516,75.39902283859934,1.270453304045025,74.00348894038778,77.26029301937416,45.7138281779801,3.3727945446262373,41.49386850349956,49.87930619931103,97.572,0.1460136979875479,97.4,97.76,33.474399999999996,0.1280187486269114,33.263999999999996,33.564,0.0,0.0,0,0,52.109897922688944,3.329018574101436,47.25674141765885,56.42792338301003,76.6,2.7018512172212614,73,80,44.02,8.417065997127501,36.7,53.4,51.92,11.946212788997189,34.9,65.5,97.66,0.559464029227976,97.1,98.5,33.263999999999996,0.3439185950192312,32.73,33.63,6.481999999999999,0.259557315443044,6.14,6.77,74.91742273680578,0.3038382019329099,74.59670208027278,75.39902283859934,75.04486936511843,0.1312097773573425,74.92822851126134,75.24915683826049,0.6004885807003291,0.7856479610263852,-0.5017444701938985,1.36985349031292,50.25684836141202,0.0,50.25684836141202,50.25684836141202,3.4697421851545913,0.5878688023983532,2.6870963570509767,4.1740791064217575,2.9437847808260083,0.3728306870448918,2.455036079712548,3.3727945446261,46.91363408037805,0.2233158100537006,46.596385749274454,47.1128019038013,540.0,0.0,540.0,540.0,0.375,0.0,0.375,0.375,0.3277777777777778,0.0,0.3277777777777778,0.3277777777777778,0.1925925925925926,0.0,0.1925925925925926,0.1925925925925926,70.2,0.0,70.2,70.2,94.9,0.0,94.9,94.9,0.6,0.5477225575051662,0,1,67.8,3.8987177379235862,64.0,74.0,1.96,0.6709601329438285,1.225,2.45,66.22809790949985,0.8154833332466866,65.27895251555938,67.45374155174906,45.333463480387174,0.4425602802348055,44.72945060084232,45.81465248618838,0.0,0.0,0.0,0.0,0.0,0.0,0.0,0.0,0.0,0.0,0.0,0.0,0.0,0.0,0.0,0.0,0.0,0.0,0.0,0.0,49.94,1.648635799684089,47.6,52.0,user_001,5
2024-01-01 09:55:00,5.6,2.701851217221259,2,9,879.0,7.9056941504209375,868,887,6.2928,0.1193532571821986,6.166,6.442,74.48464498286083,1.088807248517441,73.32302084333317,75.84019534624944,48.784537044013845,3.781197710733435,44.79591233566637,54.03252589346496,97.844,0.1558204094462624,97.62,98.04,33.877599999999994,0.1811595981448367,33.684,34.083999999999996,0.0,0.0,0,0,47.92377256595082,4.1438666999846925,42.818491968133024,52.11861558867336,73.4,2.5099800796022245,70,77,53.8,7.726901060580496,42.0,61.3,42.48,8.070749655391376,31.0,53.3,98.04,0.971081870904818,96.8,99.3,34.083999999999996,0.1199166377113708,33.98,34.29,6.1659999999999995,0.1594678651014051,5.95,6.33,75.32575114229542,0.570251055014807,74.48464498286083,75.91067681715526,75.08212271474811,0.1495683230442828,74.90770789639645,75.28958839105773,-0.5423224914304086,1.1711301733358408,-1.7422656324998798,1.2256597188889486,50.25684836141202,0.0,50.25684836141202,50.25684836141202,3.070352555524403,0.3555060061108269,2.5744227570807343,3.4575012191421632,3.062205699232085,0.6330414397974858,2.3981888856002396,3.781197710733369,46.652080756812474,0.1859780160201178,46.460163678797365,46.95785052390995,540.0,0.0,540.0,540.0,0.375,0.0,0.375,0.375,0.3277777777777778,0.0,0.3277777777777778,0.3277777777777778,0.1925925925925926,0.0,0.1925925925925926,0.1925925925925926,70.2,0.0,70.2,70.2,94.9,0.0,94.9,94.9,1.0,0.7071067811865476,0,2,72.8,1.3038404810405289,71.0,74.0,2.6950000000000003,1.3419202658876572,1.225,4.9,67.13530800270237,2.684297300796824,62.762186836443504,69.27045983717545,44.91024024663627,0.4850659602869917,44.56930824403418,45.70525596007744,0.0,0.0,0.0,0.0,0.0,0.0,0.0,0.0,0.0,0.0,0.0,0.0,0.0,0.0,0.0,0.0,0.0,0.0,0.0,0.0,51.32000000000001,1.657407614318217,49.2,53.2,user_001,5
2024-01-01 10:00:00,5.4,2.302172886644267,3,9,901.6,9.181503144910412,892,914,6.8872,0.1491482483973576,6.636,7.008,77.88275160268127,1.9150947471663835,75.4660802498765,79.84180155551896,45.90734644201005,5.562672441795588,39.514159788439834,51.747789285984425,97.232,0.1682854717436994,97.08,97.52,33.3988,0.2463517809962037,33.074,33.702000000000005,0.0,0.0,0,0,54.73522930909642,4.852913467165116,48.47899464542201,59.23041869539201,80.0,4.183300132670376,73,84,40.1,9.513937145051989,28.6,51.8,61.3,4.401136216933076,55.6,66.8,97.08,0.6942621983083959,96.3,97.9,33.234,0.570771407833293,32.53,33.88,6.914,0.6235623465219817,6.24,7.59,75.92075735207183,1.4046097960688009,74.65642998857388,77.88275160268127,75.53410669494625,0.1289420302817727,75.42500224787752,75.72098832035877,1.0586241986593676,1.5636376187683385,-1.233040124938242,2.1779732500411626,50.25684836141202,0.0,50.25684836141202,50.25684836141202,3.703053271326463,0.5838673709328396,2.965131693522825,4.460924445582481,4.134368399130693,1.172124991017644,2.9695115304703235,5.562672441795509,47.32404081296845,0.1340312766134944,47.16274849148883,47.45719282544145,540.0,0.0,540.0,540.0,0.375,0.0,0.375,0.375,0.3277777777777778,0.0,0.3277777777777778,0.3277777777777778,0.1925925925925926,0.0,0.1925925925925926,0.1925925925925926,70.2,0.0,70.2,70.2,94.9,0.0,94.9,94.9,1.0,0.7071067811865476,0,2,73.0,2.4494897427831783,70.0,76.0,2.6950000000000003,1.341920265887657,1.225,4.9,63.79726592711162,3.9409545964516193,60.4594416274233,70.00874757260016,45.8389107363164,0.440401300145734,45.14167850543908,46.34151753272098,0.0,0.0,0.0,0.0,0.2,0.4472135954999579,0.0,1.0,0.0,0.0,0.0,0.0,0.0,0.0,0.0,0.0,0.2,0.4472135954999579,0.0,1.0,48.66,2.893613657695163,45.2,51.8,user_001,5
2024-01-01 10:05:00,5.2,2.16794833886788,2,8,932.0,7.516648189186443,922,940,6.2888,0.1897609021900982,6.084,6.574,78.04217305055884,3.0463107446609183,74.10455339368276,82.22786770367931,45.67487689771326,5.231848065421495,37.942773192293224,50.69045131623503,97.06,0.18654758106178,96.88,97.32,33.4416,0.1049704720385669,33.284000000000006,33.541999999999994,0.0,0.0,0,0,56.672211267041504,2.846430129996525,52.99983579168238,60.586945796928006,77.2,8.25832912882503,69,87,49.64,9.238398129546056,34.8,57.3,55.620000000000005,7.389654931050568,48.5,63.8,96.88,0.5263078946776322,96.0,97.4,33.424,0.9106206674570952,32.33,34.72,6.372,1.11790876193006,4.97,7.87,78.97623142084896,0.7390055550608663,78.04217305055884,79.79233404563612,76.25790705447852,0.1300681063824081,76.04732554690584,76.39288735082914,-0.4210865252794235,3.1635760222181637,-2.828415045262062,3.631815535439074,50.25684836141202,0.0,50.25684836141202,50.25684836141202,3.7605439190998458,0.4099209578964913,3.421042892348177,4.431409610881621,4.423670140763177,1.2758520028324043,2.550895809381739,5.371906765728196,46.51140729498624,0.1497779719511429,46.347851404885574,46.721832327659214,540.0,0.0,540.0,540.0,0.375,0.0,0.375,0.375,0.3277777777777778,0.0,0.3277777777777778,0.3277777777777778,0.1925925925925926,0.0,0.1925925925925926,0.1925925925925926,70.2,0.0,70.2,70.2,94.9,0.0,94.9,94.9,1.0,0.7071067811865476,0,2,81.4,1.516575088810311,79.0,83.0,2.6950000000000003,1.3419202658876572,1.225,4.9,74.47578411474646,2.7877648229406526,70.46510041401967,77.54640134789527,43.94304917926142,0.4524508586181406,43.45873196134587,44.5363066693129,0.2,0.447213595499958,0.0,1.0,0.2,0.447213595499958,0.0,1.0,0.0,0.0,0.0,0.0,0.0,0.0,0.0,0.0,0.4,0.894427190999916,0.0,2.0,46.8,3.0033314835362424,42.7,50.2,user_001,5
2024-01-01 10:10:00,4.2,2.16794833886788,2,7,954.8,5.718391382198336,946,961,6.464800000000001,0.0448017856786976,6.404000000000001,6.518000000000001,78.54300221241928,1.6275586443741692,76.3182950971105,80.87886339807366,44.093810949493104,3.635009373212585,40.207990383453826,49.91797836277112,97.8,0.1009950493836226,97.72,97.92,33.4536,0.2171423496234621,33.184000000000005,33.668,0.0,0.0,0,0,53.50950930265567,1.9543505677119424,50.566593685192174,55.86417590672361,79.8,6.610597552415364,72,90,42.12,9.24104972392206,31.0,50.9,52.42,8.547923724507607,38.5,59.0,97.9,0.8631338250816013,97.0,99.3,33.45399999999999,0.3931666313409635,33.08,34.02,6.498,0.492310877393543,6.03,7.24,77.67966833525583,0.5639613434705643,77.10763246691504,78.54300221241928,76.59420998248277,0.0751618307358009,76.48414712277498,76.67073205456664,0.6284988937903648,2.5053519579067065,-2.1591475485552394,4.560568300963169,50.25684836141202,0.0,50.25684836141202,50.25684836141202,3.529842849645051,0.1734297333392135,3.385670725233967,3.8050190566041984,3.717956599819837,0.7675692836580484,2.8448210194418717,4.619853957836152,46.33914828575951,0.2927724257116659,46.03969287295779,46.726153502682145,540.0,0.0,540.0,540.0,0.375,0.0,0.375,0.375,0.3277777777777778,0.0,0.3277777777777778,0.3277777777777778,0.1925925925925926,0.0,0.1925925925925926,0.1925925925925926,70.2,0.0,70.2,70.2,94.9,0.0,94.9,94.9,0.4,0.5477225575051661,0,1,75.8,2.588435821108955,73.0,79.0,1.7150000000000003,0.6709601329438286,1.225,2.45,69.13976761233155,2.7852069186622974,66.3943685077082,72.9144011043633,43.58455470042596,1.0349119075201243,42.132537202031855,44.72854160508825,0.0,0.0,0.0,0.0,0.0,0.0,0.0,0.0,0.0,0.0,0.0,0.0,0.0,0.0,0.0,0.0,0.0,0.0,0.0,0.0,47.739999999999995,1.2541929676090544,45.9,49.1,user_001,5
2024-01-01 10:15:00,4.4,2.8809720581775866,1,8,972.8,7.854934754662202,962,983,6.5568,0.1140052630364054,6.364,6.659999999999999,79.71101263702641,0.2730530175069345,79.2794948435883,79.91924226538244,39.53934959005671,2.946331563489121,35.494066195282166,43.69496011361595,97.584,0.1219836054558096,97.4,97.74,33.4724,0.1269204475252058,33.274,33.577999999999996,0.0,0.0,0,0,62.701499167427905,3.279349818398139,56.850744847432715,64.53355402886895,79.2,1.3038404810405295,78,81,35.94,5.05301889962822,29.1,42.1,66.76,6.372440662728842,62.8,78.0,97.62,0.9038805230781368,96.6,98.8,33.554,0.519884602580227,32.94,34.14,6.5680000000000005,0.5143150785267725,5.89,7.05,79.33279583015715,0.5013997482576595,78.76200147494617,79.96651895553961,77.02543780290583,0.2424361333151408,76.73824159641481,77.34376788735766,-0.2555063185132041,0.5969584170705027,-0.9596211326912254,0.5735017188038967,50.25684836141202,0.0,50.25684836141202,50.25684836141202,2.4899169395921525,0.6101626841520598,1.9805193375902057,3.498338084792211,2.26348114770153,0.5008353152514055,1.6842013893010737,2.9463315634888025,45.44829387576531,0.3689921788017281,44.95229151687784,45.91201747086075,540.0,0.0,540.0,540.0,0.375,0.0,0.375,0.375,0.3277777777777778,0.0,0.3277777777777778,0.3277777777777778,0.1925925925925926,0.0,0.1925925925925926,0.1925925925925926,70.2,0.0,70.2,70.2,94.9,0.0,94.9,94.9,0.8,0.8366600265340756,0,2,71.2,2.683281572999749,69.0,75.0,2.45,1.5003124674546968,1.225,4.9,76.794464404666,1.9639944203040949,74.64589271425942,79.66179760281837,40.37379046901916,0.695741981299377,39.6951095620295,41.47698877428867,0.0,0.0,0.0,0.0,0.0,0.0,0.0,0.0,0.0,0.0,0.0,0.0,0.0,0.0,0.0,0.0,0.0,0.0,0.0,0.0,44.72,0.8288546314040848,43.6,45.8,user_001,5
2024-01-01 10:20:00,5.4,1.3416407864998738,4,7,1000.0,8.24621125123533,990,1010,6.626399999999999,0.1239064162987537,6.414,6.723999999999999,80.58252018265368,2.360436195469432,77.73422120367177,83.14503134887345,42.50411188017208,6.369675893106164,36.43378649485197,50.76402942012541,98.048,0.1889973544788431,97.78,98.2,33.4516,0.191140785809831,33.202000000000005,33.730000000000004,0.0,0.0,0,0,62.14818096031972,9.746391751244786,49.487719712257466,71.62787542766999,82.0,5.147815070493501,74,87,42.88,20.411687828300728,24.1,70.0,64.88,26.259893373736304,36.9,92.4,97.78,0.9884331034521212,96.7,99.1,33.388,0.6995855916183525,32.27,34.13,6.723999999999999,0.5869667792984541,6.0,7.33,79.6513969817491,0.5923385988686757,79.11600561645619,80.58252018265368,77.81443351039637,0.304572292284276,77.451400813794,78.2076841113667,0.7087399086731608,1.6768369975927653,-1.8671106018358756,2.83683973251739,50.25684836141202,0.0,50.25684836141202,50.25684836141202,6.503129193771835,0.8312584090583057,5.593090432489196,7.282104932355419,5.934272343580514,0.9767997474455038,4.209431144241978,6.603149992714895,44.73731441985386,0.2275861124292935,44.41733880057651,44.94435178527904,540.0,0.0,540.0,540.0,0.375,0.0,0.375,0.375,0.3277777777777778,0.0,0.3277777777777778,0.3277777777777778,0.1925925925925926,0.0,0.1925925925925926,0.1925925925925926,70.2,0.0,70.2,70.2,94.9,0.0,94.9,94.9,1.0,0.0,1,1,68.0,1.224744871391589,67.0,70.0,2.45,0.0,2.45,2.45,76.6309659024819,1.179697555018725,75.4749355298942,78.38342161614281,39.849564824677095,1.179627950880736,38.1157787326099,41.01673033758434,0.0,0.0,0.0,0.0,0.0,0.0,0.0,0.0,0.0,0.0,0.0,0.0,0.0,0.0,0.0,0.0,0.0,0.0,0.0,0.0,45.4,2.656124997058688,42.7,48.7,user_001,5
2024-01-01 10:25:00,5.4,2.302172886644268,2,8,1027.2,9.121403400793088,1015,1037,6.3232,0.1785082631140641,6.126,6.552,78.65613434504083,1.246050373809256,77.63556484411065,80.43002089924896,43.5745332517099,4.881000349378964,35.15585766323465,47.403905108823096,97.616,0.3244687966507764,97.1,97.9,33.62,0.2367065694060936,33.263999999999996,33.908,0.0,0.0,0,0,63.35720901535073,4.056383345997021,59.36334162010469,69.00127796785331,77.2,3.768288736283354,73,83,46.72,15.425854919582257,32.6,71.9,60.98,15.310845829019376,40.4,76.0,97.8,1.1979148550711018,96.7,99.4,33.730000000000004,0.6076594440967716,32.98,34.47,6.1579999999999995,0.355485583392632,5.87,6.58,80.09055433504516,1.061579861017961,78.65613434504083,81.12168012176913,78.60856737585466,0.2178191761243446,78.36067829646669,78.90293233839672,-0.7280671725204086,1.8724860523281452,-2.7150104496244865,1.7476522568642991,50.25684836141202,0.0,50.25684836141202,50.25684836141202,5.970848258598915,0.8127655732746368,4.985220790841413,7.212199175721498,5.571316160798338,0.6191875420981218,4.88100034937885,6.482138256710186,43.92466691948693,0.2274127388019825,43.54900483519251,44.096003644828784,540.0,0.0,540.0,540.0,0.375,0.0,0.375,0.375,0.3277777777777778,0.0,0.3277777777777778,0.3277777777777778,0.1925925925925926,0.0,0.1925925925925926,0.1925925925925926,70.2,0.0,70.2,70.2,94.9,0.0,94.9,94.9,1.0,0.7071067811865476,0,2,72.4,3.847076812334267,69.0,77.0,2.6950000000000003,1.341920265887657,1.225,4.9,78.30099947505556,3.195769940582268,73.66122890840172,81.21377978261343,37.586857924570914,0.3504953582795923,37.10381702730271,37.92508477603247,0.0,0.0,0.0,0.0,0.0,0.0,0.0,0.0,0.0,0.0,0.0,0.0,0.0,0.0,0.0,0.0,0.0,0.0,0.0,0.0,46.12,1.7137677789012111,43.2,47.4,user_001,5
2024-01-01 10:30:00,5.8,1.4832396974191324,4,8,1055.2,8.757853618324518,1043,1066,6.1168,0.136510805433123,5.898000000000001,6.238,77.20903826765968,1.4932282597221709,75.48209981712215,79.00208688278728,48.282489975533814,5.10558918445438,42.064968910384806,56.14122842674268,97.504,0.162726764854458,97.26,97.7,33.2476,0.0761892380851766,33.146,33.342,0.0,0.0,0,0,56.90580530243301,6.971588465377591,46.54438115732057,63.137286405956935,75.6,6.06630035524124,69,85,53.02,12.719748425185148,37.6,72.2,49.56,12.427912133580604,31.8,63.2,97.52,0.8167006795638124,96.4,98.5,33.242,0.3999624982420231,32.66,33.72,6.134,0.7423476274630371,5.43,7.21,77.81883843095245,0.3637032671945338,77.20903826765968,78.12033610223432,78.92491422233476,0.0930516992340636,78.79064678255979,79.02062192742618,-0.8045191338298509,2.383834606935179,-3.501565162090472,2.998956558606352,50.25684836141202,0.0,50.25684836141202,50.25684836141202,3.668140098193597,1.4083705037082426,2.6091970504043935,5.851044800299944,2.848496115765313,1.3152553526888324,1.800684134124696,5.105589184454352,43.36299043109842,0.3471897399119777,43.048076223048525,43.944862090779814,540.0,0.0,540.0,540.0,0.375,0.0,0.375,0.375,0.3277777777777778,0.0,0.3277777777777778,0.3277777777777778,0.1925925925925926,0.0,0.1925925925925926,0.1925925925925926,70.2,0.0,70.2,70.2,94.9,0.0,94.9,94.9,1.2,0.4472135954999579,1,2,82.4,1.3416407864998734,81.0,84.0,2.9400000000000004,1.0956733089748971,2.45,4.9,69.94962521479387,2.035318038878721,66.41753182041181,71.49898655229785,39.298933254199504,1.2902049265893545,37.99701253959127,41.26978904967902,0.0,0.0,0.0,0.0,0.0,0.0,0.0,0.0,0.0,0.0,0.0,0.0,0.0,0.0,0.0,0.0,0.0,0.0,0.0,0.0,49.14,2.023116407921205,47.2,52.5,user_001,5
2024-01-01 10:35:00,5.6,3.286335345030997,1,10,1083.4,8.734987120768965,1071,1094,6.0068,0.1724911591937398,5.808,6.232,74.96003796117328,1.5480087486206957,73.32139987808144,76.80951105692507,54.475389626407754,2.848949590970484,50.0405459674412,57.952754360723326,97.488,0.0954986910905089,97.38,97.58,33.5268,0.0489816292093266,33.474000000000004,33.596000000000004,0.0,0.0,0,0,45.086443496616695,6.5830416097049484,39.076112935502394,53.76416940325359,74.2,5.540758070878027,69,82,55.2,10.419452960688483,40.8,65.8,42.379999999999995,20.952016609386312,9.7,60.7,97.4,0.5147815070493456,96.8,98.1,33.512,0.2434543078279785,33.32,33.92,5.95,0.3021588985947626,5.5,6.24,75.77960012259456,0.6663336539826864,74.96003796117328,76.67269217843979,78.39214233929238,0.0777777396775473,78.27695760099553,78.49376452170652,-0.3800189805866466,2.1263983478175135,-2.160699939040711,2.892866707306183,50.25684836141202,0.0,50.25684836141202,50.25684836141202,4.365431720320002,0.5077574934749095,3.586015210538958,4.823953643776483,3.3448248530959845,0.7527713171973197,2.3713225876559574,4.317481567924937,44.9566324847537,0.3507700577843287,44.502130282742094,45.41161421222889,540.0,0.0,540.0,540.0,0.375,0.0,0.375,0.375,0.3277777777777778,0.0,0.3277777777777778,0.3277777777777778,0.1925925925925926,0.0,0.1925925925925926,0.1925925925925926,70.2,0.0,70.2,70.2,94.9,0.0,94.9,94.9,1.0,0.7071067811865476,0,2,83.4,2.302172886644267,81.0,87.0,2.6950000000000003,1.341920265887657,1.225,4.9,59.474914533561694,2.6359001714925356,56.50156792753584,62.80846060013388,43.58434377045724,1.8651965342295949,41.9558066656545,46.34224365713137,0.0,0.0,0.0,0.0,0.0,0.0,0.0,0.0,0.0,0.0,0.0,0.0,0.0,0.0,0.0,0.0,0.0,0.0,0.0,0.0,53.44,1.519210321186636,51.5,55.5,user_001,5
2024-01-01 10:40:00,4.8,2.04939015319192,3,7,1108.8,7.0498226928058365,1101,1118,6.199199999999999,0.1677056945962183,5.9239999999999995,6.332,76.098441212994,1.6846640365331416,74.38800327612594,78.25866885075062,44.364001926111314,6.205645847757998,37.771186477251355,54.23516957381555,97.6,0.0989949493661139,97.44,97.68,33.418400000000005,0.0821389067373084,33.344,33.522,0.0,0.0,0,0,56.28578679790837,6.477627358926381,46.98551494385256,63.09356219726781,76.8,5.761944116355172,70,86,38.72,17.12562407621982,14.1,59.8,62.4,19.502179365394017,37.3,91.4,97.68,0.9311283477587862,96.8,99.0,33.37,0.449054562386355,32.76,33.93,6.308,0.5251380770806857,5.42,6.73,75.6646386992717,0.3340866769897813,75.1733586407822,76.098441212994,78.05630406662836,0.108901155349168,77.869530767758,78.13049967451654,0.3507793935029951,2.342711546258444,-2.501926411277921,3.870665574624681,50.25684836141202,0.0,50.25684836141202,50.25684836141202,6.361562246267519,1.4098107179765271,3.896828194404837,7.330174505204199,6.6947866381775665,2.4740478830438235,2.8483829293244787,9.0749733195371,45.46732060155879,0.061703815579227,45.38245359374684,45.555520585930374,540.0,0.0,540.0,540.0,0.375,0.0,0.375,0.375,0.3277777777777778,0.0,0.3277777777777778,0.3277777777777778,0.1925925925925926,0.0,0.1925925925925926,0.1925925925925926,70.2,0.0,70.2,70.2,94.9,0.0,94.9,94.9,0.6,0.5477225575051661,0,1,81.6,2.7018512172212605,79.0,86.0,1.96,0.6709601329438285,1.225,2.45,63.2214522292693,5.174657518686648,56.84248271350448,69.84974309861295,47.27458234422511,0.3520847510238086,46.97055788736937,47.82813124194706,0.0,0.0,0.0,0.0,0.0,0.0,0.0,0.0,0.0,0.0,0.0,0.0,0.0,0.0,0.0,0.0,0.0,0.0,0.0,0.0,50.1,2.5288337232803597,47.8,54.3,user_001,5
2024-01-01 10:45:00,5.8,1.3038404810405295,5,8,1135.0,9.669539802906858,1123,1147,6.0732,0.3371931197400087,5.768,6.616,74.3174902008881,1.87287367469542,71.70484528075728,76.54217637948365,48.00834593265664,2.5841533013827753,45.79516636363004,51.2301109090867,97.272,0.246819772303598,97.06,97.56,33.705200000000005,0.1283791260291185,33.562,33.902,0.0,0.0,0,0,53.50882789108258,4.702949469896185,45.328357964892405,57.31260353995217,74.8,6.379655163094633,64,81,48.940000000000005,8.54242354370234,38.6,62.1,53.739999999999995,17.246101008633808,26.9,73.5,97.14,0.7668115805072366,96.2,98.0,33.902,0.3749933332740721,33.44,34.48,5.843999999999999,0.8088448553338272,4.69,6.69,74.79238040484236,0.9349256446400148,74.07623530133215,76.332294141996,77.29956816240922,0.3046538669896222,76.97061036173494,77.72413162294977,0.2412548995559518,2.4183603695282065,-3.852422640378649,2.2289118102581824,50.25684836141202,0.0,50.25684836141202,50.25684836141202,4.411275024587878,1.582144733166786,3.148966551486348,7.04058608647676,3.438609948831543,0.8271772235540445,2.5841533013827336,4.8151774626036,46.211400243826674,0.5223756843120267,45.52665291666573,46.86814543209858,540.0,0.0,540.0,540.0,0.375,0.0,0.375,0.375,0.3277777777777778,0.0,0.3277777777777778,0.3277777777777778,0.1925925925925926,0.0,0.1925925925925926,0.1925925925925926,70.2,0.0,70.2,70.2,94.9,0.0,94.9,94.9,1.2,0.4472135954999579,1,2,79.8,1.643167672515499,77.0,81.0,2.9400000000000004,1.0956733089748971,2.45,4.9,66.37161931017138,3.7338228948757064,63.50132223694825,72.12723403468473,48.00239594888332,0.4260134746531566,47.42488230439191,48.41111459298097,0.0,0.0,0.0,0.0,0.0,0.0,0.0,0.0,0.0,0.0,0.0,0.0,0.0,0.0,0.0,0.0,0.0,0.0,0.0,0.0,51.18,1.718138527593161,49.4,53.4,user_001,5
2024-01-01 10:50:00,5.4,1.5165750888103102,3,7,1165.0,8.12403840463596,1154,1174,6.7144,0.1315401079519097,6.55,6.892,79.7109452116396,1.7518421345305124,76.89722002557701,81.26481335038467,42.91690152199594,2.0532801302838983,40.59166954483066,45.781256475868986,97.448,0.2368966019173745,97.2,97.68,33.5592,0.0714506822920553,33.464,33.624,0.0,0.0,0,0,58.1606686934759,2.0109549250981327,55.06009593941757,60.690143909126355,81.6,7.503332592921629,72,90,41.260000000000005,4.718898176481455,33.4,45.0,59.32000000000001,9.148059903607978,43.8,65.5,97.68,0.3898717737923619,97.1,98.1,33.464,0.5471105921109606,32.9,34.29,6.892,0.8849689260081395,5.8,8.09,77.80261799569942,1.73304251026462,75.2116601339254,79.71094521163958,76.99143833140093,0.1288661557940257,76.82534786656592,77.1313823829933,0.9445273941802044,3.022526922937973,-2.4486100127885067,4.3675933248076575,50.25684836141202,0.0,50.25684836141202,50.25684836141202,2.245449761631447,0.5097162318742853,1.8757230514315717,3.030531659634637,2.3540379504913607,0.1980514097037931,2.0532801302836554,2.587137321779208,46.737814023878414,0.1535178693957058,46.56562333790576,46.93694370573589,540.0,0.0,540.0,540.0,0.375,0.0,0.375,0.375,0.3277777777777778,0.0,0.3277777777777778,0.3277777777777778,0.1925925925925926,0.0,0.1925925925925926,0.1925925925925926,70.2,0.0,70.2,70.2,94.9,0.0,94.9,94.9,0.8,0.4472135954999579,0,1,81.6,2.0736441353327715,79.0,84.0,2.205,0.5478366544874484,1.225,2.45,70.78649415630568,4.424301507312384,64.50764612617677,75.62952098554531,45.13725784566178,1.5450866793211524,42.983286227574254,46.8625088496099,0.0,0.0,0.0,0.0,0.0,0.0,0.0,0.0,0.0,0.0,0.0,0.0,0.0,0.0,0.0,0.0,0.0,0.0,0.0,0.0,46.54,1.3145341380124018,44.5,47.7,user_001,5
2024-01-01 10:55:00,5.4,1.6733200530681511,4,8,1189.4,9.20869154657707,1178,1201,6.466799999999999,0.1645636654915049,6.292,6.6579999999999995,78.9265442254011,0.8851119139938921,77.94845278688193,80.17654223358979,38.10420102347272,1.6927419110602666,35.178692525197754,39.51912835013184,97.532,0.4141497313774307,97.12,98.16,33.6044,0.1003135085619076,33.510000000000005,33.774,0.0,0.0,0,0,62.33012921066349,2.1153437596580966,59.214740932952985,64.59337597307449,77.6,0.547722557505166,77,78,37.1,7.695453203028399,28.0,48.2,62.6,10.301213520745993,49.9,76.7,97.38,1.1755849607748527,95.6,98.9,33.55800000000001,0.4506883623969022,33.21,34.31,6.394,0.506833305930066,5.95,7.24,79.39376039449539,0.3122687040859987,78.9265442254011,79.74063014109306,76.87530600797598,0.0397800418547138,76.81689857771062,76.9222909366056,-0.6632721127005482,0.3347068320097313,-1.0882711167948855,-0.2113395901614438,50.25684836141202,0.0,50.25684836141202,50.25684836141202,2.2776933839090416,0.46697070995548,1.6202051796549286,2.9284498667263095,1.9517980344383168,0.2927841632028912,1.6927419110597663,2.429400982516299,46.51602214854915,0.4188093733893623,46.02522166769636,47.056851359379486,540.0,0.0,540.0,540.0,0.375,0.0,0.375,0.375,0.3277777777777778,0.0,0.3277777777777778,0.3277777777777778,0.1925925925925926,0.0,0.1925925925925926,0.1925925925925926,70.2,0.0,70.2,70.2,94.9,0.0,94.9,94.9,1.2,0.4472135954999579,1,2,80.6,2.3021728866442697,77.0,83.0,2.9400000000000004,1.095673308974897,2.45,4.9,79.10807830179003,1.4224980617821343,77.34089773860981,80.63974477587105,41.17969136233686,0.5955490988274319,40.35599578966709,41.73780958904696,0.0,0.0,0.0,0.0,0.0,0.0,0.0,0.0,0.0,0.0,0.0,0.0,0.0,0.0,0.0,0.0,0.0,0.0,0.0,0.0,44.78,0.8197560612767669,44.0,46.1,user_001,5
2024-01-01 11:00:00,5.0,2.23606797749979,2,8,1216.8,7.429670248402676,1206,1226,6.3804,0.0919391102850136,6.2780000000000005,6.494,77.03230212021742,0.4576810504342646,76.36769748633836,77.57731934426131,42.86977132819394,2.5871234649956945,39.21307506670573,46.49470002964699,98.196,0.1244186481199649,98.04,98.34,33.498000000000005,0.1888438508397868,33.212,33.69,0.0,0.0,0,0,55.87993471086927,5.830145841837605,48.06490415577982,60.871034350504594,76.4,1.516575088810311,75,79,45.66,8.465695482357017,32.6,53.0,51.42,13.823603003558803,32.0,62.6,98.3,0.484767985741628,97.8,99.1,33.412,0.6161736768152303,32.5,34.21,6.306,0.6430629829184695,5.23,6.83,77.63769684207347,0.4994437611440556,77.03230212021742,78.35102948360073,76.84511574316282,0.0407176870434841,76.81144023307837,76.91361078663954,-0.3161510601087144,0.5830188227924697,-0.6838487431691789,0.7113403278693511,50.25684836141202,0.0,50.25684836141202,50.25684836141202,3.14114086995451,0.1995612175510688,2.9448579192256936,3.3889888207240157,2.7071845359324476,0.4858654857435821,1.944724371031051,3.137506102819278,45.630181243155995,0.3730097902007981,45.12310189313971,46.052370000686466,540.0,0.0,540.0,540.0,0.375,0.0,0.375,0.375,0.3277777777777778,0.0,0.3277777777777778,0.3277777777777778,0.1925925925925926,0.0,0.1925925925925926,0.1925925925925926,70.2,0.0,70.2,70.2,94.9,0.0,94.9,94.9,1.0,0.7071067811865476,0,2,81.8,2.949576240750526,79.0,86.0,2.6950000000000003,1.3419202658876572,1.225,4.9,76.09166252983145,2.417062817933331,72.6811153623686,78.86437758737134,38.800455206404415,0.8756257457561706,38.08268462214591,40.09220085287927,0.0,0.0,0.0,0.0,0.0,0.0,0.0,0.0,0.0,0.0,0.0,0.0,0.0,0.0,0.0,0.0,0.0,0.0,0.0,0.0,48.06,1.0358571330062845,46.9,49.7,user_001,5
2024-01-01 11:05:00,6.0,2.549509756796392,3,9,1241.2,10.54514106117126,1229,1256,6.4756,0.1798187976825558,6.256,6.7219999999999995,78.1137187977241,1.7999003662735351,75.87510073804215,80.81265110706322,46.70301515433007,1.6349515050136725,44.03716214382183,48.25574321573274,97.98,0.1000000000000049,97.88,98.08,33.9756,0.1243655900962949,33.870000000000005,34.18,0.0,0.0,0,0,53.1435304969046,2.794398264557096,49.44326943718655,57.00607791351833,79.0,8.06225774829855,66,87,45.72,5.7975857044117936,35.6,49.8,56.720000000000006,4.82047715480532,52.2,64.0,98.08,0.6534523701081839,97.1,98.7,33.882,0.6601666456282078,32.72,34.3,6.7219999999999995,0.7997312048432272,5.73,7.56,77.60743332899733,0.4302677669990593,77.08820141347829,78.11371879772412,77.14975461089662,0.151063084849034,76.9828623258126,77.36657362814405,0.4431406011379494,3.232218522250378,-4.937550369021068,3.093674446468384,50.25684836141202,0.0,50.25684836141202,50.25684836141202,2.271341936052923,0.5254383991588449,1.5401342809746683,2.7533031839949644,2.104794675986846,1.0625893386861882,0.7779765614186278,3.2926828737934266,44.44415829813852,0.4087438443744604,43.82770614779343,44.85651237320426,540.0,0.0,540.0,540.0,0.375,0.0,0.375,0.375,0.3277777777777778,0.0,0.3277777777777778,0.3277777777777778,0.1925925925925926,0.0,0.1925925925925926,0.1925925925925926,70.2,0.0,70.2,70.2,94.9,0.0,94.9,94.9,1.2,0.8366600265340756,0,2,76.2,3.420526275297413,73.0,82.0,3.185,1.6435099634623451,1.225,4.9,70.02063277911626,1.42241490975245,68.2340884005005,71.84040089526981,38.99008881883518,0.57613305332222,38.277129056802,39.67471365633191,0.0,0.0,0.0,0.0,0.0,0.0,0.0,0.0,0.0,0.0,0.0,0.0,0.0,0.0,0.0,0.0,0.0,0.0,0.0,0.0,49.02,1.211197754291181,47.9,51.0,user_001,5
2024-01-01 11:10:00,4.0,1.224744871391589,3,6,1267.0,6.244997998398398,1260,1276,6.3352,0.0700942223011281,6.216,6.39,77.3219711997003,2.022182749355959,75.27847249277737,80.7222669946854,45.30582915612577,1.871209986198016,43.95810809588122,48.583883880261105,97.404,0.2743720102342851,97.1,97.76,33.652,0.217103661876074,33.33,33.848,0.0,0.0,0,0,54.6751151271644,2.9601106917480764,51.85365271511654,59.370718609012215,76.0,6.082762530298219,69,85,45.5,6.8963758598266685,36.4,55.7,53.46,7.6650505543016445,44.6,64.1,97.36,0.5412947441089729,96.5,97.8,33.848,0.6072231879630436,33.18,34.69,6.216,0.4346607872813006,5.67,6.69,78.07669903920953,0.5805619083554994,77.3219711997003,78.74247919848274,77.55176466755292,0.03083928355376,77.50861440833897,77.57771575209604,-0.6609855998501473,2.255592326764652,-3.907422331561804,2.1388665026572937,50.25684836141202,0.0,50.25684836141202,50.25684836141202,2.1548924647295307,0.2840641450451355,1.9287953794776864,2.491510787382453,1.9558495402193192,0.1378419598028687,1.7906514298456842,2.1367691373860467,43.776544851332375,0.2219784849945497,43.48513743186229,43.98467735279585,540.0,0.0,540.0,540.0,0.375,0.0,0.375,0.375,0.3277777777777778,0.0,0.3277777777777778,0.3277777777777778,0.1925925925925926,0.0,0.1925925925925926,0.1925925925925926,70.2,0.0,70.2,70.2,94.9,0.0,94.9,94.9,0.6,0.5477225575051661,0,1,77.6,3.209361307176243,74.0,82.0,1.96,0.6709601329438285,1.225,2.45,70.7091693204618,0.3685354522437524,70.09781798226075,71.02417445237573,41.13130682602758,0.9699824860988348,39.981634516847905,42.32734748501677,0.0,0.0,0.0,0.0,0.0,0.0,0.0,0.0,0.0,0.0,0.0,0.0,0.0,0.0,0.0,0.0,0.0,0.0,0.0,0.0,48.56,1.0761040841851652,46.7,49.3,user_001,5
2024-01-01 11:15:00,5.8,2.04939015319192,4,8,1295.6,8.14248119432891,1284,1305,6.6724000000000006,0.1349992592572271,6.458,6.792,78.27202912917863,3.3486192642996393,74.45709888567883,82.09839966983075,44.575993962946605,3.233092993883904,39.87335977881701,47.53260434614089,97.344,0.3793151723830688,97.08,98.0,33.2808,0.2004175641005564,33.114,33.534,0.0,0.0,0,0,52.574336148433176,3.1646801243953653,48.73244972452443,57.498011880179966,81.0,6.595452979136458,73,88,45.78,10.87690213250078,34.4,60.5,50.48,10.889765837702848,39.8,67.9,97.16,0.5272570530585668,96.7,97.9,33.122,0.3453548899320798,32.59,33.55,6.784000000000001,0.6028930253369996,5.9,7.57,76.65997682820867,0.9933717704007,75.74309831097791,78.27202912917865,77.86303073811396,0.2768396366806107,77.55810797284117,78.22958511397685,1.3639854354106773,2.032885603570122,-0.7285494428394088,4.514300371440385,50.25684836141202,0.0,50.25684836141202,50.25684836141202,3.324378310373315,0.6339573925546469,2.540296429716218,4.149163756051907,2.655013092171463,0.6837705420089125,1.7258129296673068,3.32183526877044,43.56815679798068,0.2788126403612196,43.35755872181606,43.99534045741946,540.0,0.0,540.0,540.0,0.375,0.0,0.375,0.375,0.3277777777777778,0.0,0.3277777777777778,0.3277777777777778,0.1925925925925926,0.0,0.1925925925925926,0.1925925925925926,70.2,0.0,70.2,70.2,94.9,0.0,94.9,94.9,1.4,0.5477225575051661,1,2,78.8,1.3038404810405295,78.0,81.0,3.4300000000000006,1.3419202658876572,2.45,4.9,69.9591992516849,1.692115135967722,68.2483994960043,72.03480544458408,42.693515568698714,0.0801821821448648,42.59240471766946,42.78344903397604,0.0,0.0,0.0,0.0,0.0,0.0,0.0,0.0,0.0,0.0,0.0,0.0,0.0,0.0,0.0,0.0,0.0,0.0,0.0,0.0,47.96,1.791089054179053,46.3,50.1,user_001,5
2024-01-01 11:20:00,4.6,2.073644135332772,1,6,1319.2,6.9065186599328126,1310,1328,6.368,0.1331240023436797,6.1979999999999995,6.556,79.20783922688773,1.986787439170508,77.07880160261145,82.39893311322051,41.99115969882424,3.7199024281259985,36.95705764862042,47.25506956409393,98.144,0.3766696165076217,97.52,98.46,33.568799999999996,0.1337505140177044,33.402,33.688,0.0,0.0,0,0,57.25612657098709,3.5447740098257805,51.68829981634962,61.36319994558507,77.2,4.604345773288536,73,83,39.3,10.428087072900762,25.0,48.5,60.7,10.301698889018258,49.3,73.0,98.38,0.9628083921528754,97.5,100.0,33.68,0.6988204347326993,33.04,34.79,6.198,0.2162637278879654,5.86,6.45,80.06567596091637,0.6036849007107843,79.20783922688771,80.67645739074607,78.24020706565013,0.0643697156894572,78.14573411651821,78.30861229820678,-1.0039196134438613,1.6655483796772337,-3.1329777044068408,0.9408987980414024,50.25684836141202,0.0,50.25684836141202,50.25684836141202,3.848854051182704,0.2001704546149866,3.6023123274420685,4.075144511929797,3.5197011318438376,0.6236879373702632,2.61553944445672,4.347347033117099,43.37504945487811,0.0942875465387668,43.25832838731556,43.46707220479333,540.0,0.0,540.0,540.0,0.375,0.0,0.375,0.375,0.3277777777777778,0.0,0.3277777777777778,0.3277777777777778,0.1925925925925926,0.0,0.1925925925925926,0.1925925925925926,70.2,0.0,70.2,70.2,94.9,0.0,94.9,94.9,0.8,0.4472135954999579,0,1,78.0,4.301162633521313,72.0,82.0,2.205,0.5478366544874486,1.225,2.45,74.70821391347388,1.2145618680161514,73.38085940569958,76.1703524655974,41.62732356848332,0.6819635748374456,40.84691368511904,42.413806231718226,0.0,0.0,0.0,0.0,0.0,0.0,0.0,0.0,0.0,0.0,0.0,0.0,0.0,0.0,0.0,0.0,0.0,0.0,0.0,0.0,46.940000000000005,0.8792041856133302,45.7,48.1,user_001,5
2024-01-01 11:25:00,6.2,1.0954451150103324,5,8,1347.4,9.838699100999076,1334,1359,6.3156,0.1006916083891803,6.172,6.426,79.16317224386998,0.8140518090809487,78.1344597341071,80.17087099293649,41.99315683276698,2.627276847917716,38.06980339938685,44.68657928861637,97.584,0.2242320226907826,97.36,97.9,33.431200000000004,0.0695787323828186,33.31,33.476,0.0,0.0,0,0,56.13611543321641,2.616610754234022,52.001844714015704,58.42808886470448,80.4,2.7928480087537877,77,83,43.14,9.581388208396527,32.6,52.2,54.0,9.451983918733676,39.3,63.5,97.38,0.9602083107326216,96.4,98.9,33.438,0.2814604767991411,33.14,33.82,6.426,0.6106799489094105,5.85,7.24,78.6178667932071,0.3107291432114686,78.41713754870747,79.16317224386998,78.1108914654354,0.0454006039046397,78.06663726909181,78.18517211959634,0.6184138780650074,1.1435181416217772,-0.5672298670535554,1.9737327991295217,50.25684836141202,0.0,50.25684836141202,50.25684836141202,3.845738569836571,0.3485239453612028,3.3831295845932963,4.158753200011796,2.71697581947582,0.2878328204369184,2.477942892679294,3.2073752635492294,43.57540294604705,0.2732232149045495,43.235552258210376,43.9064876888646,540.0,0.0,540.0,540.0,0.375,0.0,0.375,0.375,0.3277777777777778,0.0,0.3277777777777778,0.3277777777777778,0.1925925925925926,0.0,0.1925925925925926,0.1925925925925926,70.2,0.0,70.2,70.2,94.9,0.0,94.9,94.9,1.2,0.4472135954999579,1,2,80.4,4.037325847637271,74.0,84.0,2.9400000000000004,1.0956733089748971,2.45,4.9,76.80262751132497,0.681857069541579,76.10874550980428,77.61272956696558,40.042870404573314,0.5001294129875571,39.379254601815056,40.54692033939514,0.0,0.0,0.0,0.0,0.0,0.0,0.0,0.0,0.0,0.0,0.0,0.0,0.0,0.0,0.0,0.0,0.0,0.0,0.0,0.0,46.16,0.6913754406977443,45.3,47.1,user_001,5
2024-01-01 11:30:00,4.2,2.280350850198276,1,7,1372.0,6.442049363362547,1364,1380,6.4464,0.0480707811461389,6.3740000000000006,6.49,79.85194037779358,0.975544490013212,78.71729510901822,81.07594266352733,47.7806626281833,4.076204822098729,42.33023467005685,51.71454201144189,97.66400000000002,0.2864960732715265,97.24,97.94,33.5376,0.0659605942968968,33.45399999999999,33.63199999999999,0.0,0.0,0,0,52.45726622988858,5.502477672860746,46.23456314267713,58.45867913929425,80.0,4.415880433163924,74,85,48.28,16.25752133629232,24.4,67.8,55.04,14.431666570427687,34.7,74.5,97.9,0.5147815070493522,97.4,98.7,33.532,0.5133419912689795,32.87,34.21,6.4879999999999995,0.4266966135323788,5.97,6.96,79.64449274643057,0.2719588859620382,79.17544816257998,79.85194037779358,78.44535744949494,0.1523494909457689,78.24567030195313,78.65511182919239,0.0740298111032132,1.748716428701108,-2.358647554509105,1.9620286682363428,50.25684836141202,0.0,50.25684836141202,50.25684836141202,5.101979755532165,0.6595268293800695,4.509614445705718,5.8312911133999465,4.34078611851359,0.2903674168179519,4.076204822098694,4.826620163042136,44.58327391333404,0.2674419893526293,44.2009917925764,44.80784820410803,540.0,0.0,540.0,540.0,0.375,0.0,0.375,0.375,0.3277777777777778,0.0,0.3277777777777778,0.3277777777777778,0.1925925925925926,0.0,0.1925925925925926,0.1925925925925926,70.2,0.0,70.2,70.2,94.9,0.0,94.9,94.9,0.6,0.5477225575051661,0,1,76.4,2.3021728866442683,74.0,80.0,1.96,0.6709601329438286,1.225,2.45,71.12339258444406,1.2575817706546368,69.98120472588973,72.87375272284763,39.95560368316773,0.3462380186427397,39.55952136573166,40.385313615172755,0.0,0.0,0.0,0.0,0.0,0.0,0.0,0.0,0.0,0.0,0.0,0.0,0.0,0.0,0.0,0.0,0.0,0.0,0.0,0.0,47.98,1.3590437814875602,46.7,49.7,user_001,5
2024-01-01 11:35:00,4.8,1.6431676725154984,2,6,1393.8,7.362064927722394,1385,1404,6.6108,0.2493174683009591,6.3340000000000005,6.928,79.15334194275472,0.9150692855800914,77.60474668102297,79.90712002153447,44.00988149836159,2.4599078389181472,40.44545270080061,47.00226857680136,97.14,0.1183215956619907,97.0,97.32,33.6048,0.1175976190235129,33.446000000000005,33.71999999999999,0.0,0.0,0,0,55.5826852648413,2.1985072799929553,53.10294896578652,57.381635173019674,78.6,4.159326868617084,73,84,42.22,8.404284621548701,30.4,54.1,55.04,7.354114494621359,45.0,65.1,97.0,0.7648529270389168,95.7,97.6,33.604,0.7039744313538651,32.85,34.33,6.608,1.017727861463957,5.4,7.92,79.51943937401555,0.2807605521012593,79.15334194275472,79.90129358519573,78.76402512366462,0.0635572839922552,78.68052696173602,78.82838235336415,-0.2766709713773565,1.6948007283973543,-2.302373340511494,2.13175110632568,50.25684836141202,0.0,50.25684836141202,50.25684836141202,3.7012290336973086,1.1088148144250105,2.1561398930595894,4.584490676947443,2.5900413890734675,1.0223983812650286,1.4425185795907989,3.704406725467567,44.460208910397895,0.1314940182591985,44.27611396286808,44.62553527035299,540.0,0.0,540.0,540.0,0.375,0.0,0.375,0.375,0.3277777777777778,0.0,0.3277777777777778,0.3277777777777778,0.1925925925925926,0.0,0.1925925925925926,0.1925925925925926,70.2,0.0,70.2,70.2,94.9,0.0,94.9,94.9,0.8,0.4472135954999579,0,1,74.6,2.0736441353327733,71.0,76.0,2.205,0.5478366544874486,1.225,2.45,73.04686360966355,0.720841300108218,71.95490506247731,73.70723214032418,40.35778235856308,0.3903217498577574,39.95373053695949,40.81607017150327,0.0,0.0,0.0,0.0,0.0,0.0,0.0,0.0,0.0,0.0,0.0,0.0,0.0,0.0,0.0,0.0,0.0,0.0,0.0,0.0,46.8,0.7968688725254605,46.1,48.1,user_001,5
2024-01-01 11:40:00,3.6,1.140175425099138,2,5,1414.8,5.890670590009284,1407,1422,6.208,0.3306690188088382,5.876,6.67,77.46216848628869,2.1377209402335846,74.50224397584405,80.07007341847368,44.1297786335291,2.797791219106963,41.009763763200176,47.79696846720041,97.208,0.0831865373723402,97.06,97.26,33.525999999999996,0.1363451502621152,33.34400000000001,33.702,0.0,0.0,0,0,53.9591190472219,2.8596797446617814,50.46797731812734,56.54531821208489,75.6,5.128352561983232,71,84,46.34,12.209340686539957,30.3,62.5,51.620000000000005,12.344512951105038,37.2,68.7,97.06,0.8142481194328903,96.1,98.1,33.496,0.170088212407563,33.29,33.74,5.8759999999999994,0.819103168105215,5.16,7.0,78.55646938258641,0.6654617202610779,77.46216848628869,79.08987909414955,78.84398684756079,0.0610571458257292,78.74114379113166,78.89976761087334,-0.9310842431443432,1.6643132966855008,-2.126682981883036,1.9649632907631656,50.25684836141202,0.0,50.25684836141202,50.25684836141202,4.738907611720259,0.3039950277103572,4.342161583950926,5.064314999500766,3.019413559380486,0.1645685950789513,2.7977912191068275,3.1988198218983563,44.20507003483978,0.157412225148537,44.03182498031962,44.40407597524539,540.0,0.0,540.0,540.0,0.375,0.0,0.375,0.375,0.3277777777777778,0.0,0.3277777777777778,0.3277777777777778,0.1925925925925926,0.0,0.1925925925925926,0.1925925925925926,70.2,0.0,70.2,70.2,94.9,0.0,94.9,94.9,0.6,0.5477225575051661,0,1,67.4,4.037325847637271,63.0,73.0,1.96,0.6709601329438285,1.225,2.45,73.07487907144574,1.1417786746981908,71.65907599642566,74.43133684020553,41.34725725459508,0.2739649239775516,41.00333725957689,41.76172846027025,0.0,0.0,0.0,0.0,0.0,0.0,0.0,0.0,0.0,0.0,0.0,0.0,0.0,0.0,0.0,0.0,0.0,0.0,0.0,0.0,47.88,1.7369513522260809,46.0,50.2,user_001,5
2024-01-01 11:45:00,5.2,1.9235384061671343,3,8,1436.0,9.539392014169438,1425,1448,6.687600000000001,0.2357345965275353,6.418000000000001,6.9719999999999995,77.68473000642484,1.9748562097365676,75.66766398926403,79.79041895978193,48.43667866778984,2.5844067037595466,45.07930944750325,51.61896417125488,97.428,0.0944457516249436,97.3,97.52,33.431200000000004,0.234433785960983,33.03,33.612,0.0,0.0,0,0,50.395439545313174,3.454800672876009,46.79835424378,54.96556949585334,79.8,8.46758525200662,69,88,48.08,9.34970587772685,32.0,55.1,51.879999999999995,12.075471005306582,39.0,71.3,97.5,0.4301162633521304,97.1,98.1,33.458,0.684339097231774,32.93,34.57,6.9719999999999995,0.9866458331133822,5.8,8.01,76.91097539194553,0.5394644377516689,76.36096377168386,77.68473000642484,78.88581994151691,0.0927152708675791,78.75386538066991,78.97953043984064,1.0576349967875758,3.362801638715013,-3.592814219836455,4.110778670245324,50.25684836141202,0.0,50.25684836141202,50.25684836141202,2.362056867407646,0.7616281091859576,1.6550234107635438,3.231112772258357,2.53760956631615,0.1965715373569469,2.3111263757190597,2.8019506635692224,44.51662101967712,0.2963918047469032,44.1167370282902,44.805329489863766,540.0,0.0,540.0,540.0,0.375,0.0,0.375,0.375,0.3277777777777778,0.0,0.3277777777777778,0.3277777777777778,0.1925925925925926,0.0,0.1925925925925926,0.1925925925925926,70.2,0.0,70.2,70.2,94.9,0.0,94.9,94.9,1.0,0.7071067811865476,0,2,64.0,3.391164991562634,60.0,68.0,2.6950000000000003,1.341920265887657,1.225,4.9,68.00912640177371,2.3951492906322596,65.36777828903247,71.55067948839738,41.97331330513908,0.4274179431955659,41.569957693696296,42.45677102663057,0.0,0.0,0.0,0.0,0.0,0.0,0.0,0.0,0.0,0.0,0.0,0.0,0.0,0.0,0.0,0.0,0.0,0.0,0.0,0.0,49.7,1.4491376746189435,48.0,51.8,user_001,5
2024-01-01 11:50:00,4.0,2.0,2,7,1461.0,6.6708320320631875,1451,1468,6.527199999999999,0.1252804853119593,6.395999999999999,6.734,79.24819489796542,0.555955751262886,78.38234635845392,79.86027930652129,41.58943916612869,3.988805855753817,36.71953963166883,47.57535094740837,97.764,0.2405826261391267,97.46,98.08,33.540800000000004,0.1846326081709283,33.24,33.728,0.0,0.0,0,0,60.548452944238775,3.376584607858523,55.27498355432691,63.81665570288461,79.0,1.8708286933869704,76,81,39.739999999999995,15.84291639818881,20.0,61.9,63.379999999999995,14.859744277745833,47.3,80.9,97.82,0.2863564212655333,97.4,98.2,33.524,1.2268373975388922,32.4,35.13,6.478,0.485304028419299,5.73,6.88,78.93461404338377,0.4448055220240396,78.2564866709499,79.37229234694811,78.69730962192816,0.0363022141165726,78.66924358711329,78.76059132584955,-0.1240974489827038,0.7412100089515598,-1.1911731792269509,0.8725512138486948,50.25684836141202,0.0,50.25684836141202,50.25684836141202,5.622875141423327,0.5828999188631171,4.910013364094301,6.333320820920497,5.265245837918377,1.0920133291856224,3.988805855753695,6.357560591456923,44.4981147021797,0.1600037255531485,44.319356885885554,44.6682326900232,540.0,0.0,540.0,540.0,0.375,0.0,0.375,0.375,0.3277777777777778,0.0,0.3277777777777778,0.3277777777777778,0.1925925925925926,0.0,0.1925925925925926,0.1925925925925926,70.2,0.0,70.2,70.2,94.9,0.0,94.9,94.9,0.4,0.5477225575051661,0,1,67.2,2.588435821108958,64.0,71.0,1.7150000000000003,0.6709601329438286,1.225,2.45,73.57204588502513,2.7004940472169907,69.91410272334964,76.69520340251209,41.789530924487465,0.1349709846450235,41.66483371060949,41.99117148320817,0.0,0.0,0.0,0.0,0.0,0.0,0.0,0.0,0.0,0.0,0.0,0.0,0.0,0.0,0.0,0.0,0.0,0.0,0.0,0.0,46.84,1.192895636675731,45.6,48.8,user_001,5
2024-01-01 11:55:00,6.0,1.8708286933869709,4,9,1487.0,9.246621004453482,1474,1498,6.4704,0.092859032947797,6.366,6.58,80.18000920467034,0.855962848328392,79.21990870319254,81.11328780991228,48.87054342928443,4.599471141075519,42.970474354787655,54.0690294384556,97.904,0.1395707705789466,97.74,98.12,33.230000000000004,0.2723563841733803,32.926,33.519999999999996,0.0,0.0,0,0,53.90029009965284,5.370614345932318,46.86556782918645,60.197527615669514,80.2,2.9495762407505266,77,85,53.6,6.52418577295282,48.0,63.3,49.779999999999994,13.27147316615605,35.8,64.0,97.84,0.7231873892705851,96.9,98.9,33.242000000000004,0.4317638243299229,32.68,33.68,6.444,0.3323100961451516,5.94,6.78,79.94727427731803,0.3139203323204674,79.49879659864362,80.18000920467034,78.91887753594665,0.058560820956343,78.82928310612192,78.97597767679493,0.0099953976648265,1.1558769840528536,-1.1649315273944154,1.9433560950438675,50.25684836141202,0.0,50.25684836141202,50.25684836141202,3.7383709583614992,0.5955127597497462,3.2447757244259754,4.4641879966145295,3.8157473734570377,1.1353267386470476,2.7523448120683307,5.381687775208421,45.2248408935655,0.4192497459975778,44.81995526963995,45.80283067054616,540.0,0.0,540.0,540.0,0.375,0.0,0.375,0.375,0.3277777777777778,0.0,0.3277777777777778,0.3277777777777778,0.1925925925925926,0.0,0.1925925925925926,0.1925925925925926,70.2,0.0,70.2,70.2,94.9,0.0,94.9,94.9,1.2,0.4472135954999579,1,2,72.2,3.563705936241092,67.0,76.0,2.9400000000000004,1.0956733089748971,2.45,4.9,73.08834516866634,2.631491153943989,69.0480786862225,75.48380417620174,41.889945629148045,0.5817830577699301,41.22265822534702,42.56444508301443,0.0,0.0,0.0,0.0,0.0,0.0,0.0,0.0,0.0,0.0,0.0,0.0,0.0,0.0,0.0,0.0,0.0,0.0,0.0,0.0,48.16,1.7300289014926922,46.2,50.0,user_001,5
2024-01-01 12:00:00,4.8,2.280350850198276,2,8,1512.4,7.402702209328696,1504,1522,6.4552,0.1023191086747729,6.318,6.545999999999999,77.80642096522408,1.6357111215906175,75.58367665279779,79.81327246879503,45.749371974226754,1.6068374056757384,43.93832680265789,47.75888453510526,97.396,0.2355419283269934,97.0,97.58,33.329600000000006,0.2095299501264715,33.084,33.576,0.0,0.0,0,0,53.46407112423413,1.5137603930189245,51.52914125741621,54.983534075539005,77.6,5.272570530585627,71,83,43.04,7.285121824650567,36.4,55.4,54.760000000000005,5.504361906706354,47.9,60.6,97.56,1.0714476188783082,95.9,98.7,33.292,0.5303960784168743,32.59,34.07,6.546000000000001,0.731286537548723,5.45,7.46,78.5894352957785,0.9133440946702216,77.80642096522408,79.9200061364469,78.74303462750464,0.1437190414089642,78.58914425055468,78.95337610176641,-0.1032104826120388,2.069383838605881,-2.93775748959834,2.472107782400741,50.25684836141202,0.0,50.25684836141202,50.25684836141202,3.5261461656807356,0.299349855693213,3.2279672818844976,3.855798489121396,3.3768064707082117,1.099342595590722,1.606837405675516,4.5785276983772345,45.465419376930434,0.1372122059305662,45.26380168016182,45.64522044703077,540.0,0.0,540.0,540.0,0.375,0.0,0.375,0.375,0.3277777777777778,0.0,0.3277777777777778,0.3277777777777778,0.1925925925925926,0.0,0.1925925925925926,0.1925925925925926,70.2,0.0,70.2,70.2,94.9,0.0,94.9,94.9,1.0,0.7071067811865476,0,2,76.4,2.4083189157584615,74.0,79.0,2.6950000000000003,1.341920265887657,1.225,4.9,68.216670614547,1.1929438985116796,67.1743615244524,70.11172008533947,41.96011727471605,0.3377720813170959,41.60571737712093,42.423782578685035,0.0,0.0,0.0,0.0,0.0,0.0,0.0,0.0,0.0,0.0,0.0,0.0,0.0,0.0,0.0,0.0,0.0,0.0,0.0,0.0,49.12,0.9338094023942994,47.9,50.3,user_001,5
2024-01-01 12:05:00,4.2,1.3038404810405295,2,5,1533.2,7.5960516059331855,1524,1543,6.630399999999999,0.0604218503523354,6.581999999999999,6.731999999999999,78.91689494192251,0.6872249549921935,77.91161893532608,79.80114260448366,45.16740700895167,2.5141520042126237,42.91374356595711,48.970615348935674,97.116,0.2197271034715601,96.88,97.46,33.2776,0.1766884263329083,33.048,33.495999999999995,0.0,0.0,0,0,60.50300525092795,3.9006593859656737,56.176020948219126,65.68157070023956,78.6,2.073644135332771,76,81,45.42,10.23044476061525,30.8,55.9,60.98,15.044833000070158,43.3,82.6,97.04,0.873498712076899,95.8,98.1,33.338,0.3832362195826498,32.73,33.7,6.596000000000001,0.2939897957412809,6.32,7.05,78.51581040932062,0.6445495550955523,77.60428064348272,79.07534241288377,78.57576313338882,0.0306151295055709,78.54702707432061,78.62024027176929,-0.158447470961255,0.739635120342001,-0.9558094676630304,0.5994286977581709,50.25684836141202,0.0,50.25684836141202,50.25684836141202,3.470681898189826,0.4163022261691674,2.7553132656297548,3.793544467556077,2.413698109953482,0.1592827713713705,2.143987578077703,2.5382712553540827,45.58749829929399,0.0786836977367517,45.4674713866443,45.65720314665175,540.0,0.0,540.0,540.0,0.375,0.0,0.375,0.375,0.3277777777777778,0.0,0.3277777777777778,0.3277777777777778,0.1925925925925926,0.0,0.1925925925925926,0.1925925925925926,70.2,0.0,70.2,70.2,94.9,0.0,94.9,94.9,0.8,0.4472135954999579,0,1,72.2,2.1679483388678795,70.0,75.0,2.205,0.5478366544874484,1.225,2.45,71.046635067541,1.2232705459059223,69.41117658989343,72.38062590745429,42.602241640024985,0.1881651148959797,42.44524397797681,42.895013939085906,0.0,0.0,0.0,0.0,0.0,0.0,0.0,0.0,0.0,0.0,0.0,0.0,0.0,0.0,0.0,0.0,0.0,0.0,0.0,0.0,47.66,0.8473488065725938,46.8,48.7,user_001,5
2024-01-01 12:10:00,5.2,2.588435821108957,2,8,1560.0,7.874007874011811,1549,1569,6.572,0.1377824371971986,6.459999999999999,6.787999999999999,78.08699851087046,1.2154085394662435,76.2911839872249,79.19412265814994,47.13793014109651,1.56164492570184,45.22493700068288,48.79258014828304,97.264,0.1956527536223202,97.02,97.48,33.3488,0.1173422345108607,33.23199999999999,33.524,0.0,0.0,0,0,52.82920233757075,2.3954866763548868,50.722675976986274,56.38401396547942,78.6,5.594640292279747,71,85,48.2,6.0444189133447725,41.1,55.5,50.72,8.345777375415665,39.4,60.8,97.14,0.3714835124201379,96.6,97.6,33.402,0.4509101906144938,32.69,33.91,6.459999999999999,0.7350170066059696,5.61,7.28,78.33195857242082,0.4014304794285879,77.83049776630568,78.87792996128168,78.53834466502788,0.0729154048752774,78.47766062981451,78.65387475451294,0.2565007445647723,2.200788402720766,-2.645591993612456,2.902938670925039,50.25684836141202,0.0,50.25684836141202,50.25684836141202,2.5610279613482527,0.4315655745358487,2.1490415557351255,3.29141105530949,1.6717482876354075,0.3573823426430036,1.2853143509953875,2.0663659486989907,45.9107898994955,0.2327421451624943,45.5714687644345,46.15856173124632,540.0,0.0,540.0,540.0,0.375,0.0,0.375,0.375,0.3277777777777778,0.0,0.3277777777777778,0.3277777777777778,0.1925925925925926,0.0,0.1925925925925926,0.1925925925925926,70.2,0.0,70.2,70.2,94.9,0.0,94.9,94.9,0.8,0.8366600265340756,0,2,73.0,1.5811388300841909,71.0,75.0,2.45,1.5003124674546966,1.225,4.9,70.50732348618355,1.6658177285286573,68.7687543545577,72.9027457124986,43.16971930074545,0.2677853692849612,42.812983170779,43.49615043075507,0.0,0.0,0.0,0.0,0.0,0.0,0.0,0.0,0.0,0.0,0.0,0.0,0.0,0.0,0.0,0.0,0.0,0.0,0.0,0.0,48.84,1.0064790112068898,47.7,50.2,user_001,5
2024-01-01 12:15:00,5.2,0.8366600265340756,4,6,1585.2,7.918333157931672,1575,1595,6.9644,0.2552230397123276,6.609999999999999,7.268000000000001,82.01310268455907,1.8609010707864453,80.1294151054333,84.16136594675226,46.13207310500037,3.102312043302226,40.76239738578213,48.79039411800979,97.356,0.1519210321186647,97.22,97.54,33.2236,0.1390927747943793,32.988,33.334,0.0,0.0,0,0,50.83026532840438,2.82677053747509,47.623562268574325,54.97735178328128,84.0,2.738612787525832,81,88,42.92,8.742253714003041,28.7,52.4,52.46,8.195303533121885,40.0,62.4,97.54,0.8080841540334779,96.3,98.4,33.212,0.9181884338195524,31.97,34.42,7.268000000000001,0.2683654225119172,6.99,7.71,79.98955833052455,1.4926923335244071,78.3913323405803,82.01310268455907,79.05144182145773,0.2481231279764008,78.75813872523085,79.37527020086866,0.9934486577204638,0.7343368083665405,0.2901949648555728,2.128975539935809,50.25684836141202,0.0,50.25684836141202,50.25684836141202,1.9704260723218632,0.6653385732583235,1.3938202550132983,3.029232404965824,1.4329701186449175,0.9362286996015358,0.9582222731491872,3.102312043302112,46.01297370418596,0.1630593122228844,45.77446080411474,46.162374487497544,540.0,0.0,540.0,540.0,0.375,0.0,0.375,0.375,0.3277777777777778,0.0,0.3277777777777778,0.3277777777777778,0.1925925925925926,0.0,0.1925925925925926,0.1925925925925926,70.2,0.0,70.2,70.2,94.9,0.0,94.9,94.9,1.0,0.0,1,1,72.8,1.9235384061671343,71.0,76.0,2.45,0.0,2.45,2.45,70.73047859555939,2.2596421710422434,68.60790022603418,74.3735351492354,42.604072988773325,0.3656288398707871,41.99107866577255,42.85456720119945,0.4,0.5477225575051661,0.0,1.0,0.0,0.0,0.0,0.0,0.0,0.0,0.0,0.0,0.0,0.0,0.0,0.0,0.4,0.5477225575051661,0.0,1.0,46.48,2.00174923504419,43.4,48.0,user_001,5
2024-01-01 12:20:00,5.4,2.4083189157584592,2,8,1611.8,9.782637681116466,1599,1622,6.4624,0.1778223832929925,6.3020000000000005,6.734,78.15563492142341,1.159130073477393,76.86262694718586,79.44091063116817,41.346775059094696,2.851402034327795,37.372176615903165,44.49545973804538,97.192,0.068702256149268,97.08,97.26,33.6464,0.0738836923820139,33.524,33.718,0.0,0.0,0,0,58.53855345888453,5.020401339861767,53.021452204104946,66.32326745923613,76.2,4.919349550499537,70,82,42.84,8.275143503287424,28.9,50.7,58.9,17.09005558797279,39.3,83.8,97.18,0.5890670590009246,96.4,97.9,33.67,0.347059072781568,33.11,34.03,6.3020000000000005,0.8384926952573885,5.42,7.23,80.14298710525426,1.518286001191531,78.15563492142343,81.87540178970605,79.25283733176948,0.0719109216917803,79.18976530716749,79.36129124502354,-0.977817460711708,2.512537096913289,-4.72045531558409,1.3638606784031424,50.25684836141202,0.0,50.25684836141202,50.25684836141202,3.3513774289090144,0.4468815743254385,2.789224465034732,3.851414047498018,3.3576996235142635,0.8977734977767331,2.2451116563492004,4.650668226687735,45.73684427380226,0.1536351712845564,45.577371102453746,45.93741831385427,540.0,0.0,540.0,540.0,0.375,0.0,0.375,0.375,0.3277777777777778,0.0,0.3277777777777778,0.3277777777777778,0.1925925925925926,0.0,0.1925925925925926,0.1925925925925926,70.2,0.0,70.2,70.2,94.9,0.0,94.9,94.9,1.0,0.7071067811865476,0,2,78.6,2.701851217221261,75.0,82.0,2.6950000000000003,1.3419202658876572,1.225,4.9,76.90539342578545,1.190188069024708,75.5848373785355,78.25629078544603,41.163419190290064,0.2111857585717564,40.945552407015434,41.49367210176501,0.0,0.0,0.0,0.0,0.2,0.447213595499958,0.0,1.0,0.0,0.0,0.0,0.0,0.0,0.0,0.0,0.0,0.2,0.447213595499958,0.0,1.0,46.54,0.472228758124705,46.0,47.1,user_001,5
2024-01-01 12:25:00,5.4,1.8165902124584952,3,8,1636.4,9.685040010242584,1625,1649,6.466800000000001,0.2691267359442388,6.066,6.798,77.51185315837674,1.2597599970766615,75.49264574725184,78.78767939697498,48.773320172391074,4.316850558104246,42.36823896060155,52.9535376613535,97.376,0.053665631459992,97.34,97.46,33.456399999999995,0.1431321068104591,33.257999999999996,33.572,0.0,0.0,0,0,50.49750498223993,2.668165226056536,47.06931917158665,54.03080852070517,76.0,2.8284271247461894,72,80,49.62,15.320476493895352,23.3,61.1,48.3,10.41945296068848,37.3,64.0,97.34,0.4505552130427454,97.0,98.1,33.35,0.2955503341226308,32.92,33.75,6.498,0.5821254160402205,5.73,7.34,78.05751270521867,0.3553392985453938,77.51185315837674,78.40166960634768,78.9378770697529,0.135560614087539,78.74848419706271,79.09545124762998,-0.7559265791883746,0.8655818781011304,-1.7463228736259282,0.606160301512503,50.25684836141202,0.0,50.25684836141202,50.25684836141202,4.213347356236826,1.0117608479922406,3.303252443008143,5.462510063784017,4.689537147317035,0.3979294765166397,4.316850558104214,5.280723278043671,46.021148217126225,0.2352490022335413,45.71781291012685,46.29674571445207,540.0,0.0,540.0,540.0,0.375,0.0,0.375,0.375,0.3277777777777778,0.0,0.3277777777777778,0.3277777777777778,0.1925925925925926,0.0,0.1925925925925926,0.1925925925925926,70.2,0.0,70.2,70.2,94.9,0.0,94.9,94.9,1.0,0.7071067811865476,0,2,76.4,2.509980079602226,73.0,80.0,2.6950000000000003,1.341920265887657,1.225,4.9,68.93212121874936,2.905636107541205,66.17123880328162,73.46594034382237,41.56294981494767,0.2266266349113249,41.27063729157411,41.89831907701782,0.0,0.0,0.0,0.0,0.0,0.0,0.0,0.0,0.0,0.0,0.0,0.0,0.0,0.0,0.0,0.0,0.0,0.0,0.0,0.0,50.0,0.9433981132056593,48.9,51.1,user_001,5
2024-01-01 12:30:00,5.0,0.7071067811865475,4,6,1664.6,7.4363969770313005,1655,1674,6.5092,0.4480080356422186,6.1240000000000006,7.159999999999999,75.96123169163809,1.5786074546487738,74.5522869987786,78.13434977723493,48.532700598833394,2.479443253048697,44.34143953804514,50.73040780998423,97.364,0.089888820216973,97.24,97.46,33.71,0.1073871500692711,33.596,33.868,0.0,0.0,0,0,51.74460970959537,2.389509774391617,48.470283164583726,54.95813712031341,76.6,4.77493455452533,73,85,50.18,6.310863649295558,39.8,56.9,52.3,8.937840902589393,40.0,64.1,97.24,0.2880972058177578,96.9,97.6,33.760000000000005,0.6842879510849201,32.89,34.79,6.362,0.9054943401258784,5.0,7.3,76.02024858669546,0.5725230335444604,75.4627713061857,76.94123543891783,78.50967928490573,0.0578155655167193,78.44095265146504,78.59898946470847,0.3193841541809547,1.803986306421763,-1.044783259078315,3.432825111382527,50.25684836141202,0.0,50.25684836141202,50.25684836141202,4.070896102565425,1.4154640547564088,2.2060715079066813,5.151613345198488,3.184588692062712,0.984451266589928,2.239258979072708,4.640304539287261,45.90377809169289,0.2147259529429003,45.629653051195675,46.181701014227954,540.0,0.0,540.0,540.0,0.375,0.0,0.375,0.375,0.3277777777777778,0.0,0.3277777777777778,0.3277777777777778,0.1925925925925926,0.0,0.1925925925925926,0.1925925925925926,70.2,0.0,70.2,70.2,94.9,0.0,94.9,94.9,1.0,0.0,1,1,79.4,0.5477225575051684,79.0,80.0,2.45,0.0,2.45,2.45,66.17549389264951,1.0679807625166178,64.71914270970932,66.99604156469385,42.48078378410424,0.8100410695218208,41.62044585242472,43.71715351898163,0.0,0.0,0.0,0.0,0.0,0.0,0.0,0.0,0.0,0.0,0.0,0.0,0.0,0.0,0.0,0.0,0.0,0.0,0.0,0.0,51.260000000000005,0.6542170893518449,50.5,51.9,user_001,5
2024-01-01 12:35:00,5.6,2.6076809620810595,4,10,1688.4,9.316651759081656,1678,1702,6.951599999999999,0.2216817538725279,6.706,7.151999999999999,81.21217865898114,1.276776835552881,79.33867980605562,82.39304434543774,51.06191942042251,3.879850970465901,47.12012083258792,55.82027187332282,97.664,0.2601538006641507,97.36,97.88,33.5372,0.0942295070559107,33.428000000000004,33.622,0.0,0.0,0,0,51.5815946942677,5.178377421007742,44.85045427098777,57.21131300932789,82.6,6.58027355054484,75,93,49.760000000000005,13.13575273823316,33.2,66.0,53.25999999999999,17.833479750177755,31.0,75.1,97.84,0.7700649323271321,97.2,99.1,33.444,0.2974558790812504,33.08,33.89,7.151999999999999,0.5875117020111174,6.54,7.99,79.65962121306276,1.5252491299154212,77.37415446109205,81.21217865898113,78.70031441886275,0.0970748319979315,78.5606351009767,78.82349993764147,0.6939106705094276,2.8504614657672027,-2.1693399030278187,5.303477827281128,50.25684836141202,0.0,50.25684836141202,50.25684836141202,3.648972939329707,0.8749103859809169,2.473380710189756,4.520142163771318,3.295684242974912,0.4206360272626267,2.8676413143669164,3.879850970465888,46.867032505901946,0.303362592646861,46.410022898374194,47.164119749473095,540.0,0.0,540.0,540.0,0.375,0.0,0.375,0.375,0.3277777777777778,0.0,0.3277777777777778,0.3277777777777778,0.1925925925925926,0.0,0.1925925925925926,0.1925925925925926,70.2,0.0,70.2,70.2,94.9,0.0,94.9,94.9,1.2,0.4472135954999579,1,2,76.6,3.2093613071762435,72.0,80.0,2.9400000000000004,1.095673308974897,2.45,4.9,65.42992862473008,1.6563177961602586,63.56329755440586,67.58976111305142,45.50476118690096,0.6498529253185896,44.48958240742771,46.124284892605054,0.0,0.0,0.0,0.0,0.0,0.0,0.0,0.0,0.0,0.0,0.0,0.0,0.0,0.0,0.0,0.0,0.0,0.0,0.0,0.0,49.260000000000005,0.8142481194328917,48.3,50.4,user_001,5
2024-01-01 12:40:00,4.8,1.3038404810405295,3,6,1716.0,7.176350047203678,1708,1726,7.1152,0.066175524176239,7.052,7.214,81.58431982340491,2.004788657231156,79.37274658046917,83.72122070243074,50.05523218705152,4.5374934385322305,44.23752879129915,54.98915967063465,97.404,0.2779928056623052,97.12,97.72,33.449200000000005,0.1195959865547324,33.308,33.636,0.0,0.0,0,0,56.64835814903937,2.430727194662057,54.165197631472175,60.351198947320974,82.6,6.024948132556828,77,92,48.760000000000005,12.31515326741815,33.5,61.4,57.260000000000005,7.200208330319339,51.8,68.5,97.3,0.6855654600401021,96.5,98.2,33.636,0.6570996880230605,32.91,34.29,7.086,0.9008773501426256,5.76,8.19,80.77114353423049,0.5778206313194354,80.07207940399162,81.58431982340493,79.10684524583104,0.2344699414519976,78.84899995842767,79.40638682306391,0.5078400882975359,2.2735980032802092,-1.573740234143585,4.139389648784629,50.25684836141202,0.0,50.25684836141202,50.25684836141202,4.085353770478073,0.4266484267133558,3.410330330298271,4.517930920154952,3.4320845335282164,0.7006828877038733,2.7719321759336086,4.537493438532203,47.64951319693633,0.1774967015026727,47.382746499648725,47.81825770354759,540.0,0.0,540.0,540.0,0.375,0.0,0.375,0.375,0.3277777777777778,0.0,0.3277777777777778,0.3277777777777778,0.1925925925925926,0.0,0.1925925925925926,0.1925925925925926,70.2,0.0,70.2,70.2,94.9,0.0,94.9,94.9,0.8,0.4472135954999579,0,1,79.6,2.6076809620810573,77.0,83.0,2.205,0.5478366544874484,1.225,2.45,67.63852758457067,1.1211852415137908,66.18381440189843,69.20900388112301,46.05264728826033,0.2545125776823043,45.61875699251938,46.27645517339366,0.0,0.0,0.0,0.0,0.0,0.0,0.0,0.0,0.0,0.0,0.0,0.0,0.0,0.0,0.0,0.0,0.0,0.0,0.0,0.0,48.3,2.1988633427296036,45.7,50.9,user_001,5
2024-01-01 12:45:00,5.0,3.0,2,10,1739.4,7.5365774725666865,1731,1751,6.9368,0.1493626459326425,6.7299999999999995,7.132,81.5024618697488,1.447310780005207,80.15480902764064,83.34216563781945,49.79468078183395,4.334145845354931,43.30082683671429,55.22779057391074,97.2,0.1691153452528745,97.0,97.38,33.2992,0.1512587187569688,33.134,33.53,0.0,0.0,0,0,49.656985435264446,5.530377017495653,42.97813302142844,57.80833571005288,81.6,6.426507605223852,76,89,49.42,13.986672227517168,31.5,66.3,49.78,17.59920452747794,30.8,70.4,97.3,0.1224744871391618,97.1,97.4,33.134,0.1080740486888515,33.01,33.24,6.95,0.9887365675446615,6.17,8.66,81.71274318146246,0.2253348333052656,81.45369280462319,81.97080881040219,79.39404272098736,0.0566469318833141,79.32128002059552,79.45621337967326,0.0487690651256031,2.542324151861466,-2.3661067707304824,2.828917181090276,50.25684836141202,0.0,50.25684836141202,50.25684836141202,4.553597803558871,0.349594914682898,4.102138503084768,4.904189789666517,4.3146632442483845,0.1979491382729384,3.989849555755295,4.506231792721071,48.053159488211094,0.2046307667468568,47.72911339364373,48.260771369937856,540.0,0.0,540.0,540.0,0.375,0.0,0.375,0.375,0.3277777777777778,0.0,0.3277777777777778,0.3277777777777778,0.1925925925925926,0.0,0.1925925925925926,0.1925925925925926,70.2,0.0,70.2,70.2,94.9,0.0,94.9,94.9,1.0,0.7071067811865476,0,2,74.8,1.923538406167135,72.0,77.0,2.6950000000000003,1.341920265887657,1.225,4.9,69.7721040650341,0.4558383901500524,69.14987879131684,70.18384160886876,45.51924120206119,0.4341967338124505,44.777377292759915,45.892176778577806,0.0,0.0,0.0,0.0,0.0,0.0,0.0,0.0,0.0,0.0,0.0,0.0,0.0,0.0,0.0,0.0,0.0,0.0,0.0,0.0,47.78,1.6724233913695397,45.2,49.8,user_001,5
2024-01-01 12:50:00,7.0,2.23606797749979,4,10,1774.2,10.158740079360207,1761,1786,6.6952,0.3780597836321656,6.26,7.13,82.26699086350601,0.8127110557868958,81.15207361680864,83.22811042521296,42.95090446509747,2.6230266508830495,40.0005512244762,46.07802276643386,97.336,0.2688494002225054,97.04,97.62,33.6332,0.1542504457043835,33.428,33.782000000000004,0.0,0.0,0,0,62.15482935773029,3.833342881533078,57.57284021038603,67.3818934735907,82.0,2.8284271247461903,77,84,43.6,11.08354636386748,29.9,53.4,62.96,18.358186184914892,44.7,87.0,97.24,0.9762171889492652,95.8,98.1,33.644,0.1964179217892316,33.51,33.99,6.7219999999999995,0.4513535199818431,6.06,7.31,82.1741884024971,0.1734989083317354,82.00072944288851,82.40048629525901,79.73257627052782,0.2272592299361018,79.44752001373034,80.0065060109426,-0.1334954317530076,1.1394325992098373,-2.076036808404325,0.7439836407091889,50.25684836141202,0.0,50.25684836141202,50.25684836141202,4.036060986270278,0.2880374823576315,3.733670649348255,4.367906381170979,3.890135468457013,1.5778076798803262,2.4096406578234735,6.1698871253788745,48.45039137293315,0.1550954040430603,48.20718091329191,48.60578410961122,540.0,0.0,540.0,540.0,0.375,0.0,0.375,0.375,0.3277777777777778,0.0,0.3277777777777778,0.3277777777777778,0.1925925925925926,0.0,0.1925925925925926,0.1925925925925926,70.2,0.0,70.2,70.2,94.9,0.0,94.9,94.9,1.4,0.5477225575051661,1,2,85.8,2.6832815729997472,83.0,90.0,3.4300000000000006,1.341920265887657,2.45,4.9,76.33847119195522,2.677741951660865,72.3020723754638,78.9932754199748,42.798338155081936,0.7140225986081249,41.95857234644377,43.73265816526172,0.0,0.0,0.0,0.0,0.0,0.0,0.0,0.0,0.0,0.0,0.0,0.0,0.0,0.0,0.0,0.0,0.0,0.0,0.0,0.0,45.02,0.7463243262818112,44.2,45.9,user_001,5
2024-01-01 12:55:00,5.6,2.8809720581775866,3,10,1804.8,8.58487041253389,1792,1814,6.1912,0.087984089470767,6.112,6.316,78.70511813840409,0.799979848857352,78.05175954934946,79.9118931330442,52.65246478552724,1.8818625533359328,50.64904378264708,55.43290834784315,97.656,0.1472412985544489,97.48,97.82,33.5148,0.0813338797795837,33.384,33.588,0.0,0.0,0,0,45.53108863970111,4.673656727097889,40.615311074711535,51.714174877151414,77.6,4.037325847637272,72,83,55.48,6.737358532837629,48.8,63.1,38.66,6.239230721811784,32.5,46.7,97.78,0.2167948338867862,97.6,98.1,33.544,0.4616058925100495,32.91,34.18,6.112,0.5546800879786477,5.5,6.68,80.06474909004078,1.1168990024198446,78.70511813840409,81.44466057567067,80.06711566799818,0.0791608478938652,80.01400267153005,80.20538350761383,-0.5525590692020416,1.9169124406133589,-3.558229493018132,1.5440534334778988,50.25684836141202,0.0,50.25684836141202,50.25684836141202,4.014273925605595,0.4860656749436494,3.296349253207342,4.433822051013888,3.9740615752997734,1.4247376694045222,1.8818625533359423,5.831475444543241,48.768723692457584,0.2985483558802235,48.503611675972586,49.17465037312768,540.0,0.0,540.0,540.0,0.375,0.0,0.375,0.375,0.3277777777777778,0.0,0.3277777777777778,0.3277777777777778,0.1925925925925926,0.0,0.1925925925925926,0.1925925925925926,70.2,0.0,70.2,70.2,94.9,0.0,94.9,94.9,0.8,0.8366600265340756,0,2,88.8,2.949576240750526,84.0,91.0,2.45,1.5003124674546966,1.225,4.9,68.90347016016179,4.963759591806046,62.8787263929054,74.9911756107613,42.40819531137412,0.6979146976340889,41.749485376387966,43.431337004126554,0.0,0.0,0.0,0.0,0.0,0.0,0.0,0.0,0.0,0.0,0.0,0.0,0.0,0.0,0.0,0.0,0.0,0.0,0.0,0.0,50.72,1.0940749517286286,49.0,51.8,user_001,5
2024-01-01 13:00:00,4.8,1.7888543819998317,3,7,1826.6,8.142481194328948,1817,1838,6.556,0.2998099397951974,6.316,7.044,79.18174395238243,1.2695952152938887,77.29417472579742,80.45753325208813,51.55925462196244,2.550993150701479,49.06640073286963,54.77440164895667,97.304,0.2718087562975155,97.08,97.72,33.5068,0.0731518967628335,33.462,33.636,0.0,0.0,0,0,46.89808574679192,1.8827773397241412,45.11935142954416,49.99748952424185,79.4,4.219004621945795,72,82,50.46,7.787361555751731,40.1,62.0,48.64,7.69044862150447,41.0,58.5,97.08,1.068644000591407,96.1,98.5,33.462,0.3099516091263297,33.07,33.92,6.316000000000001,0.6261629180971994,5.82,7.36,78.92934967440866,0.1929273694280348,78.7133858392907,79.18174395238243,80.5519658492837,0.1503210362940149,80.35914456063145,80.74213555107123,0.1091280238087847,1.6130248716692008,-2.6470873628987164,1.2352750914008652,50.25684836141202,0.0,50.25684836141202,50.25684836141202,2.4405702222688057,0.3295541724816636,2.058737383937924,2.752803329399323,1.9485212193329635,0.4334089327761196,1.4310037860140343,2.5509931507014563,49.63489639845807,0.1413469400817561,49.40198913764068,49.75458776487734,540.0,0.0,540.0,540.0,0.375,0.0,0.375,0.375,0.3277777777777778,0.0,0.3277777777777778,0.3277777777777778,0.1925925925925926,0.0,0.1925925925925926,0.1925925925925926,70.2,0.0,70.2,70.2,94.9,0.0,94.9,94.9,0.6,0.5477225575051661,0,1,87.2,1.6431676725154991,86.0,90.0,1.96,0.6709601329438285,1.225,2.45,63.234328382985474,1.0885976463731573,62.00753217441737,64.71846413824252,43.94345744404643,0.3732900429283103,43.560416304363535,44.51373051292592,0.0,0.0,0.0,0.0,0.0,0.0,0.0,0.0,0.0,0.0,0.0,0.0,0.0,0.0,0.0,0.0,0.0,0.0,0.0,0.0,50.72,1.4720733677368103,49.1,52.8,user_001,5
2024-01-01 13:05:00,7.0,3.391164991562634,3,11,1861.4,9.762171889492588,1849,1873,6.976000000000001,0.2211515317604658,6.609999999999999,7.146000000000001,80.76467410072526,1.8586158638157615,77.54584800027497,82.09223700092805,49.36368785145185,1.5366104788012378,47.13078540233175,51.33504752661682,97.552,0.3879690709322113,97.04,97.94,33.5092,0.1355772842330199,33.344,33.722,0.0,0.0,0,0,47.77316355513309,3.580880068958719,43.47703393310869,52.31541746166184,79.6,5.176871642217913,71,84,50.2,5.610258461069329,43.0,55.9,49.9,10.424730212336431,33.1,58.8,97.92,1.00598210719674,96.5,99.1,33.5,0.6780855403265869,32.35,34.05,7.101999999999999,0.8371797895314962,5.85,7.94,80.64682794066286,0.7111999088398757,79.52116263492162,81.34701115108788,80.71650030388372,0.0356345988212141,80.66755145802858,80.76799385370954,-0.5823370503626307,1.701200702846404,-3.2729240001374933,1.180822249303958,50.25684836141202,0.0,50.25684836141202,50.25684836141202,2.2137657607153463,0.4158878026704214,1.6582573741062128,2.633837079843284,1.76637359198211,0.7655507523643511,1.0826013936169556,2.769642983752838,49.334548771264714,0.0940063428472147,49.22662638977001,49.458272917988346,540.0,0.0,540.0,540.0,0.375,0.0,0.375,0.375,0.3277777777777778,0.0,0.3277777777777778,0.3277777777777778,0.1925925925925926,0.0,0.1925925925925926,0.1925925925925926,70.2,0.0,70.2,70.2,94.9,0.0,94.9,94.9,1.2,0.8366600265340756,0,2,87.2,1.9235384061671343,85.0,90.0,3.185,1.6435099634623456,1.225,4.9,68.68866436960357,1.8865752735277492,65.56846871136078,70.26759794851733,45.86918851570307,0.7012258050697651,45.17055148558538,46.89229284442331,0.0,0.0,0.0,0.0,0.0,0.0,0.0,0.0,0.0,0.0,0.0,0.0,0.0,0.0,0.0,0.0,0.0,0.0,0.0,0.0,48.82,1.3423859355639878,47.4,51.0,user_001,5
2024-01-01 13:10:00,6.0,4.527692569068709,3,14,1894.6,6.188699378706324,1887,1903,6.36,0.1378622500904434,6.182,6.524000000000001,78.14349617787329,1.3680905660582785,76.18710755559177,79.42099200008148,45.63571198043811,3.5097957995755142,42.568651363282335,51.156698351077885,97.412,0.1145425685061984,97.28,97.56,33.346799999999995,0.2194566016323053,33.053999999999995,33.628,0.0,0.0,0,0,58.4733384105525,6.7146688140937405,47.143611641107896,63.33207143528057,77.6,3.7815340802378055,73,81,42.72,6.0329926238973615,36.2,50.8,62.879999999999995,15.623283905760658,36.8,78.5,97.28,0.701427116670014,96.5,98.1,33.333999999999996,0.6726291697510594,32.39,34.04,6.444,0.2809448344426359,6.13,6.9,79.08847116914079,0.8332073111037919,78.14349617787329,80.1764494004835,80.43605490970211,0.2309003764389846,80.09408085043997,80.64503430535238,-0.2717480889366414,1.3234156625224005,-2.140330666693828,1.1513839999083473,50.25684836141202,0.0,50.25684836141202,50.25684836141202,2.479220440726777,0.3123496026302591,1.9355049547128005,2.688213519105783,2.8892439282216684,1.0882690937101689,1.7221197883800394,4.141329745232534,48.9206346804409,0.312760854770119,48.65945074771851,49.37513607699161,540.0,0.0,540.0,540.0,0.375,0.0,0.375,0.375,0.3277777777777778,0.0,0.3277777777777778,0.3277777777777778,0.1925925925925926,0.0,0.1925925925925926,0.1925925925925926,70.2,0.0,70.2,70.2,94.9,0.0,94.9,94.9,1.2,1.095445115010332,0,3,89.8,3.03315017762062,87.0,95.0,3.4299999999999997,2.9246474146467634,1.225,8.575,68.71589317157003,1.25942867242987,67.35319329753204,70.62551195798333,45.84620208885902,0.926312219458713,44.784484755783005,46.94342561634582,0.0,0.0,0.0,0.0,0.0,0.0,0.0,0.0,0.0,0.0,0.0,0.0,0.0,0.0,0.0,0.0,0.0,0.0,0.0,0.0,49.4,0.9407443861113388,48.1,50.6,user_001,5
2024-01-01 13:15:00,6.0,1.0,5,7,1922.2,9.038805230781309,1910,1933,6.494,0.0813756720402359,6.35,6.540000000000001,79.31354682177755,0.4803459784533622,78.79140503706118,79.90729112758275,49.05828305915234,1.0994271048482518,48.05005992764069,50.72508989146104,97.708,0.1540129864654232,97.6,97.98,33.7912,0.1786818401517042,33.59400000000001,33.98199999999999,0.0,0.0,0,0,50.2671885972744,3.478463037277408,46.13172486971276,54.721380956853714,80.6,2.302172886644267,79,84,50.66,7.229315320277571,42.7,60.7,46.1,10.89059227039558,37.4,61.5,97.6,0.7211102550927931,96.8,98.6,33.774,0.7094575392509411,32.87,34.75,6.531999999999999,0.7090627616791059,5.96,7.37,78.4919797424383,0.5110771154743744,78.10822052349923,79.31354682177756,79.89926100319808,0.1172282781774085,79.7292616757781,80.02938723362666,0.6432265891112252,1.219166750500059,-0.3024303758609221,2.604297481469416,50.25684836141202,0.0,50.25684836141202,50.25684836141202,3.023303449635184,0.3520179097647523,2.6594670802363196,3.5751332919445495,2.5638455397763553,0.8543784868955717,1.0994271048479938,3.1571073264655904,48.46509318151211,0.1319090128705057,48.327615036361045,48.656300498479006,540.0,0.0,540.0,540.0,0.375,0.0,0.375,0.375,0.3277777777777778,0.0,0.3277777777777778,0.3277777777777778,0.1925925925925926,0.0,0.1925925925925926,0.1925925925925926,70.2,0.0,70.2,70.2,94.9,0.0,94.9,94.9,1.0,0.0,1,1,95.6,1.949358868961794,93.0,98.0,2.45,0.0,2.45,2.45,69.42234643930668,1.4399501322786614,67.85202793844978,71.01899732376174,44.16335701639012,0.3504160321772568,43.87819160176578,44.73646937142728,0.0,0.0,0.0,0.0,0.0,0.0,0.0,0.0,0.0,0.0,0.0,0.0,0.0,0.0,0.0,0.0,0.0,0.0,0.0,0.0,49.739999999999995,0.357770876399965,49.2,50.1,user_001,5
2024-01-01 13:20:00,4.6,2.4083189157584592,2,8,1944.4,7.700649323271373,1937,1956,6.501599999999999,0.2355775880681345,6.226000000000001,6.787999999999999,79.17133126871144,1.124829958680132,77.97491232936927,80.93549366743193,47.77829241931224,2.1814905080639586,45.60003995176046,50.42223997856021,97.748,0.1565886330485049,97.54,97.92,33.446799999999996,0.0439681703053478,33.408,33.522000000000006,0.0,0.0,0,0,45.33411537083449,4.803797311225902,40.12848886315314,50.54273329472971,78.6,3.2093613071762426,76,84,46.9,7.570667077609476,40.7,57.7,44.04,15.197137888431492,19.3,58.3,97.54,0.9607288899580362,96.2,98.6,33.408,0.5605086975239556,32.76,34.04,6.518000000000001,0.7122288957912336,5.88,7.56,79.57688622122643,0.2651450239141378,79.17133126871144,79.82824303190114,79.46637730631964,0.176823603181729,79.21331840997901,79.65284111718542,-0.2856656343557233,1.164898224042361,-1.6451645558106378,1.5322531662840362,50.25684836141202,0.0,50.25684836141202,50.25684836141202,2.527959190667281,0.3219736813255798,1.9695070167135031,2.803373876612075,1.988424521826216,0.1503846424181095,1.824045909902936,2.1814905080637845,49.080840803052354,0.2586002050547576,48.72336741818105,49.34128245297404,540.0,0.0,540.0,540.0,0.375,0.0,0.375,0.375,0.3277777777777778,0.0,0.3277777777777778,0.3277777777777778,0.1925925925925926,0.0,0.1925925925925926,0.1925925925925926,70.2,0.0,70.2,70.2,94.9,0.0,94.9,94.9,0.8,0.8366600265340756,0,2,83.0,3.807886552931956,78.0,88.0,2.45,1.5003124674546966,1.225,4.9,69.01447763931557,0.3208251971475633,68.47473473194393,69.28741425946866,43.99646225602028,0.2003618720974202,43.761292240254726,44.18352940551869,0.0,0.0,0.0,0.0,0.0,0.0,0.0,0.0,0.0,0.0,0.0,0.0,0.0,0.0,0.0,0.0,0.0,0.0,0.0,0.0,49.66,0.7700649323271385,48.3,50.1,user_001,5
2024-01-01 13:25:00,4.4,2.9664793948382653,1,9,1968.4,8.67755725996666,1957,1978,6.717999999999999,0.0917496593999127,6.593999999999999,6.814,78.57564856213484,1.0307095964288644,77.64994155291285,80.30368638604826,48.53236772599996,2.405577025304943,46.473409564360175,51.390171519810394,97.784,0.2011964214393536,97.5,98.02,33.644,0.1813780582099128,33.366,33.776,0.0,0.0,0,0,47.3716530529494,2.8579246784815364,44.12391622889259,51.999678882634846,78.8,3.898717737923585,75,85,48.779999999999994,7.676392381841875,37.7,59.3,48.3,9.667471230885564,38.4,62.6,98.02,0.3271085446759219,97.6,98.4,33.769999999999996,0.3552463933666335,33.15,34.03,6.593999999999999,0.2535350074447315,6.22,6.9,78.39827308263065,0.1897895888989779,78.0952092648034,78.57564856213483,79.18863130508461,0.0291040450315376,79.16443449554157,79.2376102209012,0.1121757189325791,1.5430395838007276,-1.7678954620160852,2.3481568069758794,50.25684836141202,0.0,50.25684836141202,50.25684836141202,2.2222939125065237,0.4137910152105439,1.6425982912533907,2.70020105499813,2.1696838036489585,0.3201796230103726,1.750595668434293,2.54966343232388,48.93800647063516,0.2100510813670364,48.65459960971949,49.20307719087158,540.0,0.0,540.0,540.0,0.375,0.0,0.375,0.375,0.3277777777777778,0.0,0.3277777777777778,0.3277777777777778,0.1925925925925926,0.0,0.1925925925925926,0.1925925925925926,70.2,0.0,70.2,70.2,94.9,0.0,94.9,94.9,0.8,0.8366600265340756,0,2,73.8,3.114482300479486,70.0,77.0,2.45,1.5003124674546966,1.225,4.9,68.05727505224525,0.4035872376802377,67.65216742443337,68.60048802092733,44.12048010941885,0.5127018720038372,43.5621431169728,44.63667231667546,0.0,0.0,0.0,0.0,0.0,0.0,0.0,0.0,0.0,0.0,0.0,0.0,0.0,0.0,0.0,0.0,0.0,0.0,0.0,0.0,50.36,0.6949820141557634,50.0,51.6,user_001,5
2024-01-01 13:30:00,2.8,0.8366600265340756,2,4,1986.2,4.764451699828649,1980,1992,6.7132000000000005,0.1372705358043016,6.542,6.882,79.77374795879965,1.5750276037194313,77.90479596623652,81.60142102703304,45.16903607914403,1.654215237394222,43.07622904975016,47.15081936650011,97.916,0.074027022093291,97.82,98.02,33.6096,0.232986694899088,33.364,33.926,0.0,0.0,0,0,55.81865389997688,4.002433427633882,50.66652394783771,61.72956619903899,81.0,3.8729833462074184,77,86,45.44,7.498866581024093,37.6,55.3,56.8,15.369287556682645,39.9,71.9,97.82,0.4207136793592533,97.3,98.3,33.702,0.664544957094701,32.52,34.07,6.773999999999999,0.3650068492508051,6.3,7.18,79.08076024133408,0.4590151743870665,78.61139936094881,79.77374795879965,79.2138663995722,0.0635184081254637,79.1389378759561,79.29040748167036,0.6131260206001741,1.3338886536783836,-0.45239798311826,2.698401344587822,50.25684836141202,0.0,50.25684836141202,50.25684836141202,2.7625552012596533,0.2247321834791122,2.46609500844835,3.034402208276886,2.421889398289464,0.8297119305274683,1.4686610049112754,3.2728469365418404,47.92734790285456,0.3396145212164018,47.589563185916425,48.41195529536855,540.0,0.0,540.0,540.0,0.375,0.0,0.375,0.375,0.3277777777777778,0.0,0.3277777777777778,0.3277777777777778,0.1925925925925926,0.0,0.1925925925925926,0.1925925925925926,70.2,0.0,70.2,70.2,94.9,0.0,94.9,94.9,0.2,0.447213595499958,0,1,64.0,4.301162633521314,59.0,70.0,1.4700000000000002,0.5478366544874486,1.225,2.45,70.64345559741162,2.105268535000835,68.43654423583686,73.01131645273867,43.83888054558486,0.4436218789734154,43.29527630874075,44.29228335208293,0.0,0.0,0.0,0.0,0.0,0.0,0.0,0.0,0.0,0.0,0.0,0.0,0.0,0.0,0.0,0.0,0.0,0.0,0.0,0.0,48.72,1.125610945220417,47.6,50.2,user_001,5
2024-01-01 13:35:00,4.8,0.8366600265340756,4,6,2005.6,7.765307463326874,1996,2016,6.7248,0.2155068444388715,6.494,7.0200000000000005,79.74469108922464,1.1189007726106113,78.40094735135536,81.23969330397144,41.9043998128914,2.4012024082133294,38.65209462711115,44.134729751407434,98.0,0.1555634918610437,97.8,98.2,33.6492,0.2162803735894682,33.358000000000004,33.898,0.0,0.0,0,0,61.40500792098461,2.975236383063101,58.485786495346694,66.17867974302004,79.6,4.7222875812470395,72,84,40.44,12.522100462781795,25.9,55.1,63.379999999999995,13.53872224399334,43.1,75.9,98.1,0.6442049363362576,97.1,98.7,33.552,0.6304918714781311,32.43,33.91,6.714,0.5502999182264158,5.93,7.39,79.85162274782999,0.1019365342484324,79.74469108922464,79.98833242613318,79.0813322007667,0.0734063979548985,78.99728213629702,79.18249387666911,-0.072345544612321,1.8991745393905737,-3.200473675677685,1.3801533480142891,50.25684836141202,0.0,50.25684836141202,50.25684836141202,4.475388204892234,0.4440533142875861,3.9609855552579103,5.039881710597736,2.9286716999069675,0.399551472898135,2.401202408212973,3.3687486546984577,46.833285869237365,0.386760442714016,46.34634851282301,47.28526434616651,540.0,0.0,540.0,540.0,0.375,0.0,0.375,0.375,0.3277777777777778,0.0,0.3277777777777778,0.3277777777777778,0.1925925925925926,0.0,0.1925925925925926,0.1925925925925926,70.2,0.0,70.2,70.2,94.9,0.0,94.9,94.9,1.0,0.0,1,1,61.2,1.6431676725154982,59.0,63.0,2.45,0.0,2.45,2.45,75.63337380292496,1.223273277088328,73.93203392535794,76.87612256910364,42.09438661772346,0.7396671169684085,41.29667619576678,43.05671937195714,0.0,0.0,0.0,0.0,0.4,0.5477225575051661,0.0,1.0,0.0,0.0,0.0,0.0,0.0,0.0,0.0,0.0,0.4,0.5477225575051661,0.0,1.0,47.38,0.9203260291874862,46.3,48.2,user_001,5
2024-01-01 13:40:00,5.0,1.8708286933869709,3,7,2031.4,7.1624018317879745,2023,2041,6.952799999999999,0.1316328226545337,6.742,7.075999999999999,81.57296343561806,1.8916915375678711,79.49312886931429,84.44139060858413,45.842719316923976,2.605703025743259,41.87453231294254,48.711798469413814,97.472,0.117132403714774,97.3,97.56,33.5304,0.1258681850190894,33.42,33.674,0.0,0.0,0,0,53.37514507601443,2.5123062405439835,50.49348869043885,56.92899246029257,81.2,6.3796551630946325,76,90,47.04,12.447811052550565,28.2,56.3,50.92,13.774142441546042,36.2,69.8,97.3,0.6892024376045118,96.3,98.1,33.42,0.6117188896870858,32.55,34.16,6.938,0.5527838637297582,6.59,7.92,81.02869106144263,0.7636086534491737,79.96312739281643,81.7594451534271,79.40470218281703,0.2244804266620938,79.14694020872462,79.69198818937771,-0.1864817178090305,2.4593063970463787,-2.480463536194705,2.7793046957079355,50.25684836141202,0.0,50.25684836141202,50.25684836141202,3.9448277251884782,0.3540409056123386,3.5822983387897165,4.509445458180049,2.7572622167002923,0.3827956346753083,2.1993273559857394,3.147720639496709,46.27286617756761,0.0926311255016651,46.14578452421763,46.380849735570656,540.0,0.0,540.0,540.0,0.375,0.0,0.375,0.375,0.3277777777777778,0.0,0.3277777777777778,0.3277777777777778,0.1925925925925926,0.0,0.1925925925925926,0.1925925925925926,70.2,0.0,70.2,70.2,94.9,0.0,94.9,94.9,0.6,0.5477225575051661,0,1,63.0,2.121320343559642,61.0,66.0,1.96,0.6709601329438285,1.225,2.45,74.90651778420963,0.6821827520047141,74.13802596311568,75.60843901479242,40.46462695495556,0.6596979703591321,39.76799285558592,41.26005095291835,0.2,0.447213595499958,0.0,1.0,0.0,0.0,0.0,0.0,0.0,0.0,0.0,0.0,0.0,0.0,0.0,0.0,0.2,0.447213595499958,0.0,1.0,46.84,1.1844830095868817,45.8,48.3,user_001,5
2024-01-01 13:45:00,5.0,1.8708286933869709,3,7,2055.2,7.726577508832783,2047,2066,6.492400000000001,0.1687210715945108,6.244,6.626,81.24253016436123,1.8526791471336177,79.20095930402321,83.80323765107835,45.090893078771884,2.093864796369783,42.433683267547984,47.15578884503199,97.604,0.1089954127475085,97.42,97.7,33.725199999999994,0.1122817883719355,33.604,33.908,0.0,0.0,0,0,54.11014256145046,4.230544506010481,48.377305236568894,58.73510776013003,80.8,5.263078946776306,76,87,45.36,9.666591953734262,33.0,56.6,52.16,15.45389918434827,33.6,69.7,97.64,0.5770615218501435,96.8,98.3,33.908,0.301612333965303,33.45,34.18,6.590000000000001,0.2423839928708164,6.19,6.84,81.85217330850273,0.5175962578843801,81.24253016436123,82.54353930471913,79.96473444382775,0.0910419588048189,79.80576990402957,80.02022811971247,-0.2212650821806136,1.9364280097966016,-2.6010792170261112,1.897571761691239,50.25684836141202,0.0,50.25684836141202,50.25684836141202,3.906217658172443,0.4683588196574164,3.394038003778814,4.37082838865544,2.2803130915235967,0.3138824258590214,1.944272557127078,2.616312178261673,45.950492665358695,0.205587203261899,45.719618072173915,46.18389982371377,540.0,0.0,540.0,540.0,0.375,0.0,0.375,0.375,0.3277777777777778,0.0,0.3277777777777778,0.3277777777777778,0.1925925925925926,0.0,0.1925925925925926,0.1925925925925926,70.2,0.0,70.2,70.2,94.9,0.0,94.9,94.9,0.6,0.5477225575051661,0,1,69.0,3.3911649915626336,66.0,74.0,1.96,0.6709601329438285,1.225,2.45,75.50066424292245,0.5441398537383824,74.75215858532309,76.13287998856623,39.37662012375872,0.1280284664435248,39.26134164864382,39.583027701259205,0.0,0.0,0.0,0.0,0.0,0.0,0.0,0.0,0.0,0.0,0.0,0.0,0.0,0.0,0.0,0.0,0.0,0.0,0.0,0.0,46.9,1.326649916142164,45.4,48.7,user_001,5
2024-01-01 13:50:00,5.2,1.095445115010332,4,6,2081.6,7.924645102463634,2072,2092,6.139200000000001,0.1351192066288135,5.984,6.346,75.90354306691177,0.7208277645457966,75.16315245511569,76.80063953601548,49.66365670173128,0.9489466956362632,48.870525896688,51.196647090703806,97.404,0.2430637776387072,97.0,97.6,33.437200000000004,0.07555924827577,33.374,33.556,0.0,0.0,0,0,45.761253341425586,2.962585221026651,42.80438673676116,50.5848701577126,74.8,2.588435821108958,72,79,51.279999999999994,2.428373941550189,48.8,54.6,44.86,9.277014606003377,31.3,55.0,97.46,0.7893034904268407,96.5,98.3,33.408,0.5499727265965131,33.05,34.38,5.984,0.2188149903457255,5.69,6.26,77.69559483897979,1.7103718427810457,75.90354306691177,80.16168677624083,79.65118588011998,0.1684397588914595,79.46885404617504,79.87565694209442,-0.5517715334558829,1.3360845797105962,-2.4003197680077335,1.2789491816281071,50.25684836141202,0.0,50.25684836141202,50.25684836141202,2.6145625235022,0.902537138744532,1.1680113052053,3.279925676432498,2.0134211819854753,0.9498146500298968,0.9489466956359092,2.963691718160373,45.86164238117207,0.0998147051510898,45.785318934965105,46.03384545257709,540.0,0.0,540.0,540.0,0.375,0.0,0.375,0.375,0.3277777777777778,0.0,0.3277777777777778,0.3277777777777778,0.1925925925925926,0.0,0.1925925925925926,0.1925925925925926,70.2,0.0,70.2,70.2,94.9,0.0,94.9,94.9,1.0,0.0,1,1,76.0,0.7071067811865476,75.0,77.0,2.45,0.0,2.45,2.45,67.54063661049453,3.6013790881476715,63.30427057465795,72.30252003581889,41.3734536332613,1.0933697748995233,40.045920774670456,42.74552113003171,0.0,0.0,0.0,0.0,0.0,0.0,0.0,0.0,0.0,0.0,0.0,0.0,0.0,0.0,0.0,0.0,0.0,0.0,0.0,0.0,52.02,0.7918333157931677,50.8,52.8,user_001,5
2024-01-01 13:55:00,3.6,1.3416407864998738,3,6,2102.8,6.220932405998283,2095,2110,6.6932,0.1034466045842008,6.575999999999999,6.814,79.35437604173323,1.2905526954836628,77.6280677578292,80.75204517188614,50.006489771421414,2.4136475138119957,47.89776472713587,53.830422662150305,97.048,0.1527088733505701,96.9,97.22,33.5052,0.1520960223017015,33.286,33.635999999999996,0.0,0.0,0,0,50.53251072808897,2.021674545783528,48.35901389126074,52.7885208368911,80.6,5.079370039680117,74,87,51.059999999999995,9.529323165891688,41.3,65.1,52.120000000000005,9.1671696831683,39.5,65.2,97.0,0.9055385138137412,95.7,97.7,33.410000000000004,0.6033655608335643,32.69,34.2,6.814,0.52457601927652,6.18,7.43,77.7796668100714,1.3093047631828536,76.06902871127451,79.35437604173325,79.54808483469344,0.0486608772066446,79.46812491967223,79.59864195944144,0.6228119791333825,2.13639295892454,-2.250681723962046,3.123977414056938,50.25684836141202,0.0,50.25684836141202,50.25684836141202,2.18385221180816,0.6285183381791704,1.718345351655165,3.2612199410065457,1.5159509475554438,0.5147105718514484,1.1793647024935616,2.413647513811865,46.132391863638574,0.092491545587063,46.03429869022099,46.27953246014734,540.0,0.0,540.0,540.0,0.375,0.0,0.375,0.375,0.3277777777777778,0.0,0.3277777777777778,0.3277777777777778,0.1925925925925926,0.0,0.1925925925925926,0.1925925925925926,70.2,0.0,70.2,70.2,94.9,0.0,94.9,94.9,0.2,0.447213595499958,0,1,71.4,1.3416407864998754,69.0,72.0,1.4700000000000002,0.5478366544874486,1.225,2.45,65.4240132725316,1.3099310811812197,63.722159131087736,66.76583514676739,43.65915649361905,0.6769065168128067,42.871940572910766,44.56879369844748,0.0,0.0,0.0,0.0,0.0,0.0,0.0,0.0,0.0,0.0,0.0,0.0,0.0,0.0,0.0,0.0,0.0,0.0,0.0,0.0,50.1,0.953939201416947,48.8,51.0,user_001,5
2024-01-01 14:00:00,6.0,0.7071067811865475,5,7,2127.2,9.80815986819142,2115,2140,6.5680000000000005,0.0689202437604508,6.504,6.68,78.11497956105129,0.9751771318110972,76.97960341701058,79.46940512551588,51.832541862903234,1.2807752225304905,49.89860200733833,53.020281774766865,97.052,0.2504396134799816,96.68,97.32,33.9032,0.0967119434196189,33.736,33.982,0.0,0.0,0,0,49.71753227694999,2.4607253839152934,47.39526337518837,53.39859655561137,77.4,3.361547262794323,72,81,51.42,5.244711622196211,45.3,58.6,48.72,9.42825540595926,36.0,59.0,96.98,0.9038805230781324,95.9,98.2,33.912,0.254106276978749,33.62,34.22,6.526000000000001,0.5320996147339327,5.9,7.25,78.89575859227278,0.5978553781724897,78.11497956105129,79.56958402782216,79.51725122651655,0.1349742285635233,79.3221805598167,79.6623593893814,-0.3574897805256455,1.3545038788601167,-2.489801708505297,0.7652974372420687,50.25684836141202,0.0,50.25684836141202,50.25684836141202,2.7268627125801768,0.4526108181975896,1.918611677492785,2.9645649900369246,1.9140685769743644,0.4779917677023754,1.280775222530342,2.3817515629311172,46.98243294774939,0.3247311090491745,46.58413275120933,47.39011675744052,540.0,0.0,540.0,540.0,0.375,0.0,0.375,0.375,0.3277777777777778,0.0,0.3277777777777778,0.3277777777777778,0.1925925925925926,0.0,0.1925925925925926,0.1925925925925926,70.2,0.0,70.2,70.2,94.9,0.0,94.9,94.9,1.0,0.0,1,1,72.0,2.549509756796392,68.0,74.0,2.45,0.0,2.45,2.45,64.3471423969706,1.1039435427877924,63.19560312422284,65.78416062007037,46.41234558549995,0.8353078982876937,45.32001573021413,47.41666072264888,0.0,0.0,0.0,0.0,0.0,0.0,0.0,0.0,0.0,0.0,0.0,0.0,0.0,0.0,0.0,0.0,0.0,0.0,0.0,0.0,51.42,0.9203260291874856,50.0,52.3,user_001,5
2024-01-01 14:05:00,6.2,1.9235384061671343,4,9,2159.0,10.02496882788175,2147,2171,6.554399999999999,0.1495018394535662,6.426,6.772,79.4719314648298,1.758079746762569,78.08888396770799,82.44998892734296,46.329470533386434,4.803985065217071,40.1380875071392,51.81069689106321,97.12,0.261533936612436,96.82,97.42,33.5916,0.2105583054643071,33.342,33.815999999999995,0.0,0.0,0,0,55.20543634922798,3.585885501945771,50.68847305351448,60.42821024600644,79.6,6.348228099241551,74,90,42.779999999999994,11.189593379564782,29.8,54.5,58.08,12.845894285724134,43.5,68.5,97.42,0.7395944834840232,96.7,98.6,33.67,0.4758676286531802,33.3,34.47,6.470000000000001,0.6552861970162349,5.91,7.49,78.7772192384886,0.7356761554453305,77.91776869380058,79.4719314648298,79.33818397495966,0.0471054355113298,79.27672062241757,79.3892880671062,0.0640342675851002,2.506424134294474,-2.816662975780986,3.7750055363285218,50.25684836141202,0.0,50.25684836141202,50.25684836141202,3.2346608329041304,1.0489888637255045,2.090696722198021,4.256997407591245,3.081177310489296,1.9369010326076448,1.195125786722084,5.306617565876544,48.049661951967,0.1919203527142752,47.73674450496035,48.24633089109349,540.0,0.0,540.0,540.0,0.375,0.0,0.375,0.375,0.3277777777777778,0.0,0.3277777777777778,0.3277777777777778,0.1925925925925926,0.0,0.1925925925925926,0.1925925925925926,70.2,0.0,70.2,70.2,94.9,0.0,94.9,94.9,1.2,0.4472135954999579,1,2,77.4,2.302172886644267,75.0,80.0,2.9400000000000004,1.0956733089748971,2.45,4.9,66.78370201367582,3.394518946202851,63.44962484014243,71.28741078307326,46.695079674614675,0.8524638963062725,45.55467068655778,47.49990935808766,0.0,0.0,0.0,0.0,0.2,0.4472135954999579,0.0,1.0,0.0,0.0,0.0,0.0,0.0,0.0,0.0,0.0,0.2,0.4472135954999579,0.0,1.0,49.18,2.0203960007879607,47.1,51.6,user_001,5
2024-01-01 14:10:00,5.6,3.2093613071762426,3,10,2185.4,9.502631214563692,2175,2199,6.413200000000001,0.250026398606227,6.042,6.672,77.31399920524507,1.9095828535085848,75.4337433978394,80.30388595459529,43.583469370651706,3.3374881115435864,37.80011605079292,45.90007736719528,97.552,0.2711457172813195,97.18,97.86,33.467200000000005,0.0969288398775106,33.306,33.554,0.0,0.0,0,0,52.48046898426048,2.771212922257442,49.33430103668644,56.77717733254448,78.2,5.357238094391549,74,85,44.32,13.3797234650048,24.4,62.1,50.3,10.36894401566524,43.3,68.3,97.42,1.3442470011125267,95.6,99.2,33.306,0.7042229760523291,32.25,34.15,6.672,0.8294395698301352,5.57,7.54,77.82317290383389,0.9788664966735444,76.87099880786761,79.1146209765532,78.80393094869154,0.2768471625897342,78.56689325068874,79.18448041494504,0.4430003973774603,1.8436097632983164,-1.3629613225693331,2.522085534053531,50.25684836141202,0.0,50.25684836141202,50.25684836141202,4.416398022042079,0.4147190104173415,4.090527467755928,5.002936067122562,3.1339925755333637,0.809907419533201,1.9957208141195255,4.253568724564535,47.83794999641815,0.1663561300580344,47.640778827908065,48.0184190294598,540.0,0.0,540.0,540.0,0.375,0.0,0.375,0.375,0.3277777777777778,0.0,0.3277777777777778,0.3277777777777778,0.1925925925925926,0.0,0.1925925925925926,0.1925925925925926,70.2,0.0,70.2,70.2,94.9,0.0,94.9,94.9,1.0,1.0,0,2,82.6,3.714835124201343,80.0,89.0,2.9400000000000004,1.85780448379263,1.225,4.9,72.8273243163654,0.8391388304394385,72.08779350073874,73.83988761166063,44.72411682179945,0.5691621052032628,43.96762698812404,45.34380875110045,0.0,0.0,0.0,0.0,0.2,0.447213595499958,0.0,1.0,0.0,0.0,0.0,0.0,0.0,0.0,0.0,0.0,0.2,0.447213595499958,0.0,1.0,49.38,0.6220932405998323,48.6,50.1,user_001,5
2024-01-01 14:15:00,3.8,1.9235384061671343,2,7,2209.4,7.0213958726168,2201,2218,6.2976,0.186769376504822,6.118,6.597999999999999,77.6248887842298,0.8205207633208749,76.69061597982012,78.53592396973019,47.42498362082656,2.1569277248424203,45.25187477546527,50.7778121631979,97.628,0.0878635305459613,97.5,97.72,33.7244,0.1552249979867925,33.53,33.902,0.0,0.0,0,0,54.28170784977915,2.9913031155047243,51.08953402445763,58.52635601630508,76.8,3.4928498393145966,73,81,48.12,9.606872540010093,34.2,60.8,56.84,11.613914068908898,45.3,73.4,97.62,0.7049822692805833,96.8,98.7,33.902,0.4733075110327352,33.16,34.34,6.118,0.7034699709298183,5.11,6.85,77.8756441684061,0.2654942096147331,77.6248887842298,78.25599976451704,78.14117609200875,0.1944244216336804,77.96395302066682,78.44459550045916,-0.4124443921149009,1.5545512120436646,-1.8453079899100688,1.3791680029896156,50.25684836141202,0.0,50.25684836141202,50.25684836141202,4.564543376348164,1.0553423522955114,3.455364432351908,5.764806706188827,3.207732570395315,1.3238804652861766,2.1569277248422027,4.659835001025627,48.040393963863025,0.0874049386743834,47.95106278117857,48.140101976820105,540.0,0.0,540.0,540.0,0.375,0.0,0.375,0.375,0.3277777777777778,0.0,0.3277777777777778,0.3277777777777778,0.1925925925925926,0.0,0.1925925925925926,0.1925925925925926,70.2,0.0,70.2,70.2,94.9,0.0,94.9,94.9,0.4,0.5477225575051661,0,1,82.2,3.033150177620622,78.0,86.0,1.7150000000000003,0.6709601329438285,1.225,2.45,69.59004263615051,1.311706053980381,67.9077083254682,70.92095177899044,43.24972500037292,0.4574568181170057,42.674416163941686,43.83239378776022,0.0,0.0,0.0,0.0,0.0,0.0,0.0,0.0,0.0,0.0,0.0,0.0,0.0,0.0,0.0,0.0,0.0,0.0,0.0,0.0,50.66,0.4560701700396549,50.2,51.4,user_001,5
2024-01-01 14:20:00,6.0,1.5811388300841895,4,8,2236.0,9.53939201416942,2223,2248,6.4596,0.1175704044392124,6.256,6.558,78.58105531314962,1.960655277424593,75.66296177512035,81.18353856672016,44.03719948916235,2.5098371459817694,41.81126046982459,47.86950612848696,97.288,0.2027806696901934,97.1,97.58,33.628,0.1157497300212815,33.468,33.744,0.0,0.0,0,0,53.48541008721371,2.0785760648863474,50.54963893695956,55.78668760815902,78.8,6.906518659932803,70,86,41.760000000000005,6.363411034971733,35.1,48.6,52.14,7.748741833355917,44.0,63.6,97.28,0.742967024840274,96.1,97.9,33.564,0.3566230502926032,33.13,34.02,6.498,0.5029612311103118,5.89,7.23,77.93753338843209,0.5450939922363215,77.41106168187991,78.58105531314962,78.18149918358415,0.1813873831352991,78.01360874992601,78.41020506170646,0.1094723434251989,2.7037578105511484,-2.8314808875601756,3.1123460749598877,50.25684836141202,0.0,50.25684836141202,50.25684836141202,2.358711825201404,0.2105679342661208,2.1141272512391085,2.6368862146362373,2.003224111188204,0.5495634663825123,1.2118004237230176,2.538738937735076,47.70443048083793,0.3551933392989671,47.202359108058616,48.1067346512134,540.0,0.0,540.0,540.0,0.375,0.0,0.375,0.375,0.3277777777777778,0.0,0.3277777777777778,0.3277777777777778,0.1925925925925926,0.0,0.1925925925925926,0.1925925925925926,70.2,0.0,70.2,70.2,94.9,0.0,94.9,94.9,1.2,0.4472135954999579,1,2,77.0,1.8708286933869716,75.0,80.0,2.9400000000000004,1.0956733089748971,2.45,4.9,70.2185090820017,1.9683397577029915,68.59280313300557,73.02466988393121,42.27098397185175,0.1553439147870984,42.12309518903336,42.50990207318592,0.0,0.0,0.0,0.0,0.0,0.0,0.0,0.0,0.0,0.0,0.0,0.0,0.0,0.0,0.0,0.0,0.0,0.0,0.0,0.0,48.94,1.7798876369029568,46.6,50.8,user_001,5
2024-01-01 14:25:00,6.0,0.7071067811865476,5,7,2266.4,9.659192512834544,2254,2278,6.5496,0.1213869844752717,6.354000000000001,6.684,79.22795790132011,1.7569408700778035,77.85935047409785,82.21913095784649,44.853211455362946,2.005593814238234,43.38278243103315,47.89234774712585,97.7,0.1969771560359226,97.52,97.96,33.434000000000005,0.2032682956095233,33.144,33.67,0.0,0.0,0,0,54.40918980572362,1.6339898498294754,51.64029751984282,55.640669419646336,80.6,4.5055521304275254,76,88,46.5,6.174949392505172,42.0,56.9,55.7,6.7974259834146045,46.0,63.5,97.86,0.750333259292168,96.8,98.7,33.424,0.693346954994395,32.68,34.44,6.540000000000001,0.6736096792653742,5.74,7.48,78.8212389647318,0.319612763724688,78.45403687543308,79.22795790132012,78.35509454269422,0.0474017055376988,78.3003697241231,78.41791448558209,0.6860210493399421,1.393997201422769,-0.929675237048926,2.890434521076756,50.25684836141202,0.0,50.25684836141202,50.25684836141202,2.085187683021867,0.4095742969097482,1.607521881825934,2.5616186002214625,1.5670419888324991,0.5630339826654566,0.8946551169404399,2.2802155896914993,46.698218554403894,0.2737159596229445,46.34347938871554,47.06157273870574,540.0,0.0,540.0,540.0,0.375,0.0,0.375,0.375,0.3277777777777778,0.0,0.3277777777777778,0.3277777777777778,0.1925925925925926,0.0,0.1925925925925926,0.1925925925925926,70.2,0.0,70.2,70.2,94.9,0.0,94.9,94.9,1.0,0.0,1,1,81.0,2.121320343559642,79.0,84.0,2.45,0.0,2.45,2.45,73.79979593938188,0.907191051850034,72.77613511525355,74.8324519688641,42.086294499914835,0.1067249066438897,41.911219396631076,42.19502051185059,0.0,0.0,0.0,0.0,0.0,0.0,0.0,0.0,0.0,0.0,0.0,0.0,0.0,0.0,0.0,0.0,0.0,0.0,0.0,0.0,48.68,0.8757853618324544,47.3,49.7,user_001,5
2024-01-01 14:30:00,4.4,2.5099800796022267,1,8,2292.8,7.496665925596452,2283,2300,6.3724,0.2209407160303416,6.1979999999999995,6.6579999999999995,76.99298211046191,2.2398707929098967,75.10501352253758,80.47942063856432,45.31671920399841,1.850778311333024,42.9194760981977,48.086433821421195,97.532,0.2047437422731073,97.24,97.8,33.319599999999994,0.1104391235025021,33.192,33.466,0.0,0.0,0,0,56.031169027914224,1.6648331684353466,53.52341366516449,58.129021119930144,74.4,2.6076809620810595,71,77,46.18,6.284663873271186,37.6,54.1,56.2,6.694400645315459,47.3,63.2,97.52,1.2457929201918003,96.1,98.9,33.352,0.3679266231193385,33.02,33.96,6.202,0.5688321369261761,5.59,6.88,78.77399031634327,1.1568149757282624,76.9929821104619,79.7519719342134,78.33479983003929,0.0990032252748608,78.20213579653938,78.44831246998064,-1.2964910552309532,1.3195907924024204,-2.493140212854769,0.6316621591541463,50.25684836141202,0.0,50.25684836141202,50.25684836141202,2.204308916913895,0.2578741384261859,1.8467994404897337,2.5562251933290563,1.669713392404437,0.2964236002668419,1.1696776154558417,1.8969693698553127,45.64105484392699,0.3350159775360265,45.25750894556474,46.07343070358813,540.0,0.0,540.0,540.0,0.375,0.0,0.375,0.375,0.3277777777777778,0.0,0.3277777777777778,0.3277777777777778,0.1925925925925926,0.0,0.1925925925925926,0.1925925925925926,70.2,0.0,70.2,70.2,94.9,0.0,94.9,94.9,1.0,0.7071067811865476,0,2,83.4,2.1908902300206634,82.0,87.0,2.6950000000000003,1.3419202658876572,1.225,4.9,71.78295475309456,1.2704562702472015,69.71578560541481,73.06675094212702,41.56869708316874,0.0854812835593515,41.44049881696972,41.65912263365445,0.0,0.0,0.0,0.0,0.0,0.0,0.0,0.0,0.0,0.0,0.0,0.0,0.0,0.0,0.0,0.0,0.0,0.0,0.0,0.0,50.260000000000005,1.737239189058317,47.7,52.2,user_001,5
2024-01-01 14:35:00,4.8,1.9235384061671343,3,8,2313.4,8.590692637965828,2303,2324,6.3671999999999995,0.2753456010180658,5.958,6.62,78.4846725412954,0.8095662714447401,77.77185585852966,79.52499432845323,47.597592652378395,1.1891255106008056,46.29245219047522,49.33301742856924,97.62,0.2130727575266227,97.42,97.94,33.7232,0.3073779432555337,33.318,34.013999999999996,0.0,0.0,0,0,49.188302094210925,2.1951154516565774,45.90092121781027,51.47707274007311,80.0,4.47213595499958,75,86,46.879999999999995,3.9537324138085,41.4,52.3,47.04,7.369396176078474,41.2,57.2,97.42,0.2949576240750537,97.0,97.8,33.796,0.6953272610792679,33.06,34.8,6.537999999999999,0.7836899897280813,5.42,7.29,77.36332382766662,0.755221405719792,76.68576982687196,78.4846725412954,78.09915059490228,0.1030378859615953,77.98972229725881,78.22364608658181,0.7576637293523021,1.8772353473027472,-1.385927929264824,3.421108106102764,50.25684836141202,0.0,50.25684836141202,50.25684836141202,1.835765169793317,0.2816175825407666,1.3725616717218845,2.063305314158877,1.6198413623962875,0.5802683902121389,0.9418038496235313,2.2814235510925904,45.24745852540053,0.176978146107311,45.03741138321395,45.4688626320634,540.0,0.0,540.0,540.0,0.375,0.0,0.375,0.375,0.3277777777777778,0.0,0.3277777777777778,0.3277777777777778,0.1925925925925926,0.0,0.1925925925925926,0.1925925925925926,70.2,0.0,70.2,70.2,94.9,0.0,94.9,94.9,1.0,0.7071067811865476,0,2,77.4,2.073644135332772,75.0,80.0,2.6950000000000003,1.341920265887657,1.225,4.9,68.01702339460232,0.7159270313154531,67.17023805461227,68.72556274887316,42.11282001624738,0.5007851609599486,41.55731926875069,42.74504582638771,0.0,0.0,0.0,0.0,0.0,0.0,0.0,0.0,0.0,0.0,0.0,0.0,0.0,0.0,0.0,0.0,0.0,0.0,0.0,0.0,50.58,0.6220932405998334,49.6,51.1,user_001,5
2024-01-01 14:40:00,4.8,0.447213595499958,4,5,2338.4,7.436396977031299,2329,2348,6.7836,0.0953142171976459,6.640000000000001,6.892,80.46547128115824,1.6072467986553698,78.56296128250466,83.01666288563548,48.93013565792637,1.7047957609279547,46.31711304565928,50.42566956848893,97.272,0.1237739875741266,97.12,97.44,33.6672,0.4054296486444921,33.322,34.221999999999994,0.0,0.0,0,0,44.24487928812654,2.798553673939561,41.19656924972156,47.332655654265984,80.8,6.260990336999411,75,90,48.94,7.567562355210557,38.1,57.0,42.92,15.35063516601186,22.3,58.9,97.34,0.7231873892705815,96.5,97.9,33.428,0.9630524388630104,32.06,34.26,6.640000000000001,0.4148493702538308,6.03,7.12,79.92768050405486,0.4764662270149722,79.2564483608636,80.46547128115824,78.4499018616058,0.1339795802146599,78.24728398396687,78.56283798860251,0.1672643594208779,2.482728291431504,-2.6722209618784944,3.491668557182251,50.25684836141202,0.0,50.25684836141202,50.25684836141202,2.262265766847919,0.2712034472705729,1.9779340778395544,2.6938581129723156,1.6549121330680374,0.0756101285121494,1.5711012300950795,1.7142549122431283,46.06888891418169,0.3226068671199532,45.6659084213756,46.359973679942506,540.0,0.0,540.0,540.0,0.375,0.0,0.375,0.375,0.3277777777777778,0.0,0.3277777777777778,0.3277777777777778,0.1925925925925926,0.0,0.1925925925925926,0.1925925925925926,70.2,0.0,70.2,70.2,94.9,0.0,94.9,94.9,1.0,0.0,1,1,72.0,2.345207879911713,70.0,75.0,2.45,0.0,2.45,2.45,69.30412182511496,0.2278373224531705,69.04534017445857,69.56082489883752,43.39440715846125,0.3674448836667118,42.90760399143176,43.765319490651216,0.0,0.0,0.0,0.0,0.0,0.0,0.0,0.0,0.0,0.0,0.0,0.0,0.0,0.0,0.0,0.0,0.0,0.0,0.0,0.0,49.260000000000005,0.9581231653602764,48.2,50.6,user_001,5
2024-01-01 14:45:00,6.0,2.7386127875258306,2,9,2364.0,9.695359714832684,2353,2378,6.492,0.0980306074652198,6.380000000000001,6.646000000000001,80.97816905760108,1.1914502180234934,79.81076033349855,82.57421075037175,46.17656107429483,1.3182192990431674,44.788565539883315,47.811408697106195,97.436,0.1013903348450852,97.32,97.54,33.4408,0.1592080399979847,33.326,33.696,0.0,0.0,0,0,52.127144597613366,1.9971283482647797,49.764794160232555,54.98118029078487,81.2,4.08656334834051,76,87,45.98,5.756474615595903,39.8,51.5,53.1,8.779521627059188,43.0,62.5,97.36,0.2073644135332732,97.1,97.6,33.696000000000005,0.510127435059123,32.89,34.3,6.646000000000001,0.9251108041742896,5.27,7.63,80.75492088942286,0.243584815199297,80.3769808541055,80.97816905760108,78.92978131510858,0.1624751074584663,78.69744754795722,79.1217180341644,0.1109154711994563,1.6040576371498558,-1.905380166749282,2.212894624814126,50.25684836141202,0.0,50.25684836141202,50.25684836141202,2.388508076146377,0.2477313355631634,2.046001711174893,2.710541729404123,1.7042925122750816,0.415500455321597,1.3037610780395763,2.262294256930186,46.237228169768784,0.0591676632478378,46.15190325552055,46.30678232492123,540.0,0.0,540.0,540.0,0.375,0.0,0.375,0.375,0.3277777777777778,0.0,0.3277777777777778,0.3277777777777778,0.1925925925925926,0.0,0.1925925925925926,0.1925925925925926,70.2,0.0,70.2,70.2,94.9,0.0,94.9,94.9,1.2,0.8366600265340756,0,2,71.2,4.381780460041328,66.0,78.0,3.185,1.6435099634623451,1.225,4.9,71.61396270212511,1.4700204627405753,69.68740351959016,73.1595250961024,43.58760750805136,0.2762595575486875,43.14500488989333,43.855502043607345,0.0,0.0,0.0,0.0,0.0,0.0,0.0,0.0,0.0,0.0,0.0,0.0,0.0,0.0,0.0,0.0,0.0,0.0,0.0,0.0,48.18,0.5310367218940704,47.7,49.0,user_001,5
2024-01-01 14:50:00,4.4,0.5477225575051663,4,5,2391.8,6.648308055437866,2383,2400,6.578399999999999,0.1371160092768168,6.374,6.754,81.68766012281166,0.7120386067181522,80.8515082140244,82.69674317452575,44.94201627315816,2.522294906995204,40.72066967702679,46.896506773310286,97.908,0.1253794241492606,97.76,98.1,33.3408,0.2387324862686254,33.08,33.656,0.0,0.0,0,0,56.819212457298875,4.326833787406142,51.40986277348836,63.01676301698536,82.4,1.516575088810308,80,84,42.9,6.358852097666685,33.1,47.8,62.120000000000005,7.0630729856061985,54.7,73.4,97.94,0.8354639429682146,96.8,98.8,33.22,0.4329549630157825,32.82,33.74,6.553999999999999,0.4423573216303758,5.82,7.02,81.03620357391576,0.4669325161060195,80.54585291448936,81.68766012281166,79.44622634602253,0.1578429632750278,79.21447868944293,79.6394855024414,0.3561699385941693,0.4590835129722194,-0.4257541070121959,0.7161639286585313,50.25684836141202,0.0,50.25684836141202,50.25684836141202,1.587584725855009,0.3859489505435225,1.188916439358251,2.0253687912445444,1.2163175859372024,0.7326647143611422,0.7924884217245449,2.522294906994961,46.23501221440028,0.0973955235750929,46.09349105923592,46.33905907927978,540.0,0.0,540.0,540.0,0.375,0.0,0.375,0.375,0.3277777777777778,0.0,0.3277777777777778,0.3277777777777778,0.1925925925925926,0.0,0.1925925925925926,0.1925925925925926,70.2,0.0,70.2,70.2,94.9,0.0,94.9,94.9,1.0,0.0,1,1,78.4,2.1908902300206656,76.0,80.0,2.45,0.0,2.45,2.45,73.71020275993763,1.0283504758053927,72.77577402816148,75.42919960967052,42.34408765551742,0.5361897187913957,41.581027300204354,42.941211782414136,0.0,0.0,0.0,0.0,0.2,0.4472135954999579,0.0,1.0,0.0,0.0,0.0,0.0,0.0,0.0,0.0,0.0,0.2,0.4472135954999579,0.0,1.0,47.7,1.124722187920198,45.9,48.8,user_001,5
2024-01-01 14:55:00,5.2,2.8635642126552705,2,9,2417.0,7.3824115301167,2409,2426,6.545999999999999,0.1041633332799984,6.43,6.708,80.32512396679002,1.4237906814450298,78.38393325755071,82.1311621163505,47.2304712787698,2.7267207761789023,42.64711311801786,49.29173722015344,97.252,0.1792205345377674,97.06,97.52,33.8932,0.1169581121598701,33.739999999999995,34.044000000000004,0.0,0.0,0,0,50.40442303964429,3.8938847237329415,45.67533719021788,56.444508677990235,78.6,4.159326868617082,73,84,49.82,5.695348979649973,43.0,57.9,45.379999999999995,10.053208443079257,34.3,59.8,97.06,0.7765307463326874,95.8,97.8,34.044,0.3558510924530075,33.49,34.36,6.554,0.6716248953098746,5.53,7.21,81.30501446240866,0.6132771267373994,80.32512396679002,81.85844008187443,79.86018892896867,0.0646218478286441,79.78187922384983,79.95018643669623,-0.8625619833950082,1.5460145162032228,-2.6919666287753614,1.462050056836958,50.25684836141202,0.0,50.25684836141202,50.25684836141202,2.8661233252312743,0.4260406521232118,2.1971275183339967,3.2279172305840325,3.1513173742279976,0.5914816228308163,2.5944813017332105,3.991684273759846,46.52951601177288,0.1823343809769415,46.268470701902125,46.69891602342099,540.0,0.0,540.0,540.0,0.375,0.0,0.375,0.375,0.3277777777777778,0.0,0.3277777777777778,0.3277777777777778,0.1925925925925926,0.0,0.1925925925925926,0.1925925925925926,70.2,0.0,70.2,70.2,94.9,0.0,94.9,94.9,0.8,0.8366600265340756,0,2,78.6,1.3416407864998738,77.0,80.0,2.45,1.5003124674546966,1.225,4.9,74.47636765411036,2.1353369712594796,71.16881264017033,76.44928584480114,41.06782039607717,0.0915586600023676,40.92683454346054,41.16140559448366,0.0,0.0,0.0,0.0,0.0,0.0,0.0,0.0,0.0,0.0,0.0,0.0,0.0,0.0,0.0,0.0,0.0,0.0,0.0,0.0,48.260000000000005,1.3464768843169908,46.2,49.9,user_001,5
2024-01-01 15:00:00,4.8,2.16794833886788,2,7,2439.8,7.39594483484017,2430,2450,6.208799999999999,0.1026216351458112,6.093999999999999,6.327999999999999,76.93499574871308,0.8638343301895587,75.85449874297798,77.92262217170047,44.759403625187794,2.730474568832381,40.395982417132814,47.729660986734864,97.452,0.3008654184182676,97.06,97.84,33.653999999999996,0.1346625411909365,33.45399999999999,33.826,0.0,0.0,0,0,52.57037669657867,5.242343719716146,49.21964551464189,61.87976367642793,76.4,2.9664793948382653,73,81,42.04,8.29234586832942,29.0,49.3,57.14,16.932749333761485,46.5,87.2,97.84,0.5727128425310524,96.9,98.3,33.454,0.4543456833733518,33.06,34.05,6.328,0.5667186250689137,5.72,7.14,78.03605128723076,1.049209963989908,76.93499574871308,79.48341597786,79.73719909078325,0.0558590554966084,79.68030215408284,79.81268211972824,-0.2674978743565418,1.219180194273636,-1.6408740572334892,1.715167085674011,50.25684836141202,0.0,50.25684836141202,50.25684836141202,2.085355018576076,0.6171877826515952,1.5508754664442577,2.921108416016983,1.7566788128778064,0.6621477196651735,0.9766760635218306,2.73047456883215,46.773154371920704,0.0991839641330632,46.606030093619225,46.86237847376217,540.0,0.0,540.0,540.0,0.375,0.0,0.375,0.375,0.3277777777777778,0.0,0.3277777777777778,0.3277777777777778,0.1925925925925926,0.0,0.1925925925925926,0.1925925925925926,70.2,0.0,70.2,70.2,94.9,0.0,94.9,94.9,0.8,0.4472135954999579,0,1,75.8,2.6832815729997477,72.0,78.0,2.205,0.5478366544874486,1.225,2.45,69.21003115605541,0.6312033350048776,68.7140885953052,70.31607796088085,41.50554924919389,0.1511280639298575,41.274925153802045,41.69941779457262,0.0,0.0,0.0,0.0,0.2,0.4472135954999579,0.0,1.0,0.0,0.0,0.0,0.0,0.0,0.0,0.0,0.0,0.2,0.4472135954999579,0.0,1.0,50.68,0.9884331034521264,49.1,51.6,user_001,5
2024-01-01 15:05:00,6.6,1.51657508881031,5,8,2470.8,9.523654760647265,2458,2483,6.3256,0.1108368169878587,6.2219999999999995,6.5120000000000005,76.21695417267003,2.1503189356855703,73.57619728256356,79.50405845409291,46.91053874899593,3.246824857555355,43.219635544643005,51.36917997544676,97.108,0.3973914946246277,96.66,97.54,33.6096,0.070744611102186,33.548,33.717999999999996,0.0,0.0,0,0,58.20852697238896,3.021705698928016,53.99400405227494,61.69100607841241,77.2,6.534523701081816,68,86,48.04,15.51041585516004,35.7,65.2,57.46,14.627474149695152,38.6,72.1,97.02,1.253794241492603,95.3,98.7,33.558,0.5300660336222263,32.95,34.11,6.2219999999999995,0.5834552253600954,5.5,6.74,76.12721663041722,0.3305216868183744,75.72543125900506,76.62333049914206,79.53118122457502,0.1207420142603188,79.43472905829069,79.7195658575966,0.4915229136649827,2.3242791302459507,-2.7880986412817776,3.2479707729535505,50.25684836141202,0.0,50.25684836141202,50.25684836141202,5.408752897212805,0.6083069018349972,4.659417616429149,6.039099069757242,3.4981134888307337,0.6129829105118079,2.961990671048525,4.165019836770546,46.56313692689216,0.0572803099774682,46.49152110972214,46.62957561796837,540.0,0.0,540.0,540.0,0.375,0.0,0.375,0.375,0.3277777777777778,0.0,0.3277777777777778,0.3277777777777778,0.1925925925925926,0.0,0.1925925925925926,0.1925925925925926,70.2,0.0,70.2,70.2,94.9,0.0,94.9,94.9,1.4,0.5477225575051661,1,2,79.0,2.9154759474226513,75.0,83.0,3.4300000000000006,1.3419202658876572,2.45,4.9,68.13480757964355,1.320644438228219,66.94256512315056,69.77522968083247,42.62522275730869,0.6280122082084147,41.90142798991455,43.38131853995703,0.2,0.447213595499958,0.0,1.0,0.0,0.0,0.0,0.0,0.0,0.0,0.0,0.0,0.0,0.0,0.0,0.0,0.2,0.447213595499958,0.0,1.0,51.44,1.3088162590677126,49.4,52.9,user_001,5
2024-01-01 15:10:00,4.4,1.816590212458495,2,6,2494.8,7.628892449104223,2485,2505,6.3408,0.0533216653903454,6.2700000000000005,6.409999999999999,77.58083347129812,0.7884615643926787,76.74194324565715,78.82796216377143,43.09793102867436,0.8147134191614379,42.13721195943565,44.2248079729571,98.004,0.1219836054558182,97.9,98.2,33.6956,0.0939723363549044,33.59,33.839999999999996,0.0,0.0,0,0,58.60589655603476,2.7230429637650713,54.79370485536864,60.905630830303686,76.8,3.563705936241093,74,83,43.5,2.9478805945967337,41.1,48.4,56.52,5.622010316603841,50.2,62.7,98.04,0.6228964600959022,97.3,98.9,33.839999999999996,0.3940812099047603,33.57,34.53,6.37,0.503239505603445,5.61,6.89,77.33444828054877,0.5561043214458727,76.4779694484467,77.97125020694716,79.09897585399067,0.1130020741772389,78.95395608998066,79.25648603886046,-0.3904167356490575,1.5025670283362698,-1.8346861513643091,2.086018918114277,50.25684836141202,0.0,50.25684836141202,50.25684836141202,2.7587778968947236,1.4631410882485958,1.0066973419780394,4.424641033462632,2.0260785464501874,1.4193887535764502,0.5472471655850856,3.582806099775784,45.87281364195014,0.3264007958295166,45.519487004846816,46.276569628703655,540.0,0.0,540.0,540.0,0.375,0.0,0.375,0.375,0.3277777777777778,0.0,0.3277777777777778,0.3277777777777778,0.1925925925925926,0.0,0.1925925925925926,0.1925925925925926,70.2,0.0,70.2,70.2,94.9,0.0,94.9,94.9,0.6,0.5477225575051661,0,1,77.8,1.7888543819998322,76.0,80.0,1.96,0.6709601329438285,1.225,2.45,71.34000271519608,2.254548978296973,68.45724335146254,73.70196361170287,43.164664165146334,0.4083956154387542,42.68137386177992,43.63028279932506,0.0,0.0,0.0,0.0,0.0,0.0,0.0,0.0,0.0,0.0,0.0,0.0,0.0,0.0,0.0,0.0,0.0,0.0,0.0,0.0,50.239999999999995,0.8018728078691778,48.9,51.0,user_001,5
2024-01-01 15:15:00,6.4,2.408318915758459,3,9,2523.8,11.60603291396333,2508,2537,6.3476,0.1723275950043983,6.0600000000000005,6.508,76.70035667111745,0.887024952907237,75.701624647081,77.57865545593228,46.97232013546328,4.2021977333586245,42.11653864863806,51.37401717717247,97.672,0.1480540441865777,97.48,97.84,33.6796,0.0543580720776596,33.626,33.768,0.0,0.0,0,0,55.65155839421034,3.608892653000914,51.81480886984278,59.02221330476417,76.0,1.8708286933869709,73,78,49.739999999999995,15.827918372293936,28.7,65.8,54.46,15.49977419190357,37.4,73.3,97.6,0.5612486080160919,97.0,98.5,33.626,0.1443260198301058,33.47,33.85,6.346,0.5376616036132768,5.68,7.15,77.31219072007227,0.4211128734875888,76.70035667111745,77.67580251001425,78.52518749243225,0.2081138732525943,78.24098735890006,78.78041517109823,-0.3501783355587236,0.6278143017286515,-1.3508123235405094,0.2106722720338609,50.25684836141202,0.0,50.25684836141202,50.25684836141202,3.451905954129429,1.714834607845556,1.3765589321791118,5.627462687547526,2.876096942094649,1.4306865942786753,0.8919960971480274,4.2021977333585045,45.4669493959221,0.1265407011566208,45.3296580032312,45.65211351504155,540.0,0.0,540.0,540.0,0.375,0.0,0.375,0.375,0.3277777777777778,0.0,0.3277777777777778,0.3277777777777778,0.1925925925925926,0.0,0.1925925925925926,0.1925925925925926,70.2,0.0,70.2,70.2,94.9,0.0,94.9,94.9,1.2,0.8366600265340756,0,2,84.0,4.743416490252571,78.0,89.0,3.185,1.6435099634623456,1.225,4.9,70.65938670352475,2.3766300409793963,67.41104827400365,73.26598442213307,42.72403839626416,0.4401558197811588,42.34886890607197,43.438501919809674,0.0,0.0,0.0,0.0,0.0,0.0,0.0,0.0,0.0,0.0,0.0,0.0,0.0,0.0,0.0,0.0,0.0,0.0,0.0,0.0,51.44,1.4518953130305228,49.7,53.3,user_001,5
2024-01-01 15:20:00,4.8,1.9235384061671343,2,7,2549.8,7.758865896508317,2542,2561,6.104,0.0454972526643092,6.052,6.17,75.55148729825414,1.242606600177402,74.13354727862794,77.20072206536933,50.42483228121328,1.6522027060816804,48.40933559534782,51.99600508953258,97.12,0.2690724809414751,96.8,97.42,33.8968,0.09728925942775,33.74400000000001,33.992000000000004,0.0,0.0,0,0,49.39411468565732,4.714902415769367,45.16213727548567,56.52952215569945,75.8,4.8166378315169185,70,81,50.32000000000001,5.246141439191287,41.5,54.7,51.279999999999994,15.305456543337735,32.0,74.8,97.02,0.6978538528947235,96.5,98.2,33.992000000000004,0.4405905128347647,33.49,34.59,6.124,0.4553899427962813,5.55,6.63,75.89954774914531,0.5007688608837243,75.42723094738122,76.66690444741162,77.66907818830383,0.3560585357158405,77.21829188814046,78.10510268371117,0.1242563508729233,1.882784503062332,-2.4002406884564493,2.2888175737906806,50.25684836141202,0.0,50.25684836141202,50.25684836141202,4.245322664747727,1.534397783857128,1.8242844190416636,5.560985193624564,2.783809183680753,1.0248808873185618,1.6522027060815034,3.632213113226214,46.14981226612966,0.2691818212077599,45.84807567669437,46.56591618305074,540.0,0.0,540.0,540.0,0.375,0.0,0.375,0.375,0.3277777777777778,0.0,0.3277777777777778,0.3277777777777778,0.1925925925925926,0.0,0.1925925925925926,0.1925925925925926,70.2,0.0,70.2,70.2,94.9,0.0,94.9,94.9,0.8,0.4472135954999579,0,1,79.0,2.828427124746191,77.0,84.0,2.205,0.5478366544874484,1.225,2.45,63.05703875672748,1.288228129242801,61.79869978319041,65.0146565460137,44.06108479490297,0.4036740896264774,43.6216135751196,44.70658027388786,0.0,0.0,0.0,0.0,0.0,0.0,0.0,0.0,0.0,0.0,0.0,0.0,0.0,0.0,0.0,0.0,0.0,0.0,0.0,0.0,53.48,0.6648308055437857,52.9,54.5,user_001,5
2024-01-01 15:25:00,4.2,2.3874672772626644,1,7,2574.2,6.140032573203537,2567,2582,6.3824,0.1570948757916687,6.212000000000001,6.614,74.79361149606639,1.9138053670464057,72.85438437885271,77.15750416837899,54.59882565020092,6.223755830403128,48.984862805763385,62.93641196945142,97.212,0.1118928058455905,97.06000000000002,97.36,33.442,0.0584636639289812,33.367999999999995,33.522000000000006,0.0,0.0,0,0,47.27403979399602,5.034008079691495,40.1686765136442,52.74163400606409,74.8,5.932958789676531,67,83,53.84,18.740410881301408,31.6,76.0,44.22,20.215142838970984,19.7,70.6,97.36,0.2073644135332784,97.1,97.6,33.522000000000006,0.3928994782383894,33.13,34.08,6.266,0.8594358614812396,5.61,7.73,74.58315032087509,0.283385400099044,74.18562586614937,74.79361149606639,76.54876749804824,0.2536521681882868,76.29637314301986,76.92330570320475,0.0031942519668064,2.2916945231756727,-3.1407882841395462,2.921247915810511,50.25684836141202,0.0,50.25684836141202,50.25684836141202,5.535556133163828,1.130224878758702,4.147677024774419,6.425239339693929,5.787975883010961,0.8525379174833795,4.355402794835742,6.5893620623747475,47.60144304190459,0.2761086634193379,47.11949967758938,47.79397524495593,540.0,0.0,540.0,540.0,0.375,0.0,0.375,0.375,0.3277777777777778,0.0,0.3277777777777778,0.3277777777777778,0.1925925925925926,0.0,0.1925925925925926,0.1925925925925926,70.2,0.0,70.2,70.2,94.9,0.0,94.9,94.9,0.6,0.5477225575051661,0,1,79.4,1.9493588689617936,77.0,82.0,1.96,0.6709601329438286,1.225,2.45,56.538414393360654,1.659599543372642,55.117205572980325,59.38832301836802,47.80243043261571,1.2229676300875365,45.91209368882615,48.993216955059914,0.0,0.0,0.0,0.0,0.0,0.0,0.0,0.0,0.0,0.0,0.0,0.0,0.0,0.0,0.0,0.0,0.0,0.0,0.0,0.0,55.98,2.3477648945326717,53.6,59.0,user_001,5
2024-01-01 15:30:00,5.6,1.816590212458495,4,8,2599.6,8.59069263796579,2589,2610,6.09,0.2494113068808226,5.77,6.459999999999999,74.509446781375,2.6075393333913746,71.24707873822275,78.30592716100118,49.23737621731041,2.5778710620098337,46.791422262487366,53.25657520384226,96.948,0.1237739875741357,96.78,97.08,33.578,0.1367479433117712,33.34,33.672000000000004,0.0,0.0,0,0,49.652713059291656,2.0072353253880766,47.829615113806256,52.89094005058056,73.2,8.167006795638168,64,85,48.36,8.36916961233311,42.0,61.8,49.36,6.776282166498086,43.9,59.7,96.9,0.5338539126015587,96.4,97.8,33.339999999999996,0.7719779789605404,32.4,34.32,6.132,0.6241554293603478,5.5,7.15,75.47366588587656,0.7844991199369173,74.509446781375,76.34625525809375,76.1217032644892,0.1591226384386203,75.89211498179685,76.26505473023106,-0.6547233906874965,3.156613234279806,-3.62353936911137,3.3470364194994033,50.25684836141202,0.0,50.25684836141202,50.25684836141202,3.910674134165865,1.4226939894487267,2.73704612229597,5.496124334194824,2.909197092725042,1.5518517234202416,1.9290917426844243,5.653991454316231,48.24613516052516,0.2093254065843701,47.978205718859506,48.5403040103097,540.0,0.0,540.0,540.0,0.375,0.0,0.375,0.375,0.3277777777777778,0.0,0.3277777777777778,0.3277777777777778,0.1925925925925926,0.0,0.1925925925925926,0.1925925925925926,70.2,0.0,70.2,70.2,94.9,0.0,94.9,94.9,1.2,0.4472135954999579,1,2,75.8,3.271085446759226,73.0,81.0,2.9400000000000004,1.0956733089748971,2.45,4.9,61.7178765043225,2.1685049969684997,57.97593843467985,63.63320659880437,50.049346581326645,0.2346723361613119,49.81060212215929,50.364660814659686,0.2,0.4472135954999579,0.0,1.0,0.0,0.0,0.0,0.0,0.0,0.0,0.0,0.0,0.0,0.0,0.0,0.0,0.2,0.4472135954999579,0.0,1.0,53.94,1.6133815419794533,51.7,55.7,user_001,5
2024-01-01 15:35:00,5.0,2.549509756796392,2,8,2623.6,9.071934744033433,2612,2635,6.1964,0.1469516927428876,5.958,6.322,73.68684072841152,1.119421182089105,72.07320851502897,74.92142600667954,56.17463390516023,3.20336367009066,50.52761484165825,58.25483749958681,97.52,0.2810693864511041,97.22,97.84,33.540800000000004,0.0927318715437198,33.382,33.61,0.0,0.0,0,0,41.427353160071334,3.4051157118895334,39.19425712230193,47.4084266816535,74.0,3.5355339059327378,70,79,60.760000000000005,7.074814485200303,55.4,72.9,37.84,7.0751678425320765,26.7,45.9,97.36,0.378153408023781,96.8,97.7,33.61,0.4991993589739463,32.99,34.06,6.322,0.5409898335458808,5.57,6.89,73.40904242118539,0.5631169100618177,72.79539163892593,74.13963118758333,75.66867422961724,0.1202937868712042,75.47042940775377,75.7836322100868,0.1565796357942361,1.3716113703686257,-1.0366042575144832,2.3089304949903493,50.25684836141202,0.0,50.25684836141202,50.25684836141202,3.657456767030768,0.5399734744913824,2.7072191260431606,4.052439816223536,3.877619882300962,1.4587821788243895,1.6281114160380543,5.052079113929252,49.31639365625571,0.5557765308223831,48.606869340206465,50.08431986967041,540.0,0.0,540.0,540.0,0.375,0.0,0.375,0.375,0.3277777777777778,0.0,0.3277777777777778,0.3277777777777778,0.1925925925925926,0.0,0.1925925925925926,0.1925925925925926,70.2,0.0,70.2,70.2,94.9,0.0,94.9,94.9,0.8,0.8366600265340756,0,2,73.8,2.280350850198276,70.0,76.0,2.45,1.5003124674546966,1.225,4.9,57.41959554284697,3.5948778009986255,53.044807288185055,62.48614948070299,51.3664225021209,0.8516050768301954,50.29587886371267,52.454605169711705,0.0,0.0,0.0,0.0,0.0,0.0,0.0,0.0,0.0,0.0,0.0,0.0,0.0,0.0,0.0,0.0,0.0,0.0,0.0,0.0,57.17999999999999,1.2833549781724447,55.2,58.5,user_001,5
2024-01-01 15:40:00,3.6,1.51657508881031,1,5,2646.6,5.319774431308209,2639,2653,6.239199999999999,0.0872536532186473,6.124,6.326,75.25670330579905,2.1679858947445534,72.29841155852424,78.30585907328874,52.18159788051493,2.840210982390196,49.16439629617387,56.76989166639121,97.96,0.22494443758404,97.68,98.28,33.5712,0.2099218902353893,33.296,33.812,0.0,0.0,0,0,46.37677078651145,5.276544348411235,39.89617141486795,53.652330156023304,77.0,5.522680508593631,69,84,49.18,6.871462726377842,42.3,58.5,52.16,13.96918036249801,36.4,70.9,98.28,0.9230384607371476,97.0,99.4,33.604,0.5760902707041641,32.62,34.04,6.176,0.7027659638884057,5.14,6.98,74.29205496904498,0.6333349891071357,73.52456048560768,75.25670330579905,75.16160867769993,0.0945372779807197,75.05794490358922,75.29139738294695,0.8716483471004779,1.8306914743841656,-1.6492057792621182,2.847070463355635,50.25684836141202,0.0,50.25684836141202,50.25684836141202,2.892227693899051,0.4189378617425829,2.360133633152547,3.4698902874788273,2.7140389626660517,1.297469568935043,0.6554499826186472,3.883457764144598,51.07442220987729,0.4273308307968198,50.529546579780266,51.598264344977174,540.0,0.0,540.0,540.0,0.375,0.0,0.375,0.375,0.3277777777777778,0.0,0.3277777777777778,0.3277777777777778,0.1925925925925926,0.0,0.1925925925925926,0.1925925925925926,70.2,0.0,70.2,70.2,94.9,0.0,94.9,94.9,0.8,0.4472135954999579,0,1,72.4,2.302172886644268,70.0,76.0,2.205,0.5478366544874486,1.225,2.45,55.3346531683694,3.152177300557656,51.372339913826,59.57272408996105,51.66565711841669,0.3961072531730282,51.288552810605765,52.34051437266126,0.0,0.0,0.0,0.0,0.0,0.0,0.0,0.0,0.0,0.0,0.0,0.0,0.0,0.0,0.0,0.0,0.0,0.0,0.0,0.0,56.17999999999999,2.249888886145267,53.2,59.4,user_001,5
2024-01-01 15:45:00,5.0,2.1213203435596424,2,7,2667.2,9.203260291874829,2655,2678,5.9692,0.1864274657876352,5.764,6.202,73.64038891269782,1.2568811214799456,72.46099528097444,75.5372393821925,46.856095194141886,3.815585471030883,42.360604812944786,52.26704124368867,97.564,0.1161034021896036,97.44,97.72,33.3204,0.15942647208039,33.092,33.476,0.0,0.0,0,0,54.70838133814143,4.421434633258911,49.312146736010355,60.96822010401553,72.0,3.674234614174766,67,76,43.5,11.021342930877342,36.2,63.0,55.4,18.387631712648584,26.0,75.6,97.62,1.2716131487209432,96.1,99.6,33.376,0.5136925150320933,32.96,34.24,5.868,0.3515963594805841,5.31,6.25,74.88652575724049,0.8934111549502171,73.64038891269783,75.9044688705327,74.75733118389465,0.1831584703769855,74.57307975376733,75.0220495867804,-0.8201944563489093,1.86915441947131,-2.8457464607308367,0.8975566042279013,50.25684836141202,0.0,50.25684836141202,50.25684836141202,3.7249821781083847,0.2443632454889973,3.4011797414846057,3.974423878916523,2.766781972308681,0.690698921712949,2.2149131518166314,3.815585471030767,51.80308166275477,0.1432547962982629,51.57889352142361,51.95293230147134,540.0,0.0,540.0,540.0,0.375,0.0,0.375,0.375,0.3277777777777778,0.0,0.3277777777777778,0.3277777777777778,0.1925925925925926,0.0,0.1925925925925926,0.1925925925925926,70.2,0.0,70.2,70.2,94.9,0.0,94.9,94.9,0.8,0.4472135954999579,0,1,67.6,1.5165750888103104,66.0,69.0,2.205,0.5478366544874484,1.225,2.45,62.719140167512094,0.9443856137401548,61.6221040568952,64.11739246850617,51.35474659829597,0.2831952141590607,51.01806131693823,51.7160121570489,0.0,0.0,0.0,0.0,0.0,0.0,0.0,0.0,0.0,0.0,0.0,0.0,0.0,0.0,0.0,0.0,0.0,0.0,0.0,0.0,54.46,1.4010710188994722,53.1,56.2,user_001,5
2024-01-01 15:50:00,3.6,1.51657508881031,2,6,2689.8,5.310367218940703,2682,2696,5.83,0.1163872845288527,5.734,5.99,74.80449565928531,1.2131819313784078,73.06070719749458,76.04047146499639,46.975535169598935,2.4519352116647113,44.17176688894747,49.93647550013179,97.34,0.3563705936241148,96.88,97.74,33.1572,0.1331209975924142,33.002,33.348,0.0,0.0,0,0,55.245630464282,3.1513758624875443,51.03892646242067,58.21730064996475,75.4,4.722287581247038,69,82,47.7,7.706490770772389,39.4,56.6,56.379999999999995,10.522452185683717,43.0,65.4,97.22,0.6723094525588629,96.4,98.2,33.156,0.4690202554261378,32.38,33.55,5.736,0.4996298629986003,5.12,6.45,74.09435730136501,0.5691856980121992,73.36025927513188,74.80449565928531,74.4564661092646,0.0289335246780902,74.40930758136317,74.4806280387114,0.2977521703573444,1.84350293760576,-2.0303535987472827,2.979764267501807,50.25684836141202,0.0,50.25684836141202,50.25684836141202,3.159144568240489,0.4329579121084547,2.783188695464222,3.801524061122675,3.0748109602690645,0.5332712849327993,2.4519352116645385,3.8851799874682,51.2299531407743,0.1350597508419591,51.00401066948788,51.35259568094907,540.0,0.0,540.0,540.0,0.375,0.0,0.375,0.375,0.3277777777777778,0.0,0.3277777777777778,0.3277777777777778,0.1925925925925926,0.0,0.1925925925925926,0.1925925925925926,70.2,0.0,70.2,70.2,94.9,0.0,94.9,94.9,0.4,0.5477225575051661,0,1,66.2,3.9623225512317903,61.0,70.0,1.7150000000000003,0.6709601329438286,1.225,2.45,65.13741773675346,0.528803081256734,64.20751332400762,65.52476776177063,49.34790915436683,1.0702135580389134,47.8387633875565,50.63322902924883,0.0,0.0,0.0,0.0,0.0,0.0,0.0,0.0,0.0,0.0,0.0,0.0,0.0,0.0,0.0,0.0,0.0,0.0,0.0,0.0,53.279999999999994,1.2577758146824087,51.7,54.8,user_001,5
2024-01-01 15:55:00,5.6,2.8809720581775866,3,10,2715.4,8.018728078691767,2703,2724,6.2364,0.0894807241812447,6.1899999999999995,6.396,77.35203235019395,0.1129653180941019,77.20552522765361,77.47035015176907,47.42640792356859,0.541188106463853,46.83189639508777,48.005747080026005,97.208,0.3186220331364383,96.9,97.7,33.480399999999996,0.0981468287821904,33.379999999999995,33.636,0.0,0.0,0,0,56.86321059611945,2.0346115133114413,54.10927415966614,59.31880028887323,78.0,1.7320508075688763,77,81,48.96,3.3649665674416434,45.2,53.4,55.220000000000006,4.499111023302272,50.8,61.6,97.08,0.912140340079314,95.9,97.9,33.444,0.587392543364318,32.82,34.27,6.396,0.4393517952620654,5.82,6.85,76.50098532363654,0.7857197853740827,75.46966377285688,77.35203235019395,74.7761052763915,0.1173996317377138,74.58794298707058,74.87498462296044,0.3239838249030242,0.8265596527552069,-0.1567833839230275,1.7687841188896982,50.25684836141202,0.0,50.25684836141202,50.25684836141202,2.2162791066265584,0.5008553168171351,1.5957662091737592,2.893490260921799,1.5475532620525436,0.6664935830648614,0.5411881064631145,2.2450877357098618,50.04749451510882,0.3265376875890161,49.80860771504915,50.6037848907697,540.0,0.0,540.0,540.0,0.375,0.0,0.375,0.375,0.3277777777777778,0.0,0.3277777777777778,0.3277777777777778,0.1925925925925926,0.0,0.1925925925925926,0.1925925925925926,70.2,0.0,70.2,70.2,94.9,0.0,94.9,94.9,1.0,0.7071067811865476,0,2,68.8,2.8635642126552723,64.0,71.0,2.6950000000000003,1.3419202658876572,1.225,4.9,67.15955788047093,1.0947815219495338,65.53945998080255,68.15194319742152,46.359787066299866,0.4595890748936253,45.854862797082745,47.00078695013671,0.0,0.0,0.0,0.0,0.0,0.0,0.0,0.0,0.0,0.0,0.0,0.0,0.0,0.0,0.0,0.0,0.0,0.0,0.0,0.0,51.5,0.3535533905932738,51.2,52.1,user_001,5
2024-01-01 16:00:00,4.8,2.6832815729997477,1,7,2735.6,9.555103348472986,2725,2748,5.973999999999999,0.0907854613911278,5.858,6.09,76.07516475393501,1.0026169812906027,74.62565488300854,77.36158523015379,52.42109075536706,3.024873515884104,49.13716472001733,56.291443146678226,97.548,0.1375499909123929,97.36,97.74,33.596,0.1433038729413803,33.428,33.748000000000005,0.0,0.0,0,0,46.02034049002396,4.362962307090253,41.43763440190936,53.0395161064441,75.0,2.7386127875258315,72,79,53.52,10.169906587574928,43.3,70.6,42.84,10.04131465496426,31.5,55.6,97.5,0.4183300132670397,96.8,97.9,33.54,0.2782984010015129,33.14,33.79,5.92,0.5070009861923346,5.28,6.68,76.79074703850357,0.4618037006820756,76.07516475393501,77.17868104453063,74.99561880182934,0.1081060042292734,74.89628946205649,75.1359376183871,-0.5375823769675009,0.9564302117627694,-1.4538617433845928,0.8192073849231036,50.25684836141202,0.0,50.25684836141202,50.25684836141202,3.0228068988525316,1.1732758386385052,0.9539602516546032,3.7483139027721863,3.102997567227478,1.2949472880473591,0.9154829478204444,4.216191674962798,50.04508569746289,0.2679892810193019,49.671294032255,50.339226804725264,540.0,0.0,540.0,540.0,0.375,0.0,0.375,0.375,0.3277777777777778,0.0,0.3277777777777778,0.3277777777777778,0.1925925925925926,0.0,0.1925925925925926,0.1925925925925926,70.2,0.0,70.2,70.2,94.9,0.0,94.9,94.9,0.6,0.5477225575051661,0,1,68.4,1.6733200530681502,66.0,70.0,1.96,0.6709601329438285,1.225,2.45,63.21251874787483,2.6657409286267395,60.204891310897416,66.94243075815737,46.37061885643172,0.4657052511536571,45.95216951213508,47.08027120662373,0.0,0.0,0.0,0.0,0.0,0.0,0.0,0.0,0.0,0.0,0.0,0.0,0.0,0.0,0.0,0.0,0.0,0.0,0.0,0.0,54.3,0.8602325267042652,52.9,55.0,user_001,5
2024-01-01 16:05:00,3.8,1.788854381999832,2,6,2757.8,7.014271166699999,2750,2767,6.05,0.0530659966456867,5.992,6.11,74.44611223097087,1.9250785668042791,71.51037430558138,76.14834218755809,48.405740346385784,3.671627687489544,43.96800897404816,53.638669325643896,97.256,0.2141961717678471,97.0,97.58,33.4208,0.0296850130537324,33.388,33.452000000000005,0.0,0.0,0,0,46.154201216793275,4.2821411197352885,42.82291989262304,53.514854637602774,73.2,6.723094525588645,65,81,49.56,11.01648764352777,36.8,61.7,44.82,14.917338904777887,27.9,68.8,97.18,0.7661592523751234,96.1,97.9,33.438,0.9045275009639012,31.91,34.18,6.08,0.7503998933901843,5.27,7.29,75.21162100918566,0.5505521765799982,74.44611223097087,75.98344316929,75.29604856649604,0.0498735108308502,75.23506952336918,75.34891978816407,-0.6230561154854314,2.4573160969740417,-3.2551871527906826,2.425828906220957,50.25684836141202,0.0,50.25684836141202,50.25684836141202,3.503860845124822,0.5010195765650508,2.9377109437898294,4.237462745602827,3.559985702756987,0.6540555438395877,2.756092446156006,4.331389542368284,49.520592903918306,0.4550947498641188,49.0444112115962,50.19170675870574,540.0,0.0,540.0,540.0,0.375,0.0,0.375,0.375,0.3277777777777778,0.0,0.3277777777777778,0.3277777777777778,0.1925925925925926,0.0,0.1925925925925926,0.1925925925925926,70.2,0.0,70.2,70.2,94.9,0.0,94.9,94.9,0.6,0.5477225575051661,0,1,68.0,2.5495097567963914,64.0,71.0,1.96,0.6709601329438285,1.225,2.45,63.19848375437058,1.5155165351209092,60.8266929499609,64.55906230630596,46.97121792181586,0.3979516226427266,46.57410012440373,47.61598195615336,0.0,0.0,0.0,0.0,0.0,0.0,0.0,0.0,0.0,0.0,0.0,0.0,0.0,0.0,0.0,0.0,0.0,0.0,0.0,0.0,54.08,1.8713631395322496,52.7,57.3,user_001,5
2024-01-01 16:10:00,7.8,1.9235384061671343,5,10,2789.0,13.453624047073747,2772,2806,5.8168,0.154781135801493,5.645999999999999,6.0,71.61841807156819,0.7229037669687647,70.96432912666093,72.66974053498707,44.46124975754874,2.064798238034667,41.23554493177203,46.39244621709593,97.7,0.1131370849898436,97.52,97.8,33.7396,0.0746779753340932,33.648,33.833999999999996,0.0,0.0,0,0,49.55117053060652,3.60690497689108,44.55123552374016,53.97685328561024,71.4,3.049590136395381,69,76,39.5,7.016053021464419,31.9,50.2,53.0,15.769273921141709,25.7,64.7,97.76,0.9528903399657244,96.4,98.6,33.716,0.3696349550570158,33.18,34.17,5.924,0.6359087984923623,5.3,6.93,72.49107766376108,0.8672467948362378,71.61841807156819,73.63074148731391,74.99588568228206,0.2298784104080524,74.65610199644185,75.2527663569869,-0.1092090357840902,1.193001408473564,-1.2232468449956857,1.6651297325064576,50.25684836141202,0.0,50.25684836141202,50.25684836141202,4.136469919697872,0.2501586033847,3.8753758757070087,4.41227280018921,3.378036396631542,0.7424958377249652,2.064798238034339,3.876400598977269,48.26068987486441,0.3591101136791709,47.757686524435165,48.69849636328636,540.0,0.0,540.0,540.0,0.375,0.0,0.375,0.375,0.3277777777777778,0.0,0.3277777777777778,0.3277777777777778,0.1925925925925926,0.0,0.1925925925925926,0.1925925925925926,70.2,0.0,70.2,70.2,94.9,0.0,94.9,94.9,1.6,0.5477225575051661,1,2,73.6,6.066300355241241,67.0,82.0,3.92,1.341920265887657,2.45,4.9,62.3390835047848,1.3599405160349496,61.383267305367134,64.70834283966127,47.956813187698955,0.1096556441923482,47.806299308404014,48.10449158240562,0.0,0.0,0.0,0.0,0.0,0.0,0.0,0.0,0.0,0.0,0.0,0.0,0.0,0.0,0.0,0.0,0.0,0.0,0.0,0.0,55.44,0.3847076812334284,54.8,55.8,user_001,5
2024-01-01 16:15:00,4.6,2.302172886644268,1,7,2819.4,6.655824516917448,2811,2829,5.3528,0.2364893232262294,5.116,5.642,67.44522377897195,1.7179039889000127,65.2769045188466,68.87303516740486,46.5691357705414,5.172548367255211,40.92369662118136,54.04405825812781,97.892,0.1118928058455928,97.72,98.0,33.476800000000004,0.1734450921761706,33.3,33.724000000000004,0.0,0.0,0,0,46.93200599580003,5.5645853380297075,38.22246786490997,53.16332904407116,66.6,6.3874877690685254,60,76,49.379999999999995,12.727018503954492,36.7,68.0,45.84,17.756491770617306,23.5,69.7,97.86,0.7924645102463562,96.5,98.5,33.468,0.7308693453689257,32.36,34.13,5.1579999999999995,0.8232678786397537,4.35,6.34,69.1492777170385,1.5197557502979293,67.44522377897195,70.87894538104545,74.03967767558171,0.3290650421518279,73.6235744741542,74.41517910873901,-0.4226118894859724,2.6647661732734,-2.957678389134955,3.5743651603844597,50.25684836141202,0.0,50.25684836141202,50.25684836141202,3.0938884745253175,1.1657269960147518,2.0022889017151546,4.58820875619559,3.53935765529954,1.6686731320604566,2.2090432424400053,5.539039675099903,47.44113062824003,0.2219650315900315,47.18968489612894,47.709859953835085,540.0,0.0,540.0,540.0,0.375,0.0,0.375,0.375,0.3277777777777778,0.0,0.3277777777777778,0.3277777777777778,0.1925925925925926,0.0,0.1925925925925926,0.1925925925925926,70.2,0.0,70.2,70.2,94.9,0.0,94.9,94.9,0.8,0.4472135954999579,0,1,83.8,3.701351104664349,80.0,89.0,2.205,0.5478366544874486,1.225,2.45,62.15404491548952,3.4236268081202823,57.510769535513454,65.18461055739267,47.667636801362015,0.3583179164823199,47.260552704716446,48.03138749394855,0.6,0.5477225575051662,0.0,1.0,0.0,0.0,0.0,0.0,0.0,0.0,0.0,0.0,0.0,0.0,0.0,0.0,0.6,0.5477225575051662,0.0,1.0,58.56,2.271123070201172,56.4,61.9,user_001,5
2024-01-01 16:20:00,2.8,0.447213595499958,2,3,2837.0,4.743416490252569,2831,2843,5.9384,0.125071179733782,5.806,6.084,71.21830107377409,0.6254522236066073,70.43741323829069,72.15611985743602,44.490503475956075,2.321911722707884,40.81675800240824,47.029670223292555,97.36,0.2349468024894086,97.02,97.62,33.471199999999996,0.1329180198468225,33.312,33.644,0.0,0.0,0,0,52.61277445212181,3.1494769197387775,48.411845504179745,55.717768256269615,72.2,3.3466401061363005,67,76,42.9,9.322553298319084,33.3,55.6,53.32000000000001,13.908882054284591,33.8,68.7,97.42,0.5540758070877906,96.9,98.3,33.416,0.5203172109396337,32.88,33.98,5.968,0.2359449088240724,5.76,6.35,69.65076908207915,1.3393714505175047,68.0301491859813,71.21830107377409,73.29907963903409,0.2008133021541762,73.025875376569,73.52682742721392,0.4908494631129599,1.47219179175847,-1.7187066191453368,2.382910106922978,50.25684836141202,0.0,50.25684836141202,50.25684836141202,4.565596359717374,0.7166789893412722,3.498090662079244,5.179235176594303,3.86791369105827,1.2025063777931853,2.3219117227075925,4.909611576852048,47.393668779576196,0.1741921572143313,47.27613134434621,47.688795524778946,540.0,0.0,540.0,540.0,0.375,0.0,0.375,0.375,0.3277777777777778,0.0,0.3277777777777778,0.3277777777777778,0.1925925925925926,0.0,0.1925925925925926,0.1925925925925926,70.2,0.0,70.2,70.2,94.9,0.0,94.9,94.9,0.0,0.0,0,0,79.2,2.387467277262666,76.0,82.0,1.225,0.0,1.225,1.225,60.492950211945754,2.9086253821159795,57.295053308226805,64.22460232849298,47.97326681216942,0.2635652575381593,47.50909633998158,48.151764446696816,0.0,0.0,0.0,0.0,0.0,0.0,0.0,0.0,0.0,0.0,0.0,0.0,0.0,0.0,0.0,0.0,0.0,0.0,0.0,0.0,55.7,0.8514693182963181,54.7,56.6,user_001,5
2024-01-01 16:25:00,3.8,1.9235384061671343,1,6,2855.0,6.745368781616061,2846,2862,6.1152,0.2341990606300544,5.798,6.398,72.45261577926243,1.705456857164264,69.53701132986392,74.01644947993951,43.99504572522879,1.0118750164759922,42.62324875368462,45.14883250245642,97.028,0.3623810149552553,96.78,97.6,33.459199999999996,0.0790265778077199,33.362,33.58,0.0,0.0,0,0,54.02209375501193,4.445617416062789,46.922028297534744,58.09171208815844,73.0,5.291502622129181,66,80,44.34,4.5180748112442775,38.3,50.2,56.36,10.295775832835526,39.8,63.9,96.8,0.5522680508593646,96.0,97.4,33.58,0.4838388161361148,32.95,34.29,6.272,0.5808356049692546,5.54,7.02,71.66627411780466,0.6870592195400984,70.87886738251606,72.45261577926243,72.49329443806211,0.2153876715105929,72.20930594808041,72.76169469549045,0.2736921103687848,2.063070760411531,-1.7685056649319506,3.487662890045357,50.25684836141202,0.0,50.25684836141202,50.25684836141202,2.087197020482582,0.731186266485399,1.4653004904347242,3.1054088938474136,1.4085294171859102,0.5947576434514774,0.8216618905282996,2.3623042485429235,46.950757479889326,0.1819985733243787,46.72379430517131,47.170458669929744,540.0,0.0,540.0,540.0,0.375,0.0,0.375,0.375,0.3277777777777778,0.0,0.3277777777777778,0.3277777777777778,0.1925925925925926,0.0,0.1925925925925926,0.1925925925925926,70.2,0.0,70.2,70.2,94.9,0.0,94.9,94.9,0.6,0.5477225575051662,0,1,66.0,6.96419413859206,56.0,74.0,1.96,0.6709601329438285,1.225,2.45,64.90894349596711,1.1909216389004469,63.55488092207048,66.20063921514027,47.22629124988509,0.1659752629499888,47.00108083075789,47.43517834354513,0.0,0.0,0.0,0.0,0.0,0.0,0.0,0.0,0.0,0.0,0.0,0.0,0.0,0.0,0.0,0.0,0.0,0.0,0.0,0.0,53.9,0.9407443861113376,53.0,55.3,user_001,5
2024-01-01 16:30:00,5.8,3.1144823004794873,2,9,2882.0,8.71779788708139,2871,2891,5.6168,0.2618152020032449,5.298,5.869999999999999,69.9954061931539,1.6120979270900666,68.68546206375503,72.78265169775986,46.62387433418651,4.184396610805389,41.53255500163761,52.78914666699014,97.884,0.2224410034143881,97.58,98.2,33.4584,0.0949146985455846,33.362,33.589999999999996,0.0,0.0,0,0,57.04208642041309,3.07009724992268,53.43388801160935,61.75187203918153,68.4,4.219004621945797,62,73,49.67999999999999,10.174576158248565,34.3,62.0,57.08,10.232643842135817,48.7,72.6,98.2,0.8185352771872403,97.3,99.3,33.362,0.367994565177259,32.96,33.72,5.386,0.911004939613392,4.02,6.23,71.54288383444342,1.2264150498734232,69.9954061931539,73.10174385284162,71.61865057071874,0.3474703599527205,71.1960128546169,72.08398174316473,-0.7977030965769529,1.6502378684367,-3.5942172325866153,0.6038551782755803,50.25684836141202,0.0,50.25684836141202,50.25684836141202,2.736684565492983,0.3627319215564072,2.238502549380274,3.261293973131832,2.3007787149068015,1.103354951931977,1.511477202538706,4.184396610805277,45.95914776141204,0.3252054249209379,45.68972068579516,46.47030731455865,540.0,0.0,540.0,540.0,0.375,0.0,0.375,0.375,0.3277777777777778,0.0,0.3277777777777778,0.3277777777777778,0.1925925925925926,0.0,0.1925925925925926,0.1925925925925926,70.2,0.0,70.2,70.2,94.9,0.0,94.9,94.9,1.2,0.8366600265340756,0,2,62.6,3.847076812334268,58.0,67.0,3.185,1.6435099634623456,1.225,4.9,64.42876060474899,2.815480751878969,60.30599600112138,67.3963741739832,46.79869645727078,0.3305058886595992,46.32320324128172,47.152753886659326,0.0,0.0,0.0,0.0,0.0,0.0,0.0,0.0,0.0,0.0,0.0,0.0,0.0,0.0,0.0,0.0,0.0,0.0,0.0,0.0,56.879999999999995,2.042547429069882,53.7,59.3,user_001,5
2024-01-01 16:35:00,5.2,2.588435821108957,2,8,2906.0,7.874007874011776,2897,2917,6.1776,0.1587664952060097,5.996,6.394,72.40844855218486,1.7498158091699574,69.45697470917001,73.86976653740889,46.97623036499575,4.119234100613112,41.696784197626705,50.79785613175113,97.432,0.1460136979875503,97.22,97.58,33.448,0.091071400560221,33.303999999999995,33.544,0.0,0.0,0,0,59.37846405536303,4.553949304721345,54.089647803997934,65.2844717059969,74.2,4.604345773288536,69,81,43.260000000000005,16.732094907691625,27.7,69.0,61.779999999999994,19.446130720531524,31.7,79.1,97.22,0.356370593624113,96.6,97.5,33.544,0.3929122039336522,33.16,34.19,6.252000000000001,0.8296203951205636,5.18,7.3,70.8747830563876,1.1909722037975945,69.33027079543594,72.40844855218488,70.89584424525239,0.0727447906550841,70.80127002889552,70.97511968085571,0.8957757239075648,1.94836414309987,-1.6232555124696262,3.847675096943334,50.25684836141202,0.0,50.25684836141202,50.25684836141202,4.369813399967145,1.5555257874040216,2.725584066899063,6.230096953394903,3.670733860982667,0.7039892911722564,2.6400258427413243,4.251625504233413,45.82796733209267,0.1940039319545276,45.51933990474288,46.051522178507206,540.0,0.0,540.0,540.0,0.375,0.0,0.375,0.375,0.3277777777777778,0.0,0.3277777777777778,0.3277777777777778,0.1925925925925926,0.0,0.1925925925925926,0.1925925925925926,70.2,0.0,70.2,70.2,94.9,0.0,94.9,94.9,0.8,0.8366600265340756,0,2,69.0,3.316624790355401,66.0,74.0,2.45,1.5003124674546966,1.225,4.9,59.2734307412929,2.076374515462004,57.49215211782924,62.59208784611517,47.21543453556485,0.1827180972553549,47.05626222034678,47.506352876695935,0.0,0.0,0.0,0.0,0.0,0.0,0.0,0.0,0.0,0.0,0.0,0.0,0.0,0.0,0.0,0.0,0.0,0.0,0.0,0.0,55.92,2.0290391814846744,53.7,58.7,user_001,5
2024-01-01 16:40:00,4.6,1.949358868961793,2,7,2929.4,7.569676347110177,2921,2940,6.1432,0.0791024651954666,6.056,6.264,74.28917841016427,1.2434635931697924,72.66209198682328,75.73970697035237,43.4258410357196,6.253387084333086,36.57714255755588,51.23396816520174,97.964,0.2165178976435891,97.64,98.12,33.3928,0.142972724671527,33.188,33.564,0.0,0.0,0,0,60.0610323035869,6.558632274405393,50.5738511103647,67.11174749748086,74.4,3.974921382870358,69,79,46.52,17.562516903906456,21.4,66.7,55.32000000000001,15.53550771619647,38.8,76.7,98.1,0.5049752469181062,97.3,98.5,33.564,0.6193787209777234,32.85,34.38,6.13,0.4309292285283049,5.65,6.62,74.04770805680825,0.3011704021703256,73.53896570145659,74.28917841016425,71.1552826440936,0.128061229375982,70.95982371654617,71.30152896458524,0.0554107949178671,1.555601904545713,-1.8310459934116352,1.945219772235717,50.25684836141202,0.0,50.25684836141202,50.25684836141202,6.310648392310933,0.4372645265483755,5.783005501925004,6.9730633624270615,5.091794584695148,0.9534104506624862,3.8131418203295895,6.253387084332958,45.183027248121945,0.2214097163630639,44.915236514985544,45.4451154920508,540.0,0.0,540.0,540.0,0.375,0.0,0.375,0.375,0.3277777777777778,0.0,0.3277777777777778,0.3277777777777778,0.1925925925925926,0.0,0.1925925925925926,0.1925925925925926,70.2,0.0,70.2,70.2,94.9,0.0,94.9,94.9,0.8,0.4472135954999579,0,1,74.4,2.302172886644267,72.0,78.0,2.205,0.5478366544874486,1.225,2.45,68.70484510678236,2.0604093823480696,65.29925143666033,70.72505155070994,46.38127991721919,0.3955058610782195,45.8770900253921,46.936110962846655,0.0,0.0,0.0,0.0,0.2,0.447213595499958,0.0,1.0,0.0,0.0,0.0,0.0,0.0,0.0,0.0,0.0,0.2,0.447213595499958,0.0,1.0,53.220000000000006,2.0535335400231483,50.7,55.6,user_001,5
2024-01-01 16:45:00,4.8,3.271085446759225,0,8,2952.8,10.03493896344161,2940,2964,6.3156,0.1721708453832991,6.036,6.453999999999999,74.26771073714097,0.8430656086327246,73.27211781502976,75.40817672254464,53.33961692651451,1.659615980782327,50.69287474008966,55.12858316005977,97.568,0.1603745615738341,97.42,97.84,33.372,0.1634808857328565,33.108000000000004,33.546,0.0,0.0,0,0,53.34696721693325,3.3628705271284325,49.41447440307102,57.706433068031565,74.2,3.114482300479488,69,77,54.54,7.29746531338108,45.3,64.0,56.2,9.992497185388649,41.8,67.7,97.5,0.6041522986797357,97.0,98.5,33.108000000000004,0.4999699990999479,32.63,33.74,6.394,0.5634092650995368,5.96,7.37,74.00858706920933,0.2726374945550303,73.7285237378508,74.30156610571146,71.96516753612207,0.405612334521869,71.47879708750128,72.43861012428009,-0.0338553685704852,1.2132718445543564,-2.1360589075148795,0.7959116387276879,50.25684836141202,0.0,50.25684836141202,50.25684836141202,4.3797818924462995,1.382620753301307,2.686159923756427,5.855188994486768,4.051929005985374,2.7382757331253327,1.6596159807824196,7.715694900207178,46.16996792293513,0.2769221534839392,45.76229230073646,46.47518531043354,540.0,0.0,540.0,540.0,0.375,0.0,0.375,0.375,0.3277777777777778,0.0,0.3277777777777778,0.3277777777777778,0.1925925925925926,0.0,0.1925925925925926,0.1925925925925926,70.2,0.0,70.2,70.2,94.9,0.0,94.9,94.9,0.8,0.8366600265340756,0,2,70.8,1.7888543819998322,69.0,73.0,2.45,1.5003124674546968,1.225,4.9,60.53540094983962,3.9439630594440502,57.080887147361,66.4055290870659,47.603896704856,0.256189984737758,47.266969237856365,47.843212834147224,0.0,0.0,0.0,0.0,0.0,0.0,0.0,0.0,0.0,0.0,0.0,0.0,0.0,0.0,0.0,0.0,0.0,0.0,0.0,0.0,56.279999999999994,0.8438009243891602,55.3,57.5,user_001,5
2024-01-01 16:50:00,4.6,0.8944271909999159,4,6,2977.8,7.293833011524152,2969,2987,6.2936,0.2632960311132698,5.936,6.678,75.4920442122984,1.2092274625705446,74.31301092642563,76.96951638963846,57.26447630308011,2.7501272399695273,54.71060263682281,60.423283899276974,97.96,0.0787400787401143,97.88,98.08,33.325599999999994,0.1729011278158717,33.116,33.5,0.0,0.0,0,0,42.863057411283386,3.967334733328195,38.898789539823085,49.437622045354374,76.8,5.585696017507577,69,82,58.120000000000005,10.15760798613532,44.7,72.8,35.339999999999996,7.639568050616474,25.5,46.3,97.98,0.6833739825307996,97.1,99.0,33.468,0.6977248741445286,32.86,34.23,6.314,0.6562240471058647,5.29,7.08,74.91026660993704,0.3810186531391618,74.57847382476066,75.4920442122984,72.84175045743171,0.2376802692643005,72.57018452729784,73.15090064736748,0.6539778938507993,2.2576306388199,-2.656505463212824,2.5152418051807786,50.25684836141202,0.0,50.25684836141202,50.25684836141202,3.653084524454548,0.0776579687827658,3.540673690789484,3.734368581661206,3.225205567189998,0.3217257442389638,2.75012723996973,3.581124724102574,47.87906847819173,0.6035853941633791,47.003456873622355,48.60418078162088,540.0,0.0,540.0,540.0,0.375,0.0,0.375,0.375,0.3277777777777778,0.0,0.3277777777777778,0.3277777777777778,0.1925925925925926,0.0,0.1925925925925926,0.1925925925925926,70.2,0.0,70.2,70.2,94.9,0.0,94.9,94.9,1.0,0.0,1,1,71.8,1.7888543819998317,70.0,74.0,2.45,0.0,2.45,2.45,54.15041405557855,0.9264214123399828,53.54574550763218,55.75001015978618,49.27181164410124,0.8397363961700024,48.12400585623054,50.31298089891769,0.0,0.0,0.0,0.0,0.0,0.0,0.0,0.0,0.0,0.0,0.0,0.0,0.0,0.0,0.0,0.0,0.0,0.0,0.0,0.0,57.84,1.0644247272588123,56.5,59.2,user_001,5
2024-01-01 16:55:00,4.6,1.51657508881031,3,6,3002.6,6.730527468185592,2993,3010,5.567200000000001,0.0996252979920258,5.406000000000001,5.644,72.89936384688703,1.518163149072186,71.44039650059925,75.3613381895225,57.708161488471454,3.4090996824105804,55.153331370036575,63.47999705505486,97.604,0.132211951048308,97.4,97.76,33.33,0.1960102038160277,33.044,33.506,0.0,0.0,0,0,36.725505502720445,4.047197517054176,30.077538674532956,39.69919302654872,71.2,2.16794833886788,69,74,57.220000000000006,12.96734359843989,38.5,74.3,37.04,14.80432369275949,18.7,58.9,97.66,0.6308724118235038,97.0,98.4,33.392,0.6157272123270209,32.45,34.03,5.538,0.7520438816984018,4.49,6.27,74.35707214616454,1.0872647356447458,72.89936384688703,75.52802947486559,73.29021679549169,0.0587020832480467,73.22535865863824,73.35225213957072,-0.8496819234435179,1.083299858374858,-2.120446063174171,0.853201166466917,50.25684836141202,0.0,50.25684836141202,50.25684836141202,2.655333847991208,1.2024508472229087,1.1965317039367436,4.538056630199576,2.147903503720221,1.1777506713030104,0.7473956104391047,3.4090996824107567,49.94712561578382,0.7784301610098106,49.01056496552503,50.889700075494645,540.0,0.0,540.0,540.0,0.375,0.0,0.375,0.375,0.3277777777777778,0.0,0.3277777777777778,0.3277777777777778,0.1925925925925926,0.0,0.1925925925925926,0.1925925925925926,70.2,0.0,70.2,70.2,94.9,0.0,94.9,94.9,0.6,0.5477225575051661,0,1,73.2,2.588435821108958,70.0,77.0,1.96,0.6709601329438286,1.225,2.45,53.11387692436212,2.3462832826257896,50.3307223312393,55.574575676193,53.45253768937376,1.7354464249014676,51.034963917083175,55.171594459272065,0.0,0.0,0.0,0.0,0.0,0.0,0.0,0.0,0.0,0.0,0.0,0.0,0.0,0.0,0.0,0.0,0.0,0.0,0.0,0.0,59.260000000000005,1.8187908071023429,57.1,61.9,user_001,5
2024-01-01 17:00:00,5.2,0.8366600265340756,4,6,3026.4,8.080841540334713,3016,3036,5.6776,0.1205769463869443,5.54,5.832000000000001,71.51349647366413,1.933675431613146,69.27217708653812,74.00985648290583,52.704943076671135,3.0129169614088003,47.93646051753809,55.33555424669105,97.616,0.0753657747256699,97.54,97.7,33.5596,0.1101580682474008,33.438,33.739999999999995,0.0,0.0,0,0,48.07339990159282,4.2404488669548055,42.42335052201465,53.1772890435599,72.2,5.630275304103699,66,79,51.879999999999995,9.218839406346117,39.8,63.4,51.34,9.401755155288829,37.2,61.5,97.54,0.3847076812334268,97.1,98.1,33.438,0.3556262082580517,32.93,33.79,5.772,0.7235122666548234,5.12,7.01,71.47434694928916,0.4724283339315112,70.9553670657443,72.19957589792467,73.27879398129932,0.1193817060936338,73.19468355020327,73.47837370538994,0.3432517631679331,2.035301664003971,-1.9541328149035877,3.242607637820626,50.25684836141202,0.0,50.25684836141202,50.25684836141202,4.27030212141306,0.573753451393437,3.2595048302498224,4.660554316621336,3.51485764123115,0.4870524115979867,3.0129169614088256,4.287368659021568,51.74726208383436,0.2401869052082328,51.34980005032977,51.90321153257543,540.0,0.0,540.0,540.0,0.375,0.0,0.375,0.375,0.3277777777777778,0.0,0.3277777777777778,0.3277777777777778,0.1925925925925926,0.0,0.1925925925925926,0.1925925925925926,70.2,0.0,70.2,70.2,94.9,0.0,94.9,94.9,1.0,0.0,1,1,73.6,2.0736441353327715,71.0,76.0,2.45,0.0,2.45,2.45,51.45761015399044,2.6382437225678497,49.119222977347256,54.74913574633151,55.68376910422518,0.2145000742611336,55.37471471515809,55.90201551770096,0.0,0.0,0.0,0.0,0.0,0.0,0.0,0.0,0.0,0.0,0.0,0.0,0.0,0.0,0.0,0.0,0.0,0.0,0.0,0.0,59.239999999999995,1.7798876369029564,57.2,61.1,user_001,5
2024-01-01 17:05:00,5.6,3.049590136395381,2,9,3055.6,9.071934744033438,3042,3064,5.4656,0.2683035594247682,5.218,5.768,70.90959624344548,1.7425321355778505,68.23586587429212,73.00657098860388,43.19892254507603,3.4191751109748605,39.51550097350295,48.22731578557248,97.816,0.107144761887828,97.64,97.9,33.4768,0.1120232118803956,33.352,33.644,0.0,0.0,0,0,59.03246418457191,1.850392837082643,56.23435068602663,60.95623379068442,68.6,3.286335345030995,63,71,38.18,5.291219141180983,30.9,43.7,63.17999999999999,8.155795485420175,54.5,73.0,97.84,0.8473488065725924,96.5,98.7,33.406,0.4892647545041421,32.96,34.22,5.266,0.605664923864673,4.62,5.91,71.84156009208746,0.5701518978834307,70.90959624344548,72.39659154775234,73.43992348724929,0.1431210644609429,73.22856498726672,73.59669358137107,-1.154798121722743,0.9713456932151278,-2.6179329371460653,0.0731005942809019,50.25684836141202,0.0,50.25684836141202,50.25684836141202,4.027976442204162,0.3243433499581158,3.525041249828105,4.371926940394018,3.838336736265996,0.7778243263261965,3.135852941844998,5.149717216905655,51.581820521327984,0.2455679979883417,51.27366022925547,51.8376965772725,540.0,0.0,540.0,540.0,0.375,0.0,0.375,0.375,0.3277777777777778,0.0,0.3277777777777778,0.3277777777777778,0.1925925925925926,0.0,0.1925925925925926,0.1925925925925926,70.2,0.0,70.2,70.2,94.9,0.0,94.9,94.9,1.0,1.0,0,2,77.8,3.2710854467592236,73.0,82.0,2.9400000000000004,1.8578044837926304,1.225,4.9,61.54292601026941,3.4117560500663133,56.70301903152388,65.42024359097016,53.48295189882388,1.076450483810719,52.137660709456625,54.90848965654785,0.0,0.0,0.0,0.0,0.0,0.0,0.0,0.0,0.0,0.0,0.0,0.0,0.0,0.0,0.0,0.0,0.0,0.0,0.0,0.0,56.220000000000006,0.6496152707564676,55.2,56.8,user_001,5
2024-01-01 17:10:00,5.4,3.781534080237808,2,11,3079.2,8.786353054595557,3071,3091,5.3656,0.0970711079570025,5.254,5.514,67.21690156292286,1.2763535060712292,65.21594038857428,68.54041795047746,47.000187331038816,4.750991342353237,40.16244487711242,51.64319898807159,98.04,0.3316624790355425,97.58,98.44,33.4912,0.1420464712690892,33.248,33.596000000000004,0.0,0.0,0,0,54.41267018068436,3.8050140510880888,48.224552760773385,58.38024371174013,67.0,4.582575694955838,60,72,51.44,10.345433775342627,39.4,63.5,52.8,13.924618486694708,34.7,72.4,98.22,0.3768288736283372,97.6,98.6,33.596,0.5826920284335471,32.72,34.34,5.364,0.871395432625166,4.1,6.24,68.15707787220904,1.099670449422244,67.21690156292286,69.87306416229697,72.4581517898161,0.3638425489727832,72.04985217939316,72.98570999151114,-0.1084507814614283,1.8141589202158417,-2.607970194287134,1.7297910247612691,50.25684836141202,0.0,50.25684836141202,50.25684836141202,3.4281896223353088,0.6187122608513967,2.74918989103045,3.985984590453347,3.688879038529095,1.3806452646122136,2.1029778440925995,4.750991342353129,51.62037691364539,0.3324729189877932,51.14021793061476,51.86938461180868,540.0,0.0,540.0,540.0,0.375,0.0,0.375,0.375,0.3277777777777778,0.0,0.3277777777777778,0.3277777777777778,0.1925925925925926,0.0,0.1925925925925926,0.1925925925925926,70.2,0.0,70.2,70.2,94.9,0.0,94.9,94.9,0.8,0.8366600265340756,0,2,76.6,4.037325847637271,71.0,81.0,2.45,1.5003124674546966,1.225,4.9,61.821067125597025,3.808290290935018,56.74005787133772,66.18315785317422,50.69739326120974,0.6628541386456238,50.0035648310511,51.487683743120456,0.2,0.447213595499958,0.0,1.0,0.0,0.0,0.0,0.0,0.0,0.0,0.0,0.0,0.0,0.0,0.0,0.0,0.2,0.447213595499958,0.0,1.0,59.379999999999995,1.5254507530562895,56.9,60.6,user_001,5
2024-01-01 17:15:00,5.4,2.6076809620810595,2,8,3109.4,7.733045971672466,3099,3118,5.3408,0.1202713598493008,5.159999999999999,5.494,67.95695823050836,1.9742726625907403,65.42773687910666,70.46240797798998,47.08718516293515,3.269141881066484,44.84142177247626,52.66213265871439,97.596,0.3281463088319012,97.28,97.96,33.5376,0.0652748037147545,33.468,33.638,0.0,0.0,0,0,52.8568125340819,1.852203765590771,50.492460077266195,55.59497338484413,68.6,6.841052550594828,61,76,45.38,9.849466990654877,29.2,54.7,52.52,8.820827625568928,43.1,65.8,97.52,0.9093954035511694,96.6,98.8,33.498000000000005,0.2075331298853272,33.15,33.66,5.372,0.720881404948137,4.75,6.34,67.90397733296581,0.228504633340462,67.63543734576254,68.22973402796572,71.44071683377551,0.3949094446944524,70.99806009495438,71.94434589737322,0.32152088474582,2.6386539776321425,-2.820802659329999,2.7687960110050085,50.25684836141202,0.0,50.25684836141202,50.25684836141202,4.120206127483084,0.5009372933036121,3.657047208863718,4.969296189544641,3.44084565301614,0.2811343394550742,3.1654943849241897,3.8658874053079897,51.34016211757196,0.4168834975293078,50.82731265121212,51.84514529676134,540.0,0.0,540.0,540.0,0.375,0.0,0.375,0.375,0.3277777777777778,0.0,0.3277777777777778,0.3277777777777778,0.1925925925925926,0.0,0.1925925925925926,0.1925925925925926,70.2,0.0,70.2,70.2,94.9,0.0,94.9,94.9,1.2,0.8366600265340756,0,2,83.0,1.2247448713915887,82.0,85.0,3.185,1.6435099634623456,1.225,4.9,55.69493844659216,1.2183163282279723,54.34750133758753,57.466329543894346,49.300443539702606,0.3546700861788568,49.01301863097516,49.89616204686421,0.0,0.0,0.0,0.0,0.0,0.0,0.0,0.0,0.0,0.0,0.0,0.0,0.0,0.0,0.0,0.0,0.0,0.0,0.0,0.0,59.5,0.6819090848492931,58.9,60.5,user_001,5
2024-01-01 17:20:00,3.6,1.6733200530681511,2,6,3130.0,5.830951894845344,3122,3136,5.873600000000001,0.0823577561617602,5.77,5.976,70.53836486986118,1.000055509440794,69.45530421606112,71.86747759380938,46.768271297176646,3.3600228070189853,41.90455783779209,50.57788270254832,97.556,0.3290592651787769,97.2,98.0,33.725199999999994,0.0765584743839622,33.626,33.81,0.0,0.0,0,0,50.578263378973745,2.29015478060095,48.709626124753136,54.551000333260184,70.6,4.6690470119715,66,77,44.58,8.327484614215745,34.6,53.5,51.06,7.944369075011557,44.1,64.2,97.66,1.0188228501560002,96.4,98.8,33.715999999999994,0.4822654870504415,33.19,34.41,5.828,0.4649946236248328,5.41,6.38,69.56743734425888,1.0543689245803602,68.23797215367225,70.53836486986118,70.55024528949582,0.2789110207954646,70.17244687121485,70.88759561885848,0.0308175650694096,1.8697714950437203,-1.9558258646031277,2.5662612030953085,50.25684836141202,0.0,50.25684836141202,50.25684836141202,2.453228894966093,0.8371031383422416,1.4025724859001287,3.711195879554928,2.31970449751216,0.6113409829858201,1.8217235232116056,3.3600228070188236,49.81841366706023,0.5288594914354257,49.0779451502282,50.45043065636363,540.0,0.0,540.0,540.0,0.375,0.0,0.375,0.375,0.3277777777777778,0.0,0.3277777777777778,0.3277777777777778,0.1925925925925926,0.0,0.1925925925925926,0.1925925925925926,70.2,0.0,70.2,70.2,94.9,0.0,94.9,94.9,0.6,0.5477225575051661,0,1,74.4,3.361547262794323,72.0,80.0,1.96,0.6709601329438286,1.225,2.45,59.05748374545484,1.1071132079372163,57.76764532909921,60.74265571580745,49.793167161614576,0.4580812556690614,49.12076361433656,50.23261437554358,0.0,0.0,0.0,0.0,0.0,0.0,0.0,0.0,0.0,0.0,0.0,0.0,0.0,0.0,0.0,0.0,0.0,0.0,0.0,0.0,57.44,0.9396807968666776,56.4,58.9,user_001,5
2024-01-01 17:25:00,5.6,1.816590212458495,3,8,3153.6,9.581231653602844,3141,3164,5.6708,0.0801698197578113,5.546,5.754,70.38612212278008,1.5976980523971622,67.72749754549959,71.98999890911092,47.194422557652885,2.776945814368008,44.20303855852806,50.45275216548979,97.688,0.1546609194334505,97.5,97.9,33.4996,0.1051418090009867,33.398,33.674,0.0,0.0,0,0,57.34824867542041,3.131038717287523,53.47056796706374,61.13377792589341,71.4,6.024948132556827,61,76,49.78,5.691397016550506,44.2,57.0,57.64,9.99014514409075,46.1,70.0,97.62,0.855569985448303,96.3,98.6,33.501999999999995,0.3587756959438596,33.06,33.93,5.754,0.9381257911389068,4.23,6.55,70.18089709883245,0.3151476493774419,69.81877477625517,70.52816216438275,69.85421611494046,0.1178389057138877,69.75357325053035,70.01496458080989,0.5069389386099601,2.3184726951716046,-3.363748772749801,2.757500818166804,50.25684836141202,0.0,50.25684836141202,50.25684836141202,2.685968892357984,0.1282177983480646,2.4856706430783606,2.8244586369522877,2.7430406201627395,0.6744639380203853,1.7835676130346765,3.503334353142436,47.972249262054575,0.5538160117577415,47.325655328425114,48.69529676681881,540.0,0.0,540.0,540.0,0.375,0.0,0.375,0.375,0.3277777777777778,0.0,0.3277777777777778,0.3277777777777778,0.1925925925925926,0.0,0.1925925925925926,0.1925925925925926,70.2,0.0,70.2,70.2,94.9,0.0,94.9,94.9,1.0,0.7071067811865476,0,2,74.4,3.6469165057620927,70.0,80.0,2.6950000000000003,1.3419202658876572,1.225,4.9,61.653371088326445,1.2398807268257852,60.06313353072581,63.386985263689624,49.98922916034702,0.2836617870908801,49.58345808264981,50.3636679675752,0.0,0.0,0.0,0.0,0.0,0.0,0.0,0.0,0.0,0.0,0.0,0.0,0.0,0.0,0.0,0.0,0.0,0.0,0.0,0.0,57.4,1.2825755338380664,56.2,59.1,user_001,5
2024-01-01 17:30:00,5.2,2.8635642126552705,3,10,3180.8,8.927485648266273,3169,3190,5.5148,0.2736296767530889,5.17,5.868,69.69693789271177,0.5753429120438077,68.74765417733148,70.18222189899583,45.247660583723835,4.6398484613828765,38.34934998435027,50.01233429577323,97.484,0.1080740486888455,97.34,97.62,33.4656,0.0645817311629238,33.4,33.548,0.0,0.0,0,0,57.964049208285815,2.0046648405879353,55.82461273098185,60.15538343599193,68.4,2.701851217221259,65,71,41.239999999999995,9.7269214040209,27.5,53.3,59.28000000000001,4.75941172835467,55.4,66.5,97.34,0.7956129712366484,96.1,98.0,33.446000000000005,0.4273523136710503,32.97,34.0,5.518,0.516013565713151,4.76,6.01,70.11567369202731,0.3003150054569884,69.69693789271179,70.4181102586015,69.6277705720635,0.1030459151163917,69.45081348703829,69.70599701250282,-0.6484689463558879,1.1616220859867137,-2.329999636370303,0.4088890505020828,50.25684836141202,0.0,50.25684836141202,50.25684836141202,2.488308227739199,0.3773398159305563,2.209478616422303,3.1461715300160855,2.5397900139241427,1.349783730456933,0.9148549061373576,4.6398484613827184,46.69181883286315,0.404853906413943,46.08277491293389,47.14821466339452,540.0,0.0,540.0,540.0,0.375,0.0,0.375,0.375,0.3277777777777778,0.0,0.3277777777777778,0.3277777777777778,0.1925925925925926,0.0,0.1925925925925926,0.1925925925925926,70.2,0.0,70.2,70.2,94.9,0.0,94.9,94.9,0.8,0.8366600265340756,0,2,71.4,1.3416407864998718,70.0,73.0,2.45,1.5003124674546968,1.225,4.9,59.10521557823571,1.733463334678636,57.069422170778765,61.614156371620126,49.24521460474995,0.392587638489057,48.60748820144306,49.61615722566775,0.0,0.0,0.0,0.0,0.2,0.4472135954999579,0.0,1.0,0.0,0.0,0.0,0.0,0.0,0.0,0.0,0.0,0.2,0.4472135954999579,0.0,1.0,57.58,1.105441088434839,56.4,58.8,user_001,5
2024-01-01 17:35:00,6.6,1.3416407864998738,5,8,3210.4,10.139033484509245,3198,3223,5.7984,0.1959969387516042,5.542,6.0280000000000005,68.84980252085094,1.219123199454271,67.498436118221,70.18472181280622,43.5900622990912,3.662270795156005,40.22943703240008,48.92419423662225,97.808,0.1196662024132099,97.66,97.98,33.556799999999996,0.1133895938788023,33.398,33.704,0.0,0.0,0,0,58.15822870232571,1.4756616005064331,56.47468386818037,59.64683708266307,69.0,3.5355339059327378,65,74,47.82,8.322679856873027,36.8,56.9,57.32000000000001,5.957096608248013,50.7,63.8,97.86,0.5770615218501405,97.1,98.6,33.704,0.5736549485535701,33.01,34.5,5.928,0.8525960356464252,5.09,7.14,68.89885414874433,0.2082258814000967,68.76205567191461,69.26462526180785,69.1373195815063,0.0752888997223091,69.07793846657546,69.26720899135886,0.0750987395745312,1.3520045225212098,-1.2492180591104898,2.111458640395341,50.25684836141202,0.0,50.25684836141202,50.25684836141202,3.2966519902156746,0.3104750558627293,2.913532718635378,3.778840849574235,3.0134254209037747,0.8187961638062101,2.011489556414432,4.02766833323814,45.859924016398985,0.1802193840308606,45.659587628523624,46.14796487193642,540.0,0.0,540.0,540.0,0.375,0.0,0.375,0.375,0.3277777777777778,0.0,0.3277777777777778,0.3277777777777778,0.1925925925925926,0.0,0.1925925925925926,0.1925925925925926,70.2,0.0,70.2,70.2,94.9,0.0,94.9,94.9,1.4,0.5477225575051661,1,2,80.4,4.560701700396551,76.0,87.0,3.4300000000000006,1.3419202658876572,2.45,4.9,64.20086598422849,1.2216941219357182,62.64279282906317,65.5497237634623,47.82364874400216,0.3332128610025933,47.49813468392333,48.29093490577584,0.0,0.0,0.0,0.0,0.0,0.0,0.0,0.0,0.0,0.0,0.0,0.0,0.0,0.0,0.0,0.0,0.0,0.0,0.0,0.0,57.32000000000001,1.0568822072492272,55.9,58.8,user_001,5
2024-01-01 17:40:00,6.8,1.4832396974191326,5,9,3242.2,10.802777420645128,3229,3257,6.0416,0.2166028624002919,5.854,6.403999999999999,66.72672296570877,2.214252497631746,64.72139905564629,70.08209858346943,52.46906170193794,1.4795433423117466,50.58279615774816,54.00153998177742,97.788,0.1204989626511355,97.66,97.92,33.0428,0.2035219889839931,32.866,33.291999999999994,0.0,0.0,0,0,53.934663862034654,4.152776132153679,47.188024213093705,58.3831225787869,65.4,8.35463942968217,54,74,54.5,5.102450391723571,47.8,60.7,50.220000000000006,12.906471245077023,30.5,62.2,97.92,0.2489979919597705,97.6,98.1,32.946,0.5151989906822415,32.12,33.51,6.029999999999999,1.236042070481422,4.09,7.27,68.12923182205687,1.0642214661013891,66.72672296570877,69.36653501390063,69.13267857314761,0.0733006532043397,69.02581810040351,69.19975739257458,-0.6633614828543812,3.3227709051901826,-5.360699527823144,3.0928669814512375,50.25684836141202,0.0,50.25684836141202,50.25684836141202,2.8830398968126323,0.5982336237936107,2.1326239642164393,3.4368218270772406,3.2099442583856828,1.6014542491635488,1.4795433423118158,5.201369723809198,46.84007504194006,0.2165798640984665,46.495309914624286,47.059443933752945,540.0,0.0,540.0,540.0,0.375,0.0,0.375,0.375,0.3277777777777778,0.0,0.3277777777777778,0.3277777777777778,0.1925925925925926,0.0,0.1925925925925926,0.1925925925925926,70.2,0.0,70.2,70.2,94.9,0.0,94.9,94.9,1.2,0.4472135954999579,1,2,88.6,2.7018512172212614,86.0,93.0,2.9400000000000004,1.095673308974897,2.45,4.9,54.76906765872619,4.516467930995612,49.66134687312824,60.95019943001557,49.50603758329962,0.7585336155316241,48.40560741837969,50.47466928677372,0.0,0.0,0.0,0.0,0.0,0.0,0.0,0.0,0.0,0.0,0.0,0.0,0.0,0.0,0.0,0.0,0.0,0.0,0.0,0.0,61.86,1.9819182626939955,58.6,63.5,user_001,5
2024-01-01 17:45:00,6.0,2.1213203435596424,4,9,3275.4,8.294576541331068,3266,3287,5.8128,0.1570006369413827,5.656000000000001,6.064,66.1623668102991,1.6924835933082023,63.91392909374766,67.90042343518449,53.271810594493886,3.392769384630023,49.48302024331406,57.41179554745663,97.432,0.1171324037147647,97.26,97.56,33.510400000000004,0.1711221785742537,33.318,33.736000000000004,0.0,0.0,0,0,46.25263063203749,4.195837977161193,40.62801076137498,50.434671449499994,67.0,5.000000000000001,62,74,51.720000000000006,8.452041173586414,40.3,61.7,47.44,11.364110171940434,34.3,58.8,97.26,0.541294744108975,96.5,98.0,33.468,0.5342939265984609,32.94,34.32,5.718,0.3218229326819328,5.33,6.1,65.70574246216387,0.2864125273852725,65.41532532317296,66.1623668102991,68.76630609468062,0.0492168456966734,68.71517841499416,68.83943428915791,0.4188165948504519,1.8371144902239576,-0.9569645468738271,3.362023635417451,50.25684836141202,0.0,50.25684836141202,50.25684836141202,2.3196536620344332,0.5142092838545577,1.7214350274219647,2.926649598508798,2.4245382076874327,0.7498979141299104,1.4697689408350685,3.392769384630084,47.73169163789608,0.3827955479024001,47.14629595583529,48.09021483901272,540.0,0.0,540.0,540.0,0.375,0.0,0.375,0.375,0.3277777777777778,0.0,0.3277777777777778,0.3277777777777778,0.1925925925925926,0.0,0.1925925925925926,0.1925925925925926,70.2,0.0,70.2,70.2,94.9,0.0,94.9,94.9,1.2,0.4472135954999579,1,2,94.6,3.049590136395381,90.0,97.0,2.9400000000000004,1.0956733089748971,2.45,4.9,46.84255093437152,0.9062447226514788,45.72805859238211,48.069960299660465,52.44630279173629,1.0784062215548484,51.02416131214784,53.82213644297136,0.0,0.0,0.0,0.0,0.0,0.0,0.0,0.0,0.0,0.0,0.0,0.0,0.0,0.0,0.0,0.0,0.0,0.0,0.0,0.0,63.02,1.2988456413292508,61.5,64.4,user_001,5
2024-01-01 17:50:00,4.8,1.6431676725154984,2,6,3300.2,8.700574693662553,3289,3311,5.3076,0.1550509593649779,5.132,5.5280000000000005,68.25430344826984,0.993943250113351,66.64699722176483,68.97049583264726,49.93431250627081,1.4083567800853938,48.01467566369514,51.30434834479856,96.96,0.2774887385102314,96.6,97.38,33.395599999999995,0.0707870044570316,33.315999999999995,33.477999999999994,0.0,0.0,0,0,48.4676715235605,2.4714677766315436,45.94635485422222,51.704298422,68.6,4.159326868617084,62,73,49.46,5.15053395290236,43.8,55.2,47.48,6.461965645219725,37.1,54.8,96.92,1.207062550160512,95.3,98.6,33.46,0.4215447781671603,33.03,33.93,5.322,0.6090320188627196,4.51,5.91,67.8032253448117,0.6000927305743277,66.77491120686607,68.25430344826984,68.47227076143943,0.1122187288025577,68.34604262677007,68.59559079802354,0.1728482758650784,1.641633671536565,-2.3234986108824245,2.1176675927450503,50.25684836141202,0.0,50.25684836141202,50.25684836141202,2.326074251713131,0.6515236971227086,1.4852962890722998,2.9259197554989065,1.9864827826284464,1.1237871120620273,1.1422374156591082,3.8463035236145986,48.25893058606039,0.242701262757243,48.04787326178344,48.61788837386176,540.0,0.0,540.0,540.0,0.375,0.0,0.375,0.375,0.3277777777777778,0.0,0.3277777777777778,0.3277777777777778,0.1925925925925926,0.0,0.1925925925925926,0.1925925925925926,70.2,0.0,70.2,70.2,94.9,0.0,94.9,94.9,0.8,0.4472135954999579,0,1,89.8,1.6431676725154991,88.0,92.0,2.205,0.5478366544874484,1.225,2.45,53.30196131934656,1.6373580128592171,50.48882440018965,54.40444269291895,55.27074524355176,0.7664905764254768,54.245021982809,55.975443062831246,0.0,0.0,0.0,0.0,0.0,0.0,0.0,0.0,0.0,0.0,0.0,0.0,0.0,0.0,0.0,0.0,0.0,0.0,0.0,0.0,59.98,0.8700574693662488,58.9,61.1,user_001,5
2024-01-01 17:55:00,4.0,1.5811388300841898,2,6,3324.4,5.727128425310562,3317,3331,5.4828,0.142053511044254,5.252,5.61,67.73554613310549,2.1244176436863365,65.56207325089328,70.42579948174615,50.70682304609328,3.832927900594381,46.178761921948784,55.42721432438476,97.344,0.4554997255762116,96.66,97.76,33.4392,0.1375979651012312,33.33,33.668,0.0,0.0,0,0,51.21582505660056,8.549292678312781,43.69151254939917,62.84770618259736,68.4,6.024948132556828,61,76,50.1,10.95422292999371,34.9,60.9,57.279999999999994,17.618654886227834,35.7,75.5,97.32,0.5585696017507524,96.7,98.1,33.42,0.7881306998207838,32.59,34.72,5.61,0.5077893263943226,5.07,6.36,67.56750292606573,0.4851269371638296,66.90497879948735,68.23620229884656,68.0367050659783,0.135094065420837,67.90427996182432,68.25291730673561,0.3322269334472537,2.176454453432477,-2.281036625446646,3.430650388690381,50.25684836141202,0.0,50.25684836141202,50.25684836141202,2.989491949468367,0.7202886579136583,2.275357318670959,3.795280608223754,2.701435585730091,1.0011274981925555,1.3669257002315085,3.8329279005943526,49.19717330077064,0.1781813219802816,48.90081447146339,49.3773990243541,540.0,0.0,540.0,540.0,0.375,0.0,0.375,0.375,0.3277777777777778,0.0,0.3277777777777778,0.3277777777777778,0.1925925925925926,0.0,0.1925925925925926,0.1925925925925926,70.2,0.0,70.2,70.2,94.9,0.0,94.9,94.9,0.6,0.5477225575051661,0,1,82.2,5.263078946776307,74.0,88.0,1.96,0.6709601329438286,1.225,2.45,52.00131353584518,1.176761464924599,50.37907191489974,53.264095236950666,55.96680640830217,0.4819801062790296,55.18810703987183,56.35519720567313,0.0,0.0,0.0,0.0,0.0,0.0,0.0,0.0,0.0,0.0,0.0,0.0,0.0,0.0,0.0,0.0,0.0,0.0,0.0,0.0,61.04,1.870294094520964,59.1,63.3,user_001,5
2024-01-01 18:00:00,5.4,2.073644135332772,3,8,3345.2,9.2574294488265,3335,3358,5.6116,0.1424036516385729,5.482,5.8420000000000005,67.11249990230195,1.3356553158963376,65.20023688348034,68.4668245889869,48.47628945462956,3.1665342283488234,44.52845097805859,52.61278307642167,97.7,0.3234192325759277,97.3,97.98,33.4268,0.1431544620331463,33.278,33.626,0.0,0.0,0,0,53.21961482226838,1.5614207264035496,51.584505535584405,55.248669126926394,66.0,5.196152422706632,63,75,47.32,11.329916151499091,38.5,63.0,50.18,12.54778864979802,29.9,59.5,97.88,0.9909591313469994,96.9,99.5,33.391999999999996,0.4844274971551462,32.74,34.05,5.536,0.8256391463587466,4.45,6.67,67.64921849232141,0.31185861935563,67.11249990230196,67.90468717026911,67.62562919936065,0.1584309119923667,67.47354029675601,67.84729775232732,-0.5562499511509771,2.2282253177831093,-2.475266493915385,3.266587705506552,50.25684836141202,0.0,50.25684836141202,50.25684836141202,4.055960505935152,0.2422828410686343,3.784093181687962,4.369674555179264,2.9773553749875616,0.5453907239286941,2.447884933797675,3.82297531352524,49.45142474193962,0.1973917319574898,49.255535609748954,49.74139326708611,540.0,0.0,540.0,540.0,0.375,0.0,0.375,0.375,0.3277777777777778,0.0,0.3277777777777778,0.3277777777777778,0.1925925925925926,0.0,0.1925925925925926,0.1925925925925926,70.2,0.0,70.2,70.2,94.9,0.0,94.9,94.9,1.0,0.7071067811865476,0,2,69.8,1.3038404810405315,68.0,71.0,2.6950000000000003,1.341920265887657,1.225,4.9,54.517370769052846,0.8889639555261082,52.939492075155286,55.09180539847773,54.06552270335965,0.5318793273650058,53.44828330538635,54.88088839147144,0.0,0.0,0.0,0.0,0.0,0.0,0.0,0.0,0.0,0.0,0.0,0.0,0.0,0.0,0.0,0.0,0.0,0.0,0.0,0.0,60.92,1.4956603892595406,59.3,62.6,user_001,5
2024-01-01 18:05:00,4.4,3.2093613071762426,2,10,3373.0,7.516648189186454,3361,3380,5.5512,0.2331849051718398,5.354,5.91,66.92016459618792,1.203370044552752,65.34413823552148,68.28646654488502,51.90370889937507,2.1553614535386045,49.41896731870573,54.76917872962088,97.32,0.0860232526704254,97.24,97.42,33.6144,0.0894136454910532,33.512,33.73799999999999,0.0,0.0,0,0,50.220113886060034,3.3458355769539057,45.172576617664475,53.0324460846176,66.0,2.738612787525832,63,70,56.0,4.339930875025545,48.7,59.2,47.5,9.94032192637643,30.4,55.0,97.24,0.4827007354458915,96.6,97.9,33.644,0.4101585059461756,33.13,34.26,5.382,0.6445696238576558,4.41,6.0,67.31693412244563,0.3777613169948608,66.92016459618792,67.8703703414228,67.3619758616442,0.1440744806332927,67.15193397597885,67.49194383559526,-0.4600822980939568,0.8701674739867563,-1.5081036766411131,0.856766727557499,50.25684836141202,0.0,50.25684836141202,50.25684836141202,3.1741685191381612,0.3984402165868598,2.787009723936389,3.798117446295058,2.6976215033978157,0.458302286114788,2.155361453538647,3.308751390750285,50.61909022664774,0.4468362656157161,50.01981773361296,51.12700103380009,540.0,0.0,540.0,540.0,0.375,0.0,0.375,0.375,0.3277777777777778,0.0,0.3277777777777778,0.3277777777777778,0.1925925925925926,0.0,0.1925925925925926,0.1925925925925926,70.2,0.0,70.2,70.2,94.9,0.0,94.9,94.9,0.6,0.8944271909999159,0,2,72.8,2.774887385102321,69.0,76.0,2.205,1.5972045892746491,1.225,4.9,54.06248534031986,2.1360918342450335,50.55326448873137,55.63080480744459,53.82635099474552,0.3236932019855493,53.560305352817494,54.37455081817951,0.0,0.0,0.0,0.0,0.0,0.0,0.0,0.0,0.0,0.0,0.0,0.0,0.0,0.0,0.0,0.0,0.0,0.0,0.0,0.0,61.52,1.4515508947329403,60.4,63.6,user_001,5
2024-01-01 18:10:00,5.4,1.51657508881031,4,7,3394.4,9.235799911215002,3384,3407,5.0944,0.1361939793089251,4.95,5.252,65.40759369167907,0.6839906542151399,64.59739477134288,66.32515400632381,50.19719623366256,4.333876765354463,44.17618814546447,54.56428221819672,97.608,0.1634625339336321,97.42,97.84,33.4664,0.1868764297604163,33.158,33.616,0.0,0.0,0,0,49.321908001456464,6.989415140657384,40.040421612202735,55.79361440813515,65.8,2.049390153191921,64,68,45.96,16.140415112381717,23.4,63.7,52.260000000000005,25.097270767954033,25.0,87.3,97.54,0.5941380311005156,96.9,98.5,33.604,0.4668297334146559,32.89,34.19,5.1979999999999995,0.3911137941827161,4.7,5.52,65.60502836180355,0.48357027435798,65.21139053751861,66.41344306412527,66.94127528493532,0.034009026029726,66.9055113015246,66.97906709509701,0.1962031541604659,0.7322308860191863,-0.4480460785071614,1.1342017428857076,50.25684836141202,0.0,50.25684836141202,50.25684836141202,3.956969765455341,1.0849199135626155,3.2079223376577,5.8480543187003935,3.0711497650346953,0.7424041107445764,2.4473141204481643,4.333876765354428,50.95545769788502,0.1330754813169963,50.74835678908752,51.075868516964626,540.0,0.0,540.0,540.0,0.375,0.0,0.375,0.375,0.3277777777777778,0.0,0.3277777777777778,0.3277777777777778,0.1925925925925926,0.0,0.1925925925925926,0.1925925925925926,70.2,0.0,70.2,70.2,94.9,0.0,94.9,94.9,1.0,0.0,1,1,70.0,3.741657386773941,67.0,76.0,2.45,0.0,2.45,2.45,49.52825353675614,1.1504500313064756,48.144551840385816,50.89386790604341,54.33907801574826,0.3896185634399004,53.90578355749346,54.757061712596276,0.0,0.0,0.0,0.0,0.0,0.0,0.0,0.0,0.0,0.0,0.0,0.0,0.0,0.0,0.0,0.0,0.0,0.0,0.0,0.0,62.879999999999995,1.1819475453673882,61.2,64.2,user_001,5
2024-01-01 18:15:00,5.2,2.8635642126552705,3,10,3423.2,8.757853618324521,3410,3433,4.8896,0.1618974984365111,4.744000000000001,5.130000000000001,64.3903004038425,1.4721579411432366,61.91115674261446,65.55010267088254,50.194280985502886,5.798390271630208,42.81745876364298,58.54048568170725,97.78,0.0938083151964688,97.68,97.88,33.1156,0.0773485617190184,33.001999999999995,33.196000000000005,0.0,0.0,0,0,50.94362574504777,6.074054188725803,44.03455004551574,58.96240960542343,63.8,5.263078946776307,55,69,55.94,11.98949540222607,40.1,70.7,46.239999999999995,15.676032661359184,29.5,65.3,97.82,0.6572670690062035,96.8,98.5,33.09,0.6375343128020611,32.34,34.04,4.744,0.4685402864215626,4.34,5.37,65.04691731513462,0.5554112742434868,64.3903004038425,65.69226386296847,66.83147109376378,0.151072466224966,66.63673469589779,67.00314626532173,-0.2951502019212569,2.1245159655875594,-3.455578371307233,2.3629477524618423,50.25684836141202,0.0,50.25684836141202,50.25684836141202,5.245536275360965,0.613311363357785,4.2374903468915806,5.778296790210242,5.046457291083991,0.79490442176797,3.865779960983759,5.798390271630183,50.08450197393273,0.1972501579108289,49.85556250540865,50.3333489705028,540.0,0.0,540.0,540.0,0.375,0.0,0.375,0.375,0.3277777777777778,0.0,0.3277777777777778,0.3277777777777778,0.1925925925925926,0.0,0.1925925925925926,0.1925925925925926,70.2,0.0,70.2,70.2,94.9,0.0,94.9,94.9,0.8,0.8366600265340756,0,2,78.0,3.082207001484488,75.0,82.0,2.45,1.5003124674546968,1.225,4.9,52.34214235978751,1.5112442439731748,49.756236340271855,53.51699766787609,54.72453645930853,0.7020636706030442,54.21859863339056,55.8922022450196,0.2,0.447213595499958,0.0,1.0,0.2,0.447213595499958,0.0,1.0,0.0,0.0,0.0,0.0,0.0,0.0,0.0,0.0,0.4,0.5477225575051661,0.0,1.0,62.48,1.7949930361981905,60.8,65.3,user_001,5
2024-01-01 18:20:00,5.8,1.9235384061671343,3,8,3449.4,9.12688336728366,3439,3462,5.4748,0.2101456637668262,5.24,5.698,64.86456630832494,2.347075760699731,60.82195688743001,66.68798722590519,50.92871189932548,2.926752084670982,47.60458835013548,54.660323787804835,97.932,0.0672309452558921,97.84,98.02,33.4748,0.2744980874250297,33.214,33.848,0.0,0.0,0,0,49.866403390294366,3.3046093493161717,47.437577798007,54.59171853200467,65.6,9.555103348473002,50,75,46.9,7.767238891652554,37.4,58.4,53.1,13.315592363841724,34.0,68.9,97.96,0.4669047011971449,97.5,98.6,33.322,0.5917093881290033,32.76,34.11,5.696,0.7583402930083564,4.58,6.43,64.37029363820702,0.4613952254388955,63.61791129059666,64.86456630832494,66.25931580932965,0.1991571739868286,66.07177850590698,66.58004535282075,0.367716845837532,3.736996994433472,-5.410978443715003,4.726014370856667,50.25684836141202,0.0,50.25684836141202,50.25684836141202,4.146436902245915,0.4127577175112458,3.614710815089717,4.538526919383954,3.7719451353291142,0.5152829067766386,2.926752084670978,4.241540427471745,50.44570670712968,0.0531863326593585,50.4011684197648,50.53352675003956,540.0,0.0,540.0,540.0,0.375,0.0,0.375,0.375,0.3277777777777778,0.0,0.3277777777777778,0.3277777777777778,0.1925925925925926,0.0,0.1925925925925926,0.1925925925925926,70.2,0.0,70.2,70.2,94.9,0.0,94.9,94.9,1.0,0.7071067811865476,0,2,76.4,4.037325847637269,72.0,82.0,2.6950000000000003,1.341920265887657,1.225,4.9,46.86390639120255,1.6000096879592147,45.10825555641078,49.41144601193001,56.42380503805445,0.2626025884948783,56.04296764939919,56.69482382380902,0.2,0.447213595499958,0.0,1.0,0.0,0.0,0.0,0.0,0.0,0.0,0.0,0.0,0.0,0.0,0.0,0.0,0.2,0.447213595499958,0.0,1.0,63.34,0.9071934744033402,62.3,64.3,user_001,5
2024-01-01 18:25:00,7.0,3.5355339059327378,4,13,3484.8,11.840608092492518,3467,3497,5.39,0.1586631652274716,5.258,5.664,64.33689762084938,1.5551667120688657,62.51861476067264,66.34574317378177,44.97908963283298,3.201963346822819,39.72098185131109,48.41247062226237,97.556,0.1807761046156285,97.24,97.68,33.611599999999996,0.2987755010036809,33.29,34.002,0.0,0.0,0,0,56.15063748349555,2.6683718056649885,53.312361046519904,60.441947861040966,64.2,6.610597552415363,59,74,41.48,8.505116107379132,28.0,48.3,59.48,5.462783173438246,54.1,68.2,97.68,0.5167204273105555,97.1,98.4,33.6,0.7313343968390971,32.8,34.68,5.346,1.2208521614020265,3.99,6.87,64.69106747499022,0.4375633059138243,64.33689762084938,65.36202947036665,65.77990990081707,0.1975724428360251,65.50533708719763,65.94785233727131,-0.0684488104246838,2.6462496838697422,-2.562662408635063,3.827128413109129,50.25684836141202,0.0,50.25684836141202,50.25684836141202,2.825018350773283,0.5664868471179946,1.978242542445504,3.3876156025471156,2.30659064502914,0.5788721510461912,1.5996457621431153,3.20196334682253,49.809182227550686,0.3013356842192965,49.446546184221425,50.25855672428765,540.0,0.0,540.0,540.0,0.375,0.0,0.375,0.375,0.3277777777777778,0.0,0.3277777777777778,0.3277777777777778,0.1925925925925926,0.0,0.1925925925925926,0.1925925925925926,70.2,0.0,70.2,70.2,94.9,0.0,94.9,94.9,1.4,0.8944271909999159,1,3,90.4,4.393176527297758,83.0,94.0,3.675,2.739183272437242,2.45,8.575,53.33416379479477,1.96895025490199,50.43038570772895,55.92235187853747,55.3405488036632,0.5945442786088152,54.62197095719933,56.07328608727425,0.0,0.0,0.0,0.0,0.2,0.4472135954999579,0.0,1.0,0.0,0.0,0.0,0.0,0.0,0.0,0.0,0.0,0.2,0.4472135954999579,0.0,1.0,60.84,1.2817956155331465,59.0,62.4,user_001,5
2024-01-01 18:30:00,4.4,1.6733200530681511,3,7,3508.8,7.661592523751176,3500,3519,5.4696,0.0834673588895683,5.358,5.578,66.23942684719006,0.6036079860746277,65.56382878252118,66.87076408370999,48.06728752366525,4.679607670466582,40.61398790087406,51.80621684483291,97.324,0.0841427358718509,97.24,97.46,33.470800000000004,0.1502571129763917,33.245999999999995,33.624,0.0,0.0,0,0,48.73185349576896,4.772391277197945,44.262314121618566,56.02796524069398,66.2,1.923538406167136,64,69,52.5,7.932843122109502,42.4,62.8,42.260000000000005,7.266223228060091,34.2,52.1,97.28,0.8584870412533854,96.4,98.2,33.56,0.2359025222417069,33.24,33.89,5.448,0.410511875589489,4.99,6.07,65.43898830946375,0.7985187835245576,64.62459841389959,66.25914027078508,65.41153820367413,0.036207103711682,65.35982491134565,65.4596060505277,-0.0197134235950215,0.746135310226997,-0.7819143912605853,1.0969269372175177,50.25684836141202,0.0,50.25684836141202,50.25684836141202,3.849027286298627,0.5871442693822361,3.07344051256086,4.445214219458038,4.274869222281502,1.1193766403312435,3.0047054205943016,5.594902344764122,49.124600128730954,0.1562550842691866,48.993279785579894,49.37837919572737,540.0,0.0,540.0,540.0,0.375,0.0,0.375,0.375,0.3277777777777778,0.0,0.3277777777777778,0.3277777777777778,0.1925925925925926,0.0,0.1925925925925926,0.1925925925925926,70.2,0.0,70.2,70.2,94.9,0.0,94.9,94.9,0.6,0.5477225575051661,0,1,85.6,2.9664793948382644,82.0,90.0,1.96,0.6709601329438285,1.225,2.45,56.94174653157054,1.500710799352164,54.369681729493706,58.10707225205594,54.14330711925648,0.3705401624034102,53.52999822252596,54.48105879989109,0.0,0.0,0.0,0.0,0.0,0.0,0.0,0.0,0.0,0.0,0.0,0.0,0.0,0.0,0.0,0.0,0.0,0.0,0.0,0.0,60.82000000000001,0.8700574693662481,59.5,61.8,user_001,5
2024-01-01 18:35:00,3.4,2.302172886644267,1,7,3531.2,4.324349662087923,3526,3536,5.645200000000001,0.0625715590344367,5.554,5.714,67.8364677329633,1.3251048667240606,66.16478403720444,69.77652269146962,50.67865514714934,3.9587477275729857,46.70918776141195,56.54567246317688,97.66,0.4534313619501831,97.32,98.36,33.632799999999996,0.0851187405921843,33.57000000000001,33.78,0.0,0.0,0,0,50.139832559113614,6.873410750917069,40.60547294294159,58.21273272383454,68.6,5.176871642217915,64,77,49.28,11.4211207856322,37.6,66.5,55.71999999999999,17.416572567528892,29.6,74.8,97.36,1.114899098573501,96.1,98.6,33.596000000000004,0.2813894098931253,33.31,34.02,5.614,0.5359850744190551,5.13,6.49,67.24118364569071,0.5480861090052627,66.35961789812671,67.8364677329633,65.39891312421499,0.0730328538209793,65.3176610520082,65.5125421008082,0.3817661335183487,2.0773221975564997,-1.9255075638232029,3.6117386542651815,50.25684836141202,0.0,50.25684836141202,50.25684836141202,3.5892238270925767,0.2625194956544811,3.294269175214785,3.8563598359260376,2.9145349532389857,0.7634379752421266,2.252858243157986,3.958747727573005,49.46233691681505,0.1889140300433086,49.17420357035642,49.64445803330194,540.0,0.0,540.0,540.0,0.375,0.0,0.375,0.375,0.3277777777777778,0.0,0.3277777777777778,0.3277777777777778,0.1925925925925926,0.0,0.1925925925925926,0.1925925925925926,70.2,0.0,70.2,70.2,94.9,0.0,94.9,94.9,0.4,0.5477225575051661,0,1,81.8,5.0199601592044525,74.0,87.0,1.7150000000000003,0.6709601329438285,1.225,2.45,51.558326233347906,1.0615699164096393,50.3573403422527,53.04359230682318,53.10614961233525,0.2431465792529381,52.7836673878337,53.33619838571097,0.2,0.447213595499958,0.0,1.0,0.0,0.0,0.0,0.0,0.0,0.0,0.0,0.0,0.0,0.0,0.0,0.0,0.2,0.447213595499958,0.0,1.0,61.66,0.5128352561983256,61.2,62.5,user_001,5
2024-01-01 18:40:00,3.4,1.51657508881031,2,5,3547.2,5.674504383644472,3539,3553,5.475199999999999,0.2343015151466157,5.1739999999999995,5.708,68.0558311417894,1.4763789404093266,65.52464330338734,69.1804474326215,48.40229203583859,2.136871130732148,44.675888940525816,50.15059262701721,98.188,0.4412708918566876,97.58,98.62,33.715999999999994,0.1079536937765434,33.525999999999996,33.782,0.0,0.0,0,0,52.17108906128245,5.798596552269857,45.335010070628414,58.90377265891394,68.0,5.338539126015655,59,73,49.08,9.164714943739384,36.0,61.1,47.02,16.388929190157604,22.9,67.7,98.62,0.9038805230781288,97.3,99.8,33.775999999999996,0.4827835954130983,33.38,34.48,5.558,0.4407607060526152,5.03,6.18,68.23225463646955,0.1630421433390417,68.0558311417894,68.42562006902617,65.83678416999264,0.123293287704019,65.64169473387214,65.95391500915994,-0.027915570894703,2.094540455986776,-3.262321651693668,2.4917855655375547,50.25684836141202,0.0,50.25684836141202,50.25684836141202,3.327471880732842,0.3625679352305011,2.946858359220642,3.930598318073273,2.3788683821178593,0.9041844179874204,1.788786595234369,3.9692198001695713,48.96566027985493,0.2133279928707696,48.7142459727453,49.19724682468205,540.0,0.0,540.0,540.0,0.375,0.0,0.375,0.375,0.3277777777777778,0.0,0.3277777777777778,0.3277777777777778,0.1925925925925926,0.0,0.1925925925925926,0.1925925925925926,70.2,0.0,70.2,70.2,94.9,0.0,94.9,94.9,0.4,0.5477225575051661,0,1,62.4,6.2289646009589745,56.0,72.0,1.7150000000000003,0.6709601329438286,1.225,2.45,56.032914894091206,1.2412969483643277,54.20070430618743,57.64824631451645,52.65129587196698,0.2504905191895886,52.36723131388485,53.03913818067512,0.0,0.0,0.0,0.0,0.0,0.0,0.0,0.0,0.0,0.0,0.0,0.0,0.0,0.0,0.0,0.0,0.0,0.0,0.0,0.0,60.94,0.9633275663033845,59.9,62.5,user_001,5
2024-01-01 18:45:00,3.8,1.3038404810405295,2,5,3563.8,6.058052492344346,3557,3572,4.8564,0.0734084463805088,4.76,4.932,64.55879257834263,0.6438363943891674,63.89375670190367,65.3406350528555,50.2826886631557,4.420416621566003,44.56551014018334,56.52239781541251,97.68,0.2078460969082592,97.48,97.98,33.3976,0.115951714088242,33.3,33.55200000000001,0.0,0.0,0,0,48.435369752926086,5.955579865628199,38.882226698057075,53.56987853246981,63.2,3.114482300479487,59,66,50.02,13.941915219940192,33.6,65.7,51.64,18.54354335071914,20.4,67.0,97.48,0.7014271166700072,96.7,98.3,33.316,0.2032978111047935,33.08,33.59,4.816,0.577304079320422,4.2,5.54,65.8388154253787,1.085226791076462,64.55879257834263,67.30388742785959,65.96876718836667,0.0311191521236187,65.93507333740442,66.00116000271406,-0.6793962891713164,1.5333683650051826,-3.005476289641635,0.69027628846586,50.25684836141202,0.0,50.25684836141202,50.25684836141202,4.262074851651927,0.5532946507631652,3.4275761631961537,4.8147747877582265,3.750854693583682,0.8495888875999819,2.6747800664677563,4.420416621566003,49.24610615482315,0.2397647150870235,48.88978748366123,49.492855171571094,540.0,0.0,540.0,540.0,0.375,0.0,0.375,0.375,0.3277777777777778,0.0,0.3277777777777778,0.3277777777777778,0.1925925925925926,0.0,0.1925925925925926,0.1925925925925926,70.2,0.0,70.2,70.2,94.9,0.0,94.9,94.9,0.6,0.5477225575051661,0,1,55.0,2.0,53.0,57.0,1.96,0.6709601329438285,1.225,2.45,51.221608035878816,2.0464941547693796,49.46939138624822,54.50409525643628,54.20656557542982,0.2805092226751099,53.784671089370065,54.47022613858058,0.0,0.0,0.0,0.0,0.0,0.0,0.0,0.0,0.0,0.0,0.0,0.0,0.0,0.0,0.0,0.0,0.0,0.0,0.0,0.0,63.0,0.9082951062292468,61.7,64.2,user_001,5
2024-01-01 18:50:00,3.6,2.4083189157584592,1,7,3581.6,7.0922492905988745,3574,3590,5.582800000000001,0.2777502475246425,5.262,5.952,66.57728955764183,1.3238870815878845,65.07963161537887,68.14650294016839,44.22200015317277,1.8768831384045408,42.195782284525926,46.55800956578546,97.848,0.0901110426085515,97.72,97.94,33.724000000000004,0.1719127685775569,33.504000000000005,33.94,0.0,0.0,0,0,56.5006248234306,4.180476663515732,52.742535444605075,63.39502362973672,67.2,3.6331804249169894,63,73,43.22,8.549093519198395,29.9,53.5,60.52,15.175869003124664,48.2,84.7,97.94,0.5412947441089775,97.1,98.4,33.8,0.5769748694700673,33.31,34.61,5.534,1.0240263668480418,4.72,7.01,65.51260120828033,0.9126777808862264,64.57252838556175,66.57728955764183,66.15915178337887,0.1394993461405206,65.94355358105108,66.28450970302748,0.3113552211790846,1.4742859143266585,-1.588111764481866,2.4267485299158125,50.25684836141202,0.0,50.25684836141202,50.25684836141202,4.268679675601458,0.9130528865693672,3.225039425866597,5.387080376781584,3.149225373574013,1.4252753615113636,1.876883138403967,5.519689388431286,48.05711411641018,0.2773958669939964,47.772002192635775,48.47430276688526,540.0,0.0,540.0,540.0,0.375,0.0,0.375,0.375,0.3277777777777778,0.0,0.3277777777777778,0.3277777777777778,0.1925925925925926,0.0,0.1925925925925926,0.1925925925925926,70.2,0.0,70.2,70.2,94.9,0.0,94.9,94.9,0.4,0.5477225575051661,0,1,50.4,2.8809720581775875,47.0,54.0,1.7150000000000003,0.6709601329438285,1.225,2.45,56.66192855342895,2.901389671540776,52.180147215044634,59.33926153347531,52.71633997879726,0.5367191332778056,52.34844813787158,53.573377971036976,0.0,0.0,0.0,0.0,0.0,0.0,0.0,0.0,0.0,0.0,0.0,0.0,0.0,0.0,0.0,0.0,0.0,0.0,0.0,0.0,60.44,0.8905054744357275,59.2,61.5,user_001,5
2024-01-01 18:55:00,3.4,2.073644135332772,1,6,3600.2,5.069516742254696,3595,3607,5.5068,0.142888767928064,5.294,5.674,66.3426883368088,1.3224536831602969,64.71888104561889,68.07832156842832,46.084790143627686,1.9773108654595033,43.52256979077243,48.625782029237975,97.332,0.2460081299469599,97.04,97.72,33.6484,0.0949989473625915,33.48,33.712,0.0,0.0,0,0,58.364938248353,4.30563730854209,52.53267800885422,62.79778827988299,66.4,4.8270073544588685,58,70,46.7,7.011062686925571,38.3,54.2,54.02,8.726511330422943,44.6,66.8,97.04,0.4878524367060138,96.3,97.6,33.682,0.4154154546956575,33.19,34.14,5.536,0.3231563089280482,5.13,6.0,66.7738404883332,0.4764389603856204,66.3140325052132,67.4565731367297,66.50628061893605,0.1003568230101645,66.36718949764185,66.602624048684,0.0286558315956,1.8957254479103856,-3.359440522809436,0.960839215785839,50.25684836141202,0.0,50.25684836141202,50.25684836141202,2.416471354243277,0.2088500776164383,2.0964640464957114,2.643481063447542,2.001099012503071,0.1808149139071548,1.8410240090314955,2.297254768100368,47.78295329928035,0.1051319302613605,47.6966426249785,47.95628561110155,540.0,0.0,540.0,540.0,0.375,0.0,0.375,0.375,0.3277777777777778,0.0,0.3277777777777778,0.3277777777777778,0.1925925925925926,0.0,0.1925925925925926,0.1925925925925926,70.2,0.0,70.2,70.2,94.9,0.0,94.9,94.9,0.4,0.5477225575051661,0,1,53.0,2.549509756796392,49.0,56.0,1.7150000000000003,0.6709601329438285,1.225,2.45,57.63423671357034,0.6645362515459805,56.852263590457575,58.37167492149759,52.18025928112125,0.1714391146690099,51.99499575543798,52.38792588250212,0.0,0.0,0.0,0.0,0.0,0.0,0.0,0.0,0.0,0.0,0.0,0.0,0.0,0.0,0.0,0.0,0.0,0.0,0.0,0.0,60.32000000000001,0.7463243262818097,59.1,60.8,user_001,5
2024-01-01 19:00:00,6.4,2.792848008753788,3,9,3624.2,10.2323017938292,3614,3639,5.1564,0.0462471620750945,5.121999999999999,5.234,63.25582727069086,1.2433336893073592,61.67993451021454,64.9197789719741,55.81371722056002,3.5271463341377363,50.01779845652516,58.39240463338768,97.432,0.1204989626511412,97.28,97.58,33.3928,0.1103322255734968,33.251999999999995,33.498000000000005,0.0,0.0,0,0,45.5376873413469,2.0210851397136045,43.20768948323047,48.68845200590281,61.4,3.209361307176242,59,67,60.220000000000006,4.511873225169342,55.3,64.8,42.62,3.8140529624010218,40.3,49.3,97.58,0.6610597552415339,97.0,98.7,33.251999999999995,0.1082589488217975,33.14,33.42,5.162,0.5895082696620974,4.27,5.63,64.59474442644718,0.92531461444763,63.25582727069086,65.69512555787254,66.36557330509994,0.1853169574929794,66.10448276970614,66.545610688304,-0.927913635345439,1.294404405005927,-2.4398342289805797,1.0401105140129443,50.25684836141202,0.0,50.25684836141202,50.25684836141202,2.8720917061023865,0.2748008233334665,2.4145468905952816,3.1419502513640967,4.068404834884129,1.09027989600204,2.4628949284565023,5.219631052683065,48.76757135354035,0.378820363322281,48.26974596295659,49.24735722725068,540.0,0.0,540.0,540.0,0.375,0.0,0.375,0.375,0.3277777777777778,0.0,0.3277777777777778,0.3277777777777778,0.1925925925925926,0.0,0.1925925925925926,0.1925925925925926,70.2,0.0,70.2,70.2,94.9,0.0,94.9,94.9,1.2,0.8366600265340756,0,2,60.4,4.449719092257398,57.0,67.0,3.185,1.6435099634623451,1.225,4.9,48.94198533494274,5.5929380131138196,41.77506701226372,55.7935191301555,52.69512589924526,0.9472816456766452,51.84011450037322,54.048125789325454,0.0,0.0,0.0,0.0,0.0,0.0,0.0,0.0,0.0,0.0,0.0,0.0,0.0,0.0,0.0,0.0,0.0,0.0,0.0,0.0,63.720000000000006,1.1966620241321293,61.6,64.4,user_001,5
2024-01-01 19:05:00,4.6,2.302172886644267,1,7,3650.6,8.876936408468877,3640,3662,4.9732,0.2664079578391006,4.609999999999999,5.316,59.70282499037904,1.7035966615788896,57.20146207710061,61.453289673476355,56.22534547760462,3.5871857454181,51.229040939376155,59.78551317039453,97.136,0.1883613548475422,97.0,97.46,33.5308,0.0603754917164233,33.442,33.588,0.0,0.0,0,0,49.356567880341984,3.5022193025613655,45.183759846883106,53.24703995463204,58.8,6.418722614352484,53,69,53.36,8.83674148088536,43.8,65.3,52.56,9.904443447261436,37.3,63.9,97.04,0.7733045971672539,95.9,97.9,33.566,0.4622012548663191,33.13,34.09,4.982,1.1696666191697531,3.65,6.5,60.94120091212473,1.250755013498947,59.70282499037904,62.770551513793905,65.31557618283895,0.4694399140131143,64.74887564594209,65.94743295758187,-0.4514124951895198,2.5724054731748107,-2.151096557825454,3.932845974299802,50.25684836141202,0.0,50.25684836141202,50.25684836141202,2.3952387684477676,0.602945860327508,1.4915398511084257,2.9518219793516502,1.887392432648855,1.0712162479689704,1.0441359225191391,3.587185745418413,49.79555397796965,0.3172597565130354,49.42934926261157,50.17180561565989,540.0,0.0,540.0,540.0,0.375,0.0,0.375,0.375,0.3277777777777778,0.0,0.3277777777777778,0.3277777777777778,0.1925925925925926,0.0,0.1925925925925926,0.1925925925925926,70.2,0.0,70.2,70.2,94.9,0.0,94.9,94.9,0.8,0.4472135954999579,0,1,69.0,2.1213203435596424,66.0,72.0,2.205,0.5478366544874484,1.225,2.45,37.12816994467693,1.537865540939856,35.55861734540754,39.556873403583346,57.56227469364567,1.7327834798860478,55.15522769876558,59.41166236432464,0.4,0.5477225575051661,0.0,1.0,0.0,0.0,0.0,0.0,0.0,0.0,0.0,0.0,0.0,0.0,0.0,0.0,0.4,0.5477225575051661,0.0,1.0,63.36,0.9989994994993748,62.0,64.5,user_001,5
2024-01-01 19:10:00,6.6,2.302172886644268,5,10,3681.0,9.617692030835672,3670,3695,5.0116,0.1463926227649462,4.756,5.117999999999999,57.01107160367131,1.9955974937728829,55.342789537632974,59.895193025088645,56.59033356083681,2.4385223235692908,54.679810555926146,60.619715833889224,97.46,0.2694438717061506,97.14,97.88,33.629599999999996,0.1147641058868143,33.444,33.745999999999995,0.0,0.0,0,0,39.050247622102646,4.602383321415385,33.57319702359467,43.46469330308802,57.2,7.120393247567159,50,69,58.92,11.26929456532218,42.8,72.1,31.72,18.086928982002448,18.4,62.4,97.88,0.4549725266430901,97.4,98.6,33.668,0.3964467177314009,33.19,34.25,5.04,0.6238589584192885,4.21,5.85,57.8767013546831,0.9111379974912214,56.91660740550698,59.06854999358603,63.58965063587455,0.5956981088039418,62.90808238958909,64.39925043062807,0.0944641981643414,2.7521081132706753,-2.7606382298370917,4.5524034874556705,50.25684836141202,0.0,50.25684836141202,50.25684836141202,3.953327854672115,0.5016063774774266,3.315757007444346,4.398692809429127,3.129889210232593,0.471532810459858,2.438522323569777,3.56161097469866,50.97946389833345,0.478267849464166,50.39009263266215,51.5364792031596,540.0,0.0,540.0,540.0,0.375,0.0,0.375,0.375,0.3277777777777778,0.0,0.3277777777777778,0.3277777777777778,0.1925925925925926,0.0,0.1925925925925926,0.1925925925925926,70.2,0.0,70.2,70.2,94.9,0.0,94.9,94.9,1.4,0.5477225575051662,1,2,80.8,4.868264577855236,75.0,88.0,3.4300000000000006,1.341920265887657,2.45,4.9,35.936671348369636,1.4181903494669588,33.8430959191242,37.22239432083309,62.682955910721645,1.854685302624535,60.25975379381849,64.84961356352503,0.0,0.0,0.0,0.0,0.0,0.0,0.0,0.0,0.0,0.0,0.0,0.0,0.0,0.0,0.0,0.0,0.0,0.0,0.0,0.0,62.42,1.4272350892547463,61.0,64.4,user_001,5
2024-01-01 19:15:00,4.6,1.6733200530681511,2,6,3707.0,8.246211251235353,3697,3718,5.11,0.0993680028983174,5.0,5.2620000000000005,62.81298062270569,1.8019445095050768,60.28675245559496,64.79411220248664,49.92415915204435,4.716984261188778,42.71421373575982,54.5569809054596,97.36,0.1421267040355188,97.12,97.5,33.5048,0.2268417950907631,33.217999999999996,33.754,0.0,0.0,0,0,47.62562931649089,7.497566529343254,39.98094726625027,57.761021412222306,64.0,6.041522986797286,57,72,47.44,14.746626732917598,31.8,67.1,53.7,16.952138508164687,34.8,73.5,97.12,1.1031772296417333,95.2,98.0,33.448,0.486898346680287,32.72,34.08,5.098,0.4783513353174627,4.33,5.52,60.35923639238625,2.1858944911288365,57.740714402447544,62.81298062270569,62.676387463709126,0.0751422636253163,62.617113730316255,62.80538825972606,0.5935096886471569,2.470757838191044,-1.9313707341622148,3.9044158481350095,50.25684836141202,0.0,50.25684836141202,50.25684836141202,4.524600077682749,0.5578183924320622,4.204557462523145,5.512610643541026,3.896513473212752,1.274654901000586,2.849759331380356,5.728554783570489,51.48523530074076,0.0708187803301381,51.393419760294904,51.58320835766195,540.0,0.0,540.0,540.0,0.375,0.0,0.375,0.375,0.3277777777777778,0.0,0.3277777777777778,0.3277777777777778,0.1925925925925926,0.0,0.1925925925925926,0.1925925925925926,70.2,0.0,70.2,70.2,94.9,0.0,94.9,94.9,0.8,0.4472135954999579,0,1,82.8,2.4899799195977455,79.0,85.0,2.205,0.5478366544874484,1.225,2.45,41.45227813065627,5.782096578809265,35.23073489349049,48.30941287281912,64.36347599494725,0.9842760663680088,63.07400485608707,65.33360623176803,0.0,0.0,0.0,0.0,0.0,0.0,0.0,0.0,0.0,0.0,0.0,0.0,0.0,0.0,0.0,0.0,0.0,0.0,0.0,0.0,63.36,0.9235799911215056,62.3,64.6,user_001,5
2024-01-01 19:20:00,7.4,2.302172886644268,5,10,3742.4,10.644247272588157,3728,3755,5.1,0.219631509579113,4.86,5.374,59.50294395031515,2.1263419998262303,57.15807238880482,62.605662874810854,52.75470408586593,1.8843548350079389,50.96187277144881,55.65907341376262,97.124,0.1194989539703178,97.0,97.28,33.4536,0.1845394266816735,33.234,33.628,0.0,0.0,0,0,47.262222790649005,2.637166023403118,44.102685947288535,51.3715650720988,58.4,10.13903348450926,48,72,53.379999999999995,7.783765155758489,45.9,64.3,46.260000000000005,8.165047458527111,37.0,54.6,97.06,0.1816590212458478,96.8,97.3,33.495999999999995,0.43298960726558,33.11,34.03,4.918,0.5936076145064179,4.34,5.64,61.12401466895621,1.2827844596069264,59.50294395031515,62.47243583231363,61.944956373821775,0.4025341068913212,61.43805612909514,62.37807582021084,-0.5514719751575783,4.1428858797530355,-4.954247156108146,4.69716856259457,50.25684836141202,0.0,50.25684836141202,50.25684836141202,4.4750790841950225,1.019504775684038,2.811686124866687,5.340936921479668,3.312455488276478,1.2238315561835929,1.8843548350082553,4.396383929410566,52.365153071153784,0.4497309984946541,51.76892730087181,52.89884160675658,540.0,0.0,540.0,540.0,0.375,0.0,0.375,0.375,0.3277777777777778,0.0,0.3277777777777778,0.3277777777777778,0.1925925925925926,0.0,0.1925925925925926,0.1925925925925926,70.2,0.0,70.2,70.2,94.9,0.0,94.9,94.9,1.6,0.5477225575051662,1,2,91.8,2.387467277262664,88.0,94.0,3.92,1.3419202658876572,2.45,4.9,45.43639148077886,3.4728702749971534,41.21732810315171,48.76850701443402,62.16162123216869,0.4393910712281353,61.68518818363127,62.84680361635402,0.0,0.0,0.0,0.0,0.0,0.0,0.0,0.0,0.0,0.0,0.0,0.0,0.0,0.0,0.0,0.0,0.0,0.0,0.0,0.0,61.32000000000001,1.2316655390161726,59.7,62.7,user_001,5
2024-01-01 19:25:00,5.6,1.1401754250991378,4,7,3772.8,8.555699854482903,3762,3783,5.6868,0.143844360334356,5.542,5.87,64.77816545847772,0.4792089192873988,64.40358772835769,65.60239181890513,51.601195599784816,3.1337022386418165,46.93736596167228,54.729589914569566,97.752,0.3531571887984157,97.22,98.14,33.715999999999994,0.091170170560331,33.598,33.848,0.0,0.0,0,0,49.62292645802785,0.9489285124922956,48.79171172968409,51.134527087683786,66.6,4.03732584763727,63,73,51.779999999999994,9.75023076649984,36.0,60.5,50.220000000000006,4.547196938774482,47.5,58.2,97.82,0.9497368056467068,96.8,98.8,33.69,0.3070016286601725,33.2,33.99,5.8100000000000005,0.4364057744805857,5.17,6.24,62.64991139673496,1.6618753498589418,60.801962633543425,64.77816545847772,61.2576348585554,0.0618265156152392,61.17730231603995,61.34759297495231,0.9109172707611448,2.0374167602305726,-0.8674639396350443,4.298206135821154,50.25684836141202,0.0,50.25684836141202,50.25684836141202,3.6979376881278982,0.248352519576847,3.363077684326928,4.018779232560051,3.2015079010486467,0.0995593941975629,3.095198688465774,3.3538764464886643,53.326906302922865,0.4112344946080241,52.84256107117105,53.818242516116094,540.0,0.0,540.0,540.0,0.375,0.0,0.375,0.375,0.3277777777777778,0.0,0.3277777777777778,0.3277777777777778,0.1925925925925926,0.0,0.1925925925925926,0.1925925925925926,70.2,0.0,70.2,70.2,94.9,0.0,94.9,94.9,1.0,0.0,1,1,91.8,2.2803508501982757,88.0,94.0,2.45,0.0,2.45,2.45,46.1193869378494,1.95061666781163,43.63536539628224,48.51170212342365,59.80317542721762,0.9985490040530488,58.683159889822136,61.18013245962795,0.0,0.0,0.0,0.0,0.0,0.0,0.0,0.0,0.0,0.0,0.0,0.0,0.0,0.0,0.0,0.0,0.0,0.0,0.0,0.0,64.52000000000001,0.8927485648266241,63.2,65.4,user_001,5
2024-01-01 19:30:00,6.0,2.549509756796392,2,8,3798.4,11.414902540100796,3785,3813,5.2052,0.251867425444419,4.782,5.404000000000001,62.574902447206945,1.6353417143706028,60.2227118283249,64.43997863089484,46.73225621067125,3.1652062512305816,44.45691553024284,52.17241941636825,97.38,0.3280243893371456,97.08,97.92,33.7364,0.2005362810067008,33.482,33.988,0.0,0.0,0,0,56.860714595295846,2.7530907596473746,52.89268799821644,60.262982990970706,60.8,2.588435821108957,57,64,46.46,11.541360405082234,33.3,64.2,58.379999999999995,14.370873320713669,47.1,82.6,97.36,0.9964938534682544,96.1,98.4,33.744,0.5856449436305251,32.77,34.24,5.294,0.4042029193363158,4.8,5.87,63.84130520450831,0.8607178346887131,62.574902447206945,64.78544363898514,61.132061654898926,0.048922072418663,61.063814845459305,61.19597932180442,-0.8874512236034733,0.4939773958416662,-1.6113559141624592,-0.219989315447421,50.25684836141202,0.0,50.25684836141202,50.25684836141202,3.5642235994926175,0.3802735056879918,3.1957003804002766,4.118439105701756,3.897161297106344,0.7898394963357032,3.165206251230405,4.85934301191827,52.95009740065925,0.5755677281392,52.30466568113464,53.695495010744054,540.0,0.0,540.0,540.0,0.375,0.0,0.375,0.375,0.3277777777777778,0.0,0.3277777777777778,0.3277777777777778,0.1925925925925926,0.0,0.1925925925925926,0.1925925925925926,70.2,0.0,70.2,70.2,94.9,0.0,94.9,94.9,1.2,0.8366600265340756,0,2,91.4,3.286335345030997,88.0,95.0,3.185,1.6435099634623456,1.225,4.9,50.79590222128894,1.6584431743624433,48.663600761019325,52.68587945800711,57.57193463151266,0.3720877275272887,57.16518708339401,58.12484619979869,0.0,0.0,0.0,0.0,0.0,0.0,0.0,0.0,0.0,0.0,0.0,0.0,0.0,0.0,0.0,0.0,0.0,0.0,0.0,0.0,61.260000000000005,1.1282730166054644,60.2,63.1,user_001,5
2024-01-01 19:35:00,4.0,1.8708286933869709,2,7,3825.6,6.465291950097861,3816,3833,4.7104,0.1905486814438766,4.585999999999999,5.044,57.84196246218363,1.2300966887929228,56.617805672865835,59.81514121888326,44.383836208812674,4.8206406101697965,39.12886501225726,51.814946277578834,97.928,0.3318433365309656,97.36,98.18,33.5488,0.0867709628850599,33.428,33.666000000000004,0.0,0.0,0,0,52.24815994670563,1.6858354907769246,50.77228813145237,54.91264829576784,56.4,3.209361307176242,52,60,41.04,10.7952767449473,26.1,51.1,51.4,6.0133185513491645,46.7,59.7,97.92,0.99347873656158,97.1,99.6,33.572,0.3550633746248664,33.09,34.02,4.59,0.4384062043356593,3.89,5.06,59.57317599400932,1.4980600217102735,57.84196246218363,61.649934964804615,60.9040575018797,0.1032138609233715,60.75367109076008,61.00920989697287,-0.7209812310918124,1.2630671100558213,-2.605047072961085,0.9299686180259386,50.25684836141202,0.0,50.25684836141202,50.25684836141202,4.191525158265431,0.8324658472029665,2.9139406701046435,4.950443385386494,4.714286590417067,0.9629021110971286,3.635657072910509,5.901561908899426,51.13876728458614,0.7488108043827645,50.33108080300265,52.13088823186754,540.0,0.0,540.0,540.0,0.375,0.0,0.375,0.375,0.3277777777777778,0.0,0.3277777777777778,0.3277777777777778,0.1925925925925926,0.0,0.1925925925925926,0.1925925925925926,70.2,0.0,70.2,70.2,94.9,0.0,94.9,94.9,0.6,0.5477225575051661,0,1,83.2,4.438468204234429,78.0,88.0,1.96,0.6709601329438285,1.225,2.45,48.568088726356365,0.7980164072936772,47.78427433084318,49.50704879336324,56.62084222944035,0.985549179168062,55.42815803919032,57.68918651919829,0.0,0.0,0.0,0.0,0.2,0.447213595499958,0.0,1.0,0.0,0.0,0.0,0.0,0.0,0.0,0.0,0.0,0.2,0.447213595499958,0.0,1.0,58.96,1.2095453691366846,58.0,61.0,user_001,5
2024-01-01 19:40:00,5.2,3.7013511046643495,1,10,3848.2,9.959919678391016,3834,3859,5.065600000000001,0.0624723939032274,4.992,5.16,60.11581398678961,1.974385189356184,58.3282707058918,62.738609088256545,46.5116985953992,4.695948702462356,41.163060413136755,53.48358240583857,97.956,0.1705285899783381,97.82,98.24,33.6452,0.1330458567562316,33.47,33.775999999999996,0.0,0.0,0,0,54.6014860835168,5.160708799891653,49.0185729226604,60.79178907598589,60.8,6.220932405998316,53,68,50.38,13.868922092217549,35.1,66.5,53.9,15.970911057294131,37.8,75.8,97.98,0.4494441010848848,97.4,98.4,33.646,0.417169030490038,33.34,34.37,5.066,0.4507549223247593,4.65,5.8,59.050459390157606,1.0420449761981805,57.56130830812242,60.115813986789625,61.09968384112544,0.2359652519488711,60.7580029493956,61.32335889858635,0.3420930066051937,2.550477394944227,-3.246203029418851,3.196043183807589,50.25684836141202,0.0,50.25684836141202,50.25684836141202,4.0769406862075375,0.6634809086841112,3.067901402163352,4.737624262270583,3.263222107788355,0.8620810711523756,2.541139657447118,4.695948702462225,49.23657566436251,0.6066686218842184,48.65130830876304,50.05849831311287,540.0,0.0,540.0,540.0,0.375,0.0,0.375,0.375,0.3277777777777778,0.0,0.3277777777777778,0.3277777777777778,0.1925925925925926,0.0,0.1925925925925926,0.1925925925925926,70.2,0.0,70.2,70.2,94.9,0.0,94.9,94.9,1.0,1.0,0,2,75.4,2.073644135332771,72.0,77.0,2.9400000000000004,1.8578044837926304,1.225,4.9,50.87857860303426,1.1393270893428171,49.357839723762346,52.122451005490554,55.08255413413019,0.5085612376462785,54.529626624565125,55.735487845044034,0.0,0.0,0.0,0.0,0.0,0.0,0.0,0.0,0.0,0.0,0.0,0.0,0.0,0.0,0.0,0.0,0.0,0.0,0.0,0.0,60.46,0.4159326868617089,60.1,61.1,user_001,5
2024-01-01 19:45:00,5.8,4.919349550499537,1,12,3882.4,6.91375440697743,3871,3888,5.0016,0.1334571092149085,4.792,5.142,59.57162982542087,0.8072509130063374,58.89919614233967,60.55218047059454,49.80557347758344,3.826639214736345,45.80381440259493,54.57947306781997,97.176,0.1888915032498783,96.98,97.44,33.587599999999995,0.2314104578449285,33.30200000000001,33.83,0.0,0.0,0,0,52.26875536902279,6.941858461398515,42.59502675015514,61.06381018784907,59.8,4.086563348340509,56,65,48.82,13.257337590934313,30.9,63.4,53.260000000000005,23.24882792744615,27.7,70.7,96.98,0.9602083107326232,95.7,98.0,33.616,0.3476060989108225,33.12,34.06,4.976,0.6839078885347063,3.93,5.6,59.777673664547514,0.5091503499145761,59.28616710719693,60.54387599119307,61.00275671981899,0.2095450082430527,60.73090302173232,61.22519654751986,0.114185087289573,1.6614570813515432,-1.5173934901981738,2.2239097647027393,50.25684836141202,0.0,50.25684836141202,50.25684836141202,5.3332801414637405,0.3933579909600899,4.737860440758508,5.783327611742397,4.125790126686556,0.4445026607204028,3.555351420820238,4.662412945102779,48.401239044964065,0.2320882547736302,48.11354443352431,48.63154402968622,540.0,0.0,540.0,540.0,0.375,0.0,0.375,0.375,0.3277777777777778,0.0,0.3277777777777778,0.3277777777777778,0.1925925925925926,0.0,0.1925925925925926,0.1925925925925926,70.2,0.0,70.2,70.2,94.9,0.0,94.9,94.9,1.0,1.0,0,2,84.0,6.164414002968976,75.0,91.0,2.9400000000000004,1.8578044837926304,1.225,4.9,46.78339832143058,2.701739865416501,44.09873213191118,50.21672281558459,55.84867308549868,0.6903503173988876,55.00413365011078,56.52004181995577,0.0,0.0,0.0,0.0,0.0,0.0,0.0,0.0,0.0,0.0,0.0,0.0,0.0,0.0,0.0,0.0,0.0,0.0,0.0,0.0,60.760000000000005,1.2817956155331447,59.1,62.6,user_001,5
2024-01-01 19:50:00,3.2,1.9235384061671343,1,6,3896.0,6.403124237432884,3889,3904,4.7623999999999995,0.0572083909929302,4.686,4.837999999999999,58.30243684943814,1.0504280799661156,57.14310401874432,59.59946409489311,54.47719486124555,1.4809735738491148,52.314992338149125,56.27248850722369,97.96,0.3885871845545036,97.52,98.38,33.3892,0.1311075894065638,33.230000000000004,33.53,0.0,0.0,0,0,42.77654391690836,3.096098848049723,37.661980592623244,45.80798706174883,57.6,4.037325847637271,53,62,55.620000000000005,7.09943659736461,44.4,63.3,39.220000000000006,14.085346996080714,26.1,62.1,98.38,0.4024922359499586,97.9,98.8,33.230000000000004,0.3865229618017523,32.96,33.9,4.837999999999999,0.3362588288803729,4.46,5.17,58.86767719039309,0.4162595507892963,58.30243684943814,59.38108655028058,60.62670047339181,0.0991243984841235,60.53081850491949,60.78726868115488,-0.3512184247190703,1.5488839753638304,-2.071552009372155,1.3926719859417602,50.25684836141202,0.0,50.25684836141202,50.25684836141202,3.2483470964269663,0.5232335542634565,2.723679235123399,3.805097082611782,2.253878419020556,0.8534898228254586,1.4809735738495806,3.713139751875536,48.87116728164136,0.083009094313175,48.76991824201304,48.98107477422801,540.0,0.0,540.0,540.0,0.375,0.0,0.375,0.375,0.3277777777777778,0.0,0.3277777777777778,0.3277777777777778,0.1925925925925926,0.0,0.1925925925925926,0.1925925925925926,70.2,0.0,70.2,70.2,94.9,0.0,94.9,94.9,0.4,0.5477225575051661,0,1,70.4,2.302172886644267,68.0,73.0,1.7150000000000003,0.6709601329438285,1.225,2.45,39.53935840030535,1.7838097727376814,37.814352768663326,42.41492194610838,58.2035766590512,1.1925795999381243,56.725700913482314,59.61597479761045,0.0,0.0,0.0,0.0,0.0,0.0,0.0,0.0,0.0,0.0,0.0,0.0,0.0,0.0,0.0,0.0,0.0,0.0,0.0,0.0,62.98,0.6180614856144994,62.0,63.7,user_001,5
2024-01-01 19:55:00,5.0,0.7071067811865476,4,6,3918.6,8.384509526501814,3908,3929,5.1808,0.2080990148943524,4.882,5.404,60.800320901983625,1.5578595032979237,59.09540267916287,63.14230176378527,50.53946598995826,4.100875695909995,48.100492313708465,57.777996583870426,96.756,0.2916847613434803,96.38,97.2,33.45,0.1140350823211875,33.324,33.586,0.0,0.0,0,0,48.34695228535419,4.301259344401808,40.98794399444709,51.87021647188838,63.2,2.280350850198275,61,67,52.1,13.154847015454038,39.4,74.0,47.7,15.82956095411367,25.7,70.4,96.38,0.4816637831516873,95.7,97.0,33.586,0.5745258914966346,33.13,34.45,5.268,0.6693803104364513,4.41,6.06,59.2808463789818,1.0055082255187429,58.2016245662921,60.800320901983625,60.06518963709961,0.1961335031355013,59.86784441217047,60.35387900327966,1.1998395490081903,0.721019751992118,0.3932736771610621,1.952298660418556,50.25684836141202,0.0,50.25684836141202,50.25684836141202,3.1108524049171584,0.7043497161314143,2.4117177597344353,4.299568599678342,3.0576393008582112,0.6866917301293523,2.3961005823560444,4.100875695910018,48.79611530732178,0.1638300285146026,48.5775063359176,48.98908388372188,540.0,0.0,540.0,540.0,0.375,0.0,0.375,0.375,0.3277777777777778,0.0,0.3277777777777778,0.3277777777777778,0.1925925925925926,0.0,0.1925925925925926,0.1925925925925926,70.2,0.0,70.2,70.2,94.9,0.0,94.9,94.9,1.0,0.0,1,1,70.4,2.302172886644267,68.0,74.0,2.45,0.0,2.45,2.45,42.87785329911726,2.6301316069106533,39.14865985387721,45.3172170279751,60.35433195680693,0.4627539069763665,59.681398736526475,60.744662237237975,0.0,0.0,0.0,0.0,0.0,0.0,0.0,0.0,0.0,0.0,0.0,0.0,0.0,0.0,0.0,0.0,0.0,0.0,0.0,0.0,61.84,1.4741099009232672,60.8,64.4,user_001,5
2024-01-01 20:00:00,4.6,1.3416407864998736,3,6,3944.4,6.69328021227255,3935,3952,4.9016,0.192205098787727,4.718000000000001,5.228,59.46012456322419,1.146107070346431,58.491990355724816,61.42820117585685,59.43235766122907,4.091484695629022,55.09565364619663,64.58533105591361,97.036,0.2026820169625426,96.72,97.26,33.1252,0.105343248478482,32.992000000000004,33.28,0.0,0.0,0,0,40.8805040046557,3.4822707156885,36.39196266296473,45.10502597421177,57.6,1.8165902124584952,55,60,58.6,14.65247419380086,40.9,78.2,41.7,12.893990848453395,27.2,58.3,97.1,0.4743416490252589,96.6,97.7,32.992000000000004,0.3009485005777598,32.56,33.38,4.8340000000000005,0.3764704503676217,4.28,5.31,60.61607853550379,0.7340121726739347,59.46012456322419,61.26688060132242,59.52765185893219,0.1691676914558533,59.34871476484001,59.767451830335865,-0.9300622816120908,1.0111438663224326,-2.142733725285609,0.3810072332063896,50.25684836141202,0.0,50.25684836141202,50.25684836141202,5.361279824065771,0.5380424023574286,4.805939727951585,6.2327423461501175,5.549232076199499,1.626934761071586,3.704043159198968,7.315692413305628,50.2493265699628,0.6353609603332331,49.35000281596338,50.85835446570469,540.0,0.0,540.0,540.0,0.375,0.0,0.375,0.375,0.3277777777777778,0.0,0.3277777777777778,0.3277777777777778,0.1925925925925926,0.0,0.1925925925925926,0.1925925925925926,70.2,0.0,70.2,70.2,94.9,0.0,94.9,94.9,0.8,0.4472135954999579,0,1,62.0,2.0,60.0,64.0,2.205,0.5478366544874484,1.225,2.45,36.76885431953379,3.8297068554049063,33.19735701495464,42.131539167773205,63.08757370815658,0.7751661660279865,61.891514656249214,63.834392706110336,0.0,0.0,0.0,0.0,0.0,0.0,0.0,0.0,0.0,0.0,0.0,0.0,0.0,0.0,0.0,0.0,0.0,0.0,0.0,0.0,64.3,0.7615773105863874,63.7,65.4,user_001,5
2024-01-01 20:05:00,3.6,0.5477225575051661,3,4,3962.6,5.856620185738547,3955,3970,4.4572,0.0798072678394641,4.3180000000000005,4.508,56.2762303951571,1.7628732924686554,53.70212155174812,57.99466023714988,55.2006396920137,4.108988765399802,51.50982330257677,61.13988220171785,97.444,0.1558204094462543,97.26,97.64,33.5268,0.2246980195729369,33.230000000000004,33.746,0.0,0.0,0,0,46.24739147386413,6.673068830045266,39.203461920831955,55.06820529814754,56.0,6.123724356957945,50,66,54.16,14.955701254036873,43.7,80.4,51.06,23.886774583438427,20.6,85.4,97.34,0.7402702209328716,96.4,98.4,33.604,0.2609214441168074,33.23,33.87,4.462000000000001,0.5864469285451156,3.64,5.08,57.43355766722684,1.0887767938613329,56.2762303951571,58.7734163754828,59.17104880446844,0.1041281358882115,59.04830579717005,59.288032065448895,-0.1381151975785471,2.437084708600642,-1.8510607758740536,4.09929281608396,50.25684836141202,0.0,50.25684836141202,50.25684836141202,4.72766857053106,0.7378828704302892,3.7115469396140774,5.564871542449406,3.9707409951825263,0.1747261064551993,3.762896357619461,4.1857263904516975,51.75554643445325,0.7757870708142007,50.88001408824757,52.6611550462382,540.0,0.0,540.0,540.0,0.375,0.0,0.375,0.375,0.3277777777777778,0.0,0.3277777777777778,0.3277777777777778,0.1925925925925926,0.0,0.1925925925925926,0.1925925925925926,70.2,0.0,70.2,70.2,94.9,0.0,94.9,94.9,0.6,0.5477225575051661,0,1,66.6,1.3416407864998732,65.0,68.0,1.96,0.6709601329438285,1.225,2.45,35.37908511881692,0.9790397064481516,34.211619322902116,36.58726279440468,64.08973514504623,0.4538534975251995,63.590691178657835,64.59854246323214,0.2,0.4472135954999579,0.0,1.0,0.0,0.0,0.0,0.0,0.0,0.0,0.0,0.0,0.0,0.0,0.0,0.0,0.2,0.4472135954999579,0.0,1.0,62.2,0.871779788708135,61.2,62.9,user_001,5
2024-01-01 20:10:00,4.4,2.8809720581775866,0,8,3982.8,6.379655163094561,3975,3992,4.599600000000001,0.0924380873882627,4.4799999999999995,4.718000000000001,55.56970935244866,0.9267502276943432,54.34856722009838,56.56571148006558,48.88732703763144,1.9101270831117532,45.898667615041035,50.7771856066849,98.096,0.300133303716866,97.7,98.44,33.5068,0.1665929170162975,33.30200000000001,33.728,0.0,0.0,0,0,53.05043838338952,4.040184521567636,47.19210933967376,56.657246014265944,55.0,3.807886552931955,51,61,47.96,6.456624505111008,39.9,55.2,49.9,10.16316879718132,38.6,60.8,98.34,0.8173126696681019,97.2,99.2,33.566,0.5934475545488436,32.76,34.35,4.4799999999999995,0.6566582063752802,3.89,5.19,55.60260841708337,0.2273683430985162,55.28184604300951,55.85456402867301,58.596406975622735,0.2781779240940837,58.3300753146121,58.99183961355707,-0.2848546762243401,1.61258380996109,-2.267138122610696,2.217144259967199,50.25684836141202,0.0,50.25684836141202,50.25684836141202,3.841630748513622,1.272833941368321,2.4814760237737468,5.211441847892041,3.7491422514308206,1.396333698387639,1.91012708311171,5.138772620269196,52.997624770517845,0.1572215871661358,52.75299225304769,53.147306346582035,540.0,0.0,540.0,540.0,0.375,0.0,0.375,0.375,0.3277777777777778,0.0,0.3277777777777778,0.3277777777777778,0.1925925925925926,0.0,0.1925925925925926,0.1925925925925926,70.2,0.0,70.2,70.2,94.9,0.0,94.9,94.9,1.0,0.7071067811865476,0,2,64.2,2.7748873851023217,60.0,67.0,2.6950000000000003,1.341920265887657,1.225,4.9,38.11414270066092,3.253986249122717,34.64347247180014,41.42233055263084,65.08499596747173,0.2091758997025887,64.75837762968398,65.30895749447774,0.0,0.0,0.0,0.0,0.0,0.0,0.0,0.0,0.0,0.0,0.0,0.0,0.0,0.0,0.0,0.0,0.0,0.0,0.0,0.0,60.66,0.6580273550544848,59.5,61.1,user_001,5
2024-01-01 20:15:00,4.4,0.547722557505166,4,5,4005.2,6.648308055437902,3997,4014,4.8168,0.1375107268543075,4.7,5.05,57.77378888591917,1.5408801342617042,55.91400315786873,59.94266877191249,51.011170638700435,1.249454384289847,49.62388851490073,52.57874915852662,97.356,0.2405826261391253,97.2,97.78,33.2984,0.0688679896613853,33.19199999999999,33.358000000000004,0.0,0.0,0,0,46.95717707106364,1.1828678275502351,45.57374999302198,48.24093748429945,59.2,6.300793600809345,53,68,50.760000000000005,3.4767801195934176,46.9,54.5,46.82,3.5301558039270726,41.7,49.8,97.2,0.6403124237432859,96.4,97.9,33.316,0.3642526595647599,32.83,33.67,5.05,0.1601561737804698,4.89,5.28,56.95836818661179,0.6070266210005677,56.17980623496577,57.77378888591917,58.12652272930012,0.1127738462786473,57.995652737042725,58.26449465418584,0.7131055570404214,2.404082717322821,-1.5282535526023011,4.02866561404376,50.25684836141202,0.0,50.25684836141202,50.25684836141202,1.780484561915625,0.437921694094854,1.1697094096946916,2.213455918083364,1.80998686708264,0.6978496911530054,1.170207675042013,2.747703170578914,53.3482935225922,0.1110567540392082,53.258025980129744,53.48500434960455,540.0,0.0,540.0,540.0,0.375,0.0,0.375,0.375,0.3277777777777778,0.0,0.3277777777777778,0.3277777777777778,0.1925925925925926,0.0,0.1925925925925926,0.1925925925925926,70.2,0.0,70.2,70.2,94.9,0.0,94.9,94.9,1.0,0.0,1,1,60.8,1.0954451150103324,60.0,62.0,2.45,0.0,2.45,2.45,41.1091249779786,0.5034339828837157,40.40935536224842,41.6957415126159,63.65406352842624,0.6597789419733897,62.86416220254527,64.4941742571639,0.0,0.0,0.0,0.0,0.0,0.0,0.0,0.0,0.0,0.0,0.0,0.0,0.0,0.0,0.0,0.0,0.0,0.0,0.0,0.0,61.220000000000006,1.0158740079360271,59.8,62.2,user_001,5
2024-01-01 20:20:00,5.0,1.8708286933869709,3,8,4029.0,8.455767262643882,4017,4039,4.9948,0.0822265164043816,4.872,5.08,57.87885285740499,0.6638974257627709,56.961779181274984,58.61830494259999,53.48986609233915,5.017161025413956,49.45533600294335,61.32459377908594,97.208,0.1553061492665342,97.02,97.4,33.5348,0.0742509259201523,33.442,33.62,0.0,0.0,0,0,46.35765294762978,4.1227772879779385,41.682551439410304,50.86611110800977,57.0,3.674234614174768,51,60,57.96,11.791437571390524,45.9,72.9,44.68,10.01109384632868,31.5,58.9,97.02,0.9808159868191344,95.4,97.8,33.477999999999994,0.3923901120058946,33.22,34.16,4.872,0.9871018184564349,3.6,6.32,57.79797441140568,0.3365569594950482,57.44919259061278,58.31827928610748,57.94823893280221,0.0105634665744151,57.93945266282747,57.959837826022955,-0.4394264287024981,1.5651029092091244,-2.980889590637503,0.7862712930500066,50.25684836141202,0.0,50.25684836141202,50.25684836141202,2.1205573631261236,1.228061153863301,1.161232307339195,3.8941334605165814,2.0672914125239297,1.7931115847146812,0.7922658545811002,5.017161025414052,52.95582191792708,0.1672054840276651,52.73781016695202,53.13757287564204,540.0,0.0,540.0,540.0,0.375,0.0,0.375,0.375,0.3277777777777778,0.0,0.3277777777777778,0.3277777777777778,0.1925925925925926,0.0,0.1925925925925926,0.1925925925925926,70.2,0.0,70.2,70.2,94.9,0.0,94.9,94.9,1.0,0.7071067811865476,0,2,66.4,2.7018512172212583,62.0,69.0,2.6950000000000003,1.3419202658876572,1.225,4.9,41.15070912598513,1.5519688299186702,38.517909105741566,42.48422103156698,62.14221521109431,0.59853625305874,61.433537473087185,62.849049382279645,0.0,0.0,0.0,0.0,0.0,0.0,0.0,0.0,0.0,0.0,0.0,0.0,0.0,0.0,0.0,0.0,0.0,0.0,0.0,0.0,61.720000000000006,1.409609875107294,60.7,63.9,user_001,5
2024-01-01 20:25:00,4.6,1.1401754250991385,3,6,4053.2,6.833739825307991,4044,4062,4.636,0.1390539463661498,4.512,4.874,58.23342918286814,2.028710194584285,56.73941826026667,61.661963671229636,55.163768374299806,1.95422109157546,53.45913889750695,57.88306251939063,97.62,0.4372642221815055,97.12,98.0,33.8024,0.2147715064900398,33.529999999999994,34.019999999999996,0.0,0.0,0,0,50.85113125236277,2.2248926802263904,47.71580924304991,53.435570796862315,59.8,5.21536192416212,56,68,52.279999999999994,6.455385348683686,45.6,62.8,53.620000000000005,11.216594848705196,39.7,70.1,98.0,0.9513148795220222,97.0,99.5,33.821999999999996,0.470605992312043,33.05,34.22,4.618,0.4511319097558939,3.92,5.14,57.778169469814735,0.32701059827725,57.45014377430222,58.23342918286814,57.69779278127437,0.1524197529308473,57.532022539503714,57.89544743957086,0.7832854085659278,1.622348609866766,-0.5818455427999965,3.169018164385193,50.25684836141202,0.0,50.25684836141202,50.25684836141202,3.964822043543406,0.6135161114313759,2.981638889634515,4.454195864004099,3.6176544570630553,1.2457243102307594,1.954221091575808,5.193175855034171,53.7143798410439,0.2363614056247668,53.38786967909689,53.9862823740534,540.0,0.0,540.0,540.0,0.375,0.0,0.375,0.375,0.3277777777777778,0.0,0.3277777777777778,0.3277777777777778,0.1925925925925926,0.0,0.1925925925925926,0.1925925925925926,70.2,0.0,70.2,70.2,94.9,0.0,94.9,94.9,0.8,0.4472135954999579,0,1,70.4,1.673320053068151,69.0,73.0,2.205,0.5478366544874486,1.225,2.45,35.7587741594002,1.2695519072911532,34.31732102190923,37.03903857744435,62.93300393696662,0.4539717134614449,62.36989511486201,63.38512372494129,0.0,0.0,0.0,0.0,0.0,0.0,0.0,0.0,0.0,0.0,0.0,0.0,0.0,0.0,0.0,0.0,0.0,0.0,0.0,0.0,63.54,1.3464768843169903,62.1,65.3,user_001,5
2024-01-01 20:30:00,4.4,1.5165750888103102,2,6,4076.6,7.056911505750913,4067,4084,5.306,0.102615788258922,5.142,5.4079999999999995,58.15255034506906,2.0036775361305166,56.07198385387985,60.92088171283549,52.35243040319998,2.2736964221376517,49.02671787950709,55.21011522889094,97.688,0.3263740185737859,97.3,98.08,33.4844,0.3410378278138642,33.166,33.982,0.0,0.0,0,0,47.05126008261567,3.2271082363974957,42.99905595549409,50.02287589986171,56.8,7.791020472312982,50,70,51.92,6.9979997142040515,41.2,57.4,44.42,11.734862589736618,33.1,61.1,97.62,0.4919349550499509,97.0,98.1,33.384,0.8267284923117107,32.24,34.06,5.324,0.7091755776956793,4.56,6.17,58.47235153511964,0.2606734974693315,58.15255034506906,58.82882551760359,57.340504947877015,0.0704505764984913,57.26504371540851,57.45468169300248,-0.6762751725345282,3.2065479935497545,-3.0359919269399143,4.539559143582252,50.25684836141202,0.0,50.25684836141202,50.25684836141202,2.5023979897873776,0.2417058000253179,2.1068911715272214,2.734984980327828,2.054927815223729,0.6738678580505459,1.2702930999267317,2.87410534686637,53.04599515053527,0.3761014592231243,52.684200373030755,53.55168105513484,540.0,0.0,540.0,540.0,0.375,0.0,0.375,0.375,0.3277777777777778,0.0,0.3277777777777778,0.3277777777777778,0.1925925925925926,0.0,0.1925925925925926,0.1925925925925926,70.2,0.0,70.2,70.2,94.9,0.0,94.9,94.9,0.8,0.4472135954999579,0,1,71.4,1.5165750888103124,70.0,73.0,2.205,0.5478366544874484,1.225,2.45,39.15180653208747,1.2465751163393215,37.961637577305545,40.68328118890339,63.56817258405423,0.0951389375951476,63.44430013021516,63.70255461438428,0.0,0.0,0.0,0.0,0.0,0.0,0.0,0.0,0.0,0.0,0.0,0.0,0.0,0.0,0.0,0.0,0.0,0.0,0.0,0.0,62.48,1.3179529581893248,60.7,64.1,user_001,5
2024-01-01 20:35:00,3.8,2.6832815729997477,0,6,4098.6,5.594640292279747,4090,4103,4.7612000000000005,0.2164097964510847,4.474,5.026,60.56247576560581,1.1464168127954475,59.34239638772059,62.01359458158089,52.05966161688231,4.174784900846311,47.392931926816225,55.628621284544145,96.952,0.2057182539299764,96.74,97.22,33.5264,0.1609683198645004,33.284000000000006,33.684000000000005,0.0,0.0,0,0,46.00675029894527,5.142572864794961,41.184905468294545,52.677358202441816,61.8,4.868264577855235,54,65,49.9,16.91404741627503,32.4,72.1,48.760000000000005,20.566550512908087,18.2,68.1,96.78,0.5890670590009291,96.1,97.4,33.57,0.5313661637703333,33.09,34.39,4.86,0.5732800362824437,3.96,5.49,59.756029831785305,0.8153820306750215,58.43503356337938,60.56247576560581,57.72758364197009,0.250874788792971,57.398284557651905,58.02846773155264,0.6187621171970974,1.987563803743872,-2.671198193860299,2.239804063814333,50.25684836141202,0.0,50.25684836141202,50.25684836141202,4.451523565974958,1.3241994158320587,2.4850019107248342,5.9461139978847815,3.12394487235749,0.7784694157526463,2.0326669839389004,4.174784900846384,52.45806520500876,0.2293267958416831,52.16070402717551,52.74835580424272,540.0,0.0,540.0,540.0,0.375,0.0,0.375,0.375,0.3277777777777778,0.0,0.3277777777777778,0.3277777777777778,0.1925925925925926,0.0,0.1925925925925926,0.1925925925925926,70.2,0.0,70.2,70.2,94.9,0.0,94.9,94.9,0.6,0.5477225575051661,0,1,69.6,3.4351128074635326,64.0,73.0,1.96,0.6709601329438286,1.225,2.45,42.19554168800171,1.1854392501876383,40.695640474508565,43.35306017596457,63.43597574531028,0.464788467321895,62.64519347388023,63.74008033041956,0.0,0.0,0.0,0.0,0.0,0.0,0.0,0.0,0.0,0.0,0.0,0.0,0.0,0.0,0.0,0.0,0.0,0.0,0.0,0.0,62.620000000000005,0.5974947698515888,62.1,63.6,user_001,5
2024-01-01 20:40:00,4.4,2.1908902300206643,2,6,4114.6,7.66811580507219,4105,4125,4.4292,0.1104047100444537,4.33,4.614,56.833741664606535,1.9046209654844224,54.79004423302617,59.24959892969499,52.144646797284906,0.5547373234691244,51.55998869987767,52.889961862087155,96.984,0.1888915032498737,96.8,97.3,33.574799999999996,0.1008126976129501,33.501999999999995,33.75,0.0,0.0,0,0,45.67734983360596,2.950293643722876,41.838805624116,49.080968981391514,54.2,1.4832396974191326,52,56,53.879999999999995,5.686563109647164,49.5,63.4,42.46,11.497956340150193,31.1,60.0,96.9,0.7968688725254659,95.9,97.9,33.538,0.441837074044269,32.85,34.02,4.33,0.5336197147782303,3.58,4.77,58.77149364039972,1.337517641703056,56.833741664606535,60.308317177070535,58.25573117918948,0.0690471391768554,58.15231182103509,58.33806451305263,-1.316870832303262,0.6399842679110352,-2.1247994648474915,-0.3950221165130898,50.25684836141202,0.0,50.25684836141202,50.25684836141202,4.559979662171986,1.4899141897738295,2.4751463144668144,6.364899729688162,2.5358826115536663,1.3070676457185193,0.5547373234696906,4.016446862175136,52.50417868268977,0.2006153188025892,52.24713601811701,52.70359065378443,540.0,0.0,540.0,540.0,0.375,0.0,0.375,0.375,0.3277777777777778,0.0,0.3277777777777778,0.3277777777777778,0.1925925925925926,0.0,0.1925925925925926,0.1925925925925926,70.2,0.0,70.2,70.2,94.9,0.0,94.9,94.9,0.6,0.5477225575051661,0,1,61.4,1.1401754250991385,60.0,63.0,1.96,0.6709601329438285,1.225,2.45,41.33841666372669,1.5531934795923006,38.95154797539759,43.308496777392115,62.0223527687898,0.1463096907396193,61.826096583751706,62.23368815707451,0.0,0.0,0.0,0.0,0.0,0.0,0.0,0.0,0.0,0.0,0.0,0.0,0.0,0.0,0.0,0.0,0.0,0.0,0.0,0.0,60.67999999999999,0.8136338242723213,59.9,61.7,user_001,5
2024-01-01 20:45:00,5.4,2.073644135332772,3,8,4141.8,8.613942186943246,4130,4152,4.5052,0.1894022175160573,4.238,4.772,54.20526639204695,0.8693370518552268,53.276878252908794,55.415317379363195,52.06587941363423,2.927265965949599,47.21036702218598,55.15862726583288,97.16,0.2603843313258266,96.74,97.44,33.5332,0.1192945933393468,33.378,33.672,0.0,0.0,0,0,45.55784030730614,4.379228685232152,38.592537082744,49.516307283776,53.6,3.8470768123342696,49,58,53.34,10.318333198729334,36.2,62.8,46.52,13.332929160540829,32.1,63.4,97.44,1.1631852818876298,96.3,99.2,33.56,0.764297062666082,32.78,34.62,4.494,0.5306411216632198,3.86,5.22,54.771390109023834,0.5867395607303866,54.20526639204695,55.68916110973769,57.891234832924816,0.1610925619673588,57.64438603460025,58.07053763349708,-0.3026331960234756,1.5030699836854533,-2.1384391264544007,1.292341310318399,50.25684836141202,0.0,50.25684836141202,50.25684836141202,2.761411617701369,1.1440159167698043,0.8446796469443011,3.5618362585874284,2.068542286941621,0.9190777842546116,0.4988202732018554,2.9272659659497013,52.69435274833775,0.1274776991165426,52.54789214242271,52.879375449606734,540.0,0.0,540.0,540.0,0.375,0.0,0.375,0.375,0.3277777777777778,0.0,0.3277777777777778,0.3277777777777778,0.1925925925925926,0.0,0.1925925925925926,0.1925925925925926,70.2,0.0,70.2,70.2,94.9,0.0,94.9,94.9,1.0,0.7071067811865476,0,2,65.2,2.1679483388678795,63.0,68.0,2.6950000000000003,1.341920265887657,1.225,4.9,37.293755969981675,0.734470185274988,36.09718550570468,38.01443831846099,62.24107163338918,0.3835794909884416,61.787092503117215,62.79237715762634,0.0,0.0,0.0,0.0,0.0,0.0,0.0,0.0,0.0,0.0,0.0,0.0,0.0,0.0,0.0,0.0,0.0,0.0,0.0,0.0,60.02,0.5805170109479989,59.1,60.5,user_001,5
2024-01-01 20:50:00,6.2,1.6431676725154982,4,8,4169.8,9.418067742376785,4159,4183,4.6196,0.153690598281092,4.4159999999999995,4.848,55.910981582491786,1.6735761807720226,53.748704667528536,57.999424296679344,53.5176466717543,4.136787604263701,47.864510586447125,56.93908484388859,97.944,0.2303909720453484,97.62,98.26,33.361200000000004,0.0968875637014341,33.248000000000005,33.476,0.0,0.0,0,0,48.28580613100328,4.81973099811825,41.162803237233774,52.844534292513714,57.8,6.260990336999411,47,63,50.6,10.08835962879992,37.6,60.5,51.56,9.92234851232308,35.0,61.1,97.96,1.4328293687665627,95.7,99.5,33.476,0.4811236847215064,32.67,33.93,4.604,0.6809772389735211,4.14,5.79,55.07771392382207,0.5045939149067362,54.53684426136463,55.910981582491786,57.43785808499422,0.1331343203853313,57.307944566505405,57.58514624528905,0.9445092087541098,2.4309583961830716,-3.3743523337642713,2.5002878516603246,50.25684836141202,0.0,50.25684836141202,50.25684836141202,2.890474170774554,0.8146526842571362,1.549188030715723,3.634625683543887,2.8108646268153303,1.0796198333212526,1.654829188385264,4.136787604263818,53.20814796137232,0.2410785183439854,52.88400554617592,53.50401247889582,540.0,0.0,540.0,540.0,0.375,0.0,0.375,0.375,0.3277777777777778,0.0,0.3277777777777778,0.3277777777777778,0.1925925925925926,0.0,0.1925925925925926,0.1925925925925926,70.2,0.0,70.2,70.2,94.9,0.0,94.9,94.9,1.2,0.4472135954999579,1,2,71.2,5.263078946776306,67.0,80.0,2.9400000000000004,1.095673308974897,2.45,4.9,34.419070659849275,1.4126742779672905,32.874638525848454,36.27735575043611,63.96494849225063,0.4537326243803087,63.19412711906168,64.30005997649198,0.0,0.0,0.0,0.0,0.0,0.0,0.0,0.0,0.0,0.0,0.0,0.0,0.0,0.0,0.0,0.0,0.0,0.0,0.0,0.0,62.56,0.702139587261677,62.1,63.8,user_001,5
2024-01-01 20:55:00,5.0,1.224744871391589,3,6,4197.2,8.700574693662446,4186,4208,4.460800000000001,0.2009208799502926,4.264,4.794,57.426137492344594,1.3668637203877472,55.66628286445289,58.85168127309017,53.65820861521045,3.2163829098943513,50.44300705763141,57.953483572631534,97.108,0.1127829774389713,97.0,97.28,33.4916,0.1844201724324058,33.260000000000005,33.69,0.0,0.0,0,0,51.29450944935022,1.562519819918469,48.997685786175545,53.14652867926333,57.0,5.477225575051661,51,65,56.9,6.595452979136461,52.0,68.2,50.66,6.0454941898905155,40.7,55.8,97.06,0.5412947441089776,96.5,97.9,33.588,0.9234825390877716,32.75,35.11,4.386,0.6488297157190013,3.54,5.17,56.95393763605887,0.7300146189008181,56.00732105499452,57.63920623851688,57.30048611270157,0.0801301961872707,57.18185887369411,57.3925157991451,-0.2130687461722985,2.1626163442282857,-2.333141432226455,3.1112390451823657,50.25684836141202,0.0,50.25684836141202,50.25684836141202,3.1755813700343296,0.2713145381694378,2.8379572588760102,3.3892664365660465,3.1719115233009147,0.8185714660862189,1.7847069428142464,3.799980624988014,52.58237065060596,0.0503457467973967,52.52526090257064,52.63600369745062,540.0,0.0,540.0,540.0,0.375,0.0,0.375,0.375,0.3277777777777778,0.0,0.3277777777777778,0.3277777777777778,0.1925925925925926,0.0,0.1925925925925926,0.1925925925925926,70.2,0.0,70.2,70.2,94.9,0.0,94.9,94.9,0.8,0.4472135954999579,0,1,82.6,1.5165750888103104,81.0,84.0,2.205,0.5478366544874484,1.225,2.45,39.31662807292782,1.5227961019888123,37.80912079520555,41.47293881121871,64.36817361369003,0.1991123611127229,64.16071999229128,64.64900712713943,0.0,0.0,0.0,0.0,0.0,0.0,0.0,0.0,0.0,0.0,0.0,0.0,0.0,0.0,0.0,0.0,0.0,0.0,0.0,0.0,61.92,0.7563068160475631,60.6,62.4,user_001,5
2024-01-01 21:00:00,5.6,1.1401754250991378,4,7,4225.0,8.717797887081415,4214,4236,4.427200000000001,0.2100409483886416,4.13,4.668,55.47340082203715,1.341570752944094,53.87586776608748,56.956053710545234,54.03334434438985,2.018356607113254,50.98562818744639,56.14599269894736,97.74,0.2477902338672784,97.4,98.06,33.6716,0.1525476974588577,33.478,33.86,0.0,0.0,0,0,48.90520289044942,1.915060230075905,46.828943936644606,51.84561301826506,54.4,3.286335345030997,49,57,52.04,4.174086726458854,45.7,56.5,47.62,8.428641646196615,38.8,57.4,97.88,0.7758865896508377,97.1,99.0,33.477999999999994,0.3834318713930811,33.2,34.1,4.54,1.0988857993440446,3.29,6.3,56.58109466812298,0.8752353741254129,55.47340082203715,57.68409166156306,56.9852766348688,0.1734902891859015,56.73533395318881,57.110128138018304,-0.5367004110185732,1.1971643608475049,-2.4379338830437405,0.374710744637504,50.25684836141202,0.0,50.25684836141202,50.25684836141202,2.084776233264365,0.6985998798493749,1.2097225741518944,2.5943281695431293,1.8610943962657216,0.6003123894119838,1.2027492596886962,2.771606737917172,52.84460573725401,0.1315058962109806,52.66427483532958,52.98151353145568,540.0,0.0,540.0,540.0,0.375,0.0,0.375,0.375,0.3277777777777778,0.0,0.3277777777777778,0.3277777777777778,0.1925925925925926,0.0,0.1925925925925926,0.1925925925925926,70.2,0.0,70.2,70.2,94.9,0.0,94.9,94.9,1.0,0.0,1,1,83.2,0.8366600265340751,82.0,84.0,2.45,0.0,2.45,2.45,35.15198321221331,0.9617675595150066,34.22906328380542,36.73679983578394,65.07464438026861,0.2304155837669184,64.71355509922839,65.30024443997803,0.0,0.0,0.0,0.0,0.0,0.0,0.0,0.0,0.0,0.0,0.0,0.0,0.0,0.0,0.0,0.0,0.0,0.0,0.0,0.0,62.16,0.9262828941527488,61.1,62.9,user_001,5
2024-01-01 21:05:00,6.6,2.701851217221259,4,10,4255.2,9.338094023943102,4245,4269,4.4552,0.1509542977195415,4.256,4.65,51.96275237162629,1.195686581058664,50.76554637248889,53.843697581659264,50.68718937868507,2.3055595301450458,47.65148211110051,52.677223166650776,98.04,0.1811077027627461,97.84,98.24,33.412400000000005,0.1147205299848293,33.284,33.58,0.0,0.0,0,0,47.95961519545013,3.443348124914181,43.724626079485944,53.22205603532709,51.8,5.069516742254631,47,60,49.8,6.976747093022649,37.6,54.7,47.7,12.550497998087566,34.5,62.5,97.84,1.1545561917897216,96.2,99.1,33.456,0.4412255658957219,32.74,33.84,4.498,0.7166379839221475,3.91,5.74,52.96425938016434,1.0820152464280677,51.96275237162629,54.448933881358094,55.85331489293196,0.4516390379013372,55.30204672085888,56.44577819101475,-0.0813761858131442,2.0453962603299787,-2.4168595035749973,3.078151209170372,50.25684836141202,0.0,50.25684836141202,50.25684836141202,1.8772611373627597,0.5769006606645808,1.333424990759574,2.61160079224528,1.6441250038876156,0.567824065723112,0.957984095597185,2.3055595301451097,52.81416481587981,0.1474170401639152,52.646728805239704,52.998473145122674,540.0,0.0,540.0,540.0,0.375,0.0,0.375,0.375,0.3277777777777778,0.0,0.3277777777777778,0.3277777777777778,0.1925925925925926,0.0,0.1925925925925926,0.1925925925925926,70.2,0.0,70.2,70.2,94.9,0.0,94.9,94.9,1.4,0.5477225575051662,1,2,85.4,0.8944271909999157,84.0,86.0,3.4300000000000006,1.341920265887657,2.45,4.9,34.795165989872956,0.4402313121008251,34.060037240052054,35.22763932941467,64.81630622569376,0.1102787026039933,64.69397015925064,64.97553079676217,0.0,0.0,0.0,0.0,0.0,0.0,0.0,0.0,0.0,0.0,0.0,0.0,0.0,0.0,0.0,0.0,0.0,0.0,0.0,0.0,59.84,0.798749021908633,58.5,60.4,user_001,5
2024-01-01 21:10:00,4.2,1.7888543819998317,2,7,4282.8,5.403702434442543,4276,4290,4.6015999999999995,0.0898710186878947,4.508,4.731999999999999,54.628839818485766,1.4010129130299265,52.907397053167266,56.04164336962634,48.54415662599968,1.2914534095648107,47.011769827155774,49.91089476360171,97.256,0.1930802941783531,97.16,97.6,33.4604,0.2416377453958731,33.138,33.718,0.0,0.0,0,0,48.638879367302074,2.883095552342894,45.2028314178747,52.93417227196287,55.2,5.0695167422546294,48,60,48.88,4.857159663836467,43.5,54.9,51.02,8.338285195410384,37.7,60.6,97.2,0.8573214099741091,95.9,98.3,33.534,0.7355134261181094,32.82,34.68,4.568,0.6916791163538193,3.51,5.32,53.81356502125622,0.7571525107120789,52.70850158108421,54.628839818485766,55.02699345640806,0.1130649004148153,54.91851128642481,55.17914225835037,0.2855800907571165,1.984730374224736,-2.6805477898754475,2.3642009822775805,50.25684836141202,0.0,50.25684836141202,50.25684836141202,2.219729942889093,0.4547471424175887,1.6941080048744848,2.6282670812293696,1.612769090343912,0.7530407789565109,0.8061128674267427,2.5969766508455487,52.26869934475235,0.166160742420053,52.0844041749456,52.48854613566209,540.0,0.0,540.0,540.0,0.375,0.0,0.375,0.375,0.3277777777777778,0.0,0.3277777777777778,0.3277777777777778,0.1925925925925926,0.0,0.1925925925925926,0.1925925925925926,70.2,0.0,70.2,70.2,94.9,0.0,94.9,94.9,0.8,0.4472135954999579,0,1,85.6,3.3615472627943226,82.0,90.0,2.205,0.5478366544874486,1.225,2.45,39.68417711436976,1.5302507086621762,37.30859388925409,40.77662918345356,64.48345320745365,0.3375483645100405,63.97501074435968,64.76172005754887,0.0,0.0,0.0,0.0,0.0,0.0,0.0,0.0,0.0,0.0,0.0,0.0,0.0,0.0,0.0,0.0,0.0,0.0,0.0,0.0,59.42,1.0034938963441666,58.2,60.3,user_001,5
2024-01-01 21:15:00,5.4,3.361547262794322,1,9,4307.0,7.582875444051551,4296,4317,4.596,0.0844630096551152,4.494,4.7,56.64001182794874,1.4646997184759347,55.17156846557299,58.45404357130881,51.914868362271555,2.439137542354753,48.80484211715631,55.17009227005556,97.472,0.2995329698046519,97.0,97.72,33.6092,0.1534118639479983,33.456,33.788,0.0,0.0,0,0,54.451292756187925,2.337206520563004,50.78944818130858,56.25086585835936,56.6,4.9295030175464944,52,65,54.14,4.840247927534293,47.2,60.1,54.66,7.622860355535839,46.5,65.3,97.72,1.211197754291179,96.4,99.5,33.495999999999995,0.2820106380972201,33.22,33.9,4.58,0.3898076448711595,4.01,5.09,55.75553119621482,0.9466702945747208,54.55255987899052,56.66001774192311,55.19101697093989,0.1393693108549566,54.989708719892505,55.34035398582239,-0.0200059139743714,1.915366341926798,-1.5857842327864873,3.272978214345585,50.25684836141202,0.0,50.25684836141202,50.25684836141202,1.5333382695300457,0.1702213999932106,1.267869232827355,1.6875140818776062,1.5448222633657598,0.5810612513186306,0.9680048570256392,2.4391375423548696,52.03873407009085,0.0473827482256404,51.954047227741505,52.0632802493666,540.0,0.0,540.0,540.0,0.375,0.0,0.375,0.375,0.3277777777777778,0.0,0.3277777777777778,0.3277777777777778,0.1925925925925926,0.0,0.1925925925925926,0.1925925925925926,70.2,0.0,70.2,70.2,94.9,0.0,94.9,94.9,1.0,1.0,0,2,82.0,2.7386127875258315,78.0,85.0,2.9400000000000004,1.85780448379263,1.225,4.9,40.044908290700064,0.58809554689636,39.00855345938591,40.43118505857356,63.11693679392941,0.2885813526144938,62.81376315579316,63.587236519423655,0.0,0.0,0.0,0.0,0.0,0.0,0.0,0.0,0.0,0.0,0.0,0.0,0.0,0.0,0.0,0.0,0.0,0.0,0.0,0.0,61.52,1.1945710527214328,59.5,62.4,user_001,5
2024-01-01 21:20:00,5.4,2.9664793948382653,2,10,4333.8,10.00999500499364,4321,4344,4.6208,0.1486781759371559,4.388,4.787999999999999,55.13119497322782,0.8771270928770062,54.34358103250344,56.51537154875516,52.287801595031645,2.524004914573247,49.10058828247645,54.86448545335803,97.648,0.165891530826619,97.46,97.82,33.6224,0.0516604297310833,33.554,33.682,0.0,0.0,0,0,50.74008793497125,2.1094067589575767,48.06930683621914,53.708580816097395,54.8,3.4928498393145957,50,59,49.86,5.924778476871523,42.3,58.1,49.6,8.008433055223724,42.2,58.7,97.5,0.874642784226799,96.1,98.5,33.652,0.1175584960774857,33.51,33.79,4.6979999999999995,0.4744681232706787,4.27,5.46,55.64352674188838,0.6059412036032056,55.13119497322782,56.62667455196582,55.28531910728426,0.0552033864965816,55.21038955094506,55.33801376832603,-0.1655974866139104,1.3572483740789336,-2.1717905162517255,1.2423142256224224,50.25684836141202,0.0,50.25684836141202,50.25684836141202,1.9750488986210697,0.3009968970341441,1.6146455007618274,2.384229575077071,1.7080506740229242,0.5985953456572735,1.044697724062019,2.5240049145733745,51.86732300511484,0.0546835006912433,51.81305889706373,51.93615711092343,540.0,0.0,540.0,540.0,0.375,0.0,0.375,0.375,0.3277777777777778,0.0,0.3277777777777778,0.3277777777777778,0.1925925925925926,0.0,0.1925925925925926,0.1925925925925926,70.2,0.0,70.2,70.2,94.9,0.0,94.9,94.9,1.0,0.7071067811865476,0,2,78.6,3.6469165057620945,75.0,83.0,2.6950000000000003,1.3419202658876572,1.225,4.9,36.281558052253786,1.135206253174199,35.05186656421839,37.93302722980153,62.92092364464765,0.0836073366664108,62.837609452463646,63.03367790098236,0.0,0.0,0.0,0.0,0.0,0.0,0.0,0.0,0.0,0.0,0.0,0.0,0.0,0.0,0.0,0.0,0.0,0.0,0.0,0.0,61.5,0.6745368781616031,60.4,62.1,user_001,5
2024-01-01 21:25:00,3.8,1.3038404810405295,3,6,4355.6,6.066300355241171,4347,4363,4.2356,0.2615545832135238,3.9779999999999993,4.632,50.34073349441684,1.615878913658299,47.99174729646137,51.89572068833562,59.17715905778194,2.84516107037917,55.2670588549843,61.85769063802159,97.268,0.2520317440323705,96.88,97.56,33.5924,0.0721858711937469,33.512,33.67,0.0,0.0,0,0,39.67622557168346,5.250973949489478,34.61515661485629,47.97048036270996,47.8,4.96990945591567,43,56,64.28,9.374806664673144,49.8,72.3,33.28,14.581220799370676,15.7,50.2,97.34,0.472228758124703,96.5,97.6,33.618,0.4439256694537956,32.92,34.08,3.978,0.5656589078234339,3.31,4.69,52.5561845915244,1.6230868606203952,50.34073349441684,54.487463315485215,54.55236026652853,0.4057905170184406,54.029488884623774,55.08470414507449,-1.2703667472084137,1.9709085165160372,-2.4958736482306776,2.1342842914809808,50.25684836141202,0.0,50.25684836141202,50.25684836141202,4.094863458000061,0.4370569056390242,3.3992912043210226,4.611822562416571,4.175759091538196,1.2584120869493978,2.8451610703795835,5.618581518682923,52.46340330382857,0.2939208435816768,52.015063213509805,52.77408656069329,540.0,0.0,540.0,540.0,0.375,0.0,0.375,0.375,0.3277777777777778,0.0,0.3277777777777778,0.3277777777777778,0.1925925925925926,0.0,0.1925925925925926,0.1925925925925926,70.2,0.0,70.2,70.2,94.9,0.0,94.9,94.9,0.4,0.5477225575051662,0,1,72.8,1.095445115010331,71.0,74.0,1.7150000000000003,0.6709601329438285,1.225,2.45,30.11391992754209,4.816256440100018,23.272672859852623,35.66641008743509,65.37896416758353,1.3976533586791589,63.52775006447614,67.18466262020284,0.0,0.0,0.0,0.0,0.0,0.0,0.0,0.0,0.0,0.0,0.0,0.0,0.0,0.0,0.0,0.0,0.0,0.0,0.0,0.0,60.879999999999995,0.6610597552415378,60.3,62.0,user_001,5
2024-01-01 21:30:00,4.0,1.224744871391589,2,5,4376.0,6.557438524302,4367,4383,4.8751999999999995,0.1452074378260288,4.75,5.044,54.63087848486147,2.247622326424704,50.66116486430758,56.121826626461505,59.53575757139515,2.5083276631643496,56.72744506430056,63.09116759645084,97.332,0.2762607463973107,97.02,97.72,33.610400000000006,0.1297875186603092,33.498000000000005,33.760000000000005,0.0,0.0,0,0,41.84049061026284,4.324613067513525,36.45634270069816,47.07089513379877,57.6,4.979959839195493,54,66,58.120000000000005,10.378680070220875,44.0,72.2,45.879999999999995,15.77615288972568,24.8,68.3,97.36,1.0358571330062845,96.0,98.7,33.506,0.4981264899601328,32.81,34.11,5.0200000000000005,0.6596969000988253,4.58,6.06,52.24394200382214,1.7336286183297942,50.09382232961123,54.63087848486147,53.829501489145045,0.0426372393317632,53.7754041139626,53.88906849509449,1.4845607575692612,2.448480902086802,-0.7072755421538304,5.112945045230809,50.25684836141202,0.0,50.25684836141202,50.25684836141202,3.646250898201493,0.478746806251207,2.9292744696306516,4.262002617978991,2.2743656551196487,0.3334089928064984,1.8605956160131816,2.577330547422959,53.29050578486631,0.3076396651817208,52.93605770712886,53.69115543186084,540.0,0.0,540.0,540.0,0.375,0.0,0.375,0.375,0.3277777777777778,0.0,0.3277777777777778,0.3277777777777778,0.1925925925925926,0.0,0.1925925925925926,0.1925925925925926,70.2,0.0,70.2,70.2,94.9,0.0,94.9,94.9,0.8,0.4472135954999579,0,1,69.0,2.549509756796392,66.0,72.0,2.205,0.5478366544874484,1.225,2.45,24.362453036451377,2.2293714838890555,21.62566103319145,27.656884093269007,69.29835237917729,0.7941947551744194,68.16426332376483,70.06152961952925,0.0,0.0,0.0,0.0,0.0,0.0,0.0,0.0,0.0,0.0,0.0,0.0,0.0,0.0,0.0,0.0,0.0,0.0,0.0,0.0,64.36,1.1371015785759848,62.5,65.6,user_001,5
2024-01-01 21:35:00,3.8,1.095445115010332,2,5,4394.8,5.890670590009298,4387,4402,4.21,0.1093892133621957,4.128,4.36,54.92258482105173,0.5129219292315416,54.493200321276355,55.73980048191453,58.30240428923723,5.183483474370252,51.641465204237214,64.11228598644065,97.48,0.2437211521390739,97.14,97.74,33.7008,0.1701916566697695,33.5,33.88,0.0,0.0,0,0,48.81907695279181,4.914824040419806,44.37435656082946,56.9173022618663,54.8,2.387467277262665,52,58,60.620000000000005,15.261290902148485,46.0,80.4,49.86,18.16653516771979,23.9,71.6,97.36,0.2190890230020709,97.1,97.7,33.88,0.5775811631277464,33.11,34.42,4.138,0.5630008880987665,3.35,4.7,55.20331746552391,0.2364831545606406,54.92258482105173,55.420585656574325,54.20267783670497,0.1665273221607459,53.98160121895189,54.382373903332066,-0.0612924105258571,0.960150048304442,-1.2466001606381738,1.1300997590427428,50.25684836141202,0.0,50.25684836141202,50.25684836141202,4.790670666691298,0.6283042811937768,4.1646946382229055,5.6283443652791085,4.1097955731048454,0.7291675111229712,3.244968982556681,5.1834834743704565,54.18698567262985,0.5184732059473779,53.74162463638259,54.960357916952866,540.0,0.0,540.0,540.0,0.375,0.0,0.375,0.375,0.3277777777777778,0.0,0.3277777777777778,0.3277777777777778,0.1925925925925926,0.0,0.1925925925925926,0.1925925925925926,70.2,0.0,70.2,70.2,94.9,0.0,94.9,94.9,0.8,0.4472135954999579,0,1,61.0,4.358898943540673,56.0,66.0,2.205,0.5478366544874486,1.225,2.45,30.88531547758306,1.1027099476955966,29.45650127292135,32.09352574169117,70.70443114619846,0.8658001488564908,69.88074942895703,72.02309626013377,0.0,0.0,0.0,0.0,0.0,0.0,0.0,0.0,0.0,0.0,0.0,0.0,0.0,0.0,0.0,0.0,0.0,0.0,0.0,0.0,63.46,0.8905054744357239,62.5,64.7,user_001,5
2024-01-01 21:40:00,4.0,1.8708286933869709,2,7,4413.4,6.913754406977443,4406,4422,4.2472,0.0447571223382379,4.188000000000001,4.308,54.281163433224926,0.9080943351602188,53.10777067292412,55.49248401407929,59.21480221092836,2.600029235214474,56.34438103301945,62.77485732429377,97.136,0.1602498049920853,96.86,97.26,33.3484,0.3193411968412438,33.026,33.766,0.0,0.0,0,0,45.721606841519915,1.876916901476132,42.684994536542064,47.56222060341988,54.0,3.8729833462074175,50,59,56.44,6.489452981569403,47.8,64.8,45.82,7.004784079470258,37.3,55.0,97.2,0.9055385138137444,95.7,97.9,33.245999999999995,0.4344882046730385,32.67,33.8,4.308,0.28787149911028,4.05,4.66,54.576568555130734,0.2121790942412161,54.281163433224926,54.748389880701154,54.32984509235073,0.0202219018459951,54.303277290369806,54.353308425349546,-0.140581716612462,1.5524265679612272,-1.5538853364620664,1.7537579929603595,50.25684836141202,0.0,50.25684836141202,50.25684836141202,3.6340433678381414,1.059839098097548,2.705306052702084,4.806500124780389,3.0216413327293226,1.1979909657703134,1.5984105475677226,4.901102508376119,56.15395696100476,0.4935672254621431,55.48579416685747,56.73879884777432,540.0,0.0,540.0,540.0,0.375,0.0,0.375,0.375,0.3277777777777778,0.0,0.3277777777777778,0.3277777777777778,0.1925925925925926,0.0,0.1925925925925926,0.1925925925925926,70.2,0.0,70.2,70.2,94.9,0.0,94.9,94.9,0.6,0.5477225575051662,0,1,57.8,2.1679483388678804,55.0,60.0,1.96,0.6709601329438285,1.225,2.45,26.45074896698304,1.0265099008333942,25.01822123312094,27.6477679779315,71.83236289902625,0.4793834659901682,71.15107318866055,72.41842923093893,0.0,0.0,0.0,0.0,0.0,0.0,0.0,0.0,0.0,0.0,0.0,0.0,0.0,0.0,0.0,0.0,0.0,0.0,0.0,0.0,63.64,0.864869932417585,62.7,64.9,user_001,5
2024-01-01 21:45:00,7.2,3.1144823004794873,4,11,4442.8,12.949903474543785,4428,4458,4.5548,0.1615834149905242,4.292,4.6979999999999995,53.961305472688046,1.324799682304457,52.60345363241072,55.50191676689593,54.709274365225134,1.2741848948113976,53.653141819085384,56.816853639413175,97.588,0.2823473038652994,97.22,97.92,33.2836,0.170337312412752,33.102,33.510000000000005,0.0,0.0,0,0,45.51428567460345,1.3959789092353063,43.31475962536689,47.08320915707551,54.4,3.6469165057620936,49,59,53.4,1.8907670401189047,51.2,56.1,44.8,5.856620185738529,37.7,50.7,97.5,0.8154753215150085,96.2,98.4,33.21,0.3988107320521853,32.79,33.69,4.622,0.3793678953206242,4.26,5.24,53.72794318421474,0.2993335972731352,53.31293731354812,54.05410895548327,53.99191375701738,0.1577168377376129,53.86696516986771,54.23850744830351,0.2193472636559704,1.3125289624607437,-1.8017268162053597,1.8735624248280376,50.25684836141202,0.0,50.25684836141202,50.25684836141202,1.8569369003857792,0.7587970042745743,0.9528221558755852,2.643223734483542,1.6239830151280468,0.2618036646603695,1.274184894811915,1.9503391323079704,57.16637293313643,0.095024920295898,57.005865898516205,57.24679977239987,540.0,0.0,540.0,540.0,0.375,0.0,0.375,0.375,0.3277777777777778,0.0,0.3277777777777778,0.3277777777777778,0.1925925925925926,0.0,0.1925925925925926,0.1925925925925926,70.2,0.0,70.2,70.2,94.9,0.0,94.9,94.9,1.4,0.5477225575051661,1,2,66.8,6.610597552415364,60.0,75.0,3.4300000000000006,1.341920265887657,2.45,4.9,30.51865887515047,1.5834527076711975,28.8156388542409,32.66778408651791,70.30168297622964,0.435043319481086,69.76476190732299,70.79725567325302,0.0,0.0,0.0,0.0,0.0,0.0,0.0,0.0,0.0,0.0,0.0,0.0,0.0,0.0,0.0,0.0,0.0,0.0,0.0,0.0,62.34,0.6066300355241255,61.9,63.1,user_001,5
2024-01-01 21:50:00,5.4,2.302172886644267,2,7,4472.8,9.679876032264014,4460,4485,4.622400000000001,0.0929881712907613,4.458,4.683999999999999,56.48214722274081,1.0943311858895544,55.00127784459729,57.66723459759879,49.07011020447409,4.885478239112193,41.0768190348717,53.70139636403795,97.572,0.1781010948871546,97.3,97.74,33.394,0.0744043009509538,33.288,33.476,0.0,0.0,0,0,49.97430922463913,2.9151905377405223,47.10415004945518,53.49073335531341,56.8,2.949576240750525,54,61,43.94,15.115654137350456,20.6,57.1,53.06,11.238683196887438,36.0,65.0,97.52,0.8526429498916881,96.4,98.5,33.476,0.5166526879829418,32.9,34.29,4.656000000000001,0.2970353514314416,4.39,5.16,55.63166329997889,0.8730658455759918,54.44087031512536,56.48214722274081,53.98993651669914,0.090476201575893,53.87420674216343,54.10313548816397,0.1589263886295953,1.147642346465693,-1.148274355021954,1.6663827012005967,50.25684836141202,0.0,50.25684836141202,50.25684836141202,2.904930046487218,1.5917652947495622,0.9435210944984472,5.381949154229677,2.5668303739429876,1.5471957030628254,0.5307780718010323,4.885478239112207,56.94317942603717,0.1980922585259451,56.66825128317365,57.21968878773328,540.0,0.0,540.0,540.0,0.375,0.0,0.375,0.375,0.3277777777777778,0.0,0.3277777777777778,0.3277777777777778,0.1925925925925926,0.0,0.1925925925925926,0.1925925925925926,70.2,0.0,70.2,70.2,94.9,0.0,94.9,94.9,0.8,0.4472135954999579,0,1,78.0,3.807886552931953,73.0,83.0,2.205,0.5478366544874484,1.225,2.45,37.866972635585654,3.093922215147395,33.94957980226077,42.22761380150418,68.47193982793449,1.305813340030817,66.47575740456203,69.71466938138715,0.0,0.0,0.0,0.0,0.4,0.5477225575051662,0.0,1.0,0.0,0.0,0.0,0.0,0.0,0.0,0.0,0.0,0.4,0.5477225575051662,0.0,1.0,61.48,1.61771443709945,58.7,62.5,user_001,5
2024-01-01 21:55:00,3.8,1.6431676725154984,1,5,4496.2,5.93295878967664,4490,4504,4.1788,0.2327642584246986,3.908,4.5,52.09806053962019,0.6376834565941284,51.577096041490165,53.19769914002927,48.69450010923116,6.004397286648097,40.71787935658113,54.760853142690706,97.072,0.176408616569597,96.86,97.22,33.3436,0.0674299636660109,33.230000000000004,33.403999999999996,0.0,0.0,0,0,48.69957981559033,6.432160177140894,41.33767572450635,55.727155570208936,50.4,2.408318915758459,47,53,53.16,10.848410021749732,40.0,67.2,44.98,13.617892641668169,29.5,60.2,97.18,0.8074651695274536,96.4,98.1,33.37,0.3702026472082569,32.79,33.81,4.184,0.375339846006256,3.69,4.71,54.11363467324825,1.644482888403916,52.09806053962019,56.12143148182721,54.24951153031977,0.0917912967209268,54.14653476988709,54.396023329031195,-0.8490302698100933,1.4378103458631015,-3.098849570014636,0.4743013195032759,50.25684836141202,0.0,50.25684836141202,50.25684836141202,5.306837645633695,0.7767776788221793,4.151920131668351,6.077259250433416,5.664068604802405,0.524522108404553,5.2433272644154485,6.417549134453952,55.45684392990339,0.4759593381059758,54.921141458415185,56.18327863322688,540.0,0.0,540.0,540.0,0.375,0.0,0.375,0.375,0.3277777777777778,0.0,0.3277777777777778,0.3277777777777778,0.1925925925925926,0.0,0.1925925925925926,0.1925925925925926,70.2,0.0,70.2,70.2,94.9,0.0,94.9,94.9,0.8,0.4472135954999579,0,1,82.8,1.3038404810405302,81.0,84.0,2.205,0.5478366544874484,1.225,2.45,42.50746685467181,3.0299122710238353,37.75833570724972,44.964495270614336,64.15552977151148,0.5701663251798491,63.61635157610602,65.0956517281273,0.0,0.0,0.0,0.0,0.2,0.447213595499958,0.0,1.0,0.0,0.0,0.0,0.0,0.0,0.0,0.0,0.0,0.2,0.447213595499958,0.0,1.0,57.7,1.5182226450688996,55.9,59.3,user_001,5
2024-01-01 22:00:00,0.0,0.0,0,0,4504.0,0.0,4504,4504,4.0816,0.2024420904851553,3.896,4.422,52.420320729497305,0.3254415824950657,52.034264907328954,52.75089330587523,53.46767079627735,2.368291078817409,50.18208765665063,56.48469722746392,97.448,0.1316054710108931,97.26,97.6,33.2992,0.0503309050186877,33.245999999999995,33.364000000000004,1.0,0.0,1,1,47.03138499629173,1.8348279406228385,44.50745947392781,49.269981988412354,52.6,1.341640786499874,51,54,54.379999999999995,9.437531456901215,42.9,64.8,48.64,6.117434102628322,39.6,55.4,97.26,0.6503845016603658,96.6,98.2,33.251999999999995,0.4335550714730491,32.56,33.7,4.0280000000000005,0.6615663232057688,3.17,4.65,52.15109592404915,0.2241225580556844,51.86537369308013,52.42032072949729,54.234037183690944,0.1648858616957061,54.0275970364705,54.441793330465245,0.0898396352513415,0.5383214776448033,-0.5631699794064389,0.6552450308903417,50.25684836141202,0.0,50.25684836141202,50.25684836141202,3.5199656276719535,0.6753140061241635,2.8230172719349067,4.301306978269438,2.5204705529566676,0.908294844506087,1.778469716826914,4.087343503834067,54.27920578500785,0.3167132779016096,53.90979366256222,54.6318720833879,540.0,0.0,540.0,540.0,0.375,0.0,0.375,0.375,0.3277777777777778,0.0,0.3277777777777778,0.3277777777777778,0.1925925925925926,0.0,0.1925925925925926,0.1925925925925926,70.2,0.0,70.2,70.2,94.9,0.0,94.9,94.9,0.0,0.0,0,0,61.2,12.94990347454374,46.0,76.0,1.225,0.0,1.225,1.225,32.69365910804371,1.2442769393283113,31.508721070720117,34.725468441569326,63.457611626996744,0.0844956057962558,63.35602154383757,63.56679217810488,0.0,0.0,0.0,0.0,0.0,0.0,0.0,0.0,0.0,0.0,0.0,0.0,0.0,0.0,0.0,0.0,0.0,0.0,0.0,0.0,60.8,0.7000000000000005,60.0,61.7,user_001,5
2024-01-01 22:05:00,0.0,0.0,0,0,4504.0,0.0,4504,4504,4.1696,0.1065870536228488,4.042,4.3100000000000005,48.916256227752726,0.911984642705232,47.8149324518025,50.20995496786833,56.653355825024185,1.968533932576871,53.78800220853998,59.214261180733615,97.896,0.1915202339179801,97.68,98.1,33.75,0.1192811804099881,33.676,33.955999999999996,1.0,0.0,1,1,40.987672098277095,3.119472364552923,37.41621161987323,45.94414107991548,48.0,5.099019513592785,42,55,56.36,8.349431118345729,47.6,68.6,40.08,13.74179755344984,27.0,63.0,98.1,0.3741657386773939,97.5,98.5,33.751999999999995,0.7552946444931274,32.66,34.73,4.042,0.5067741114145435,3.52,4.86,50.281625800697825,1.170157282752069,48.916256227752726,51.8135471529982,53.413755239553254,0.3219910749773551,53.026542270920665,53.840620246535885,-0.4581281138763643,2.2446416387096866,-3.5001985124167163,2.395022516065829,50.25684836141202,0.0,50.25684836141202,50.25684836141202,3.4965410760107667,0.4190268156381579,2.923763690775981,3.961812234436656,2.746683974713007,0.8331959407240793,1.7123047848195156,3.4110360619162075,54.00193656428087,0.2231242403771703,53.63495225186005,54.22546385002765,540.0,0.0,540.0,540.0,0.375,0.0,0.375,0.375,0.3277777777777778,0.0,0.3277777777777778,0.3277777777777778,0.1925925925925926,0.0,0.1925925925925926,0.1925925925925926,70.2,0.0,70.2,70.2,94.9,0.0,94.9,94.9,0.0,0.0,0,0,31.2,9.67987603226405,19.0,44.0,1.225,0.0,1.225,1.225,27.35064944421568,2.4305843822686866,24.68779283451028,30.096445680341912,65.86188377352863,1.3530777067013915,64.18705034381968,67.67829351080925,0.2,0.447213595499958,0.0,1.0,0.0,0.0,0.0,0.0,0.0,0.0,0.0,0.0,0.0,0.0,0.0,0.0,0.2,0.447213595499958,0.0,1.0,60.779999999999994,0.4024922359499618,60.2,61.2,user_001,5
2024-01-01 22:10:00,0.0,0.0,0,0,4504.0,0.0,4504,4504,4.4532,0.2404063227121946,4.1899999999999995,4.776,54.053169544395416,0.8995643661102938,53.13996997857888,55.11554666031966,55.39163533498261,1.5071053459431265,53.46133431490665,57.19200147235998,97.588,0.1229634091915204,97.48,97.78,33.6128,0.1942452058610412,33.33,33.778,1.0,0.0,1,1,43.76323253969081,1.7411860404702393,41.12942738661032,45.98605973068846,55.6,4.277849927241487,50,59,55.66,7.531135372571654,46.0,64.0,43.78,7.769620325344089,31.5,50.5,97.48,0.67601775124622,96.8,98.6,33.75,0.2394786002965618,33.36,34.01,4.776,0.708223128681915,3.83,5.48,51.98523467334291,1.7259386597667312,49.744170818501814,54.0531695443954,52.9818662592553,0.0291438454257231,52.93255573459377,53.00658373616933,0.7734152278022904,1.974006949424884,-1.5866599952397564,2.930015010710555,50.25684836141202,0.0,50.25684836141202,50.25684836141202,2.7944181161458257,0.2038447179594459,2.5418952885481345,3.024050052565204,1.6613032847460942,0.196010215535216,1.450387827591605,1.9211355978503737,53.19221112506305,0.169824132196551,52.99775777253576,53.44885705679558,540.0,0.0,540.0,540.0,0.375,0.0,0.375,0.375,0.3277777777777778,0.0,0.3277777777777778,0.3277777777777778,0.1925925925925926,0.0,0.1925925925925926,0.1925925925925926,70.2,0.0,70.2,70.2,94.9,0.0,94.9,94.9,0.0,0.0,0,0,7.8,5.932958789676531,0.0,14.0,1.225,0.0,1.225,1.225,29.344029864106027,2.3643627254652415,26.09932025227183,31.956210693169623,69.21296993620366,0.2844736114630242,68.72980078477913,69.44336985697142,0.0,0.0,0.0,0.0,0.0,0.0,0.0,0.0,0.0,0.0,0.0,0.0,0.0,0.0,0.0,0.0,0.0,0.0,0.0,0.0,62.82000000000001,0.4764451699828602,62.2,63.4,user_001,5
2024-01-01 22:15:00,0.0,0.0,0,0,4504.0,0.0,4504,4504,4.1556,0.1976026315614243,3.886,4.432,51.22840092765703,0.8673036801377636,50.5090431816059,52.71802073791986,51.44844580542981,1.0135394076372644,50.415072831592646,52.77260924738897,97.82,0.1562049935181387,97.6,98.04,33.4032,0.0992834326562057,33.260000000000005,33.507999999999996,1.0,0.0,1,1,50.34215407930085,2.67153661073231,47.24401769798177,53.39601179865451,50.0,1.4142135623730947,48,52,50.56,3.5927705186944503,45.7,55.3,52.6,10.433599570617996,38.5,65.7,97.84,0.4722287581247039,97.3,98.6,33.354,0.7160865869432294,32.46,34.44,3.886,0.625403869511534,3.27,4.75,52.60990744669537,1.0922446953009088,51.22840092765703,53.96877969626361,52.79552696966873,0.1870820381179282,52.53305919861057,52.99236219296605,-0.6142004638285016,0.850225564843897,-1.5726735793066169,0.4969856061313749,50.25684836141202,0.0,50.25684836141202,50.25684836141202,1.7521908431690332,0.4174869888250229,1.401479776966721,2.374085405631099,1.7358641996048108,0.5325913167627565,1.0135394076375837,2.3767814780497782,52.629388570653035,0.1634008860230984,52.454286345903206,52.86294962613496,540.0,0.0,540.0,540.0,0.375,0.0,0.375,0.375,0.3277777777777778,0.0,0.3277777777777778,0.3277777777777778,0.1925925925925926,0.0,0.1925925925925926,0.1925925925925926,70.2,0.0,70.2,70.2,94.9,0.0,94.9,94.9,0.0,0.0,0,0,0.0,0.0,0.0,0.0,1.225,0.0,1.225,1.225,33.29600769475782,0.3895687100952607,32.833167399759134,33.65373473038496,69.08665399231974,0.1664071416796667,68.94065178800346,69.36942184194861,0.0,0.0,0.0,0.0,0.0,0.0,0.0,0.0,0.0,0.0,0.0,0.0,0.0,0.0,0.0,0.0,0.0,0.0,0.0,0.0,59.94,0.626897120746297,59.3,60.9,user_001,5
2024-01-01 22:20:00,0.0,0.0,0,0,4504.0,0.0,4504,4504,4.0712,0.1762021566269833,3.938,4.274,52.75847255014414,1.4468938692039022,51.33735252515819,54.60984741237693,51.31913689618828,2.017249721182087,48.958532905005946,53.93995711703821,97.66,0.0692820323027626,97.6,97.76,33.458000000000006,0.113128245809785,33.33200000000001,33.586,1.0,0.0,1,1,47.85690917916719,2.1023213717316387,45.78840158451837,50.382602376777555,54.2,2.2803508501982765,52,57,52.0,7.671049471878019,42.4,60.6,45.52,8.12354602375096,36.6,58.1,97.64,0.5594640292279802,97.0,98.4,33.346000000000004,0.3526045944113583,32.78,33.65,4.254,0.5839349278815232,3.39,5.02,51.62797135100516,0.7628818954801956,50.95226728510469,52.75847255014414,52.12824497817311,0.207252967934648,51.91244675317781,52.41092835462927,0.7207637249279315,0.5211337629431646,0.220882491613942,1.5426144407173084,50.25684836141202,0.0,50.25684836141202,50.25684836141202,2.144747838548387,0.33685653216718,1.7589580981967965,2.6417870924551,1.5016296545335552,0.3397295101675269,1.1880520069537686,2.017249721182241,52.46339822055238,0.2100330550966572,52.29619089726881,52.829124127855565,540.0,0.0,540.0,540.0,0.375,0.0,0.375,0.375,0.3277777777777778,0.0,0.3277777777777778,0.3277777777777778,0.1925925925925926,0.0,0.1925925925925926,0.1925925925925926,70.2,0.0,70.2,70.2,94.9,0.0,94.9,94.9,0.0,0.0,0,0,0.0,0.0,0.0,0.0,1.225,0.0,1.225,1.225,34.5649554880883,0.5674914831715354,34.09602530668065,35.365775767162155,67.26352000070838,0.7509255639377843,66.436166376536,68.2384599775247,0.0,0.0,0.0,0.0,0.0,0.0,0.0,0.0,0.0,0.0,0.0,0.0,0.0,0.0,0.0,0.0,0.0,0.0,0.0,0.0,60.44,1.0667708282475692,59.3,61.9,user_001,5
2024-01-01 22:25:00,0.0,0.0,0,0,4504.0,0.0,4504,4504,3.967200000000001,0.1233418015110849,3.852,4.176,49.24309103540993,1.4527154778630067,47.38215440550086,51.07323160825128,52.5948657641071,3.465173012362368,48.404189060155694,57.72663807802547,97.28,0.1174734012447074,97.08,97.38,33.4072,0.0842567504714002,33.332,33.544,1.0,0.0,1,1,41.82477816351173,4.7686670506074895,37.95893438967891,49.33968426360857,47.0,6.164414002968977,40,56,51.82000000000001,9.822779647329972,43.1,65.3,41.0,17.33781993215987,22.3,68.9,97.32,0.9833615815151662,95.6,98.0,33.544,0.6002749370080358,32.6,34.09,3.91,0.6521119535785249,2.84,4.57,51.126152605893694,1.348842159290128,49.24309103540993,52.70564836676276,51.63033130028068,0.1540005650789323,51.436618502476094,51.8416311687852,-1.121545517704965,2.802289549401975,-3.691077202750421,2.872615198166386,50.25684836141202,0.0,50.25684836141202,50.25684836141202,3.1975747303123794,0.2438553123715904,2.7741867075993203,3.3854484155205613,3.0794448033695674,0.3959851675821075,2.57789451305615,3.4906265581714173,53.55664228967494,0.1450579123178603,53.396082751903705,53.72183294571359,540.0,0.0,540.0,540.0,0.375,0.0,0.375,0.375,0.3277777777777778,0.0,0.3277777777777778,0.3277777777777778,0.1925925925925926,0.0,0.1925925925925926,0.1925925925925926,70.2,0.0,70.2,70.2,94.9,0.0,94.9,94.9,0.0,0.0,0,0,0.0,0.0,0.0,0.0,1.225,0.0,1.225,1.225,31.32552418256471,1.225698320046866,29.899528877858224,33.21300809323195,66.6708785719161,0.1480287158470115,66.55359155552566,66.91454228816697,0.0,0.0,0.0,0.0,0.0,0.0,0.0,0.0,0.0,0.0,0.0,0.0,0.0,0.0,0.0,0.0,0.0,0.0,0.0,0.0,58.82000000000001,1.19037809119624,57.6,60.7,user_001,5
2024-01-01 22:30:00,0.0,0.0,0,0,4504.0,0.0,4504,4504,3.8688,0.050390475290475,3.792,3.932,48.72666219396345,1.89049974244818,46.000942143934274,50.77819650841523,51.3978424051499,2.12476650246007,48.89342006126532,53.83519513784697,97.54,0.1240967364599072,97.42,97.74,33.636399999999995,0.052180456111456,33.589999999999996,33.715999999999994,1.0,0.0,1,1,47.76161687749949,3.907071886829402,41.750970783826034,52.13362097298549,49.2,5.449770637375484,42,55,51.84,7.160516741129792,41.4,57.5,50.0,8.807099408999537,37.8,58.2,97.42,0.6418722614352488,96.6,98.1,33.589999999999996,0.4183897704294396,32.92,33.97,3.884,0.6614227090144397,3.01,4.63,48.446571536578595,0.2700780794053296,48.03498993641776,48.72666219396344,51.01291056903559,0.1873965710901849,50.82100874655377,51.302190112761835,0.2366689030182755,2.0396023674357187,-2.0004710719671266,2.6663526186885775,50.25684836141202,0.0,50.25684836141202,50.25684836141202,2.866630095340664,0.2463783119955968,2.469091334184051,3.0972753884898303,2.1415126151456043,0.1340170568380478,1.9528721711839656,2.2907479546511267,53.25732189274182,0.1667008456786489,53.13421367181365,53.52945671355659,540.0,0.0,540.0,540.0,0.375,0.0,0.375,0.375,0.3277777777777778,0.0,0.3277777777777778,0.3277777777777778,0.1925925925925926,0.0,0.1925925925925926,0.1925925925925926,70.2,0.0,70.2,70.2,94.9,0.0,94.9,94.9,0.0,0.0,0,0,0.0,0.0,0.0,0.0,1.225,0.0,1.225,1.225,30.68225761114415,0.3163560601056371,30.139527931947953,30.967513202187934,67.05654052149603,0.0972217836016285,66.90419559133635,67.17004998443248,0.0,0.0,0.0,0.0,0.0,0.0,0.0,0.0,0.0,0.0,0.0,0.0,0.0,0.0,0.0,0.0,0.0,0.0,0.0,0.0,58.64,1.4117365193264635,56.6,60.0,user_001,5
2024-01-01 22:35:00,0.0,0.0,0,0,4504.0,0.0,4504,4504,3.812,0.0987927122818276,3.724,3.972,48.056185967929345,1.0927453486673713,46.79030955929566,49.351248693020295,54.14918089285925,2.7533315949311734,51.50285169262137,58.77212446259713,97.68,0.2767670500619614,97.36,98.02,33.4492,0.1034466045842021,33.321999999999996,33.562,1.0,0.0,1,1,48.7604598357201,4.192155824177134,41.948275987993554,52.30689658903513,47.6,5.504543577809153,40,53,54.04,10.214352647133344,43.8,70.1,48.18,15.117440259514836,27.2,65.7,98.02,0.3701351104664341,97.7,98.6,33.364,0.3498999857102026,33.02,33.8,3.74,0.4935585071701225,2.95,4.16,48.50819049041364,0.3567667163400126,48.056185967929345,48.92641842784102,50.717338017321566,0.0251959446661609,50.67766370324989,50.747339164369194,-0.2280929839646703,2.2639890587794165,-3.395154779647825,1.8243756534898592,50.25684836141202,0.0,50.25684836141202,50.25684836141202,3.5878311587615586,0.0866345527246093,3.4410624074846803,3.658692556262741,3.15475992215151,0.5814545399338613,2.7233092277974817,3.925023058772895,52.91094499547766,0.176734386801864,52.71685118311949,53.11947578120909,540.0,0.0,540.0,540.0,0.375,0.0,0.375,0.375,0.3277777777777778,0.0,0.3277777777777778,0.3277777777777778,0.1925925925925926,0.0,0.1925925925925926,0.1925925925925926,70.2,0.0,70.2,70.2,94.9,0.0,94.9,94.9,0.0,0.0,0,0,0.0,0.0,0.0,0.0,1.225,0.0,1.225,1.225,27.842440041844668,1.117903724063641,26.712583175980846,29.298811402998552,68.61591123687943,0.4459577300862165,67.99890635693849,69.12592671112543,0.0,0.0,0.0,0.0,0.0,0.0,0.0,0.0,0.0,0.0,0.0,0.0,0.0,0.0,0.0,0.0,0.0,0.0,0.0,0.0,59.44,0.7733045971672493,58.4,60.5,user_001,5
2024-01-01 22:40:00,0.0,0.0,0,0,4504.0,0.0,4504,4504,4.156000000000001,0.040024992192379,4.108,4.208,50.89875699989193,1.0764749863848362,49.69666627941342,52.29810691939031,53.793801599059655,1.5388504790327755,52.81414354422151,56.37609569614767,97.38,0.2262741699796967,97.14,97.62,33.5712,0.0841498663100525,33.480000000000004,33.68,1.0,0.0,1,1,43.57503997836643,2.731737123781719,40.80049667016101,47.63366444677401,52.2,3.7013511046643495,47,57,53.8,6.679071791798619,45.8,63.5,43.48,12.976016337844213,28.2,61.3,97.14,1.3831124321616095,95.3,98.5,33.602,0.3111591232793921,33.28,33.97,4.16,0.5335260068637704,3.39,4.81,49.782971587214966,0.8593624499364939,48.63745731195289,50.89875699989193,50.35029416963357,0.1683625865036886,50.15192827916597,50.5628869132777,0.6506215000540351,1.4272379647645026,-1.473580189542723,2.3509465403048466,50.25684836141202,0.0,50.25684836141202,50.25684836141202,1.909761611695681,0.5418420402118133,1.3255165737828238,2.538400679851344,1.1921390778617016,0.3200795531693581,0.9085653360326448,1.541238378155873,52.51785558239486,0.0624856489551515,52.45054556046566,52.59267459990496,540.0,0.0,540.0,540.0,0.375,0.0,0.375,0.375,0.3277777777777778,0.0,0.3277777777777778,0.3277777777777778,0.1925925925925926,0.0,0.1925925925925926,0.1925925925925926,70.2,0.0,70.2,70.2,94.9,0.0,94.9,94.9,0.0,0.0,0,0,0.0,0.0,0.0,0.0,1.225,0.0,1.225,1.225,29.68939745831013,0.6257461651238687,28.776968454713607,30.325394321431553,68.95176738983301,0.2203560805993626,68.72767705276485,69.23007227448052,0.0,0.0,0.0,0.0,0.0,0.0,0.0,0.0,0.0,0.0,0.0,0.0,0.0,0.0,0.0,0.0,0.0,0.0,0.0,0.0,60.42,0.3701351104664373,59.9,60.8,user_001,5
2024-01-01 22:45:00,0.0,0.0,0,0,4504.0,0.0,4504,4504,3.942,0.0384187454245969,3.902,4.004,50.399013267475475,1.2943283317641718,48.800573750701595,51.86540461292687,53.12585041633707,3.9194348562396177,50.06715364273231,59.71873495232547,97.468,0.5835409154463875,96.94,98.32,33.6736,0.0617964400269152,33.612,33.774,1.0,0.0,1,1,45.91893530579311,4.190403869289917,40.06923391015526,51.85577629784934,49.0,1.9999999999999991,47,51,52.1,13.971578293092016,40.1,74.4,45.1,13.83455817870596,27.0,60.3,97.4,0.6964194138592049,96.6,98.4,33.638,0.7136665888214198,33.07,34.77,3.902,0.615402307437988,3.41,4.68,51.07989749296659,0.402857548041362,50.39901326747548,51.42166977772975,50.095292510678775,0.0492183251000561,50.01369700246904,50.137894049999694,-0.6995066337377424,0.5207709426040529,-1.5256454695393131,-0.2884682043089555,50.25684836141202,0.0,50.25684836141202,50.25684836141202,3.919188477737426,1.0970317581497693,2.680260482585306,4.943034587177144,3.172504881712315,0.8289220763090563,2.2577864004446284,3.9194348562397505,52.60483969260618,0.1970969359944797,52.360363706977104,52.79516949342531,540.0,0.0,540.0,540.0,0.375,0.0,0.375,0.375,0.3277777777777778,0.0,0.3277777777777778,0.3277777777777778,0.1925925925925926,0.0,0.1925925925925926,0.1925925925925926,70.2,0.0,70.2,70.2,94.9,0.0,94.9,94.9,0.0,0.0,0,0,0.0,0.0,0.0,0.0,1.225,0.0,1.225,1.225,30.956712441362725,0.7736014390062206,30.026484114731716,31.9822829514165,69.07550196209066,0.3637004759729235,68.6438477066649,69.4286570170692,0.0,0.0,0.0,0.0,0.0,0.0,0.0,0.0,0.0,0.0,0.0,0.0,0.0,0.0,0.0,0.0,0.0,0.0,0.0,0.0,59.86,0.7861297602813428,59.2,61.2,user_001,5
2024-01-01 22:50:00,0.0,0.0,0,0,4504.0,0.0,4504,4504,4.0936,0.2621541531236915,3.696,4.343999999999999,50.48052849612846,1.9552426877903,47.89887876557068,53.02247722253404,55.34513256511434,1.7599188355174478,52.524069615503834,57.27736427355726,97.876,0.3742726279064558,97.32,98.2,33.5024,0.1875281312230235,33.256,33.682,1.0,0.0,1,1,47.152781604055065,3.5809618762718567,43.22725608101833,52.25655825823037,51.6,7.797435475847171,43,60,57.48,4.515196562720166,51.0,63.3,48.52,11.597715292246145,36.5,67.4,98.0,1.0392304845413225,96.9,99.5,33.525999999999996,0.3369421315300299,32.99,33.84,4.188,1.0576719718324772,3.3,5.87,50.167393908538806,0.239721570775716,49.92079274419268,50.48052849612846,49.85186293693438,0.1590182052172656,49.6340396601331,50.0023838529492,0.5597357519357729,3.081642365556717,-2.6741590741780215,3.700373744809781,50.25684836141202,0.0,50.25684836141202,50.25684836141202,3.6454870571180265,1.2707206835674176,2.183115853222857,4.958457562902068,2.9283047112325433,0.7621762311719,1.759918835517854,3.645589102132405,53.16626695540492,0.2255422506451292,52.848964219300136,53.40111227377122,540.0,0.0,540.0,540.0,0.375,0.0,0.375,0.375,0.3277777777777778,0.0,0.3277777777777778,0.3277777777777778,0.1925925925925926,0.0,0.1925925925925926,0.1925925925925926,70.2,0.0,70.2,70.2,94.9,0.0,94.9,94.9,0.0,0.0,0,0,0.0,0.0,0.0,0.0,1.225,0.0,1.225,1.225,28.905135228513252,0.6268389099753185,28.00424624563836,29.53387501661549,68.91619333031426,0.1941764518665913,68.69226890442404,69.14796247964827,0.0,0.0,0.0,0.0,0.0,0.0,0.0,0.0,0.0,0.0,0.0,0.0,0.0,0.0,0.0,0.0,0.0,0.0,0.0,0.0,61.1,1.3747727084867531,59.4,63.0,user_001,5
2024-01-01 22:55:00,0.0,0.0,0,0,4504.0,0.0,4504,4504,4.3584000000000005,0.1584828066384492,4.172000000000001,4.586,51.73076918467537,1.644806979228415,50.04411222683577,54.272329548692085,54.62964708676403,3.396262586690877,48.84915529355982,57.1488486736466,97.824,0.1946278500112468,97.56,98.02,33.8024,0.092697357028126,33.642,33.878,1.0,0.0,1,1,45.97625107543112,3.746156011973889,42.33092508804551,52.31374448357578,52.8,5.8906705900092575,48,61,51.92,11.045225212733328,34.2,61.1,47.3,12.093593345238633,37.5,66.9,98.02,0.834865258589675,97.0,99.3,33.842,0.2489377432210698,33.53,34.17,4.286,0.1650151508195535,4.04,4.45,50.89990372458125,0.5887135420788416,50.19134599827932,51.73076918467537,49.814154790048974,0.1579761102313217,49.63380421786651,50.048652685010666,0.5346154076623251,2.1625201228984743,-1.4542471615190635,3.3638352256539648,50.25684836141202,0.0,50.25684836141202,50.25684836141202,2.2605747958861646,0.8219405535044705,1.7603342651510372,3.713520129889955,1.5519568703858002,1.0381877032481297,0.922840262129516,3.396262586691076,53.591014578489535,0.2041745177623105,53.38185262695859,53.845363741321066,540.0,0.0,540.0,540.0,0.375,0.0,0.375,0.375,0.3277777777777778,0.0,0.3277777777777778,0.3277777777777778,0.1925925925925926,0.0,0.1925925925925926,0.1925925925925926,70.2,0.0,70.2,70.2,94.9,0.0,94.9,94.9,0.0,0.0,0,0,0.0,0.0,0.0,0.0,1.225,0.0,1.225,1.225,28.029295452019767,1.3086361342050614,26.993505654236195,30.26082180576604,69.44241240693147,0.1610513981183685,69.22740045040896,69.62678181782319,0.0,0.0,0.0,0.0,0.0,0.0,0.0,0.0,0.0,0.0,0.0,0.0,0.0,0.0,0.0,0.0,0.0,0.0,0.0,0.0,61.739999999999995,0.6693280212272594,61.0,62.8,user_001,5
2024-01-01 23:00:00,0.0,0.0,0,0,4504.0,0.0,4504,4504,4.239199999999999,0.1096047444228577,4.078,4.34,53.165368781521046,1.2304887752036815,51.898813132752046,54.93254208850137,51.250488505252875,2.090410054116258,50.07740235269325,54.951601568462166,97.172,0.1446374778541148,97.06,97.42,33.806799999999996,0.1156771368940331,33.65,33.932,1.0,0.0,1,1,49.34641989470698,2.2571800066548815,46.54481318031875,51.696542120212506,52.6,5.594640292279746,47,61,51.8,8.116341540373964,42.6,64.7,47.5,10.788651444921186,36.8,62.0,97.08,0.6870225614927121,96.4,98.0,33.932,0.6772148846562657,32.83,34.69,4.18,0.6013318551349163,3.51,4.96,52.946160161261744,0.465889362041465,52.28717945645025,53.44805317228156,50.56408622749616,0.2201918206758534,50.24354623445156,50.78843711627027,-0.2826843907605166,2.241719691543406,-2.644180696167119,3.033728955749325,50.25684836141202,0.0,50.25684836141202,50.25684836141202,3.6947339930479495,0.5463173936470034,2.9266113716867617,4.384080665257994,2.9899015585055673,0.730375351854528,2.0904100541164574,3.706765199799144,53.72182359332648,0.0994050578755505,53.61793944058714,53.83278789952021,540.0,0.0,540.0,540.0,0.375,0.0,0.375,0.375,0.3277777777777778,0.0,0.3277777777777778,0.3277777777777778,0.1925925925925926,0.0,0.1925925925925926,0.1925925925925926,70.2,0.0,70.2,70.2,94.9,0.0,94.9,94.9,0.0,0.0,0,0,0.0,0.0,0.0,0.0,1.225,0.0,1.225,1.225,34.79253070901986,1.5820158066585064,32.5521879499643,36.54925176736487,68.55908836727266,0.4915839729339889,68.00976167025517,69.14473461093338,0.0,0.0,0.0,0.0,0.0,0.0,0.0,0.0,0.0,0.0,0.0,0.0,0.0,0.0,0.0,0.0,0.0,0.0,0.0,0.0,60.17999999999999,1.1777096416349813,59.2,61.9,user_001,5
2024-01-01 23:05:00,0.0,0.0,0,0,4504.0,0.0,4504,4504,4.266,0.1529182788289222,4.022,4.44,53.32301152678466,1.619130953683032,51.05137877792782,55.36560225033762,59.899488198222606,4.441984155635476,52.48195602028509,64.49198045346004,97.464,0.192041662146535,97.18,97.70000000000002,33.6752,0.1406100992105477,33.525999999999996,33.842,1.0,0.0,1,1,40.62306764045525,3.8404842571082094,34.910086554137045,45.16003846850535,52.6,4.979959839195494,46,58,64.08,9.936397737610946,54.5,77.1,37.84,14.762553979579549,19.2,56.4,97.18,1.2275992831539106,95.7,98.5,33.525999999999996,0.4583993891793474,33.11,34.29,4.26,0.8554823200978502,3.51,5.46,53.33694290189455,0.2789053413435909,52.910245854347366,53.684517290177,51.36887829607631,0.2836256159993969,50.98118029973573,51.66624137607948,-0.3615057633923356,1.7971847182640808,-2.5256893889639187,1.4757983122467735,50.25684836141202,0.0,50.25684836141202,50.25684836141202,4.247770134860746,0.6888490510367371,3.0395426728426385,4.764974438547323,4.661084636882979,1.7599910945416075,2.0461698175558896,6.4458760119254555,54.08397951297578,0.4773182682395927,53.50601122948748,54.674068061791765,540.0,0.0,540.0,540.0,0.375,0.0,0.375,0.375,0.3277777777777778,0.0,0.3277777777777778,0.3277777777777778,0.1925925925925926,0.0,0.1925925925925926,0.1925925925925926,70.2,0.0,70.2,70.2,94.9,0.0,94.9,94.9,0.0,0.0,0,0,0.0,0.0,0.0,0.0,1.225,0.0,1.225,1.225,30.664816404206853,3.6414926242083054,25.75560157499492,35.06503219112631,68.32686183058858,0.3607099790233433,67.87072972085527,68.82196373366476,0.0,0.0,0.0,0.0,0.0,0.0,0.0,0.0,0.0,0.0,0.0,0.0,0.0,0.0,0.0,0.0,0.0,0.0,0.0,0.0,63.08,1.7369513522260798,60.3,65.0,user_001,5
2024-01-01 23:10:00,0.0,0.0,0,0,4504.0,0.0,4504,4504,4.1008,0.0272616947382225,4.062,4.122,51.61619904879469,1.3127813021228378,49.91172390130125,53.27448260086751,57.63499433063015,2.5139064254250543,54.47013734366553,60.58280902324742,97.844,0.3715911731997993,97.42,98.18,33.629999999999995,0.0809567785920371,33.498,33.69,1.0,0.0,1,1,43.30509532713814,4.0766972198415425,39.665930991737326,49.97334473140899,51.6,5.128352561983234,47,60,56.720000000000006,8.489817430310264,45.8,68.3,44.4,16.17297127926715,29.2,69.2,98.06,0.6426507605223876,97.2,98.9,33.606,0.14842506526864,33.4,33.76,4.118,0.9972813043469728,3.31,5.76,52.08272499119598,0.6157485817695006,51.61619904879469,53.082007684523106,51.752170530073144,0.057035956273195,51.68129246344274,51.82872257634492,-0.0080995243973418,2.0229000362740304,-1.5054405779705604,3.362758699566257,50.25684836141202,0.0,50.25684836141202,50.25684836141202,3.270853881824486,0.608713585229968,2.72119767709166,4.316204160690648,2.679531544270379,0.6222108242532093,1.6768476987885297,3.1812021241990944,55.07992048456197,0.1501232905231009,54.9316009300834,55.31426685038685,540.0,0.0,540.0,540.0,0.375,0.0,0.375,0.375,0.3277777777777778,0.0,0.3277777777777778,0.3277777777777778,0.1925925925925926,0.0,0.1925925925925926,0.1925925925925926,70.2,0.0,70.2,70.2,94.9,0.0,94.9,94.9,0.0,0.0,0,0,0.0,0.0,0.0,0.0,1.225,0.0,1.225,1.225,25.135195823018897,1.355511353646821,23.5510664610946,26.54445264123776,69.18707418936415,0.3509067837558826,68.93791986374708,69.80442785117198,0.0,0.0,0.0,0.0,0.0,0.0,0.0,0.0,0.0,0.0,0.0,0.0,0.0,0.0,0.0,0.0,0.0,0.0,0.0,0.0,62.82000000000001,0.985900603509297,61.2,63.8,user_001,5
2024-01-01 23:15:00,0.0,0.0,0,0,4504.0,0.0,4504,4504,3.8232,0.1646304953524709,3.658,4.042,49.164273125767195,1.4844549082806282,47.22544626842699,51.00725410396075,58.11432024107064,4.3304543075819595,51.9509271056192,63.6578184721972,97.8,0.2731300056749643,97.48,98.14,33.5056,0.0818584143506315,33.43,33.62,1.0,0.0,1,1,41.80741996077539,4.306233464592711,38.623238812366615,48.55873742588641,48.4,5.176871642217914,43,56,55.54,11.472488831984109,42.9,74.2,43.84,11.483379293570335,29.7,58.3,97.72,0.9257429448826502,96.8,98.9,33.47,0.4216040796766557,32.9,33.93,3.81,0.653834841531101,3.21,4.68,50.300770369210994,1.042602271664256,49.164273125767195,51.54413269919646,51.62231600944722,0.0836171800391099,51.555056311376774,51.757210033931074,-0.382136562883602,2.0790322493536015,-2.669084701320251,2.924851243857667,50.25684836141202,0.0,50.25684836141202,50.25684836141202,3.575150733136893,0.2873607084748539,3.1025552138435475,3.8782080484082786,3.212160320237514,0.8262087795827597,2.1797656041359854,4.330454307582175,56.00076867835109,0.1451832273681453,55.76728901136901,56.14567848784244,540.0,0.0,540.0,540.0,0.375,0.0,0.375,0.375,0.3277777777777778,0.0,0.3277777777777778,0.3277777777777778,0.1925925925925926,0.0,0.1925925925925926,0.1925925925925926,70.2,0.0,70.2,70.2,94.9,0.0,94.9,94.9,0.0,0.0,0,0,0.0,0.0,0.0,0.0,1.225,0.0,1.225,1.225,23.486773369567135,1.5704226054970334,22.022997373942538,25.729411096985302,72.00411814155503,0.8394134135743024,70.7909232871687,72.88716567497481,0.0,0.0,0.0,0.0,0.0,0.0,0.0,0.0,0.0,0.0,0.0,0.0,0.0,0.0,0.0,0.0,0.0,0.0,0.0,0.0,61.720000000000006,1.4720733677368116,60.0,63.9,user_001,5
2024-01-01 23:20:00,0.0,0.0,0,0,4504.0,0.0,4504,4504,4.4148000000000005,0.1753316856703314,4.272,4.642,50.922867242899386,2.27423993064366,47.73346556101541,53.293030234274646,55.82098044326856,2.2746169290525557,52.797713996171694,58.7984759974478,97.56,0.1529705854077748,97.4,97.76,33.34439999999999,0.1672925581130238,33.141999999999996,33.565999999999995,1.0,0.0,1,1,48.735709624464256,3.250101264432728,43.33915828392427,51.90419504708868,52.6,4.393176527297759,45,56,58.55999999999999,10.187639569596088,47.8,70.8,48.78,12.318969112713935,32.9,64.4,97.76,0.8848728722251565,96.7,98.6,33.368,0.5341067309068507,32.62,33.77,4.566,0.6239230721811785,3.56,5.22,49.576562353147125,0.9889123455707812,48.50951541717813,50.922867242899386,51.5238440835486,0.1038545996758784,51.40223334545714,51.65374815174039,0.8385663785503084,1.3676057831698707,-1.3667327805076963,2.170340986441019,50.25684836141202,0.0,50.25684836141202,50.25684836141202,3.5445789267925294,0.2089381039127143,3.3589435647597603,3.8479053959578406,2.380520086002507,0.4111922157541314,2.005519512205876,3.031189371113403,56.221610141456395,0.0691212617631983,56.119146367968874,56.3004523252283,540.0,0.0,540.0,540.0,0.375,0.0,0.375,0.375,0.3277777777777778,0.0,0.3277777777777778,0.3277777777777778,0.1925925925925926,0.0,0.1925925925925926,0.1925925925925926,70.2,0.0,70.2,70.2,94.9,0.0,94.9,94.9,0.0,0.0,0,0,0.0,0.0,0.0,0.0,1.225,0.0,1.225,1.225,26.660516939082697,1.8780660878702151,24.037122760996176,28.626666875614923,72.79072663054316,0.5526694598009456,72.1272156938563,73.40260848231466,0.0,0.0,0.0,0.0,0.0,0.0,0.0,0.0,0.0,0.0,0.0,0.0,0.0,0.0,0.0,0.0,0.0,0.0,0.0,0.0,61.48,1.2497999839974394,60.3,63.4,user_001,5
2024-01-01 23:25:00,0.0,0.0,0,0,4504.0,0.0,4504,4504,4.3576,0.0611947710184453,4.298,4.444,50.16268210606082,1.230632297617256,48.24134677078873,51.49423118052582,58.67115791845513,3.2762760026343942,53.858807702947495,62.03231733163187,97.324,0.3080259729308622,97.06,97.82,33.2556,0.2220288269572208,33.008,33.536,1.0,0.0,1,1,51.03005229622574,2.555323229869869,47.894332624161414,54.58724840436319,48.8,5.630275304103699,43,58,59.14,11.227332719751384,40.4,68.5,50.72,9.238344007450683,38.9,64.1,97.06,0.5727128425310595,96.6,97.9,33.262,0.2285169577952606,33.0,33.59,4.318,0.7959082861737274,3.43,5.45,51.02407405473542,0.5439845758469107,50.16268210606082,51.54857816193292,51.54453913857431,0.0943887095878394,51.39240030530463,51.646943212271374,-0.6813410530304139,2.3764936755662176,-2.620673385394369,3.252884409737092,50.25684836141202,0.0,50.25684836141202,50.25684836141202,3.924812426764156,0.5806776677769883,3.3123998054053803,4.54140488585109,3.6016466300869077,0.3714058554597483,3.2011279529717696,4.094768606157147,56.58256594455393,0.1918440335376555,56.38776875613432,56.89857160614999,540.0,0.0,540.0,540.0,0.375,0.0,0.375,0.375,0.3277777777777778,0.0,0.3277777777777778,0.3277777777777778,0.1925925925925926,0.0,0.1925925925925926,0.1925925925925926,70.2,0.0,70.2,70.2,94.9,0.0,94.9,94.9,0.0,0.0,0,0,0.0,0.0,0.0,0.0,1.225,0.0,1.225,1.225,25.583073821460896,1.4473255019016895,23.67702623987657,27.472615752527815,72.59212561093793,0.2052242590086943,72.24219074037313,72.78316740590994,0.0,0.0,0.0,0.0,0.0,0.0,0.0,0.0,0.0,0.0,0.0,0.0,0.0,0.0,0.0,0.0,0.0,0.0,0.0,0.0,61.64,0.844393273303382,61.0,63.0,user_001,5
2024-01-01 23:30:00,0.0,0.0,0,0,4504.0,0.0,4504,4504,4.1272,0.0979550917512714,4.018000000000001,4.238,52.96134085347302,1.2692782496200954,52.257549979415046,55.22445925316001,55.21011133082537,1.3648489779254054,53.909147200582225,57.09295431136988,97.816,0.2251221890440838,97.48,98.04,33.5616,0.1934032057645334,33.260000000000005,33.732,1.0,0.0,1,1,48.279101536951536,7.1225908752090765,41.51986817267386,58.21970338851619,54.0,5.291502622129181,47,61,53.7,6.799999999999996,43.6,62.6,45.86,19.28828660093996,26.0,70.0,98.0,0.728010988928048,97.2,99.1,33.696,0.2166333307688365,33.41,34.0,4.018,0.0521536192416211,3.95,4.08,51.72053650103511,0.9928646251350464,50.44178807070721,52.96134085347302,51.340268528536534,0.039242387461009,51.273056880584086,51.37092680927828,0.5193295732634852,2.2482629618975367,-2.7414864177200116,2.887770373419997,50.25684836141202,0.0,50.25684836141202,50.25684836141202,3.54103590758816,0.7575961015138329,2.782647853204966,4.3777776656155485,2.4334081894508404,0.63437233375972,1.3648489779259003,3.066633732986068,57.2566918116285,0.2034817247289381,57.043492181877774,57.558508743745406,540.0,0.0,540.0,540.0,0.375,0.0,0.375,0.375,0.3277777777777778,0.0,0.3277777777777778,0.3277777777777778,0.1925925925925926,0.0,0.1925925925925926,0.1925925925925926,70.2,0.0,70.2,70.2,94.9,0.0,94.9,94.9,0.0,0.0,0,0,0.0,0.0,0.0,0.0,1.225,0.0,1.225,1.225,28.58900785850263,1.889990266413838,25.785278732019332,30.948199078084087,71.33770115897767,0.5210432259028712,70.88829762795464,72.14485836336603,0.0,0.0,0.0,0.0,0.0,0.0,0.0,0.0,0.0,0.0,0.0,0.0,0.0,0.0,0.0,0.0,0.0,0.0,0.0,0.0,62.5,1.0099504938362058,62.0,64.3,user_001,5
2024-01-01 23:35:00,0.0,0.0,0,0,4504.0,0.0,4504,4504,4.0604,0.1585458924097372,3.792,4.196,52.96034118235035,0.8986837993854351,51.80976972901925,53.87317981934617,54.885282150561366,3.2486479438597873,51.209719370147134,58.49686858283106,97.38,0.0948683298050482,97.28,97.5,33.06,0.1257537275789475,32.926,33.2,1.0,0.0,1,1,43.547536004866046,2.900798840492393,39.487368347458926,46.67773876961746,53.4,3.2093613071762426,50,58,53.279999999999994,13.016604780049216,41.0,70.9,45.48,11.080027075779192,33.2,59.1,97.46,0.9208691546577092,96.2,98.4,32.928000000000004,0.2896031767781547,32.65,33.42,4.196,0.7797627844415247,2.96,5.1,53.000399868449065,0.1679794651898637,52.74051177352553,53.17422723564867,51.28417802296228,0.0757209047945662,51.20372216808789,51.38337487819775,0.2198294088248232,1.244467148449692,-1.1073272967644456,2.0634100903269186,50.25684836141202,0.0,50.25684836141202,50.25684836141202,3.076725590529745,1.1743632942064524,1.6873366383629056,4.608744203943793,2.506408765938387,0.6661696484475176,1.702401623741952,3.2486479438599813,57.233613736510755,0.4211738498087518,56.72280773580187,57.759005829163605,540.0,0.0,540.0,540.0,0.375,0.0,0.375,0.375,0.3277777777777778,0.0,0.3277777777777778,0.3277777777777778,0.1925925925925926,0.0,0.1925925925925926,0.1925925925925926,70.2,0.0,70.2,70.2,94.9,0.0,94.9,94.9,0.0,0.0,0,0,0.0,0.0,0.0,0.0,1.225,0.0,1.225,1.225,30.45261835503854,0.544525829003149,29.966570247787654,31.334866453337487,70.58251182014072,0.2360361176863429,70.25178453896244,70.84066610996571,0.0,0.0,0.0,0.0,0.0,0.0,0.0,0.0,0.0,0.0,0.0,0.0,0.0,0.0,0.0,0.0,0.0,0.0,0.0,0.0,61.7,1.0511898020814328,60.3,62.8,user_001,5
2024-01-01 23:40:00,0.0,0.0,0,0,4504.0,0.0,4504,4504,3.8664,0.0807390859497432,3.782,3.9540000000000006,51.50835768656466,2.3541768603208744,48.31122566315247,53.92538661313961,52.38991369883936,1.3496629455534628,50.321398331895445,53.98093222126363,97.292,0.0782304288624262,97.2,97.38,33.3996,0.1003234768137547,33.333999999999996,33.572,1.0,0.0,1,1,42.6070006261552,1.9020841707142728,39.434550564274424,44.02303370951629,49.4,4.393176527297759,45,55,52.66,5.580591366513048,46.6,61.3,41.34,8.173616090813175,33.4,53.2,97.22,0.7596051605933123,96.4,98.1,33.339999999999996,0.2786574958618541,33.1,33.69,3.784,0.5791631894380028,3.08,4.48,52.74079339831428,0.7581231046417484,51.50835768656466,53.34380479477047,51.39385609081533,0.0853827906835329,51.27997703285258,51.49908915254411,-1.0541788432823296,1.156073595931702,-1.9834192473643597,0.537306693430196,50.25684836141202,0.0,50.25684836141202,50.25684836141202,3.715082745621864,1.1299304555731642,1.9773705035435551,4.568755024339872,2.284968588757148,0.869916409776299,1.3247549052640717,3.026246439085918,56.17100537545273,0.2236316438679316,55.8486276305034,56.3807607127568,540.0,0.0,540.0,540.0,0.375,0.0,0.375,0.375,0.3277777777777778,0.0,0.3277777777777778,0.3277777777777778,0.1925925925925926,0.0,0.1925925925925926,0.1925925925925926,70.2,0.0,70.2,70.2,94.9,0.0,94.9,94.9,0.0,0.0,0,0,0.0,0.0,0.0,0.0,1.225,0.0,1.225,1.225,33.4847614127557,0.5295977283026292,32.68518620208098,34.028890785364915,68.60377297405049,0.5330624428061722,67.95023940150705,69.3928027966067,0.0,0.0,0.0,0.0,0.0,0.0,0.0,0.0,0.0,0.0,0.0,0.0,0.0,0.0,0.0,0.0,0.0,0.0,0.0,0.0,59.760000000000005,1.3612494260788477,58.2,61.5,user_001,5
2024-01-01 23:45:00,0.0,0.0,0,0,4504.0,0.0,4504,4504,3.984,0.1840163036255212,3.8680000000000008,4.3100000000000005,48.25953681469165,1.7337169895110518,45.54081710876832,50.36054473917888,50.85505036363317,3.2696157120915466,47.37154216716319,54.6317965187392,97.78,0.1618641405623824,97.6,97.98,33.886399999999995,0.2114965720762384,33.598,34.12,1.0,0.0,1,1,54.13433753101632,3.262922198833211,51.536590065032975,58.373491469486304,48.4,7.503332592921628,40,60,48.7,11.98081800212323,36.4,63.2,59.5,18.80106379968963,40.1,88.1,97.6,0.7582875444051537,96.4,98.2,34.024,0.3842264957027315,33.66,34.48,3.928,0.91368484719842,3.07,5.13,48.81952834874921,0.7485905811496499,48.18930522203746,49.93890512437643,51.14698242073837,0.0380357662555523,51.097762466346154,51.199005540598286,0.0702315926541814,2.9777532721956206,-2.7704085543841543,4.8197276304105685,50.25684836141202,0.0,50.25684836141202,50.25684836141202,3.6040593879144063,0.4340481559619755,3.0391266356215536,4.2415264959960695,2.723870897644653,0.3399507456621394,2.3482860903435907,3.2696157120916136,54.94528465849584,0.2560779243118123,54.63874931759717,55.305751753668936,540.0,0.0,540.0,540.0,0.375,0.0,0.375,0.375,0.3277777777777778,0.0,0.3277777777777778,0.3277777777777778,0.1925925925925926,0.0,0.1925925925925926,0.1925925925925926,70.2,0.0,70.2,70.2,94.9,0.0,94.9,94.9,0.0,0.0,0,0,0.0,0.0,0.0,0.0,1.225,0.0,1.225,1.225,30.60500927596727,0.8892201902096187,29.508140502649233,31.629031242810385,67.84923254928769,0.1645939907307201,67.61860856545454,68.01517666894595,0.0,0.0,0.0,0.0,0.4,0.5477225575051662,0.0,1.0,0.0,0.0,0.0,0.0,0.0,0.0,0.0,0.0,0.4,0.5477225575051662,0.0,1.0,58.48,1.581771159175688,55.9,59.9,user_001,5
2024-01-01 23:50:00,0.0,0.0,0,0,4504.0,0.0,4504,4504,4.2508,0.1664427829615931,4.056,4.516,50.687675629918246,0.9702172899256942,49.774922417615585,52.122187741162485,48.10486259932618,4.613925587292442,42.77541659629417,54.40753084334642,97.21599999999998,0.2840422503783525,96.84,97.5,33.8088,0.2029216597606044,33.602,34.064,1.0,0.0,1,1,53.03357531272643,4.430299876564403,47.635682642308865,57.55528594519495,51.2,3.1144823004794877,47,54,50.88,10.782949503730414,37.9,61.4,49.9,9.897221832413376,33.9,59.9,97.22,1.2132600710482515,95.8,98.3,33.754,0.4465758614166246,33.37,34.33,4.228,0.933096993886488,2.92,5.19,49.908744473909366,0.6981893791481971,49.106357876461104,50.687675629918246,51.20234610753207,0.0702690526816803,51.08998904550979,51.2691420190637,0.2561621850408798,1.3145600378999291,-1.7073959137208234,1.4083591941281384,50.25684836141202,0.0,50.25684836141202,50.25684836141202,3.3955671912581726,0.2826180080654338,2.934476449072197,3.6430114184602864,3.97841539025892,0.7817680102540212,3.0085845269528515,4.88818530892802,53.6970745229295,0.3496805662076561,53.35272967694009,54.240277322842545,540.0,0.0,540.0,540.0,0.375,0.0,0.375,0.375,0.3277777777777778,0.0,0.3277777777777778,0.3277777777777778,0.1925925925925926,0.0,0.1925925925925926,0.1925925925925926,70.2,0.0,70.2,70.2,94.9,0.0,94.9,94.9,0.0,0.0,0,0,0.0,0.0,0.0,0.0,1.225,0.0,1.225,1.225,35.973986002738144,2.3877948446084107,32.33853985310391,38.2493822405781,66.14567102106543,0.4808022020837145,65.66493013241298,66.93197620100703,0.0,0.0,0.0,0.0,0.4,0.5477225575051661,0.0,1.0,0.0,0.0,0.0,0.0,0.0,0.0,0.0,0.0,0.4,0.5477225575051661,0.0,1.0,57.92,0.4324349662087933,57.4,58.4,user_001,5
2024-01-01 23:55:00,0.0,0.0,0,0,4504.0,0.0,4504,4504,4.308400000000001,0.1155975778292956,4.2219999999999995,4.438000000000001,51.6082535808946,1.4170478480529214,49.86364202294569,52.92256059939132,60.72541400484954,2.8779724655825376,56.93835389556428,63.29399583122257,97.464,0.2338375504490212,97.16,97.72,33.351600000000005,0.0558820185748477,33.266000000000005,33.412,1.0,0.0,1,1,42.328701275749985,2.544889009218673,38.86870190549762,45.90305285824644,52.8,3.420526275297415,49,58,64.28,2.8057084666800307,61.6,68.0,38.239999999999995,12.141375539863676,24.8,54.5,97.58,0.4438468204234501,97.1,98.1,33.412,0.2260973241769992,33.09,33.61,4.438000000000001,0.4504109234909828,3.72,4.87,50.91176881960947,0.4309769494211796,50.527855835519226,51.6082535808946,51.18362856834442,0.1004952731780649,51.071103808117634,51.330917624648755,0.5958732095527083,1.2467840301958577,-0.4318210114728344,2.7121193256847747,50.25684836141202,0.0,50.25684836141202,50.25684836141202,2.8706195857650245,0.5492354478348751,2.0669508623513937,3.4043075132882574,4.1455367628483275,1.0463485337977831,2.8779724655829977,5.641929186931428,53.38971626090704,0.2503526123597931,53.11306504160301,53.69510569133916,540.0,0.0,540.0,540.0,0.375,0.0,0.375,0.375,0.3277777777777778,0.0,0.3277777777777778,0.3277777777777778,0.1925925925925926,0.0,0.1925925925925926,0.1925925925925926,70.2,0.0,70.2,70.2,94.9,0.0,94.9,94.9,0.0,0.0,0,0,0.0,0.0,0.0,0.0,1.225,0.0,1.225,1.225,27.658688656572917,4.586251754027546,22.84612436221598,34.197419359366386,67.56251428944509,0.8366653732133327,66.52996477348634,68.60111821507441,0.0,0.0,0.0,0.0,0.0,0.0,0.0,0.0,0.0,0.0,0.0,0.0,0.0,0.0,0.0,0.0,0.0,0.0,0.0,0.0,62.74000000000001,2.284294201717464,60.0,65.0,user_001,5
2024-01-02 00:00:00,0.0,0.0,0,0,4504.0,0.0,4504,4504,3.786399999999999,0.2290388613314344,3.506,4.128,51.62742433987089,1.9394283191647208,49.28099962457113,53.632249155285024,59.594540115864945,2.291820349066739,56.68646831234025,61.75764554156017,97.636,0.0952890339965703,97.52,97.76,33.468,0.0799249648107489,33.398,33.562,1.0,0.0,1,1,38.617112925201646,2.4304384398882757,36.61246793699842,42.38887938874027,50.4,4.560701700396551,43,55,58.98,8.03069112841479,50.9,71.9,38.96,8.21906320695978,32.1,53.0,97.58,0.4086563348340556,97.1,98.0,33.562,0.5389526880905237,32.91,34.31,3.816,0.6210716544811882,3.17,4.48,52.35233169640948,0.5326208869872646,51.62742433987089,52.89255714706427,51.28892776757347,0.1293992897413018,51.10859820571507,51.39434596285889,-0.6137121699354452,1.600165762396741,-3.1404998122855545,0.683875422357481,50.25684836141202,0.0,50.25684836141202,50.25684836141202,2.119744977778935,0.4546315910451629,1.8491101924947275,2.9260919940818173,2.0956860040288525,0.5835794818998911,1.1655917489028098,2.717748843910446,54.195704747664024,0.187853960480659,53.912292683115,54.4258438221791,540.0,0.0,540.0,540.0,0.375,0.0,0.375,0.375,0.3092592592592592,0.0,0.3092592592592592,0.3092592592592592,0.187037037037037,0.0,0.187037037037037,0.187037037037037,69.7,0.0,69.7,69.7,94.9,0.0,94.9,94.9,0.0,0.0,0,0,0.0,0.0,0.0,0.0,1.225,0.0,1.225,1.225,23.52445306535375,0.9063307445797606,22.46450479521814,24.53927547540233,69.68484888244303,0.5437555022148071,69.12835131783012,70.57779935217006,0.0,0.0,0.0,0.0,0.0,0.0,0.0,0.0,0.0,0.0,0.0,0.0,0.0,0.0,0.0,0.0,0.0,0.0,0.0,0.0,63.17999999999999,1.5865055940651471,61.0,64.9,user_001,5
2024-01-02 00:05:00,0.0,0.0,0,0,4504.0,0.0,4504,4504,3.8708,0.1514503218880698,3.664,4.074,49.7213069089542,1.538517143749846,48.04622211098405,51.576098715992906,54.00742915106041,2.754938176403165,51.28907266390916,58.03843036104012,97.316,0.0669328021227293,97.24,97.4,33.336,0.1521380951635715,33.144,33.554,1.0,0.0,1,1,48.55270622883314,5.009588693602705,44.011519818886,55.64415402041067,50.2,4.02492235949962,46,56,49.82,1.2696456198483097,47.7,50.8,54.92,12.86456373142906,37.6,66.3,97.36,0.2966479394838256,96.9,97.7,33.144,0.6140684000988802,32.5,33.86,3.802000000000001,0.4688496560732447,3.08,4.32,49.72244697236668,0.6352330416641743,49.02294054514694,50.751616226580595,50.742602284893074,0.146789057172658,50.568759160149035,50.95017658158782,0.2393465455229034,1.4614413889675282,-1.2846665832380282,2.2119506420035435,50.25684836141202,0.0,50.25684836141202,50.25684836141202,3.0969134504733065,0.4172604267029384,2.3742708443450273,3.4471371990972193,2.873481691540067,0.6623065174174815,2.212663509429245,3.908865753406483,54.38719019996673,0.0934588644762955,54.27953498892894,54.51062039175677,540.0,0.0,540.0,540.0,0.375,0.0,0.375,0.375,0.3092592592592592,0.0,0.3092592592592592,0.3092592592592592,0.187037037037037,0.0,0.187037037037037,0.187037037037037,69.7,0.0,69.7,69.7,94.9,0.0,94.9,94.9,0.0,0.0,0,0,0.0,0.0,0.0,0.0,1.225,0.0,1.225,1.225,25.404094518646,2.044162377158731,23.949407743646457,28.749598778160795,72.43955511373191,0.6004590308450493,71.43848714006239,72.89169330465695,0.0,0.0,0.0,0.0,0.0,0.0,0.0,0.0,0.0,0.0,0.0,0.0,0.0,0.0,0.0,0.0,0.0,0.0,0.0,0.0,60.239999999999995,0.5029910535983715,59.7,60.8,user_001,5
2024-01-02 00:10:00,0.0,0.0,0,0,4504.0,0.0,4504,4504,4.228,0.1622898641320522,4.000000000000001,4.406000000000001,53.54107745303101,1.9287936506453929,51.03382165155241,56.04705826712664,57.09184252195034,3.7455533953818927,53.22604844260611,62.48919953854996,97.324,0.0477493455452475,97.26,97.38,33.6976,0.1351029237285425,33.46,33.791999999999994,1.0,0.0,1,1,48.43566501778873,4.156572901586915,43.607487213908286,52.862769346940446,55.0,5.338539126015656,51,63,60.0,8.653034149938389,50.7,73.0,44.82,8.612607038522077,33.6,52.6,97.26,0.3507135583350017,96.7,97.6,33.792,0.7063426930322138,32.96,34.88,4.362,0.7039673287873521,3.67,5.37,51.95209178236928,1.2982706765964684,50.21420460596947,53.541077453031015,50.61115201556892,0.1892032949905699,50.47130036747365,50.90754578789343,0.7294612734844961,2.076900731758885,-1.349019422375548,3.476470866436671,50.25684836141202,0.0,50.25684836141202,50.25684836141202,2.334067360736161,0.8042984495805805,1.4641271407589238,3.4093335381541836,2.6574680828044026,1.371154219322975,1.2071142468747749,4.389281671083253,54.64253807845927,0.3107445956013032,54.375348883968414,55.06318979278077,540.0,0.0,540.0,540.0,0.375,0.0,0.375,0.375,0.3092592592592592,0.0,0.3092592592592592,0.3092592592592592,0.187037037037037,0.0,0.187037037037037,0.187037037037037,69.7,0.0,69.7,69.7,94.9,0.0,94.9,94.9,0.0,0.0,0,0,0.0,0.0,0.0,0.0,1.225,0.0,1.225,1.225,30.771022133171385,1.104713087173525,29.35204260531475,31.947105548363965,71.63739582399907,0.5150656634437255,70.98332340466385,72.34420284353999,0.0,0.0,0.0,0.0,0.0,0.0,0.0,0.0,0.0,0.0,0.0,0.0,0.0,0.0,0.0,0.0,0.0,0.0,0.0,0.0,62.34,1.9437077969694945,60.1,65.0,user_001,5
2024-01-02 00:15:00,0.0,0.0,0,0,4504.0,0.0,4504,4504,3.768,0.1225805857385252,3.62,3.922,51.557672751016426,1.159005898147653,50.13202589650073,52.80385696721002,51.50830848025684,4.033433700247242,47.662064106380235,58.03964423935554,97.568,0.1460136979875567,97.44,97.82,33.3648,0.1176911211604347,33.26,33.498,1.0,0.0,1,1,43.28132214226025,3.499378881351297,39.15168612028825,47.41629377064856,50.8,5.761944116355173,41,56,48.98,9.926076767786958,35.7,58.7,40.3,10.977021453928204,28.4,54.1,97.52,0.370135110466436,97.1,98.0,33.269999999999996,0.1661324772583625,33.06,33.49,3.67,0.5772347875864724,2.74,4.24,52.473361880805825,0.727930898890363,51.557672751016426,53.36071830202068,51.22012427091168,0.1669579169473146,51.06058608081785,51.45723511061422,-0.3788363755082145,2.4376346075834983,-4.566012948250361,1.6471072745924855,50.25684836141202,0.0,50.25684836141202,50.25684836141202,4.114572135826859,0.5682249081772434,3.3056350597354895,4.681069870669255,4.5351405566304575,1.1621317763415868,3.059268878480661,6.127093142816225,55.21444945889176,0.1672256878181763,55.01309921832706,55.41879319518718,540.0,0.0,540.0,540.0,0.375,0.0,0.375,0.375,0.3092592592592592,0.0,0.3092592592592592,0.3092592592592592,0.187037037037037,0.0,0.187037037037037,0.187037037037037,69.7,0.0,69.7,69.7,94.9,0.0,94.9,94.9,0.0,0.0,0,0,0.0,0.0,0.0,0.0,1.225,0.0,1.225,1.225,30.606996955565773,2.590865924377459,28.000414478128477,33.79298464548738,69.73776820132119,0.9826514997281768,68.42469603260484,70.91933376003844,0.0,0.0,0.0,0.0,0.0,0.0,0.0,0.0,0.0,0.0,0.0,0.0,0.0,0.0,0.0,0.0,0.0,0.0,0.0,0.0,60.220000000000006,0.8043631020876061,59.1,61.1,user_001,5
2024-01-02 00:20:00,0.0,0.0,0,0,4504.0,0.0,4504,4504,3.9744,0.2009995024869463,3.830000000000001,4.288,48.639693530998045,1.750603405518178,47.2046231397149,51.53590464480667,60.100517989169624,3.972626002690449,54.89246343892748,65.33110027820074,97.708,0.1285301521044823,97.48,97.78,33.574400000000004,0.1607942785051742,33.36,33.736000000000004,1.0,0.0,1,1,34.83869262778735,4.921172932009265,28.732431826229774,40.32297160901699,46.4,2.4083189157584592,43,49,63.760000000000005,7.65983028532617,53.5,73.6,31.96,11.311410168498002,18.5,42.3,97.76,0.5412947441089779,97.1,98.5,33.72,0.6526101439603917,32.8,34.35,3.846,0.3476060989108218,3.37,4.29,50.48719168800734,1.2896315802400156,48.639693530998045,51.838448500677615,51.316532139928015,0.1624269150083032,51.11590476079419,51.515934518187265,-1.1198467654990238,1.0985339335424245,-2.8453015482688926,-0.1023115698574557,50.25684836141202,0.0,50.25684836141202,50.25684836141202,3.265799879515766,0.5627708184499668,2.6734353585505413,4.08248176549203,4.161557372117354,0.8860646851103353,2.823453481344197,5.160897720598839,56.41095630734377,0.6844521690184148,55.49471076370092,57.171342043858616,540.0,0.0,540.0,540.0,0.375,0.0,0.375,0.375,0.3092592592592592,0.0,0.3092592592592592,0.3092592592592592,0.187037037037037,0.0,0.187037037037037,0.187037037037037,69.7,0.0,69.7,69.7,94.9,0.0,94.9,94.9,0.0,0.0,0,0,0.0,0.0,0.0,0.0,1.225,0.0,1.225,1.225,28.052329981002213,6.071089806210888,20.262265339106403,34.85937036284629,69.08876038832074,1.081130100130283,68.09128470784668,70.60710091059143,0.0,0.0,0.0,0.0,0.0,0.0,0.0,0.0,0.0,0.0,0.0,0.0,0.0,0.0,0.0,0.0,0.0,0.0,0.0,0.0,61.0,0.8426149773176371,59.9,62.1,user_001,5
2024-01-02 00:25:00,0.0,0.0,0,0,4504.0,0.0,4504,4504,3.9516,0.1571966920771551,3.746,4.185999999999999,50.267778571983285,1.4105321573848486,48.80308209314327,51.86872139542885,57.84525339775074,1.3822293922327418,56.39160012364477,59.52960005495324,97.344,0.0864869932417464,97.2,97.42,33.7256,0.1106019891322033,33.61,33.878,1.0,0.0,1,1,39.62953976991438,2.7563870525229124,36.04665768905083,43.33110512603389,51.4,4.979959839195493,44,58,56.06,6.7481849411526955,46.4,64.0,44.18,13.306276714393098,31.5,59.3,97.36,0.9762171889492628,96.0,98.7,33.61,0.4468780594300888,33.04,34.24,3.912,0.8322980235468544,2.65,4.83,49.22876598360591,0.8453074153165784,48.093129020665366,50.267778571983285,51.03603166726076,0.0964531024858889,50.89249225930897,51.13299470850112,0.5661107140083615,2.1084593296867133,-2.5263825323175197,3.0656393022855823,50.25684836141202,0.0,50.25684836141202,50.25684836141202,3.39675860758791,0.5256768091201794,2.6698476286339106,3.9425947099395233,2.802393772889502,1.0533580974844523,1.3822293922334137,3.5918506822051626,56.980677373806586,0.1875739360947285,56.691315276008815,57.15311691812797,540.0,0.0,540.0,540.0,0.375,0.0,0.375,0.375,0.3092592592592592,0.0,0.3092592592592592,0.3092592592592592,0.187037037037037,0.0,0.187037037037037,0.187037037037037,69.7,0.0,69.7,69.7,94.9,0.0,94.9,94.9,0.0,0.0,0,0,0.0,0.0,0.0,0.0,1.225,0.0,1.225,1.225,21.68996274912106,2.236712039829597,19.29123548745159,24.78089864368332,71.30672342643776,0.265391851684582,70.90874349750717,71.58129234522882,0.0,0.0,0.0,0.0,0.0,0.0,0.0,0.0,0.0,0.0,0.0,0.0,0.0,0.0,0.0,0.0,0.0,0.0,0.0,0.0,62.0,1.0124228365658312,61.1,63.2,user_001,5
2024-01-02 00:30:00,0.0,0.0,0,0,4504.0,0.0,4504,4504,4.058,0.1306445559524005,3.856,4.196,49.83114779548752,1.1680153550042194,48.45730722103792,51.690117806504475,54.48349015937458,1.7805761927929085,52.215541292653874,57.18496790847121,97.572,0.0889943818451441,97.46,97.68,33.5792,0.2487231392532693,33.333999999999996,33.962,1.0,0.0,1,1,44.2095690231986,2.0022448390614027,41.453660778084114,46.85718256803738,49.2,3.70135110466435,46,55,52.6,6.266179059043878,48.2,62.2,45.62,6.6073443984705404,36.8,53.1,97.68,0.6942621983083921,96.7,98.5,33.576,0.6890065311736893,32.62,34.33,4.196,0.3450072463007119,3.77,4.7,50.25465231059832,0.3954579681091042,49.83114779548752,50.84518571465553,50.68641843629223,0.1034031554426712,50.59311283524508,50.85055039509487,-0.3155738977437565,1.3640544866352415,-1.896705935501494,1.6549410967477698,50.25684836141202,0.0,50.25684836141202,50.25684836141202,2.0991218361728805,0.230415991882392,1.9009343813547332,2.3636520572648214,1.9834563000260708,0.3649486878900221,1.5050901429405366,2.4687850584759192,56.19006999709936,0.2256690662794559,55.83947361659376,56.46087685067255,540.0,0.0,540.0,540.0,0.375,0.0,0.375,0.375,0.3092592592592592,0.0,0.3092592592592592,0.3092592592592592,0.187037037037037,0.0,0.187037037037037,0.187037037037037,69.7,0.0,69.7,69.7,94.9,0.0,94.9,94.9,0.0,0.0,0,0,0.0,0.0,0.0,0.0,1.225,0.0,1.225,1.225,26.83453143521583,1.0311953506539842,25.971874714247495,28.304475974121665,72.14679709800338,0.7140221982089278,71.26157360358647,72.91578354002834,0.0,0.0,0.0,0.0,0.0,0.0,0.0,0.0,0.0,0.0,0.0,0.0,0.0,0.0,0.0,0.0,0.0,0.0,0.0,0.0,60.46,0.9964938534682454,59.0,61.6,user_001,5
2024-01-02 00:35:00,0.0,0.0,0,0,4504.0,0.0,4504,4504,3.822,0.0761314652426966,3.742,3.915999999999999,49.35060382492016,0.9730412909398992,48.0807976587375,50.43179473215938,54.06696166707813,1.2580304864811895,52.16246279673506,55.14813712495854,98.06,0.1606237840420907,97.9,98.32,33.28,0.1402569071382922,33.14,33.461999999999996,1.0,0.0,1,1,46.27031361622368,1.4784159732280295,45.43139852747817,48.880970030238835,49.2,3.3466401061363027,45,53,55.239999999999995,5.020756915047772,46.8,60.1,45.7,5.908045362046573,40.3,55.7,97.96,0.7569676347110219,96.8,98.8,33.462,0.3161803282938397,33.16,33.87,3.768,0.3582875939800317,3.34,4.24,49.47221758822694,0.1062184469850969,49.35060382492016,49.63885860607037,50.644713538935605,0.0750258599812658,50.53132898790607,50.72882355612201,-0.075301912460084,1.2800911596765077,-1.810598244053132,1.5142309263206926,50.25684836141202,0.0,50.25684836141202,50.25684836141202,2.242017597174007,0.2713959524077702,1.8788220236545052,2.576290948626628,1.5238183230812294,0.3880821824580084,1.1929273019403075,2.084896283823075,55.71069783226549,0.0929087474911655,55.619473664175935,55.84939570259671,540.0,0.0,540.0,540.0,0.375,0.0,0.375,0.375,0.3092592592592592,0.0,0.3092592592592592,0.3092592592592592,0.187037037037037,0.0,0.187037037037037,0.187037037037037,69.7,0.0,69.7,69.7,94.9,0.0,94.9,94.9,0.0,0.0,0,0,0.0,0.0,0.0,0.0,1.225,0.0,1.225,1.225,28.55712341346733,0.6681515282349952,27.745219850792996,29.417300904678417,71.93628482317752,0.89121503708726,70.83549556218775,72.98286922929836,0.0,0.0,0.0,0.0,0.0,0.0,0.0,0.0,0.0,0.0,0.0,0.0,0.0,0.0,0.0,0.0,0.0,0.0,0.0,0.0,60.32000000000001,0.4764451699828647,59.9,61.0,user_001,5
2024-01-02 00:40:00,0.0,0.0,0,0,4504.0,0.0,4504,4504,3.8944,0.0821267313363922,3.752,3.954,50.50378321974257,1.1345469889832973,49.14702118166112,52.09801412110742,56.58173980801028,2.622275123373489,52.66542474997235,59.41028316664824,97.472,0.3093864896856412,97.16,97.9,33.3632,0.1739459686224405,33.208,33.617999999999995,1.0,0.0,1,1,45.26522648444099,3.9707473833369495,40.85374771184539,51.72093235165212,51.6,4.159326868617084,48,58,57.14,9.78023517099666,47.7,72.9,45.16,14.026332378779564,29.1,64.3,97.46,0.8706319543871499,96.4,98.6,33.224000000000004,0.6809038111216572,32.26,33.87,3.954,0.271624741141156,3.56,4.24,49.69872824207104,0.5358537571560352,49.20026836663119,50.50378321974257,50.269152948885896,0.1805717629300202,50.025113282358,50.48755265860405,0.5481083901287122,1.7390972081123337,-1.3660047070358132,2.9509929394462944,50.25684836141202,0.0,50.25684836141202,50.25684836141202,3.0777623338334665,0.6966485969827504,1.8388330017217993,3.467816399818088,2.405664459648598,0.6227567524167886,1.2983242636634695,2.7864307146563396,55.89867351426268,0.1267777488492111,55.7643785836067,56.05401847978175,540.0,0.0,540.0,540.0,0.375,0.0,0.375,0.375,0.3092592592592592,0.0,0.3092592592592592,0.3092592592592592,0.187037037037037,0.0,0.187037037037037,0.187037037037037,69.7,0.0,69.7,69.7,94.9,0.0,94.9,94.9,0.0,0.0,0,0,0.0,0.0,0.0,0.0,1.225,0.0,1.225,1.225,26.896934532418435,1.0695322042935629,26.048051527701613,28.726487122745972,70.58290322244264,0.1839141665057188,70.38030636179312,70.8139214089794,0.0,0.0,0.0,0.0,0.0,0.0,0.0,0.0,0.0,0.0,0.0,0.0,0.0,0.0,0.0,0.0,0.0,0.0,0.0,0.0,61.17999999999999,0.9338094023943012,60.0,62.6,user_001,5
2024-01-02 00:45:00,0.0,0.0,0,0,4504.0,0.0,4504,4504,3.8548,0.3615870572904955,3.464,4.4,47.94041589725005,2.7492901319509944,44.705449799383906,51.880893072920706,59.87101100352398,4.049524550688137,53.86626009612283,64.72408521627638,96.86,0.1483239697419091,96.7,97.04,33.376799999999996,0.1292640708008213,33.260000000000005,33.525999999999996,1.0,0.0,1,1,42.3338569856054,3.64386101174973,38.87580216781503,46.333689852362234,47.0,7.3484692283495345,41,56,58.8,13.638181696985852,44.7,73.0,42.8,13.095419046368848,26.5,60.1,96.88,0.2167948338867906,96.6,97.1,33.308,0.3113197712963318,32.79,33.61,3.790000000000001,0.8508818954473059,2.93,5.19,49.545346928997006,1.3635068943104858,47.94041589725005,50.93585547982838,49.78115045691776,0.281432196543379,49.422237140063615,50.083408854905336,-0.4702079486250256,2.883809320737537,-3.293631024306898,3.764850066872029,50.25684836141202,0.0,50.25684836141202,50.25684836141202,3.7416978365349345,0.7529511408176477,2.708017290663109,4.5977077283875465,3.1563943738340092,0.7291593635944376,2.357629668573866,4.049524550688439,56.631819831782195,0.5585924701197974,55.887363500182246,57.15816233748456,540.0,0.0,540.0,540.0,0.375,0.0,0.375,0.375,0.3092592592592592,0.0,0.3092592592592592,0.3092592592592592,0.187037037037037,0.0,0.187037037037037,0.187037037037037,69.7,0.0,69.7,69.7,94.9,0.0,94.9,94.9,0.0,0.0,0,0,0.0,0.0,0.0,0.0,1.225,0.0,1.225,1.225,22.071118387459805,2.504883311490691,19.640006496041917,24.8745942815952,71.8001041957282,0.7184737524892328,70.85647163032233,72.51961146489595,0.2,0.4472135954999579,0.0,1.0,0.0,0.0,0.0,0.0,0.0,0.0,0.0,0.0,0.0,0.0,0.0,0.0,0.2,0.4472135954999579,0.0,1.0,60.58,1.5833508770957865,58.6,62.9,user_001,5
2024-01-02 00:50:00,0.0,0.0,0,0,4504.0,0.0,4504,4504,4.674,0.1104717158371311,4.516,4.8,50.91807945972017,1.931089921578342,47.98019991083729,52.67510121695551,52.589104329682165,4.284904196666673,47.41084006408189,58.1934992719174,96.696,0.0622896460095817,96.64,96.8,33.162400000000005,0.0409243203975325,33.104,33.217999999999996,1.0,0.0,1,1,47.309808327322514,3.368511842777448,41.65916903405593,50.05813032662584,52.6,6.6558245169174945,47,62,54.32000000000001,17.150568503696896,34.5,71.2,45.44,11.207943611564074,29.1,56.3,96.68,0.3962322551231783,96.2,97.2,33.168,0.352377638337054,32.85,33.72,4.65,0.5093623464686018,4.07,5.2,49.00893457501195,1.5234968143029766,47.16027726483336,50.918079459720175,49.53477427141853,0.1885860774487145,49.30371364893129,49.80196812818396,0.8409602701399151,2.5902093228245953,-1.88448886907495,4.673266696387564,50.25684836141202,0.0,50.25684836141202,50.25684836141202,5.759626744600061,0.5183680492085581,4.908739421878299,6.24439319826162,4.962848029061002,1.479837484963148,3.1590544591990852,6.640681095077259,56.42209424396583,0.457731998099841,55.906260060903314,56.90877489165637,540.0,0.0,540.0,540.0,0.375,0.0,0.375,0.375,0.3092592592592592,0.0,0.3092592592592592,0.3092592592592592,0.187037037037037,0.0,0.187037037037037,0.187037037037037,69.7,0.0,69.7,69.7,94.9,0.0,94.9,94.9,0.0,0.0,0,0,0.0,0.0,0.0,0.0,1.225,0.0,1.225,1.225,27.896400722584,4.344516430379971,22.29549166867176,31.875139846654747,71.94165218523024,0.2344642859213657,71.69747944185424,72.20319230590717,0.0,0.0,0.0,0.0,0.2,0.447213595499958,0.0,1.0,0.0,0.0,0.0,0.0,0.0,0.0,0.0,0.0,0.2,0.447213595499958,0.0,1.0,59.620000000000005,1.8212632978237913,57.6,61.7,user_001,5
2024-01-02 00:55:00,0.0,0.0,0,0,4504.0,0.0,4504,4504,4.6579999999999995,0.314830112918063,4.242,5.026000000000001,55.80402692473681,0.8903476998625065,54.66503390511349,56.744489429758005,58.344820323250325,1.8083911441275584,56.12217269568739,60.783259043531075,97.384,0.2776328510821438,97.04,97.7,33.2548,0.0600433176964762,33.222,33.362,1.0,0.0,1,1,47.251826611005434,2.506949721185068,43.737408459580415,49.39440375981352,56.6,3.4351128074635335,52,60,57.98,7.254791520092084,46.8,66.0,49.96,7.425833286574645,40.2,60.1,97.36,0.5983310120660638,96.3,97.7,33.227999999999994,0.2437621791829066,32.9,33.49,4.720000000000001,0.6934334863561175,3.67,5.6,54.205621013993344,1.462267747093953,52.34538630648011,55.80402692473681,50.36425010981643,0.2883770214453873,50.012423196567084,50.72467618697621,0.3979865376315956,1.5736228506242935,-1.3325169525567375,2.4416329276814963,50.25684836141202,0.0,50.25684836141202,50.25684836141202,3.706027207755916,0.985326951331807,2.5553645005414336,5.2176383431773115,3.016475975106007,1.1962651124558787,1.7180574156886854,4.2547089882712665,56.01669553830003,0.0396391921113559,55.9776151560632,56.076422734094805,540.0,0.0,540.0,540.0,0.375,0.0,0.375,0.375,0.3092592592592592,0.0,0.3092592592592592,0.3092592592592592,0.187037037037037,0.0,0.187037037037037,0.187037037037037,69.7,0.0,69.7,69.7,94.9,0.0,94.9,94.9,0.0,0.0,0,0,0.0,0.0,0.0,0.0,1.225,0.0,1.225,1.225,30.17641650812194,0.5605865439490659,29.45064276577752,30.773753253009,71.4041532278957,0.3110743583441339,71.0696900749306,71.8817557480352,0.2,0.447213595499958,0.0,1.0,0.0,0.0,0.0,0.0,0.0,0.0,0.0,0.0,0.0,0.0,0.0,0.0,0.2,0.447213595499958,0.0,1.0,64.06,0.687749954561974,63.4,65.1,user_001,5
2024-01-02 01:00:00,0.0,0.0,0,0,4504.0,0.0,4504,4504,4.0364,0.0735037414013735,3.906,4.078,51.20382247568551,2.029005635640921,49.655477715899714,54.44335593674233,58.14285699730046,3.4831506893853224,55.36953265057405,63.52430597054047,97.28,0.4896937818678086,96.66,97.86,33.586,0.1127031499116148,33.426,33.724000000000004,1.0,0.0,1,1,46.02575494465916,4.7897452233549735,38.86521514489447,51.28640167102824,49.2,3.1144823004794873,46,54,60.64,7.925465286025795,52.7,71.0,42.2,10.485704554296769,28.7,57.0,97.36,1.064424727258812,96.3,98.8,33.642,0.1821263297823802,33.44,33.81,4.076,0.3140541354607513,3.74,4.52,53.44008177962053,1.8107438256425463,51.20382247568551,55.66935128315788,50.895155021320136,0.0501072645044,50.81645079131747,50.95345530034255,-1.001911237842755,1.1449073718917009,-2.481118645580771,0.0083917130752055,50.25684836141202,0.0,50.25684836141202,50.25684836141202,2.3413806514109203,0.3019213843294069,1.8411938536880752,2.592892295610214,2.0358821582252182,0.9911899362735654,0.7181268403206922,3.4831506893856132,56.194042210804945,0.2389334947714615,56.03701863165035,56.599415688140894,540.0,0.0,540.0,540.0,0.375,0.0,0.375,0.375,0.3092592592592592,0.0,0.3092592592592592,0.3092592592592592,0.187037037037037,0.0,0.187037037037037,0.187037037037037,69.7,0.0,69.7,69.7,94.9,0.0,94.9,94.9,0.0,0.0,0,0,0.0,0.0,0.0,0.0,1.225,0.0,1.225,1.225,29.13734764707482,2.3563728782801956,25.47558576975246,31.10499336364245,69.81107726479786,0.5459218927945568,69.22564930931074,70.57429114458533,0.0,0.0,0.0,0.0,0.0,0.0,0.0,0.0,0.0,0.0,0.0,0.0,0.0,0.0,0.0,0.0,0.0,0.0,0.0,0.0,61.42,1.042592921518269,60.2,63.0,user_001,5
2024-01-02 01:05:00,0.0,0.0,0,0,4504.0,0.0,4504,4504,4.1655999999999995,0.0672666336306491,4.064,4.231999999999999,51.18486551120138,1.5452505622373047,49.10365181059981,53.19331393789626,57.35033507783381,4.350490367572192,51.35905362090088,61.948468275955946,96.932,0.5672036671249551,96.32,97.74,33.3916,0.0854798221804414,33.306,33.519999999999996,1.0,0.0,1,1,42.700181721107384,5.127402650535638,36.51476084212602,47.50821189478355,52.6,3.6469165057620936,48,57,56.720000000000006,13.824688061580268,43.2,74.5,41.760000000000005,15.102085948636372,19.5,54.2,96.9,1.0222524150130432,95.8,98.3,33.426,0.3565529413705635,32.98,33.87,4.184,0.2646318197042827,3.81,4.54,50.36758278579365,0.5128925995203589,49.823921100304666,51.18486551120138,51.04438255424792,0.135482599180506,50.924525755783925,51.25916558138942,0.7075672443993085,1.2119648756874457,-0.6449854534221942,1.9033430310518753,50.25684836141202,0.0,50.25684836141202,50.25684836141202,4.102841964721093,0.9068727267014596,2.820891087066178,5.029667143476908,4.166469306324596,0.726394262444631,3.2647217352184383,4.863174256196637,56.89177510594963,0.1548091292737475,56.770721569871704,57.14664458993351,540.0,0.0,540.0,540.0,0.375,0.0,0.375,0.375,0.3092592592592592,0.0,0.3092592592592592,0.3092592592592592,0.187037037037037,0.0,0.187037037037037,0.187037037037037,69.7,0.0,69.7,69.7,94.9,0.0,94.9,94.9,0.0,0.0,0,0,0.0,0.0,0.0,0.0,1.225,0.0,1.225,1.225,24.56364715102264,1.372076322537403,23.152314531866036,26.400452801293056,70.80141250818765,0.3156673820339391,70.53746649154633,71.24330586572908,0.0,0.0,0.0,0.0,0.0,0.0,0.0,0.0,0.0,0.0,0.0,0.0,0.0,0.0,0.0,0.0,0.0,0.0,0.0,0.0,61.56,1.7184295155751934,60.2,64.3,user_001,5
2024-01-02 01:10:00,0.0,0.0,0,0,4504.0,0.0,4504,4504,3.9891999999999994,0.1252884671468208,3.854,4.18,48.34368599324462,1.7105277347670358,46.001148432177025,50.1288759585975,58.27502354934437,2.4203433192445907,55.81090940259502,61.69931923375819,97.94,0.0469041575982474,97.86,97.98,33.3444,0.1233726063597574,33.146,33.438,1.0,0.0,1,1,41.65146425956969,3.2105966863804323,38.38433815205601,46.236100193201786,46.0,3.674234614174768,41,50,55.82000000000001,11.58412707112625,45.9,71.9,45.54,6.251639784888442,37.6,53.5,97.96,0.5272570530585642,97.3,98.7,33.426,0.648598489051586,32.59,34.3,3.854,0.5363114766625825,3.15,4.55,50.21647180718269,1.2837205287178826,48.34368599324462,51.38991034080092,51.13067314843319,0.1697229344841472,50.89914937697309,51.29296248061751,-1.1718429966223156,1.7507554299701955,-3.0644379792987593,1.3329505226076537,50.25684836141202,0.0,50.25684836141202,50.25684836141202,4.821495072688834,0.5494968049104717,4.13949504031823,5.292239791179868,3.143007155703819,0.9991503288483536,2.414573408416228,4.370326232995344,57.367114417244395,0.0732527689129491,57.27776305995567,57.453287820233776,540.0,0.0,540.0,540.0,0.375,0.0,0.375,0.375,0.3092592592592592,0.0,0.3092592592592592,0.3092592592592592,0.187037037037037,0.0,0.187037037037037,0.187037037037037,69.7,0.0,69.7,69.7,94.9,0.0,94.9,94.9,0.0,0.0,0,0,0.0,0.0,0.0,0.0,1.225,0.0,1.225,1.225,24.07286706258689,2.3667392976780217,21.958587785360383,27.43840833671616,72.13071346216411,0.6484786553890393,71.29115945270387,72.89475924158242,0.0,0.0,0.0,0.0,0.0,0.0,0.0,0.0,0.0,0.0,0.0,0.0,0.0,0.0,0.0,0.0,0.0,0.0,0.0,0.0,61.220000000000006,0.8814760348415608,60.4,62.6,user_001,5
2024-01-02 01:15:00,0.0,0.0,0,0,4504.0,0.0,4504,4504,4.2547999999999995,0.2948850623548092,3.94,4.569999999999999,50.65102037771121,1.925218495352433,47.88939930318978,52.706548010506616,57.40930351267086,4.6955033562361,52.55647593137679,62.84060626839668,98.136,0.1431083505599827,97.98,98.34,33.2412,0.1108025270469907,33.124,33.37,1.0,0.0,1,1,44.82743562265939,4.1927660291160995,40.45740012880119,49.21440005724497,52.8,5.9329587896765315,45,59,59.58,16.858736607468547,43.6,78.6,42.58,14.930907541070637,24.7,57.1,98.18,0.6870225614927028,97.2,98.8,33.124,0.4607927950825628,32.39,33.5,4.322,1.0674830209422537,3.08,5.95,49.03706624621335,1.1105677048254643,47.89579066216307,50.65102037771122,51.04595970130258,0.2421444734171186,50.76609958464872,51.35091679038328,1.0744898111443877,2.309242292681804,-2.279911007879967,3.370200232270065,50.25684836141202,0.0,50.25684836141202,50.25684836141202,5.0388214825869735,0.4896439122538475,4.771840094940463,5.910538197227674,3.657915843853175,0.8427703240325021,2.713154679686511,4.6955033562363,57.118113832723544,0.2883765446646679,56.7728609475205,57.46590569788168,540.0,0.0,540.0,540.0,0.375,0.0,0.375,0.375,0.3092592592592592,0.0,0.3092592592592592,0.3092592592592592,0.187037037037037,0.0,0.187037037037037,0.187037037037037,69.7,0.0,69.7,69.7,94.9,0.0,94.9,94.9,0.0,0.0,0,0,0.0,0.0,0.0,0.0,1.225,0.0,1.225,1.225,23.284549509683067,2.540633798430997,20.116857153970702,25.82167776796188,73.3621980976568,0.4236417768492396,72.78524747290543,73.8089131888444,0.0,0.0,0.0,0.0,0.0,0.0,0.0,0.0,0.0,0.0,0.0,0.0,0.0,0.0,0.0,0.0,0.0,0.0,0.0,0.0,62.66,1.2561846997953785,60.8,64.2,user_001,5
2024-01-02 01:20:00,0.0,0.0,0,0,4504.0,0.0,4504,4504,4.1936,0.3356498175181984,3.802000000000001,4.586,51.633879226694475,2.156352250474026,49.12184994377043,53.804365340337746,53.060484413191226,4.287578526457936,47.6296593819097,59.425100413945245,97.392,0.4555436312802624,96.94,97.94,33.541199999999996,0.0755724817642008,33.41799999999999,33.608000000000004,1.0,0.0,1,1,45.16632897088518,5.219990463234627,37.91167409103555,50.57753306401053,50.2,4.32434966208793,45,56,49.4,8.930845424706442,39.0,61.0,48.42,10.38325575144906,32.5,58.1,97.4,0.5477225575051631,96.6,98.0,33.608,0.1603745615738367,33.43,33.82,4.228,0.7671179831029901,3.53,5.52,52.08685646040669,0.330565213645003,51.633879226694475,52.350818840041725,51.558946682201714,0.0558612081647498,51.47021675154567,51.6163210243111,-0.7169396133472375,1.302900773252887,-2.341387457827807,1.0978173298311305,50.25684836141202,0.0,50.25684836141202,50.25684836141202,4.754057341835361,0.5294901961107907,3.8485364315467656,5.090305835805554,4.38190723718151,0.6658760789460066,3.8865877884134745,5.538539285663358,57.32990799443273,0.1417123361904516,57.097137312265176,57.45105895259665,540.0,0.0,540.0,540.0,0.375,0.0,0.375,0.375,0.3092592592592592,0.0,0.3092592592592592,0.3092592592592592,0.187037037037037,0.0,0.187037037037037,0.187037037037037,69.7,0.0,69.7,69.7,94.9,0.0,94.9,94.9,0.0,0.0,0,0,0.0,0.0,0.0,0.0,1.225,0.0,1.225,1.225,29.83187886093784,1.5725309958889897,27.873715463466077,32.025442337865385,72.08590516848214,0.5243851592482535,71.31882792006623,72.53881971592389,0.0,0.0,0.0,0.0,0.2,0.4472135954999579,0.0,1.0,0.0,0.0,0.0,0.0,0.0,0.0,0.0,0.0,0.2,0.4472135954999579,0.0,1.0,60.52,2.723416971379886,57.6,64.0,user_001,5
2024-01-02 01:25:00,0.0,0.0,0,0,4504.0,0.0,4504,4504,4.2004,0.205067793668338,3.872,4.388,52.511457346725194,2.0999447129161055,49.843206576957414,55.14721479815419,54.581216054412,4.211247981940884,48.39095972529319,59.98339945190977,97.272,0.3545701623092345,96.9,97.68,33.256,0.1465469208137755,33.089999999999996,33.465999999999994,1.0,0.0,1,1,46.999105049663896,2.086378938902332,45.033833691656405,50.5011258062269,52.8,6.534523701081816,44,59,57.739999999999995,10.73629358764001,41.0,69.2,45.9,5.823658643842373,40.0,54.0,97.32,1.075639344761989,95.7,98.6,33.09,0.1736375535418531,32.88,33.27,4.156000000000001,1.079087577539469,3.0,5.72,51.768968751987714,0.6679614390428391,51.08925281779632,52.511457346725194,51.152837971867434,0.1581781719921276,50.9214551552104,51.335700056586,0.1442713266373971,2.5956095864417867,-2.921603288478707,2.639588901384343,50.25684836141202,0.0,50.25684836141202,50.25684836141202,3.8893481693674543,0.2602397345148677,3.586374866363099,4.109194482794497,3.1786766687051164,0.6645643057757249,2.524208986232297,4.211247981941033,56.51157361792256,0.1436278983161892,56.37980490118819,56.73142487484345,540.0,0.0,540.0,540.0,0.375,0.0,0.375,0.375,0.3092592592592592,0.0,0.3092592592592592,0.3092592592592592,0.187037037037037,0.0,0.187037037037037,0.187037037037037,69.7,0.0,69.7,69.7,94.9,0.0,94.9,94.9,0.0,0.0,0,0,0.0,0.0,0.0,0.0,1.225,0.0,1.225,1.225,33.304871215015794,1.295842150971381,31.1943485492905,34.28694581820317,69.74013453802492,0.6863414535476701,69.05479927994534,70.75348761950067,0.0,0.0,0.0,0.0,0.2,0.447213595499958,0.0,1.0,0.0,0.0,0.0,0.0,0.0,0.0,0.0,0.0,0.2,0.447213595499958,0.0,1.0,60.739999999999995,1.6102794788483108,58.1,62.4,user_001,5
2024-01-02 01:30:00,0.0,0.0,0,0,4504.0,0.0,4504,4504,3.5628,0.1526014416707783,3.4120000000000004,3.816,48.71179685224365,1.0926605908339149,47.15253625642551,50.22880438463827,58.61802022115713,2.2857201017596047,55.99878502278808,61.32226630127318,97.444,0.2233383084022943,97.14,97.66,33.552800000000005,0.0384863612205666,33.49400000000001,33.592,1.0,0.0,1,1,42.97650766086109,3.306432972696431,39.223967148969166,46.962656933027894,48.2,4.324349662087931,41,52,57.82000000000001,6.520506115325711,46.7,64.0,43.36,11.619509456082904,27.8,56.3,97.28,0.4494441010848816,96.5,97.6,33.582,0.4856644932461103,32.95,34.14,3.486,0.4752683452534999,2.84,4.08,50.159864197792615,1.5161292157050827,48.71179685224365,52.34097156448346,50.60613504156278,0.1066422352016343,50.50611755130342,50.7809701034736,-0.2558984261218214,1.7306772568915525,-3.07626812821276,1.6158212478581646,50.25684836141202,0.0,50.25684836141202,50.25684836141202,2.805723280693588,0.4347265116053287,2.2751532166150636,3.280852268737652,2.7086985209776175,0.4313426173964059,2.2857201017601008,3.3398048341080977,56.71832245174289,0.1187284195762216,56.54906380476823,56.83142367442613,540.0,0.0,540.0,540.0,0.375,0.0,0.375,0.375,0.3092592592592592,0.0,0.3092592592592592,0.3092592592592592,0.187037037037037,0.0,0.187037037037037,0.187037037037037,69.7,0.0,69.7,69.7,94.9,0.0,94.9,94.9,0.0,0.0,0,0,0.0,0.0,0.0,0.0,1.225,0.0,1.225,1.225,23.97695277713752,2.4652319827044686,21.923682470335866,27.915572680627243,69.63945752593638,0.4441859768165415,69.00624484511222,70.04873543213839,0.0,0.0,0.0,0.0,0.0,0.0,0.0,0.0,0.0,0.0,0.0,0.0,0.0,0.0,0.0,0.0,0.0,0.0,0.0,0.0,61.04,0.6804410334481606,60.4,62.1,user_001,5
2024-01-02 01:35:00,0.0,0.0,0,0,4504.0,0.0,4504,4504,3.734,0.1573340395464374,3.508,3.902,46.83776748671522,1.6104146550961125,44.46929572956028,48.58387308726592,59.52072694270381,2.0710051778024585,57.91704395511863,63.08653154225737,97.564,0.3374611088703364,97.0,97.86,33.6144,0.1784679242889323,33.312,33.751999999999995,1.0,0.0,1,1,43.88933434217101,4.343544435662886,37.38932107760038,47.38398161640057,45.2,5.069516742254631,40,53,61.55999999999999,6.212326456328578,54.9,71.6,40.06,15.600256408149193,17.4,54.8,97.62,1.177709641634982,96.1,99.1,33.751999999999995,0.7245136299615088,32.79,34.81,3.808,0.5268491245128915,2.9,4.15,47.74961174621138,0.5517292369352845,46.83776748671522,48.227465267663845,50.16980653496574,0.2537803124875873,49.78160121388906,50.41518947864672,-0.8188837433576055,1.8309722097529784,-2.234647864780129,2.208063456367043,50.25684836141202,0.0,50.25684836141202,50.25684836141202,1.7967074804148957,0.6457398865851371,1.048034187484066,2.365412524180574,1.3262097275754088,0.6221033133800825,0.6307092356538369,2.0710051778030705,56.768640542342,0.1695077134882492,56.5304869809566,56.91079578224657,540.0,0.0,540.0,540.0,0.375,0.0,0.375,0.375,0.3092592592592592,0.0,0.3092592592592592,0.3092592592592592,0.187037037037037,0.0,0.187037037037037,0.187037037037037,69.7,0.0,69.7,69.7,94.9,0.0,94.9,94.9,0.0,0.0,0,0,0.0,0.0,0.0,0.0,1.225,0.0,1.225,1.225,21.266607542821873,1.425579855188253,18.93318833479403,22.674667373842706,71.59918674505822,1.122729014220032,70.36107157225814,73.16034351767111,0.0,0.0,0.0,0.0,0.0,0.0,0.0,0.0,0.0,0.0,0.0,0.0,0.0,0.0,0.0,0.0,0.0,0.0,0.0,0.0,60.7,0.5787918451395099,59.9,61.4,user_001,5
2024-01-02 01:40:00,0.0,0.0,0,0,4504.0,0.0,4504,4504,4.182799999999999,0.2793764485421059,3.892,4.596,50.22719571841517,2.4817585558368167,46.312863819706855,53.02793947542526,52.761906428668816,2.0931504232087623,50.772648205878,56.157687694838245,97.1,0.2097617696340337,96.84,97.3,33.6868,0.1336458005326022,33.482,33.821999999999996,1.0,0.0,1,1,48.313904110903174,4.126669807338919,43.726214051733585,54.35456080034243,52.4,5.683308895353129,47,59,48.8,6.9090520333834515,42.3,58.0,55.1,6.4035146599348085,45.4,62.3,97.16,0.8294576541331096,96.3,98.4,33.668,0.5230869908533383,33.11,34.5,4.172,1.1810461464312052,2.65,5.68,48.32422870732002,1.3941324988150312,46.825178324476816,50.22719571841517,49.85443268498862,0.1955894679213884,49.65440080925937,50.095519501417485,1.0864021407924114,2.572735401265823,-1.6759798251417592,4.2290453934310435,50.25684836141202,0.0,50.25684836141202,50.25684836141202,4.054602623556862,0.2266839993770537,3.71005421720815,4.237283894248968,3.756276346388854,1.3521767134370928,2.0931504232089524,5.1070010454002395,56.38087447471171,0.3669634543250682,55.99194292880064,56.89608607705327,540.0,0.0,540.0,540.0,0.375,0.0,0.375,0.375,0.3092592592592592,0.0,0.3092592592592592,0.3092592592592592,0.187037037037037,0.0,0.187037037037037,0.187037037037037,69.7,0.0,69.7,69.7,94.9,0.0,94.9,94.9,0.0,0.0,0,0,0.0,0.0,0.0,0.0,1.225,0.0,1.225,1.225,24.727857524271784,4.417164513557688,19.69932088817989,30.803995544902087,73.62878958021395,0.3319708973803472,73.0936184753671,73.89329698311363,0.0,0.0,0.0,0.0,0.0,0.0,0.0,0.0,0.0,0.0,0.0,0.0,0.0,0.0,0.0,0.0,0.0,0.0,0.0,0.0,60.14,1.006479011206892,59.2,61.7,user_001,5
2024-01-02 01:45:00,0.0,0.0,0,0,4504.0,0.0,4504,4504,4.304,0.1706399718706029,4.044,4.484,50.6365031398736,1.5282818045757718,48.733913970454374,52.81004858383833,52.56255557908396,3.801279346760185,48.89189576470459,57.59459717646973,97.308,0.1460136979875565,97.1,97.5,33.604,0.2878332850800967,33.208000000000006,33.912,1.0,0.0,1,1,49.15606967715597,4.18500784815667,45.646579911178755,53.76970720022829,51.8,4.147288270665545,45,56,51.64,13.606542543938192,41.5,75.0,45.84,8.485752765665517,32.5,53.5,97.32,0.8105553651663825,96.2,98.4,33.724000000000004,0.1674216234540803,33.56,33.96,4.428,0.6919682073621592,3.26,5.07,50.51627703141663,0.4421454710450048,50.05475470981041,51.08479714561011,50.10096781585584,0.0543729129791725,50.03447491400024,50.18590188983388,0.5817484300631989,1.4098690149635085,-1.8669569852271837,1.594975708080824,50.25684836141202,0.0,50.25684836141202,50.25684836141202,3.677358381107209,1.1973149689343952,1.9976291502653951,4.768236364171146,2.7887718220640147,1.2003573330348811,1.264103671084554,3.801279346760284,55.395116528905795,0.162844206357067,55.18415160653616,55.56018417475598,540.0,0.0,540.0,540.0,0.375,0.0,0.375,0.375,0.3092592592592592,0.0,0.3092592592592592,0.3092592592592592,0.187037037037037,0.0,0.187037037037037,0.187037037037037,69.7,0.0,69.7,69.7,94.9,0.0,94.9,94.9,0.0,0.0,0,0,0.0,0.0,0.0,0.0,1.225,0.0,1.225,1.225,32.0047267804762,1.3451364986880527,30.2978715511343,33.48929147100929,71.51470272414085,0.5764323008022013,70.7340495908796,72.3488879683655,0.0,0.0,0.0,0.0,0.0,0.0,0.0,0.0,0.0,0.0,0.0,0.0,0.0,0.0,0.0,0.0,0.0,0.0,0.0,0.0,59.46,1.5436968614336164,57.1,60.7,user_001,5
2024-01-02 01:50:00,0.0,0.0,0,0,4504.0,0.0,4504,4504,3.9392,0.2170096772035753,3.774,4.268,49.741432512246725,1.597963810407696,48.18470095483226,51.87336572255888,54.98329950012628,3.5808330690102332,51.88358434858362,60.42603748825939,97.312,0.0609918027279113,97.24,97.38,33.412400000000005,0.2419727257357755,33.19,33.692,1.0,0.0,1,1,41.612404237320945,4.535550614806961,36.237596031837775,46.28337601415012,48.0,1.8708286933869716,46,50,55.42,11.467650151622172,41.6,68.3,41.7,14.272350892547452,26.0,62.6,97.32,0.4764451699828634,96.9,98.1,33.19,0.7744998386055312,32.09,34.21,3.796,0.3592770518694454,3.39,4.23,50.75802825105075,0.6340975822666817,49.74143251224673,51.32733472883272,49.87949644762985,0.1045067027034831,49.77769217603659,50.02873330785192,-0.8707162561233645,0.6992590324939343,-1.6385257161241924,0.2717663483892494,50.25684836141202,0.0,50.25684836141202,50.25684836141202,4.32193117645846,0.53474345738332,3.5729041632324368,4.9812731555593945,3.5471446878375104,0.3637525055879615,2.942988703682079,3.8349972950150266,55.249145660871,0.2703487153698885,54.932767737690774,55.50859784820467,540.0,0.0,540.0,540.0,0.375,0.0,0.375,0.375,0.3092592592592592,0.0,0.3092592592592592,0.3092592592592592,0.187037037037037,0.0,0.187037037037037,0.187037037037037,69.7,0.0,69.7,69.7,94.9,0.0,94.9,94.9,0.0,0.0,0,0,0.0,0.0,0.0,0.0,1.225,0.0,1.225,1.225,29.38689474728878,1.3746432753778537,27.607156954561397,31.31007356784956,69.57426494470523,0.5526813600468709,68.63813002246202,70.00717981694672,0.0,0.0,0.0,0.0,0.0,0.0,0.0,0.0,0.0,0.0,0.0,0.0,0.0,0.0,0.0,0.0,0.0,0.0,0.0,0.0,59.9,1.08857705285386,58.7,60.9,user_001,5
2024-01-02 01:55:00,0.0,0.0,0,0,4504.0,0.0,4504,4504,4.030399999999999,0.1565209251186559,3.896,4.286,50.761834734123035,1.098968512330426,49.61673105280638,52.07782070187093,49.325948905366424,4.058877545439571,45.20225550914367,53.51141851503982,97.44,0.1414213562373052,97.32,97.66,33.516000000000005,0.1362057267518539,33.303999999999995,33.658,1.0,0.0,1,1,50.0584236032686,6.450929382171415,43.08891734276674,56.45597550896792,51.8,4.438468204234429,46,57,46.620000000000005,7.970696330936216,38.5,56.6,53.84,13.46042347030732,36.7,67.4,97.32,0.5069516742254686,96.6,98.0,33.525999999999996,0.589474342104897,32.84,34.38,4.046,0.8860191871511589,2.57,4.88,49.83183911124948,0.6418141730312095,49.29428834149782,50.76183473412303,49.55664150750681,0.1266857063546541,49.44579927757101,49.72957256180218,0.519082632938489,1.845442471389357,-1.808365526403179,2.4610896490645473,50.25684836141202,0.0,50.25684836141202,50.25684836141202,3.3265273077137225,0.6126076839147551,2.612679383581084,4.080268204498044,3.226689898895466,0.7232679095741827,2.0632497619120507,4.058877545439591,55.3103511432697,0.4434604650733421,54.62874292951774,55.675757387122374,540.0,0.0,540.0,540.0,0.375,0.0,0.375,0.375,0.3092592592592592,0.0,0.3092592592592592,0.3092592592592592,0.187037037037037,0.0,0.187037037037037,0.187037037037037,69.7,0.0,69.7,69.7,94.9,0.0,94.9,94.9,0.0,0.0,0,0,0.0,0.0,0.0,0.0,1.225,0.0,1.225,1.225,30.69355501067128,3.731155071043582,26.71691984725531,35.505634429071364,68.09615276854922,0.4098635469308664,67.42434044864116,68.3998451945998,0.0,0.0,0.0,0.0,0.4,0.5477225575051661,0.0,1.0,0.0,0.0,0.0,0.0,0.0,0.0,0.0,0.0,0.4,0.5477225575051661,0.0,1.0,59.14,1.3390294993016407,57.6,61.0,user_001,5
2024-01-02 02:00:00,0.0,0.0,0,0,4504.0,0.0,4504,4504,3.774,0.2525747414133091,3.4620000000000006,4.040000000000001,49.810611981448304,1.888918838699169,46.682038657159694,51.5253505142932,49.60168874473961,5.531104158603809,42.468170339429115,55.54803364729464,97.504,0.2316894473211925,97.26,97.86,33.4956,0.1155802751337786,33.379999999999995,33.658,1.0,0.0,1,1,49.086788293434545,6.312290539203349,42.47034627239224,56.52487800398575,50.0,6.442049363362563,40,56,53.739999999999995,13.34926964294302,37.0,69.9,43.78,16.498696918241755,21.8,58.1,97.58,0.9959919678390964,95.9,98.3,33.568,0.3593327149036122,33.19,34.09,3.894,0.8527191800352566,2.71,4.73,50.30048910106989,0.5827351259232613,49.71591797217245,51.041223156082026,49.58007899138636,0.0613202788181919,49.5129478270686,49.669224262137014,0.0946940092758495,2.4903071377529695,-3.34101932857984,3.1059871142801043,50.25684836141202,0.0,50.25684836141202,50.25684836141202,3.814558326967928,0.8205216425220901,2.8007447447024347,4.633427951896323,4.168566147143154,1.1678177101539104,2.323870125906469,5.531104158603826,53.44575543176117,0.3427838004374336,53.126021016781486,54.000273064122936,540.0,0.0,540.0,540.0,0.375,0.0,0.375,0.375,0.3092592592592592,0.0,0.3092592592592592,0.3092592592592592,0.187037037037037,0.0,0.187037037037037,0.187037037037037,69.7,0.0,69.7,69.7,94.9,0.0,94.9,94.9,0.0,0.0,0,0,0.0,0.0,0.0,0.0,1.225,0.0,1.225,1.225,37.490683119378325,2.280108889425388,34.109450088838386,40.07414837804027,66.61709425909557,0.2258496245056925,66.31186910336365,66.93246527375273,0.0,0.0,0.0,0.0,0.2,0.447213595499958,0.0,1.0,0.0,0.0,0.0,0.0,0.0,0.0,0.0,0.0,0.2,0.447213595499958,0.0,1.0,57.67999999999999,1.900526242912735,56.3,60.9,user_001,5
2024-01-02 02:05:00,0.0,0.0,0,0,4504.0,0.0,4504,4504,4.1456,0.1601836446083065,3.99,4.3420000000000005,50.68040980825657,1.246915081633315,49.32432599365179,52.22973348571651,53.93800016391633,2.9583891729419443,48.7068247843836,55.703033237503824,97.832,0.1432480366357686,97.62,98.0,33.2752,0.0532465961353388,33.234,33.366,1.0,0.0,1,1,48.65850710036999,3.770910318482642,44.74689751492816,54.95417667330141,49.8,3.7682887362833544,44,54,54.0,11.244554237496478,37.1,68.5,50.76,12.722146045380866,33.6,68.8,97.82,0.9418067742376868,96.7,98.9,33.366,0.592604421178243,32.7,34.2,3.99,0.6343106494455221,3.3,4.87,50.5720808692767,0.6162882653971112,49.80707465429887,51.180922068577274,50.05049051189725,0.1911144657505588,49.82392728586912,50.309664649060565,-0.4402049041282822,1.3903376464844328,-2.7432444952388337,0.885133257141753,50.25684836141202,0.0,50.25684836141202,50.25684836141202,4.116800540505115,0.4267965096661361,3.441073239681487,4.46933746418999,2.9938423279513215,0.8637119535032941,1.8052010053398957,4.245073413401044,52.614181785252505,0.3252659394527512,52.19556655365024,52.994014011187666,540.0,0.0,540.0,540.0,0.375,0.0,0.375,0.375,0.3092592592592592,0.0,0.3092592592592592,0.3092592592592592,0.187037037037037,0.0,0.187037037037037,0.187037037037037,69.7,0.0,69.7,69.7,94.9,0.0,94.9,94.9,0.0,0.0,0,0,0.0,0.0,0.0,0.0,1.225,0.0,1.225,1.225,30.389123075426124,0.933339666532616,29.102504180496833,31.493458551508716,66.33592805606689,0.4893031442835797,65.90961037676576,66.93350432467368,0.0,0.0,0.0,0.0,0.0,0.0,0.0,0.0,0.0,0.0,0.0,0.0,0.0,0.0,0.0,0.0,0.0,0.0,0.0,0.0,60.54,0.6503845016603623,60.0,61.3,user_001,5
2024-01-02 02:10:00,0.0,0.0,0,0,4504.0,0.0,4504,4504,3.9764,0.1385958152326397,3.802000000000001,4.104,49.96449841096383,1.0566296602762175,48.61961994936331,51.2162173291012,52.4120000215857,1.8504623622562908,49.63535549166922,54.3230331835396,97.368,0.1591225942473362,97.16,97.52,33.18000000000001,0.0890730037665738,33.056000000000004,33.278000000000006,1.0,0.0,1,1,51.181037972065184,2.7304250137685857,48.0072253869565,55.44938568097819,50.4,4.979959839195493,45,55,51.86,9.18057732389418,37.5,60.3,52.08,11.953325897004566,41.2,70.9,97.16,0.6426507605223866,96.6,98.0,33.056,0.2276620302114551,32.76,33.31,4.104,0.7782865796093363,2.8,4.81,50.1263645589171,0.3838076442400815,49.746747616445745,50.720273205504384,50.35084648716342,0.0980077927229205,50.248822646728016,50.47310976604038,0.2177507945180835,1.9861727390392927,-2.0720724430337327,1.891891335449408,50.25684836141202,0.0,50.25684836141202,50.25684836141202,4.183717133776318,0.7945267298965826,3.341579504030325,5.036313259698373,2.641966684542062,0.6273159082581834,1.850462362256488,3.3313068532149854,52.051993760472214,0.0649813146789264,51.97815548021127,52.13724881913639,540.0,0.0,540.0,540.0,0.375,0.0,0.375,0.375,0.3092592592592592,0.0,0.3092592592592592,0.3092592592592592,0.187037037037037,0.0,0.187037037037037,0.187037037037037,69.7,0.0,69.7,69.7,94.9,0.0,94.9,94.9,0.0,0.0,0,0,0.0,0.0,0.0,0.0,1.225,0.0,1.225,1.225,30.77625783741105,0.5360300188191216,30.089349029361625,31.345037263137577,66.33589885168,0.6309459002570658,65.80597613468287,67.28492568045287,0.0,0.0,0.0,0.0,0.0,0.0,0.0,0.0,0.0,0.0,0.0,0.0,0.0,0.0,0.0,0.0,0.0,0.0,0.0,0.0,59.260000000000005,0.4929503017546516,58.9,60.1,user_001,5
2024-01-02 02:15:00,0.0,0.0,0,0,4504.0,0.0,4504,4504,4.041199999999999,0.2133944704063343,3.818,4.3759999999999994,49.75664176605285,1.2090574703058703,48.07247998499654,51.04831998999769,59.14602469420059,5.004585371772956,54.27690363712872,67.10797144803814,97.92,0.1157583690279013,97.74,98.04,33.368,0.1553383404057088,33.196,33.6,1.0,0.0,1,1,40.56581570002505,7.565004492460039,27.80694434124172,45.56562476779388,49.2,5.215361924162119,43,57,64.26,13.085220670665052,45.8,81.1,31.7,17.166682847888815,4.6,46.3,97.88,1.0425929215182743,96.3,99.1,33.354,0.6283947803729757,32.51,34.04,3.906,0.4613350192647419,3.19,4.39,49.80314265796439,0.1504192799107194,49.62866596042837,50.03496264907928,50.23199075825472,0.0652191990424849,50.11923820218189,50.28495262157591,-0.2783208830264243,2.061138222043556,-2.536239992498267,2.975840005001146,50.25684836141202,0.0,50.25684836141202,50.25684836141202,3.3100164019509477,0.7637667062681367,2.7317241009101867,4.601483529508366,2.9624574812823807,1.1699236448535577,2.010434718093733,5.004585371773157,52.6997687256589,0.3144957887227677,52.42483254609092,53.23449367165583,540.0,0.0,540.0,540.0,0.375,0.0,0.375,0.375,0.3092592592592592,0.0,0.3092592592592592,0.3092592592592592,0.187037037037037,0.0,0.187037037037037,0.187037037037037,69.7,0.0,69.7,69.7,94.9,0.0,94.9,94.9,0.0,0.0,0,0,0.0,0.0,0.0,0.0,1.225,0.0,1.225,1.225,26.56482016503357,2.4058807648124936,22.654658079242203,28.670532655755903,69.21227028361788,0.7509102007085939,68.3257674353137,70.33550094087121,0.0,0.0,0.0,0.0,0.0,0.0,0.0,0.0,0.0,0.0,0.0,0.0,0.0,0.0,0.0,0.0,0.0,0.0,0.0,0.0,61.84,1.5290519938837897,59.6,63.9,user_001,5
2024-01-02 02:20:00,0.0,0.0,0,0,4504.0,0.0,4504,4504,4.6196,0.1854853093913371,4.3180000000000005,4.7700000000000005,51.230504265488435,0.9871782038525916,50.34765036740672,52.56510024493781,63.05848884861901,2.448864081120202,59.91174932649062,66.27198096535876,97.764,0.2201817431123694,97.48,98.08,33.27759999999999,0.0971534868133969,33.174,33.404,1.0,0.0,1,1,33.25739136790453,5.203077562383624,26.27129622749448,38.74279832333088,52.4,4.03732584763727,46,57,60.17999999999999,7.332598448026459,50.9,69.9,37.16,18.102845080262934,12.5,52.7,98.08,0.837854402626135,97.3,99.5,33.239999999999995,0.7675285010994715,32.33,34.17,4.6579999999999995,0.385512645706986,4.1,5.17,50.53045500022576,0.5465258024680834,49.70442784403523,51.230504265488435,50.19406188311722,0.1175379107645904,50.068381023676814,50.367416827722174,0.5847478672557784,1.666090849720446,-2.1883667483126032,2.217449877531088,50.25684836141202,0.0,50.25684836141202,50.25684836141202,3.776733660811702,0.5414128187042769,2.8606609289501854,4.218804745783342,3.647391107063629,1.573914608686672,2.24315393417161,5.884980038285689,54.10298737676716,0.3429542550265739,53.71410689221499,54.58035856307128,540.0,0.0,540.0,540.0,0.375,0.0,0.375,0.375,0.3092592592592592,0.0,0.3092592592592592,0.3092592592592592,0.187037037037037,0.0,0.187037037037037,0.187037037037037,69.7,0.0,69.7,69.7,94.9,0.0,94.9,94.9,0.0,0.0,0,0,0.0,0.0,0.0,0.0,1.225,0.0,1.225,1.225,19.080450006874816,1.3874021829162984,17.262994526785224,20.744080589220864,72.22480361461722,0.8989515984521546,71.05359340284213,73.11562564885587,0.0,0.0,0.0,0.0,0.0,0.0,0.0,0.0,0.0,0.0,0.0,0.0,0.0,0.0,0.0,0.0,0.0,0.0,0.0,0.0,64.53999999999999,0.5458937625582482,63.9,65.2,user_001,5
2024-01-02 02:25:00,0.0,0.0,0,0,4504.0,0.0,4504,4504,4.4568,0.3952761060322266,3.934,5.022,51.66492237240999,1.188548938368473,50.17436343454597,52.963476591592645,58.35181746154653,6.259232874799686,50.682205672624285,65.72744414510694,97.568,0.1025670512396566,97.42,97.68,33.4896,0.1616873526284618,33.332,33.71,1.0,0.0,1,1,39.06550009783105,5.705653024729777,32.27436027303123,45.14957351535416,51.2,2.9495762407505257,47,55,54.66,15.409834522148511,35.8,76.3,41.8,17.91479835220034,26.8,70.9,97.52,0.6797058187186596,96.5,98.1,33.58,0.3205464084964926,33.15,33.96,4.458,1.0446626249655917,2.86,5.38,51.82623275723137,0.1482753585014751,51.66492237240999,52.04607533792249,50.5264608241142,0.0404156919858885,50.47827788514812,50.590345726732494,-0.2324611862050005,1.064781982951406,-1.5871817172729834,1.0182617042036668,50.25684836141202,0.0,50.25684836141202,50.25684836141202,4.060029458734839,1.0408442122932522,2.845990404398303,5.2743783884123605,3.5468960932322475,1.8255466656013903,1.8514796243138192,6.259232874799836,55.53360876292133,0.5174992387048353,54.811350153158635,56.08466998910129,540.0,0.0,540.0,540.0,0.375,0.0,0.375,0.375,0.3092592592592592,0.0,0.3092592592592592,0.3092592592592592,0.187037037037037,0.0,0.187037037037037,0.187037037037037,69.7,0.0,69.7,69.7,94.9,0.0,94.9,94.9,0.0,0.0,0,0,0.0,0.0,0.0,0.0,1.225,0.0,1.225,1.225,22.683236886129695,2.0388863322420367,20.985757159023905,25.743345939000015,74.51006023580311,0.4960433523448211,73.72524098824366,74.95990601592753,0.0,0.0,0.0,0.0,0.0,0.0,0.0,0.0,0.0,0.0,0.0,0.0,0.0,0.0,0.0,0.0,0.0,0.0,0.0,0.0,63.0,2.3664319132398477,60.2,65.6,user_001,5
2024-01-02 02:30:00,0.0,0.0,0,0,4504.0,0.0,4504,4504,3.8488,0.1749719977596414,3.644,4.029999999999999,48.53529841941201,1.8969984785290408,46.125737313939545,51.1669943617509,52.72418995378391,1.6824221857855026,51.10759618224677,55.27173078816452,97.256,0.2056210105995897,97.0,97.56,33.251599999999996,0.1375528989152906,33.056,33.426,1.0,0.0,1,1,43.96014816103125,2.108963441198419,40.24934527432464,45.29981045126851,47.2,7.563068160475616,40,56,54.56,6.404919983887389,49.6,63.6,42.3,6.702611431375089,30.8,47.1,97.0,0.4636809247747818,96.4,97.6,33.312,0.4383719881561763,32.85,33.8,3.85,0.8309632964216893,2.76,4.6,49.45184958119919,0.9016955588640788,48.535298419412015,50.90994824827333,50.38502090413574,0.0673628571330257,50.305379173763946,50.45639873384666,-0.6676492097060077,3.011592650568712,-3.722331453916965,2.624754228686811,50.25684836141202,0.0,50.25684836141202,50.25684836141202,3.631167295600965,1.4720014222954625,1.7953094648265655,5.144791201058673,2.9429879048547107,2.372148006494655,1.0942080457261711,6.4485089414442065,56.593833252730384,0.0848959406156838,56.45200221495642,56.68133480997095,540.0,0.0,540.0,540.0,0.375,0.0,0.375,0.375,0.3092592592592592,0.0,0.3092592592592592,0.3092592592592592,0.187037037037037,0.0,0.187037037037037,0.187037037037037,69.7,0.0,69.7,69.7,94.9,0.0,94.9,94.9,0.0,0.0,0,0,0.0,0.0,0.0,0.0,1.225,0.0,1.225,1.225,28.944426823797876,1.6453308668954312,26.556619047032587,30.79592582528044,73.84922844208936,0.6478047597866788,72.85469576135569,74.36873873038748,0.2,0.447213595499958,0.0,1.0,0.0,0.0,0.0,0.0,0.0,0.0,0.0,0.0,0.0,0.0,0.0,0.0,0.2,0.447213595499958,0.0,1.0,58.67999999999999,1.032956920689339,57.2,59.6,user_001,5
2024-01-02 02:35:00,0.0,0.0,0,0,4504.0,0.0,4504,4504,3.9712,0.0676550072056753,3.891999999999999,4.068,50.9980639893876,2.770158126994605,46.96310860522262,53.76138160232117,53.88581925317319,2.4033534129492873,50.84299146140645,56.75718265523154,97.9,0.2935983651180647,97.44,98.22,33.1532,0.06414982462953,33.05800000000001,33.215999999999994,1.0,0.0,1,1,45.42092486071193,1.6477078753184238,42.7970331225448,47.16623018288309,52.6,6.308724118235001,46,62,54.48,8.98120259208086,46.7,65.5,46.44,8.604533688701558,38.3,61.0,98.22,0.8043631020876105,97.4,99.5,33.132,0.5661006977561516,32.15,33.6,3.892,0.7577070674079794,2.76,4.61,49.574893772009766,1.1485020523885692,48.09019894627467,50.99806398938759,50.21882305459126,0.1007104427449052,50.1135018550062,50.35832153728579,0.8009680053062056,2.4743275399694467,-1.7247514671824788,4.119309198839417,50.25684836141202,0.0,50.25684836141202,50.25684836141202,2.884725403864908,0.4743083228352623,2.3574267343291333,3.347136407847114,2.029877483295789,0.3271187937802862,1.6281840612173168,2.4033534129495187,56.53147872738288,0.0942055055941437,56.3811497143446,56.61521092067417,540.0,0.0,540.0,540.0,0.375,0.0,0.375,0.375,0.3092592592592592,0.0,0.3092592592592592,0.3092592592592592,0.187037037037037,0.0,0.187037037037037,0.187037037037037,69.7,0.0,69.7,69.7,94.9,0.0,94.9,94.9,0.0,0.0,0,0,0.0,0.0,0.0,0.0,1.225,0.0,1.225,1.225,29.71720640704358,0.6037250788063693,28.708273429760347,30.326935494866127,70.94130232482998,0.8949164044103353,69.98669569504234,72.1242404574018,0.0,0.0,0.0,0.0,0.0,0.0,0.0,0.0,0.0,0.0,0.0,0.0,0.0,0.0,0.0,0.0,0.0,0.0,0.0,0.0,60.879999999999995,1.891295852054884,58.5,63.2,user_001,5
2024-01-02 02:40:00,0.0,0.0,0,0,4504.0,0.0,4504,4504,3.845999999999999,0.2482015310186463,3.558,4.08,51.390691554158046,1.3752568163845935,49.97277404896988,53.53311241527333,54.59755644486231,2.6008729387229774,50.71993731461364,57.57990597192046,96.784,0.2188149903457278,96.58,97.12,33.589200000000005,0.2398274379632164,33.338,33.938,1.0,0.0,1,1,44.95147981704848,4.397625546968269,40.12875055482809,50.95250036988539,50.8,4.207136793592527,48,58,53.379999999999995,10.046989598879856,37.0,63.0,44.58,20.75540893357681,23.7,72.6,96.58,0.3346640106136279,96.3,97.1,33.528,0.8948016539993665,32.85,34.7,3.9,0.5930008431697208,2.96,4.47,51.96294897409183,0.4867638233548608,51.390691554158046,52.64358399528338,50.52492045712039,0.1001923908425646,50.36110324707941,50.6106972583939,-0.2953457770790166,1.5592241784700236,-1.8443708050911027,2.233443792363346,50.25684836141202,0.0,50.25684836141202,50.25684836141202,3.0062866539106543,0.6268724306491489,2.140185148299192,3.627333595480464,2.086907906553313,0.6780353236744795,1.1897511513250485,2.696625970772608,56.93829623844823,0.1006132391952589,56.812037803656544,57.06979457940292,540.0,0.0,540.0,540.0,0.375,0.0,0.375,0.375,0.3092592592592592,0.0,0.3092592592592592,0.3092592592592592,0.187037037037037,0.0,0.187037037037037,0.187037037037037,69.7,0.0,69.7,69.7,94.9,0.0,94.9,94.9,0.0,0.0,0,0,0.0,0.0,0.0,0.0,1.225,0.0,1.225,1.225,29.92236989518101,0.4533244588830229,29.423156640512637,30.418697590243134,69.02109061967006,0.4540971598984823,68.62369674923272,69.78524862005885,0.0,0.0,0.0,0.0,0.0,0.0,0.0,0.0,0.0,0.0,0.0,0.0,0.0,0.0,0.0,0.0,0.0,0.0,0.0,0.0,60.120000000000005,1.0134100848126568,58.7,61.2,user_001,5
2024-01-02 02:45:00,0.0,0.0,0,0,4504.0,0.0,4504,4504,4.554399999999999,0.2570657503441487,4.215999999999999,4.8420000000000005,51.53128448449818,1.956862893635886,48.98184936597992,53.32526638487997,54.24206504623701,4.487474202033807,46.65812892748323,58.483685130255886,97.452,0.1997998998998738,97.16,97.66,33.4752,0.1910895078229026,33.21600000000001,33.748000000000005,1.0,0.0,1,1,46.61986565491996,4.052394073443045,43.21925936885493,53.36866944262368,52.4,4.827007354458868,47,60,51.42,13.101412137628524,30.5,62.9,51.220000000000006,11.014399665891917,41.9,68.8,97.48,0.9038805230781328,96.2,98.4,33.452000000000005,0.6783583123983978,32.63,34.02,4.692,0.7999812497802684,3.72,5.86,50.86376282786395,0.5055261012440946,50.21808513518136,51.53128448449818,50.70169048543697,0.140299135242379,50.54179137410099,50.891794180892376,0.4343577577509109,1.8269028062439627,-1.072281418862211,3.3373668075600236,50.25684836141202,0.0,50.25684836141202,50.25684836141202,3.675388884153618,0.6547768104649195,2.539809094305175,4.208664021986474,2.998794132080485,0.9695882424352982,1.82744010254084,4.4874742020339395,56.77693064319758,0.3638095567642523,56.14332283470366,57.02621456712485,540.0,0.0,540.0,540.0,0.375,0.0,0.375,0.375,0.3092592592592592,0.0,0.3092592592592592,0.3092592592592592,0.187037037037037,0.0,0.187037037037037,0.187037037037037,69.7,0.0,69.7,69.7,94.9,0.0,94.9,94.9,0.0,0.0,0,0,0.0,0.0,0.0,0.0,1.225,0.0,1.225,1.225,28.91038465314561,1.071366507238149,27.698713232260843,30.499761638366767,69.13575269765491,0.2973725393871358,68.66412960447907,69.42344039704845,0.0,0.0,0.0,0.0,0.0,0.0,0.0,0.0,0.0,0.0,0.0,0.0,0.0,0.0,0.0,0.0,0.0,0.0,0.0,0.0,60.96,1.4432601983010558,59.1,62.3,user_001,5
2024-01-02 02:50:00,0.0,0.0,0,0,4504.0,0.0,4504,4504,4.1716,0.3166967003301427,3.832,4.586,50.80411976750594,1.0407077603635997,48.95313903898864,51.42970855848296,55.10800856575961,5.9809506615256725,47.20541928498883,62.15716126962632,97.036,0.1013903348450828,96.94,97.18,33.4468,0.0595583747259777,33.382000000000005,33.534000000000006,1.0,0.0,1,1,42.34952963356971,8.433661963108218,34.41726803804912,55.545779628415794,50.4,4.277849927241488,44,56,59.86,10.619463263272774,48.3,73.2,35.94,15.424752834324446,25.5,59.9,97.0,0.7516648189186429,96.2,98.0,33.534000000000006,0.3726660703632665,32.92,33.92,4.0200000000000005,0.661626783012901,3.32,4.78,51.41086588679691,0.5163435333089114,50.80411976750594,52.0208563229988,50.84842563319883,0.0470582937016372,50.80746408039661,50.92786278726159,-0.2020598837529675,1.73006518484681,-2.476569519494319,2.3489536536704563,50.25684836141202,0.0,50.25684836141202,50.25684836141202,4.529691598934393,0.5122957361281774,4.057061421399506,5.332992277693635,5.248201272227488,1.075309943771965,3.9888484425949886,6.604831416025588,55.047365352190624,0.2798871453001932,54.81824278756043,55.50777077869133,540.0,0.0,540.0,540.0,0.375,0.0,0.375,0.375,0.3092592592592592,0.0,0.3092592592592592,0.3092592592592592,0.187037037037037,0.0,0.187037037037037,0.187037037037037,69.7,0.0,69.7,69.7,94.9,0.0,94.9,94.9,0.0,0.0,0,0,0.0,0.0,0.0,0.0,1.225,0.0,1.225,1.225,32.456793487354005,2.4057867630293193,28.65030723160731,34.76837911347859,68.54249181928628,0.4567736640285427,68.13205532388533,69.09672714812818,0.0,0.0,0.0,0.0,0.0,0.0,0.0,0.0,0.0,0.0,0.0,0.0,0.0,0.0,0.0,0.0,0.0,0.0,0.0,0.0,59.779999999999994,1.8444511378727284,57.4,61.6,user_001,5
2024-01-02 02:55:00,0.0,0.0,0,0,4504.0,0.0,4504,4504,4.5656,0.1437664773165149,4.369999999999999,4.7379999999999995,53.901777088725055,1.9408734503597085,51.5697310457204,56.422842279306394,56.06442911154035,3.6014608751908055,50.84832815202495,59.977034734233314,97.256,0.1108151614175696,97.12,97.38,33.498000000000005,0.1255547689257595,33.392,33.708000000000006,1.0,0.0,1,1,42.25006151553181,5.480715634380782,34.39656357246628,48.254537354804825,54.8,7.694153624668538,48,67,56.64,11.74768062214836,39.4,71.2,43.739999999999995,14.935461157928804,26.7,58.1,97.38,0.4438468204234441,97.0,98.1,33.480000000000004,0.3581200915893965,33.0,33.91,4.738,0.4724616386543988,4.24,5.32,53.120937071512344,0.7947840726169944,51.80274651167063,53.901777088725055,51.064209685579,0.0956693684912931,50.93604228748575,51.193539217281135,0.4491114556374668,3.1257560210702495,-2.427298284290316,5.288578860346796,50.25684836141202,0.0,50.25684836141202,50.25684836141202,3.9531225820751046,0.2596577959312594,3.5264732532125427,4.236300261993578,3.470947524333203,0.7665679452062998,2.267718580465413,4.148993019029256,54.37115922333375,0.2735354149814796,54.085775640758655,54.75549519170695,540.0,0.0,540.0,540.0,0.375,0.0,0.375,0.375,0.3092592592592592,0.0,0.3092592592592592,0.3092592592592592,0.187037037037037,0.0,0.187037037037037,0.187037037037037,69.7,0.0,69.7,69.7,94.9,0.0,94.9,94.9,0.0,0.0,0,0,0.0,0.0,0.0,0.0,1.225,0.0,1.225,1.225,28.979149248245495,1.9010711486988645,27.059708673776907,30.983194651343233,68.88061273570644,0.2094413837324518,68.57213080013156,69.05304454248102,0.2,0.447213595499958,0.0,1.0,0.0,0.0,0.0,0.0,0.0,0.0,0.0,0.0,0.0,0.0,0.0,0.0,0.2,0.447213595499958,0.0,1.0,62.5,1.7233687939614055,60.6,64.6,user_001,5
2024-01-02 03:00:00,0.0,0.0,0,0,4504.0,0.0,4504,4504,4.328799999999999,0.1468373249552036,4.204,4.572,53.49076899933827,1.7389240347855033,51.391031420954185,56.152898198801246,55.618361035264584,3.4954481137843865,53.34504732866173,61.33113214607189,97.244,0.251157321215223,97.04,97.64,33.513999999999996,0.1142190877217946,33.36800000000001,33.662,1.0,0.0,1,1,46.17358834772436,4.75698840506839,38.485720700559,51.24287157625775,54.6,6.18869937870632,47,63,56.16,12.077789532857413,46.8,77.2,45.14,16.448343381629655,18.4,60.6,97.14,0.472228758124713,96.7,97.9,33.438,0.6848138433180213,32.84,34.58,4.204,0.6990207436120907,3.23,4.96,53.00440323575471,0.4003264761522059,52.55634537276668,53.49076899933827,51.65630196133825,0.2536554274685857,51.34013725596521,52.01945098060219,0.5546155003308627,2.2719241530690137,-2.195515710477096,3.4235509005993805,50.25684836141202,0.0,50.25684836141202,50.25684836141202,3.945606636443633,0.4870984712159965,3.2660464002722285,4.437770588764914,3.218050724656349,0.3095290829337155,2.8213017720119935,3.495448113784604,54.68038859456796,0.1490018654906948,54.54245204170626,54.919373242806174,540.0,0.0,540.0,540.0,0.375,0.0,0.375,0.375,0.3092592592592592,0.0,0.3092592592592592,0.3092592592592592,0.187037037037037,0.0,0.187037037037037,0.187037037037037,69.7,0.0,69.7,69.7,94.9,0.0,94.9,94.9,0.0,0.0,0,0,0.0,0.0,0.0,0.0,1.225,0.0,1.225,1.225,30.714383261310076,0.2864154616800914,30.264399033359226,31.054687798047716,68.55962549059237,0.3313764249806835,68.24452773033458,68.99891828659632,0.0,0.0,0.0,0.0,0.0,0.0,0.0,0.0,0.0,0.0,0.0,0.0,0.0,0.0,0.0,0.0,0.0,0.0,0.0,0.0,61.9,1.878829422805594,60.0,65.0,user_001,5
2024-01-02 03:05:00,0.0,0.0,0,0,4504.0,0.0,4504,4504,4.6124,0.2788096124598291,4.244,4.918,56.40619180238199,0.7121610804606457,55.401288088356104,57.10193213253416,54.87715042439699,6.330171097555785,47.46107619142871,61.687421430714586,97.448,0.1664932431061412,97.2,97.62,33.4676,0.0923298434960209,33.382000000000005,33.598,1.0,0.0,1,1,48.2903490828279,7.561720103468914,41.32698697802622,56.58977199023388,56.6,3.4351128074635335,52,60,52.92,18.190574482407087,23.0,71.1,51.36,22.321805482532096,25.3,85.3,97.44,0.8294576541331024,96.4,98.6,33.382,0.3171277345171788,33.07,33.74,4.7379999999999995,0.7662701873360336,3.65,5.49,55.513830878782514,0.9303500726026812,54.193845999558846,56.40619180238199,52.64612481246704,0.2113041287669408,52.3574117648459,52.92080561610125,0.096904098809,1.370808549234885,-1.7006440441780557,1.532903970547963,50.25684836141202,0.0,50.25684836141202,50.25684836141202,5.439080045612757,1.541292690919991,3.662474711994047,6.623621696345953,5.623220813546266,1.2259127761188322,4.193863640948238,6.976980837862123,55.23591125525176,0.1771657312715534,55.084595104676815,55.5234251449509,540.0,0.0,540.0,540.0,0.375,0.0,0.375,0.375,0.3092592592592592,0.0,0.3092592592592592,0.3092592592592592,0.187037037037037,0.0,0.187037037037037,0.187037037037037,69.7,0.0,69.7,69.7,94.9,0.0,94.9,94.9,0.0,0.0,0,0,0.0,0.0,0.0,0.0,1.225,0.0,1.225,1.225,32.399817597623226,2.179425450248411,30.03061801589368,35.20983228269263,68.8816425413504,0.9905651053333048,67.66863968422686,69.93034251020003,0.0,0.0,0.0,0.0,0.0,0.0,0.0,0.0,0.0,0.0,0.0,0.0,0.0,0.0,0.0,0.0,0.0,0.0,0.0,0.0,63.36,1.7242389625571122,61.5,65.7,user_001,5
2024-01-02 03:10:00,0.0,0.0,0,0,4504.0,0.0,4504,4504,4.2964,0.1875707866380051,4.018,4.4719999999999995,54.62139151307088,1.2209260418083956,53.18886479788036,56.424945795230826,57.39081816288355,2.2301918050148157,54.66681601680581,60.21121067787053,97.404,0.1306904740216345,97.28,97.62,33.285199999999996,0.1313742744984737,33.13,33.434000000000005,1.0,0.0,1,1,40.84621880926128,1.289740839534753,38.66217718325607,42.039898662326166,53.6,3.7815340802378072,50,59,58.9,9.063663718386731,47.4,71.3,38.94,5.297924121766939,33.8,46.4,97.42,0.3633180424916993,96.8,97.7,33.386,0.7426506581159161,32.54,34.41,4.214,0.6507534095185363,3.53,5.18,55.47392011572443,0.6779032099388288,54.62139151307088,56.27079453492132,53.23128666940581,0.1557677736832151,53.09164818851195,53.45925560925338,-0.5106957565354378,1.529982020217968,-2.1416485984102778,1.9370450673732191,50.25684836141202,0.0,50.25684836141202,50.25684836141202,4.724814243481566,1.6457415942916398,3.1937368305572784,6.52799230974603,3.5007189683594637,1.5606868998142835,1.58119774619205,5.17482217151031,55.266449218798584,0.1844608615741503,55.06861895867343,55.550138724347015,540.0,0.0,540.0,540.0,0.375,0.0,0.375,0.375,0.3092592592592592,0.0,0.3092592592592592,0.3092592592592592,0.187037037037037,0.0,0.187037037037037,0.187037037037037,69.7,0.0,69.7,69.7,94.9,0.0,94.9,94.9,0.0,0.0,0,0,0.0,0.0,0.0,0.0,1.225,0.0,1.225,1.225,33.64193282477605,2.869204619272414,30.20692157259221,36.622516933392056,67.81419181484222,0.2501880740923213,67.48178454934558,68.08652088682409,0.0,0.0,0.0,0.0,0.0,0.0,0.0,0.0,0.0,0.0,0.0,0.0,0.0,0.0,0.0,0.0,0.0,0.0,0.0,0.0,62.620000000000005,0.5449770637375458,62.1,63.4,user_001,5
2024-01-02 03:15:00,0.0,0.0,0,0,4504.0,0.0,4504,4504,4.1579999999999995,0.1302075266641676,3.948,4.298,53.93861945851139,1.8289919507991448,51.926195515630695,56.85608689583586,55.87475794737561,2.696099328350106,52.274315809431506,58.90747378524702,97.464,0.1409964538561132,97.26,97.62,33.3084,0.1240919014279323,33.153999999999996,33.464,1.0,0.0,1,1,45.534728402865674,4.045987504266337,39.61121994475773,50.1752448757049,54.0,6.284902544988267,49,64,52.7,9.169242062460778,40.5,65.1,48.3,16.10295004028765,29.6,65.7,97.62,0.9833615815151596,96.3,98.6,33.3,0.1981161275615909,33.04,33.56,4.21,0.6753147414354288,3.44,4.99,53.79310882182379,0.2232486802710951,53.54284067247595,54.01426100871392,53.71951100173245,0.1032872440682261,53.60617040616892,53.86047810492225,0.0306902707443029,2.453513142180214,-2.618695631945286,3.571956552082064,50.25684836141202,0.0,50.25684836141202,50.25684836141202,3.3953328877655453,0.103813366619565,3.226110312431206,3.5085747873795805,2.4207224489953054,0.2490708752003695,2.056980023739936,2.696099328350401,55.629820473257425,0.1207837120589554,55.5209053010411,55.82225420787011,540.0,0.0,540.0,540.0,0.375,0.0,0.375,0.375,0.3092592592592592,0.0,0.3092592592592592,0.3092592592592592,0.187037037037037,0.0,0.187037037037037,0.187037037037037,69.7,0.0,69.7,69.7,94.9,0.0,94.9,94.9,0.0,0.0,0,0,0.0,0.0,0.0,0.0,1.225,0.0,1.225,1.225,29.59346536910281,1.0097300850668716,28.742276404168543,31.250955143305426,68.17208337889599,0.1880776663773537,67.91061197314035,68.40131878143602,0.0,0.0,0.0,0.0,0.0,0.0,0.0,0.0,0.0,0.0,0.0,0.0,0.0,0.0,0.0,0.0,0.0,0.0,0.0,0.0,62.58,1.2676750372236538,61.5,64.6,user_001,5
2024-01-02 03:20:00,0.0,0.0,0,0,4504.0,0.0,4504,4504,4.2056,0.1002337268587773,4.0600000000000005,4.338,54.954056883425366,1.2091408636897212,53.35224905532715,56.43884056172914,52.45132614944863,2.353271152361479,48.40350098057229,54.346000435809906,97.156,0.1013903348450873,97.0,97.28,33.7564,0.1579392288191902,33.592,33.926,1.0,0.0,1,1,45.36753625058314,2.247660019301599,43.704986642114555,49.224438507606465,54.6,4.39317652729776,49,61,53.279999999999994,8.705285750623009,38.7,60.9,44.04,9.984137418926084,34.5,60.0,97.0,0.7483314773547899,96.0,98.0,33.648,0.2171865557533396,33.34,33.87,4.0600000000000005,0.5594640292279743,3.49,4.85,54.91382503003441,0.4907181120924771,54.09241297234093,55.39662798770708,54.303337525605365,0.2386090166708348,53.95142984772595,54.55213429090883,-0.1770284417126845,1.670007053121376,-2.176124527663582,2.2805797191354245,50.25684836141202,0.0,50.25684836141202,50.25684836141202,3.488816226493442,0.3968835942885308,3.040246948878439,3.94249686164275,2.4817345924653886,0.5707391426879759,2.105629777346285,3.489478118481,55.77777882775406,0.3199830936038293,55.37947380515162,56.11322409238672,540.0,0.0,540.0,540.0,0.375,0.0,0.375,0.375,0.3092592592592592,0.0,0.3092592592592592,0.3092592592592592,0.187037037037037,0.0,0.187037037037037,0.187037037037037,69.7,0.0,69.7,69.7,94.9,0.0,94.9,94.9,0.0,0.0,0,0,0.0,0.0,0.0,0.0,1.225,0.0,1.225,1.225,35.32629389140686,1.8532291945294173,32.67091671157745,37.17017911094183,67.34682071361603,0.1940833656880871,67.07667570989466,67.53303619282005,0.0,0.0,0.0,0.0,0.0,0.0,0.0,0.0,0.0,0.0,0.0,0.0,0.0,0.0,0.0,0.0,0.0,0.0,0.0,0.0,61.260000000000005,0.8677557259966644,60.3,62.5,user_001,5
2024-01-02 03:25:00,0.0,0.0,0,0,4504.0,0.0,4504,4504,4.5404,0.201397120138298,4.292,4.726000000000001,56.198888149257655,2.6406620698235805,53.82322180236762,60.35502868218299,54.96700591268459,4.687399096901509,47.57848565409842,59.76488908258218,96.96,0.3072458299147387,96.6,97.43999999999998,33.6092,0.3283613862804216,33.257999999999996,33.95,1.0,0.0,1,1,40.99062205768996,4.832225426827808,35.62828414965066,48.61208419248908,59.0,5.244044240850758,53,67,52.260000000000005,12.031749664948984,35.7,65.5,42.44,14.353675487484033,26.3,62.3,97.0,0.908295106229246,95.4,97.6,33.738,0.8915828621053717,32.83,35.2,4.724,0.7338119650155619,3.67,5.65,54.98206749366708,0.7135269234621746,54.4462475037446,56.198888149257655,54.613525929297815,0.2070251480003376,54.430578203366885,54.93498613433092,1.400555925371168,1.356339226471915,-0.4116109011838134,3.322485658908498,50.25684836141202,0.0,50.25684836141202,50.25684836141202,3.203318877195554,0.3962359323178447,2.7489036206277837,3.7389632977763334,3.4668129617062826,0.976646046015212,2.476005154536903,4.687399096901667,55.43982821325704,0.1876718995901161,55.19656993867566,55.63811569535356,540.0,0.0,540.0,540.0,0.375,0.0,0.375,0.375,0.3092592592592592,0.0,0.3092592592592592,0.3092592592592592,0.187037037037037,0.0,0.187037037037037,0.187037037037037,69.7,0.0,69.7,69.7,94.9,0.0,94.9,94.9,0.0,0.0,0,0,0.0,0.0,0.0,0.0,1.225,0.0,1.225,1.225,33.487525195462766,1.8613592529107883,31.572232039327975,35.72663830038148,67.35121489184883,0.5793411521390625,66.33859192304934,67.7668074080638,0.2,0.4472135954999579,0.0,1.0,0.0,0.0,0.0,0.0,0.0,0.0,0.0,0.0,0.0,0.0,0.0,0.0,0.2,0.4472135954999579,0.0,1.0,62.6,0.4415880433163935,62.0,63.0,user_001,5
2024-01-02 03:30:00,0.0,0.0,0,0,4504.0,0.0,4504,4504,4.490399999999999,0.1967607684473706,4.298,4.776,57.10108815134257,1.6436003211451236,55.40346245573985,59.236685788122,48.96890612841936,1.800693021125037,47.21899043606561,51.70933049957499,97.056,0.2151278689523998,96.84,97.34,33.160399999999996,0.1685431695441859,33.007999999999996,33.364,1.0,0.0,1,1,49.11415599113613,2.5817741254850555,46.49004132197316,52.985061982959735,55.2,1.9235384061671343,52,57,49.62,7.023318304049733,43.9,60.2,49.4,12.165730557594973,33.5,64.9,96.84,1.3164345787011174,95.5,98.8,33.089999999999996,0.4167133307202924,32.54,33.55,4.432,0.546552833676672,3.93,5.35,57.759119999166025,0.5719757641307902,57.10108815134257,58.37744834052078,55.40597872319971,0.1775255715437294,55.12332408955395,55.55505898949746,-0.9505440756712844,0.6964956159601442,-1.701731227869928,0.1988458480867194,50.25684836141202,0.0,50.25684836141202,50.25684836141202,3.2681948296956747,0.4279762924578946,2.518012025720016,3.564243776339302,3.238353823459127,1.645940978129957,1.8006930211249623,5.600409684917787,54.55129699378968,0.3019548038981101,54.088327454201455,54.88215773689488,540.0,0.0,540.0,540.0,0.375,0.0,0.375,0.375,0.3092592592592592,0.0,0.3092592592592592,0.3092592592592592,0.187037037037037,0.0,0.187037037037037,0.187037037037037,69.7,0.0,69.7,69.7,94.9,0.0,94.9,94.9,0.0,0.0,0,0,0.0,0.0,0.0,0.0,1.225,0.0,1.225,1.225,42.4123112657737,2.554384400054257,38.303001569843744,44.49759209537234,64.22943793453283,0.7706728385689398,63.43061675938761,65.332015288608,0.0,0.0,0.0,0.0,0.0,0.0,0.0,0.0,0.0,0.0,0.0,0.0,0.0,0.0,0.0,0.0,0.0,0.0,0.0,0.0,60.54,0.99146356463563,59.7,61.8,user_001,5
2024-01-02 03:35:00,0.0,0.0,0,0,4504.0,0.0,4504,4504,4.0920000000000005,0.1553898323572039,3.890000000000001,4.319999999999999,55.058579509641824,1.0621401115774274,53.93378929458303,56.40068394187455,46.326522617734234,1.3781289846399538,45.07081355536667,48.56480602460741,97.296,0.1252198067399919,97.14,97.46,33.241200000000006,0.1239725776129529,33.076,33.39,1.0,0.0,1,1,51.71198762023192,0.6105880142055217,50.93013161915519,52.54519742873279,55.2,4.868264577855234,49,60,44.82,6.338532953294477,36.8,53.8,52.64,3.2898328225002564,47.7,55.6,97.46,0.4669047011971515,96.8,98.0,33.3,0.5294808778416874,32.85,34.17,4.044,0.5450504563799576,3.2,4.7,55.3770034566803,0.4574668397429424,54.98786926446273,56.13405876756171,55.38317415284935,0.0573240388577894,55.31210394420828,55.44669288422109,0.0707102451790888,1.9280656679705497,-2.466894647291518,2.022070235138983,50.25684836141202,0.0,50.25684836141202,50.25684836141202,2.8692790163710753,0.3098043016084973,2.445896300795152,3.130811393044943,2.1806115151016363,0.5832312128463698,1.3781289846395934,2.658830271134076,53.083375187110846,0.3097528799372043,52.66322281975766,53.53444052502319,540.0,0.0,540.0,540.0,0.375,0.0,0.375,0.375,0.3092592592592592,0.0,0.3092592592592592,0.3092592592592592,0.187037037037037,0.0,0.187037037037037,0.187037037037037,69.7,0.0,69.7,69.7,94.9,0.0,94.9,94.9,0.0,0.0,0,0,0.0,0.0,0.0,0.0,1.225,0.0,1.225,1.225,42.76097399594025,0.7130517970284853,42.03969952447929,43.90613776918739,62.281493480311326,0.5286394614051563,61.45731863948003,62.87136606628889,0.0,0.0,0.0,0.0,0.0,0.0,0.0,0.0,0.0,0.0,0.0,0.0,0.0,0.0,0.0,0.0,0.0,0.0,0.0,0.0,58.96,0.944986772394195,58.2,60.5,user_001,5
2024-01-02 03:40:00,0.0,0.0,0,0,4504.0,0.0,4504,4504,4.218,0.1708332520325018,3.915999999999999,4.324,54.0793191123808,2.6045541373707555,51.38634262315495,57.303906353148,49.99978898669751,3.7637884296456345,45.526609192476265,54.48566198295594,97.532,0.1466969665671364,97.36,97.74,33.499199999999995,0.1130805022981438,33.312,33.588,1.0,0.0,1,1,51.073841991141656,5.769094848485016,42.89318027932227,57.6096556284751,53.4,7.092249290598858,43,60,52.66,7.355814027012916,45.7,61.1,49.96,16.692303615738602,27.4,62.8,97.52,0.6379655163094601,96.9,98.5,33.548,0.2811049626029383,33.05,33.73,4.3020000000000005,0.6573203176534251,3.43,4.95,54.9917041589044,0.7738406521370963,54.0793191123808,55.892702004285255,55.302804826712666,0.0796778049949969,55.21597114947324,55.39426841964812,-0.3396595561904093,2.7377817346795643,-4.289756967366223,2.8712191256150135,50.25684836141202,0.0,50.25684836141202,50.25684836141202,2.179095473003517,0.5348041826527355,1.6011227590251331,2.7567763122430966,2.535595657546879,1.3123994331517863,1.2617855340928832,4.007497495713971,51.822735278412395,0.3353344742855424,51.43138462372666,52.32659299094955,540.0,0.0,540.0,540.0,0.375,0.0,0.375,0.375,0.3092592592592592,0.0,0.3092592592592592,0.3092592592592592,0.187037037037037,0.0,0.187037037037037,0.187037037037037,69.7,0.0,69.7,69.7,94.9,0.0,94.9,94.9,0.0,0.0,0,0,0.0,0.0,0.0,0.0,1.225,0.0,1.225,1.225,42.130914109892906,2.6694647657828035,38.42245608775299,44.54898104878181,59.97731040844966,0.4747018954302346,59.47567136864261,60.59563304003644,0.0,0.0,0.0,0.0,0.0,0.0,0.0,0.0,0.0,0.0,0.0,0.0,0.0,0.0,0.0,0.0,0.0,0.0,0.0,0.0,59.56,0.9476286192385722,58.3,60.9,user_001,5
2024-01-02 03:45:00,0.0,0.0,0,0,4504.0,0.0,4504,4504,4.0156,0.2094153767038126,3.756,4.294,53.50921074730939,1.2594309918884403,51.96520348111702,54.98453488049645,55.08630966079967,4.938414635738173,49.19362754798041,60.924667169971435,98.032,0.2291724241701011,97.66,98.28,33.4624,0.0542107000508182,33.426,33.556,1.0,0.0,1,1,44.17318083833964,5.457440312447317,37.32916809036574,49.74141345747656,53.8,3.8340579025361623,49,58,58.620000000000005,9.643495216984354,43.4,68.7,39.56,9.766422067471792,27.1,51.5,98.12,0.8043631020876086,97.3,99.2,33.426,0.4048826990623337,32.86,33.81,3.958,0.4175763403259335,3.42,4.51,53.18804334602855,0.3526008207449538,52.76858627216924,53.50921074730941,55.201960580746785,0.0613169639572971,55.125285638339406,55.265226019597,0.1453946263452962,1.4290269734424843,-1.7239026108377755,2.011598839627652,50.25684836141202,0.0,50.25684836141202,50.25684836141202,3.0602651691483347,0.1658414375729932,2.7858736022250765,3.2007788450346686,3.150003668987522,1.2337491827173304,1.9014535106593544,4.9384146357383285,51.07656321910506,0.1351730625992168,50.977447295919006,51.299976575964,540.0,0.0,540.0,540.0,0.375,0.0,0.375,0.375,0.3092592592592592,0.0,0.3092592592592592,0.3092592592592592,0.187037037037037,0.0,0.187037037037037,0.187037037037037,69.7,0.0,69.7,69.7,94.9,0.0,94.9,94.9,0.0,0.0,0,0,0.0,0.0,0.0,0.0,1.225,0.0,1.225,1.225,34.25954170291638,1.866819083024246,31.71054961251013,36.844215502095736,61.80955299293281,0.9554024468515872,60.70448497826541,63.104805518632915,0.0,0.0,0.0,0.0,0.0,0.0,0.0,0.0,0.0,0.0,0.0,0.0,0.0,0.0,0.0,0.0,0.0,0.0,0.0,0.0,62.040000000000006,1.721336689901195,60.6,64.2,user_001,5
2024-01-02 03:50:00,0.0,0.0,0,0,4504.0,0.0,4504,4504,4.225199999999999,0.237333520599177,3.96,4.52,53.54359976919301,1.3051285312282597,51.6883031862709,55.125535457513934,53.57087205409707,1.7400385674927616,51.09748703472874,55.64434582813968,97.404,0.2268920448142706,97.18,97.78,33.4204,0.0781971866501601,33.342,33.546,1.0,0.0,1,1,50.382970316159955,2.8061033058009346,47.979630262384774,53.87174229996586,53.6,4.9295030175464944,49,62,49.64,6.637996685747892,41.5,59.0,57.0,8.908422980528035,47.5,70.0,97.32,0.8497058314499197,96.1,98.1,33.396,0.2408941676338433,33.22,33.82,4.288,0.8367317371774539,3.5,5.63,53.66624439124655,0.1979590368520643,53.51539965378951,53.97309948068427,54.99403047428215,0.1180853288345822,54.85600469311465,55.155682505928624,0.0282001154034972,1.9313871585471016,-1.3441515931354502,3.437232271243033,50.25684836141202,0.0,50.25684836141202,50.25684836141202,3.678218092665589,0.3062751515252885,3.3532132697230455,4.032553564576351,3.0046506294022395,0.7611639849259797,1.7400385674930838,3.7982825932588153,51.46936360635677,0.1283128216390689,51.32553993953156,51.594851340108114,540.0,0.0,540.0,540.0,0.375,0.0,0.375,0.375,0.3092592592592592,0.0,0.3092592592592592,0.3092592592592592,0.187037037037037,0.0,0.187037037037037,0.187037037037037,69.7,0.0,69.7,69.7,94.9,0.0,94.9,94.9,0.0,0.0,0,0,0.0,0.0,0.0,0.0,1.225,0.0,1.225,1.225,31.11325946834388,1.4279201639700794,30.14391442842749,33.55828933075363,64.78767807042908,0.8215973943830314,63.70549259340043,65.7509401962633,0.0,0.0,0.0,0.0,0.0,0.0,0.0,0.0,0.0,0.0,0.0,0.0,0.0,0.0,0.0,0.0,0.0,0.0,0.0,0.0,61.56,0.8018728078691766,60.2,62.3,user_001,5
2024-01-02 03:55:00,0.0,0.0,0,0,4504.0,0.0,4504,4504,4.6588,0.1031368023549307,4.576,4.8020000000000005,56.41397198606656,1.6040536175969156,54.08369030500929,58.13590823852127,52.13032059971648,3.068232883647821,47.271685535437534,54.45443868210166,97.8,0.1562049935181422,97.54,97.94,33.518,0.1731473361042569,33.372,33.792,1.0,0.0,1,1,50.63989732558485,2.4191519447004386,48.4619977185084,53.414494866643906,56.8,4.43846820423443,52,61,50.6,8.127115109311545,39.9,61.1,50.32,7.611964266863054,39.1,60.0,97.86,0.4449719092257379,97.4,98.4,33.572,0.4854585461190283,33.14,34.32,4.578,0.9815396069441112,3.28,5.5,55.01185111325058,1.3002470593910365,53.495733179462,56.41397198606658,54.998994410879405,0.0751145419950568,54.91007615990281,55.09310898565021,0.193014006966716,1.722963888869271,-2.0453027461737534,1.9721032316635745,50.25684836141202,0.0,50.25684836141202,50.25684836141202,2.24959703716956,0.1795370358432659,2.0574845329711007,2.537544840632638,1.946644294131642,0.645390882312823,1.402559669750188,3.0682328836479336,51.155779020864536,0.163252349281359,51.01378667457739,51.404378373381384,540.0,0.0,540.0,540.0,0.375,0.0,0.375,0.375,0.3092592592592592,0.0,0.3092592592592592,0.3092592592592592,0.187037037037037,0.0,0.187037037037037,0.187037037037037,69.7,0.0,69.7,69.7,94.9,0.0,94.9,94.9,0.0,0.0,0,0,0.0,0.0,0.0,0.0,1.225,0.0,1.225,1.225,35.76712184002074,2.14886831657273,33.5089231574262,38.49778951154975,66.48619595009436,0.4181383453555382,65.90543876354288,66.94664751172914,0.0,0.0,0.0,0.0,0.0,0.0,0.0,0.0,0.0,0.0,0.0,0.0,0.0,0.0,0.0,0.0,0.0,0.0,0.0,0.0,62.6,1.2165525060596425,60.7,63.7,user_001,5
2024-01-02 04:00:00,0.0,0.0,0,0,4504.0,0.0,4504,4504,4.504,0.1427515323910745,4.35,4.68,56.14998808046967,1.0585302298548744,54.71563529117333,57.06040366156501,48.6692603258886,2.0750129963043267,46.084203121611125,51.74853472071606,97.232,0.2133541656495202,96.94,97.54,33.8748,0.1616329174394837,33.64,34.066,1.0,0.0,1,1,53.207229277443275,4.3384370514355295,48.83199954933499,58.52133303288999,55.6,3.847076812334269,51,59,50.46,6.918670392495945,39.7,58.6,51.67999999999999,16.59870476874627,34.4,77.9,97.26,1.20540449642433,95.7,98.5,33.81,0.6833739825307946,33.04,34.74,4.37,0.5404165060395545,3.79,4.94,56.705593562238754,0.427586141987938,56.14998808046967,57.206209771585144,54.82340667139152,0.0385195917050206,54.783000951897975,54.87841880843713,-0.2749940402348372,1.4412690375080714,-1.857817645586671,1.213273531619997,50.25684836141202,0.0,50.25684836141202,50.25684836141202,2.340020719552498,0.2117811357337495,2.0732644837109793,2.5570591727251673,2.179832117144733,0.756902765182219,1.1922210900293833,3.2264059762858293,50.981976386835385,0.0655220888928657,50.87910189456672,51.03797926277514,540.0,0.0,540.0,540.0,0.375,0.0,0.375,0.375,0.3092592592592592,0.0,0.3092592592592592,0.3092592592592592,0.187037037037037,0.0,0.187037037037037,0.187037037037037,69.7,0.0,69.7,69.7,94.9,0.0,94.9,94.9,0.0,0.0,0,0,0.0,0.0,0.0,0.0,1.225,0.0,1.225,1.225,42.475494236151,1.1859615328738553,40.721671151855574,43.71094852354889,64.55832090159204,1.0091350394199885,63.270112982132154,65.69438163147983,0.0,0.0,0.0,0.0,0.0,0.0,0.0,0.0,0.0,0.0,0.0,0.0,0.0,0.0,0.0,0.0,0.0,0.0,0.0,0.0,60.1,0.7874007874011819,59.0,61.0,user_001,5
2024-01-02 04:05:00,0.0,0.0,0,0,4504.0,0.0,4504,4504,4.717599999999999,0.0900821846981966,4.574,4.808,57.112755631996,0.3393539700438587,56.651393462743705,57.477090194115554,51.45265979600178,1.4576185784607358,49.23235648047737,53.125491769101046,97.168,0.1285301521044747,97.02,97.36,33.611599999999996,0.0885708755743058,33.486000000000004,33.715999999999994,1.0,0.0,1,1,47.48926476081557,2.4094421014653142,43.680763890356616,49.63507812995358,58.0,3.082207001484488,55,63,51.14,5.331791443783223,44.2,57.5,45.260000000000005,9.064380839307228,32.3,54.4,97.12,0.5263078946776281,96.4,97.8,33.652,0.3458612438536593,33.11,34.02,4.776,0.5612307903171385,4.31,5.71,56.53489297938946,0.3833284013072805,56.15555025798652,57.112755631996,55.01638825850971,0.0997929526042182,54.89496324500681,55.13480755456924,0.4436221840019996,1.3993991600857243,-0.8256967313718491,2.7614549029422264,50.25684836141202,0.0,50.25684836141202,50.25684836141202,2.458528937443955,0.3705133095161862,1.8744359431098805,2.85875902347228,1.8831987236120884,0.4379282709375193,1.4342225715387094,2.468261673995026,51.462924188115494,0.2786869415459467,51.10256380499262,51.81820190386686,540.0,0.0,540.0,540.0,0.375,0.0,0.375,0.375,0.3092592592592592,0.0,0.3092592592592592,0.3092592592592592,0.187037037037037,0.0,0.187037037037037,0.187037037037037,69.7,0.0,69.7,69.7,94.9,0.0,94.9,94.9,0.0,0.0,0,0,0.0,0.0,0.0,0.0,1.225,0.0,1.225,1.225,40.61479375773364,1.0998085834582505,39.406384733570704,42.11238307106515,62.23909859334767,0.4246785026876329,61.79505964322639,62.79639826744408,0.0,0.0,0.0,0.0,0.0,0.0,0.0,0.0,0.0,0.0,0.0,0.0,0.0,0.0,0.0,0.0,0.0,0.0,0.0,0.0,61.48,0.4549725266430968,60.8,61.9,user_001,5
2024-01-02 04:10:00,0.0,0.0,0,0,4504.0,0.0,4504,4504,4.8904000000000005,0.0862020881417612,4.8020000000000005,5.0280000000000005,57.028840247834864,1.1366650816666164,55.54246838739423,58.31370258109136,49.27376589906196,1.195806662105161,47.78247048305667,50.6605585868775,97.72,0.299332590941918,97.3,98.02,33.634,0.0867064011477817,33.55,33.766,1.0,0.0,1,1,46.70294844586872,5.260759800455938,40.68717592690441,53.62339277568483,56.8,4.43846820423443,50,61,48.0,4.272001872658767,44.8,55.1,50.68,14.538638175565136,34.7,64.5,97.86,0.9396807968666798,96.8,98.8,33.606,0.4292202231955054,33.07,34.12,4.892,0.670350654508519,3.95,5.69,57.233566153664455,0.1812060037475238,57.028840247834864,57.51489055762845,55.39003192430306,0.2106586867758765,55.15653836971283,55.626394410478255,-0.114420123917435,1.7395981175486694,-2.7712341936971256,1.3431487094543186,50.25684836141202,0.0,50.25684836141202,50.25684836141202,1.4695290820155822,0.1499564510409423,1.212177715092359,1.5987283033955366,1.2817295601554548,0.2901260970512669,1.0409618015243265,1.7730434257374654,51.91173487250903,0.1413863572037089,51.6971980559276,52.031793438755635,540.0,0.0,540.0,540.0,0.375,0.0,0.375,0.375,0.3092592592592592,0.0,0.3092592592592592,0.3092592592592592,0.187037037037037,0.0,0.187037037037037,0.187037037037037,69.7,0.0,69.7,69.7,94.9,0.0,94.9,94.9,0.0,0.0,0,0,0.0,0.0,0.0,0.0,1.225,0.0,1.225,1.225,41.43083696518105,1.024260987923381,39.964307275627085,42.597717917677144,60.89491644564747,0.2699923226146755,60.718211101318865,61.352606886872614,0.0,0.0,0.0,0.0,0.0,0.0,0.0,0.0,0.0,0.0,0.0,0.0,0.0,0.0,0.0,0.0,0.0,0.0,0.0,0.0,61.36,0.8080841540334768,60.6,62.5,user_001,5
2024-01-02 04:15:00,0.0,0.0,0,0,4504.0,0.0,4504,4504,4.638800000000001,0.1585534610155197,4.426,4.782,57.69021764580542,1.3627410449698394,56.1812283234359,59.907763727730774,49.16987863691351,2.5520148798643154,46.286660836159335,51.979991254239,98.468,0.108258948821797,98.3,98.6,33.5072,0.045576309635598,33.448,33.562,1.0,0.0,1,1,49.087713375587654,4.363642763601321,43.42174600761032,53.25410933671569,58.2,5.848076606885378,52,67,48.72,8.275687282637014,34.9,54.9,48.940000000000005,14.27403236650387,36.0,71.2,98.48,0.8671793355471553,97.1,99.3,33.5,0.2709243436828816,33.15,33.81,4.678,0.678689914467572,3.95,5.42,57.41544904081178,0.2298828444460831,57.05298970306219,57.69021764580542,56.09459954010026,0.2017210188270698,55.81759627365216,56.32322889356092,0.254891177097295,2.347395742651267,-2.63592124257692,3.5461181361346235,50.25684836141202,0.0,50.25684836141202,50.25684836141202,2.176229082778863,0.6430247507117874,1.5243549451282334,2.902031715245952,1.77364979129313,0.6262350683351063,1.1849926703585696,2.552014879864266,51.38842873492574,0.4369703902779094,50.71112621861324,51.72924314839618,540.0,0.0,540.0,540.0,0.375,0.0,0.375,0.375,0.3092592592592592,0.0,0.3092592592592592,0.3092592592592592,0.187037037037037,0.0,0.187037037037037,0.187037037037037,69.7,0.0,69.7,69.7,94.9,0.0,94.9,94.9,0.0,0.0,0,0,0.0,0.0,0.0,0.0,1.225,0.0,1.225,1.225,42.74989184811244,0.6375787116745452,41.767091002405834,43.463617090179255,60.87482739199588,0.2389433015629713,60.56155979283464,61.18588662321718,0.0,0.0,0.0,0.0,0.0,0.0,0.0,0.0,0.0,0.0,0.0,0.0,0.0,0.0,0.0,0.0,0.0,0.0,0.0,0.0,62.279999999999994,0.8197560612767683,61.6,63.6,user_001,5
2024-01-02 04:20:00,0.0,0.0,0,0,4504.0,0.0,4504,4504,4.388800000000001,0.1745313725380056,4.138,4.596000000000001,59.11146899039413,0.9389419820841765,58.09073431805509,60.28614350164596,52.62401693984045,3.02766917171727,47.59234395145461,54.89489596763641,97.832,0.4119708727568016,97.32,98.32,33.6364,0.0805034160765891,33.519999999999996,33.742000000000004,1.0,0.0,1,1,45.417970485674104,1.9048997058710064,43.1637746837957,48.368493038540315,60.0,1.7320508075688767,59,63,54.760000000000005,14.955868413435576,34.5,69.5,42.4,10.375692747956638,29.1,54.7,97.72,0.8167006795638186,96.6,98.6,33.742000000000004,0.536535180579989,32.89,34.27,4.470000000000001,0.6602272336097629,3.48,5.07,58.15149946216452,0.7467465882927083,57.32681176387028,59.11146899039413,56.84214205191993,0.3317338159864207,56.448819262373945,57.25120709709445,0.4442655048029366,0.6370615928187653,-0.4287145005486508,1.356928249177031,50.25684836141202,0.0,50.25684836141202,50.25684836141202,5.3271096470685695,0.6858333115917489,4.251013554775622,6.077711264100515,3.6529926425951498,0.4946744357701249,3.027669171717402,4.23693710550023,50.54579034095043,0.0931231110248761,50.46329665736688,50.70075081240882,540.0,0.0,540.0,540.0,0.375,0.0,0.375,0.375,0.3092592592592592,0.0,0.3092592592592592,0.3092592592592592,0.187037037037037,0.0,0.187037037037037,0.187037037037037,69.7,0.0,69.7,69.7,94.9,0.0,94.9,94.9,0.0,0.0,0,0,0.0,0.0,0.0,0.0,1.225,0.0,1.225,1.225,42.180200979365395,0.9198883696493444,40.93422265268484,43.11526915564165,60.57827677972101,0.1522445591251641,60.48606793941112,60.84640453032064,0.0,0.0,0.0,0.0,0.0,0.0,0.0,0.0,0.0,0.0,0.0,0.0,0.0,0.0,0.0,0.0,0.0,0.0,0.0,0.0,63.34,0.8384509526501837,62.0,64.3,user_001,5
2024-01-02 04:25:00,0.0,0.0,0,0,4504.0,0.0,4504,4504,4.7024,0.1687566294994074,4.528,4.932,59.122497974043675,1.5680654156272542,57.05118406598812,61.36516414847328,52.42324502911479,3.698244057607899,46.414142678865694,55.92121401829854,97.276,0.1796663574517998,97.02,97.5,33.4816,0.1085486066239455,33.352,33.588,1.0,0.0,1,1,45.91035002280482,4.944628691584764,40.93741472112465,53.424943147416435,58.0,5.291502622129181,52,66,53.48,15.884804059225912,27.4,67.4,44.56,21.254952364096233,27.4,78.4,97.2,0.2121320343559633,96.9,97.5,33.352,0.3609986149557918,32.91,33.79,4.554,0.852807129426109,3.86,5.96,59.43558840654019,0.3054221039570454,59.12249797404367,59.82562044159827,57.57943160080153,0.1259805847814503,57.4008047313963,57.702628095090624,-0.5612489870218382,1.9527143904124,-2.525592032994062,2.3174179257633583,50.25684836141202,0.0,50.25684836141202,50.25684836141202,4.918026934540954,0.7542429959048195,3.9332419183370737,5.712871093967708,3.116862492402879,0.7718331847972286,1.8512679835088248,3.698244057608001,50.44180503804011,0.128728999008427,50.274809985057914,50.602137771136846,540.0,0.0,540.0,540.0,0.375,0.0,0.375,0.375,0.3092592592592592,0.0,0.3092592592592592,0.3092592592592592,0.187037037037037,0.0,0.187037037037037,0.187037037037037,69.7,0.0,69.7,69.7,94.9,0.0,94.9,94.9,0.0,0.0,0,0,0.0,0.0,0.0,0.0,1.225,0.0,1.225,1.225,41.4741293510838,1.0836469610769934,39.774802260447714,42.446630424256306,60.73140138446668,0.229482034247376,60.531046507818765,61.01901696061603,0.0,0.0,0.0,0.0,0.0,0.0,0.0,0.0,0.0,0.0,0.0,0.0,0.0,0.0,0.0,0.0,0.0,0.0,0.0,0.0,62.84,0.5366563145999513,62.4,63.6,user_001,5
2024-01-02 04:30:00,0.0,0.0,0,0,4504.0,0.0,4504,4504,4.462400000000001,0.1850156750116059,4.162,4.628,56.59555528876295,1.985767323379136,54.015165649181675,59.03412271065874,50.46363720548014,4.722409228994099,43.57078893202662,56.82641264558984,97.42,0.1794435844492634,97.22,97.64,33.3996,0.1399385579459773,33.21,33.548,1.0,0.0,1,1,47.19527243098664,4.614363620988392,42.322205377012274,53.61769048207771,56.0,6.670832032063167,46,63,49.0,16.25069229294555,28.4,65.8,47.56,17.705309937981884,22.5,65.9,97.44,0.5683308895353103,96.7,98.0,33.402,0.4769381511265368,32.87,33.82,4.628,0.821139452224773,3.26,5.44,57.85077707411229,1.2035115274778023,56.59555528876295,59.21499864936245,57.77029551944712,0.0203887883320049,57.74866727804259,57.8011680422625,-0.2977776443814747,2.578922112529815,-4.007582824590827,2.328278116939444,50.25684836141202,0.0,50.25684836141202,50.25684836141202,5.438247127280059,0.6970017700461012,4.619595046894266,6.248288806596855,4.173131095832365,0.8754719077516391,2.7885846520593445,5.091621870112509,50.94570820802723,0.0787940946257593,50.899202958535675,51.08520131490475,540.0,0.0,540.0,540.0,0.375,0.0,0.375,0.375,0.3092592592592592,0.0,0.3092592592592592,0.3092592592592592,0.187037037037037,0.0,0.187037037037037,0.187037037037037,69.7,0.0,69.7,69.7,94.9,0.0,94.9,94.9,0.0,0.0,0,0,0.0,0.0,0.0,0.0,1.225,0.0,1.225,1.225,40.15063353459019,1.0336122540399286,38.527813640275745,41.30896446244676,61.45709116380308,0.1383960428689611,61.30818755024739,61.67646836894956,0.0,0.0,0.0,0.0,0.2,0.4472135954999579,0.0,1.0,0.0,0.0,0.0,0.0,0.0,0.0,0.0,0.0,0.2,0.4472135954999579,0.0,1.0,61.260000000000005,1.9243180610283728,59.4,64.3,user_001,5
2024-01-02 04:35:00,0.0,0.0,0,0,4504.0,0.0,4504,4504,4.6616,0.1006419395679556,4.566,4.81,57.27348876230624,0.9042556238031272,56.0415305627205,58.56786090747274,46.51389461142126,2.7884714521473444,41.99052620879539,49.19578942613128,97.552,0.1527088733505653,97.34,97.72,33.4548,0.1265353705491092,33.3,33.629999999999995,1.0,0.0,1,1,54.813698427125814,3.4617745407134053,52.01632138035591,60.624482070533865,58.0,2.23606797749979,55,61,45.8,9.38669270829721,33.3,56.1,58.52,16.077841894980804,34.8,75.0,97.5,0.6204836822995418,96.9,98.5,33.516,0.5486164416056084,32.86,34.37,4.6259999999999994,0.250659131092406,4.4,4.97,56.48882661058269,0.6149987678712594,55.79802457278354,57.27348876230624,57.76261779131265,0.0320351121606291,57.72903730875967,57.803678151524544,0.3632556188468839,0.9408333460152012,-1.1892869691575785,1.2160695462636326,50.25684836141202,0.0,50.25684836141202,50.25684836141202,4.844336134881765,0.9173476336203016,3.412733054030757,5.844938740522269,3.2030284091804617,0.2968750493038777,2.788471452147169,3.610122607099599,50.4165843456387,0.3471778138348349,50.07807305363869,50.87191150071251,540.0,0.0,540.0,540.0,0.375,0.0,0.375,0.375,0.3092592592592592,0.0,0.3092592592592592,0.3092592592592592,0.187037037037037,0.0,0.187037037037037,0.187037037037037,69.7,0.0,69.7,69.7,94.9,0.0,94.9,94.9,0.0,0.0,0,0,0.0,0.0,0.0,0.0,1.225,0.0,1.225,1.225,44.353203596392234,1.872031195998202,42.042822090879426,46.166942812935176,60.75328760051567,0.611123528500812,60.14363048128336,61.400089514075994,0.0,0.0,0.0,0.0,0.2,0.447213595499958,0.0,1.0,0.0,0.0,0.0,0.0,0.0,0.0,0.0,0.0,0.2,0.447213595499958,0.0,1.0,60.279999999999994,0.7694153624668517,59.1,61.1,user_001,5
2024-01-02 04:40:00,0.0,0.0,0,0,4504.0,0.0,4504,4504,4.6308,0.0518960499460221,4.569999999999999,4.706,58.054945022196705,0.9438696678759776,56.741211382823394,59.11181707423509,47.15787912578388,2.525505835038347,43.60163741750742,50.353684189391686,97.736,0.1669730517179415,97.48,97.92,33.5344,0.0362049720342399,33.492000000000004,33.578,1.0,0.0,1,1,50.632009669415744,3.9611880421883905,44.96039152010545,55.571285120046866,57.8,3.768288736283354,52,61,45.879999999999995,8.065791963595391,34.4,55.8,50.5,13.73644786689776,31.8,68.9,97.92,0.4969909455915653,97.3,98.6,33.552,0.3796314001765402,33.03,33.99,4.612,0.2902068228005677,4.14,4.91,57.96741749604381,0.1956979516529876,57.71565917487082,58.18241753329505,57.884926348375885,0.0770230991681645,57.81356321212749,57.97469561391819,-0.1274725110983539,1.4511074983895564,-2.370605691411697,1.1661371943236745,50.25684836141202,0.0,50.25684836141202,50.25684836141202,3.0723716504647167,0.2384776482660056,2.878135962089767,3.380153088624976,2.481959290157591,0.6592425432887319,1.4134735986243756,3.221239568936971,49.906392451551866,0.1429590012576366,49.72542525809233,50.05581024606163,540.0,0.0,540.0,540.0,0.375,0.0,0.375,0.375,0.3092592592592592,0.0,0.3092592592592592,0.3092592592592592,0.187037037037037,0.0,0.187037037037037,0.187037037037037,69.7,0.0,69.7,69.7,94.9,0.0,94.9,94.9,0.0,0.0,0,0,0.0,0.0,0.0,0.0,1.225,0.0,1.225,1.225,45.908482639947785,0.7589724359515678,44.79461149645256,46.83559597258744,59.46100222471116,0.4943581964816466,58.70688351512104,59.89682231941645,0.0,0.0,0.0,0.0,0.0,0.0,0.0,0.0,0.0,0.0,0.0,0.0,0.0,0.0,0.0,0.0,0.0,0.0,0.0,0.0,60.86,0.7334848328356902,59.8,61.8,user_001,5
2024-01-02 04:45:00,0.0,0.0,0,0,4504.0,0.0,4504,4504,4.534,0.0778074546557077,4.46,4.642,58.68213267782014,1.4627150343143724,56.99609394792151,61.03587968827304,55.05116103714026,1.859232086171702,52.823189018820955,56.67826293852071,97.272,0.3011976095522755,96.96,97.76,33.2944,0.0976360589126784,33.124,33.358000000000004,1.0,0.0,1,1,45.84092308403829,1.513990736643205,43.701735332354936,47.90260299853241,60.4,4.39317652729776,54,66,57.779999999999994,8.212612251896472,46.6,67.8,43.48,9.27129980099878,32.0,52.8,97.16,0.4393176527297748,96.4,97.5,33.124,0.4406018610945723,32.68,33.84,4.587999999999999,0.5185267591937759,3.86,5.25,58.10912493775063,0.336135606802407,57.823199016730214,58.68213267782014,58.00053899786569,0.0898902329359052,57.91838323581549,58.140014785920634,0.8589336610899295,1.5507832636598682,-1.4980469739607545,2.4820601558634863,50.25684836141202,0.0,50.25684836141202,50.25684836141202,4.111631587241503,0.2819001342172924,3.7573296787358346,4.381458110242496,4.309447320692826,1.6247570404678129,1.8592320861721543,6.076450539919552,50.24791450665155,0.3544281921323913,49.82917239428378,50.70563899146346,540.0,0.0,540.0,540.0,0.375,0.0,0.375,0.375,0.3092592592592592,0.0,0.3092592592592592,0.3092592592592592,0.187037037037037,0.0,0.187037037037037,0.187037037037037,69.7,0.0,69.7,69.7,94.9,0.0,94.9,94.9,0.0,0.0,0,0,0.0,0.0,0.0,0.0,1.225,0.0,1.225,1.225,41.081695230633194,3.2045625572679928,37.5550484672475,44.98306072218829,59.232038595639914,0.5407230631495651,58.50450692906967,59.827495047151494,0.0,0.0,0.0,0.0,0.0,0.0,0.0,0.0,0.0,0.0,0.0,0.0,0.0,0.0,0.0,0.0,0.0,0.0,0.0,0.0,63.2,0.7968688725254587,62.3,64.3,user_001,5
2024-01-02 04:50:00,0.0,0.0,0,0,4504.0,0.0,4504,4504,4.5252,0.0856457821495021,4.404,4.62,57.95155656662653,0.9513858411592538,56.735482407560106,59.35725312551536,54.24459733822423,3.153130420862055,48.71169567326037,56.676972897253755,97.472,0.3727197338483677,96.84,97.74,33.6856,0.1229503965020066,33.486000000000004,33.786,1.0,0.0,1,1,43.11526559131369,4.788657170845762,38.823799571823194,51.140385058318,56.8,2.4899799195977472,55,61,52.6,10.065038499677982,35.6,60.6,45.06,14.069932480292865,32.3,67.0,97.74,1.3258959235173826,96.4,99.4,33.782,0.3236819426535852,33.28,34.17,4.529999999999999,0.3098386676965933,4.18,4.87,58.652230444477446,0.4336579115792526,57.95155656662653,59.0365034123645,58.083994161584506,0.1038491881087306,57.94669604862604,58.182232079502654,-0.5757782833132594,1.2383784336138532,-1.6786265627576782,1.4215058641466385,50.25684836141202,0.0,50.25684836141202,50.25684836141202,2.325809892844526,0.5593153726578918,1.9178306997626744,3.275104974262785,1.8277963089248133,0.7447289085273789,1.3960167508003642,3.1531304208622823,50.98396130677442,0.1379558495725817,50.748203772086754,51.08527025345781,540.0,0.0,540.0,540.0,0.375,0.0,0.375,0.375,0.3092592592592592,0.0,0.3092592592592592,0.3092592592592592,0.187037037037037,0.0,0.187037037037037,0.187037037037037,69.7,0.0,69.7,69.7,94.9,0.0,94.9,94.9,0.0,0.0,0,0,0.0,0.0,0.0,0.0,1.225,0.0,1.225,1.225,37.46961784699648,0.1866928897368068,37.23579933534239,37.69844593170907,61.229442782388375,0.9014226249339202,60.00008245280875,62.073947943567426,0.0,0.0,0.0,0.0,0.0,0.0,0.0,0.0,0.0,0.0,0.0,0.0,0.0,0.0,0.0,0.0,0.0,0.0,0.0,0.0,63.34,0.5727128425310523,62.5,63.8,user_001,5
2024-01-02 04:55:00,0.0,0.0,0,0,4504.0,0.0,4504,4504,4.569599999999999,0.2640166661406055,4.343999999999999,4.886,55.66193337502902,2.4057419904317894,53.37984837680201,59.50215483413424,47.20307454659744,1.9199939374714057,45.20400930676681,49.30779711550692,97.54,0.2607680962081004,97.3,97.98,33.727999999999994,0.094116948526817,33.64,33.843999999999994,1.0,0.0,1,1,54.65345061284789,1.9055053258280812,51.39359003887866,56.352706683946074,56.2,7.362064927722384,49,66,45.8,7.391887445030533,37.6,56.1,56.379999999999995,4.706059923120402,51.8,62.9,97.3,0.4415880433163933,96.9,97.9,33.844,0.4740569586030784,33.04,34.21,4.426,0.7736472064190499,3.55,5.21,55.995849276639014,0.7189216572423108,55.39290006254352,57.101037711084345,57.510704306600985,0.2282118263167975,57.28823625651873,57.83113069908403,0.2690333124854988,2.7071035323335804,-3.0523294239022434,3.2489225829328916,50.25684836141202,0.0,50.25684836141202,50.25684836141202,3.133783853029923,0.329075120972727,2.6471175252732846,3.5653907902428976,2.9685767685087425,1.0978949263734534,1.6251469180726184,3.846848815708285,50.51734469883449,0.2874718600460451,50.105707310774534,50.894934927462735,540.0,0.0,540.0,540.0,0.375,0.0,0.375,0.375,0.3092592592592592,0.0,0.3092592592592592,0.3092592592592592,0.187037037037037,0.0,0.187037037037037,0.187037037037037,69.7,0.0,69.7,69.7,94.9,0.0,94.9,94.9,0.0,0.0,0,0,0.0,0.0,0.0,0.0,1.225,0.0,1.225,1.225,40.95807403908332,2.1237787372931,38.20270142836601,43.5364797676412,62.40211606533711,0.2329954933429141,62.1991285797934,62.73407221854131,0.0,0.0,0.0,0.0,0.0,0.0,0.0,0.0,0.0,0.0,0.0,0.0,0.0,0.0,0.0,0.0,0.0,0.0,0.0,0.0,60.02,1.317952958189326,58.1,61.3,user_001,5
2024-01-02 05:00:00,0.0,0.0,0,0,4504.0,0.0,4504,4504,5.256,0.1304990421420789,5.144,5.482000000000001,60.36782661728779,1.0043479496339447,59.668103222756166,62.123882436372206,52.39209212136262,2.1817056431038804,50.0360062045112,54.57377900336024,96.964,0.1492648652563534,96.76,97.14,33.6864,0.0879818163031432,33.606,33.821999999999996,1.0,0.0,1,1,43.32489884613635,3.58196945951426,40.92522601164367,49.43783901746551,60.6,3.5777087639996634,56,66,56.14,8.293853145553037,44.1,63.5,37.84,9.009605984725413,23.9,48.8,96.98,0.4549725266430953,96.3,97.5,33.606,0.1487615541731122,33.4,33.73,5.208,0.7737376816466938,3.84,5.74,58.79764270309651,1.6408177476559818,56.57462225001935,60.36782661728779,57.66851524476501,0.2580052264136949,57.39106796586018,57.998647170211065,0.1160866913561136,1.4196013679286374,-2.0412941454573996,1.9380587818139008,50.25684836141202,0.0,50.25684836141202,50.25684836141202,3.6328229997370824,0.139308623677003,3.4067290192619617,3.7423890011505097,3.0028435956892436,0.7742476006681258,2.1351284428914825,3.674323706728239,50.14543633894117,0.2203644210095204,49.87936042940524,50.42711646342161,540.0,0.0,540.0,540.0,0.375,0.0,0.375,0.375,0.3092592592592592,0.0,0.3092592592592592,0.3092592592592592,0.187037037037037,0.0,0.187037037037037,0.187037037037037,69.7,0.0,69.7,69.7,94.9,0.0,94.9,94.9,0.0,0.0,0,0,0.0,0.0,0.0,0.0,1.225,0.0,1.225,1.225,43.87670343594972,0.8081633267948434,42.62037357049083,44.72732784917038,61.70826853305168,0.4643825790306958,61.18051247007659,62.30102361674017,0.0,0.0,0.0,0.0,0.0,0.0,0.0,0.0,0.0,0.0,0.0,0.0,0.0,0.0,0.0,0.0,0.0,0.0,0.0,0.0,62.86,0.4878524367060204,62.0,63.2,user_001,5
2024-01-02 05:05:00,0.0,0.0,0,0,4504.0,0.0,4504,4504,5.0736,0.129084468469293,4.926,5.267999999999999,62.222923669766296,1.0004065235722155,60.72172552727653,63.525279116499064,53.16118085548809,3.2757030091539283,49.92082686464003,57.73279066816011,97.56,0.2289104628451814,97.26,97.86,33.595600000000005,0.0906796559322987,33.524,33.754000000000005,1.0,0.0,1,1,46.82105663817433,5.710958047162242,39.89756062704773,51.231707084698485,63.6,1.816590212458495,62,66,51.3,8.586908640482909,40.3,62.5,50.6,14.454584047975924,37.1,73.9,97.5,0.8860022573334657,96.5,98.8,33.565999999999995,0.3216830738475354,33.15,33.91,5.268,0.3598193991435147,4.76,5.64,61.377961179008594,0.6121231881918794,60.578551078191865,62.222923669766296,58.48337100616934,0.2584515663836542,58.1546536690296,58.82355298812108,0.6885381651168515,0.6527413586434742,-0.1439593373743051,1.4260914909078224,50.25684836141202,0.0,50.25684836141202,50.25684836141202,3.175408914052272,0.4218002574512615,2.692592924543712,3.714865450059061,2.771049284457601,0.4585983627784836,2.0363352813785487,3.2757030091540806,51.22351425039555,0.371554405789214,50.6602998645033,51.53499750409942,540.0,0.0,540.0,540.0,0.375,0.0,0.375,0.375,0.3092592592592592,0.0,0.3092592592592592,0.3092592592592592,0.187037037037037,0.0,0.187037037037037,0.187037037037037,69.7,0.0,69.7,69.7,94.9,0.0,94.9,94.9,0.0,0.0,0,0,0.0,0.0,0.0,0.0,1.225,0.0,1.225,1.225,42.11520431776602,0.9805057461124076,41.25798167948949,43.78310519066522,60.67327811510902,0.5526046548601042,60.03158730882777,61.26930480655735,0.0,0.0,0.0,0.0,0.0,0.0,0.0,0.0,0.0,0.0,0.0,0.0,0.0,0.0,0.0,0.0,0.0,0.0,0.0,0.0,64.94,0.6308724118234985,64.4,66.0,user_001,5
2024-01-02 05:10:00,0.0,0.0,0,0,4504.0,0.0,4504,4504,4.886,0.0829698740507664,4.803999999999999,4.996,58.38655784951656,1.3589299339493748,56.33832673906155,60.011235162888475,54.92822134722475,2.328426319736366,52.61388457642668,58.80041024486716,98.496,0.3272308053958197,97.98,98.74,33.698800000000006,0.171129190964018,33.398,33.822,1.0,0.0,1,1,46.29890457786657,2.7506460190396917,42.91691255613264,49.5446083707551,56.4,7.402702209328699,47,64,56.96,7.477499582079559,47.4,68.1,45.64,10.095692150615529,38.1,62.8,98.68,1.0232301793829195,97.3,99.8,33.736000000000004,0.7594274158864679,33.17,35.06,4.804,0.5231921253230026,4.14,5.45,60.2545463280999,1.3593662047644453,58.38655784951656,61.68194911317753,58.86455914484535,0.0449299990004551,58.81570199208072,58.91068236685069,-0.9932789247582718,3.2576878756920644,-5.508426372166355,2.2205577536461547,50.25684836141202,0.0,50.25684836141202,50.25684836141202,2.6358280124653346,0.669921315893832,1.5100317570520292,3.12109997757628,2.416497084204593,0.7059347138661697,1.5967356936505144,3.224706532400317,52.18197718523727,0.4808443470605231,51.701109447177394,52.830054541006234,540.0,0.0,540.0,540.0,0.375,0.0,0.375,0.375,0.3092592592592592,0.0,0.3092592592592592,0.3092592592592592,0.187037037037037,0.0,0.187037037037037,0.187037037037037,69.7,0.0,69.7,69.7,94.9,0.0,94.9,94.9,0.0,0.0,0,0,0.0,0.0,0.0,0.0,1.225,0.0,1.225,1.225,41.608572822629185,2.962761762996946,37.370266416558366,44.223184321694205,60.81828103904179,0.7260953972837029,60.11142192693293,61.87966078290642,0.0,0.0,0.0,0.0,0.0,0.0,0.0,0.0,0.0,0.0,0.0,0.0,0.0,0.0,0.0,0.0,0.0,0.0,0.0,0.0,64.16,0.9289779329994892,62.6,65.1,user_001,5
2024-01-02 05:15:00,0.0,0.0,0,0,4504.0,0.0,4504,4504,5.3984000000000005,0.1947993839825993,5.112,5.598000000000001,62.88547263861947,1.952992427348082,60.91505977453676,65.34520289615905,47.32453943667157,1.6756508828535668,45.83338735734876,49.80018233105207,97.592,0.316733326317255,97.28,98.04,33.482000000000006,0.0929838695688673,33.374,33.63,1.0,0.0,1,1,55.582571796262265,1.51026598959459,54.28817888009943,57.43226832014915,65.6,3.435112807463534,60,69,43.84,2.975399132889571,39.4,47.2,57.48,6.87437269865404,48.0,65.3,97.44,1.0406728592598131,96.0,98.6,33.486000000000004,0.4048826990623337,33.05,34.04,5.432,0.4203213056698408,4.8,5.81,60.52043408435884,1.6421449627377416,59.05770523301104,62.88547263861947,59.26644400261339,0.2441649504905135,58.97477008400515,59.57937845280761,1.3572636806902694,1.272461843151764,-0.4575298872683788,2.8137051690974317,50.25684836141202,0.0,50.25684836141202,50.25684836141202,3.3229812879431,0.4798574071600306,2.585727774429905,3.713836726183672,3.575535968431358,1.2776276848581405,1.6756508828534051,5.112664122293209,52.10977477336458,0.4785572155080593,51.542284274261455,52.714480805115265,540.0,0.0,540.0,540.0,0.375,0.0,0.375,0.375,0.3092592592592592,0.0,0.3092592592592592,0.3092592592592592,0.187037037037037,0.0,0.187037037037037,0.187037037037037,69.7,0.0,69.7,69.7,94.9,0.0,94.9,94.9,0.0,0.0,0,0,0.0,0.0,0.0,0.0,1.225,0.0,1.225,1.225,44.30367546077771,5.295027340101003,38.79491444947894,51.494215359962865,60.83325374988228,0.8081417976695418,59.70157484786396,61.78816790382974,0.0,0.0,0.0,0.0,0.0,0.0,0.0,0.0,0.0,0.0,0.0,0.0,0.0,0.0,0.0,0.0,0.0,0.0,0.0,0.0,63.64,0.618869937870633,63.2,64.7,user_001,5
2024-01-02 05:20:00,0.0,0.0,0,0,4504.0,0.0,4504,4504,4.9032,0.3355133380359117,4.497999999999999,5.343999999999999,63.357757713727665,3.0255958016145534,59.950808611839875,66.56346859743937,48.76166774474687,2.8881596139715335,46.52594993659945,53.65213331454799,97.616,0.1228006514640642,97.46,97.8,33.714,0.1550032257728891,33.489999999999995,33.884,1.0,0.0,1,1,47.79079134765594,3.697228221636831,42.9668007664394,53.2112005109596,61.2,5.9329587896765315,53,69,48.94,11.477935354409343,32.9,64.6,47.36,16.959304231011366,31.6,73.7,97.6,0.4301162633521308,96.9,98.0,33.834,0.4938420800215382,33.1,34.32,4.851999999999999,0.6679595796154132,4.46,6.04,64.37108596995674,0.7539944715171285,63.35775771372768,65.25495485588726,60.21958659019326,0.2711507739251991,59.81958563520507,60.480411977324465,-1.0788788568638352,1.7938384896147817,-3.7131064588799063,1.2182657012803162,50.25684836141202,0.0,50.25684836141202,50.25684836141202,2.0547197931075143,1.3010763940626262,1.0655966176993317,4.073398729563673,1.8397863762784643,1.0019645702090674,0.9481615657920766,2.9720445365977444,50.85952863956515,0.2535094981168183,50.628462675348565,51.24596729395208,540.0,0.0,540.0,540.0,0.375,0.0,0.375,0.375,0.3092592592592592,0.0,0.3092592592592592,0.3092592592592592,0.187037037037037,0.0,0.187037037037037,0.187037037037037,69.7,0.0,69.7,69.7,94.9,0.0,94.9,94.9,0.0,0.0,0,0,0.0,0.0,0.0,0.0,1.225,0.0,1.225,1.225,52.83997621226532,1.8162776059481425,50.308306421217864,54.41639608906237,58.19714319140032,0.3987554058615699,57.82890641855176,58.877683676561446,0.0,0.0,0.0,0.0,0.0,0.0,0.0,0.0,0.0,0.0,0.0,0.0,0.0,0.0,0.0,0.0,0.0,0.0,0.0,0.0,62.54,0.971081870904816,60.9,63.4,user_001,5
2024-01-02 05:25:00,0.0,0.0,0,0,4504.0,0.0,4504,4504,4.8112,0.1896396582996284,4.61,5.006,61.36480760016167,1.589658766560241,58.63387240789325,62.7559149385955,50.588203159802056,6.318983857677854,41.456503695354655,56.464247643526846,97.512,0.0558569601750759,97.42,97.56,33.1252,0.16888812865326,32.894,33.354,1.0,0.0,1,1,48.36331408693412,4.624819243672508,42.65291529362431,54.87413367397306,62.2,5.540758070878027,56,71,54.48,13.422443890737636,30.9,64.1,44.14,8.884705960244267,34.7,58.2,97.5,0.5099019513592811,97.2,98.4,32.894,0.5971431989062602,32.0,33.64,4.866,0.719743009691654,4.21,5.74,61.1971800454264,0.4024896987647664,60.72081710036375,61.77183847581845,61.08647505165783,0.343204019315308,60.59805242932742,61.43089101484657,0.4175961999191671,2.179816094465995,-1.316936203946625,4.122042530702252,50.25684836141202,0.0,50.25684836141202,50.25684836141202,5.1062586911444665,0.5040105151019637,4.46207165926866,5.665260252278281,5.066448397219024,0.841636440972194,4.344264622722414,6.318983857677884,50.66699142578636,0.3473027689022718,50.36675289467682,51.19265077754933,540.0,0.0,540.0,540.0,0.375,0.0,0.375,0.375,0.3092592592592592,0.0,0.3092592592592592,0.3092592592592592,0.187037037037037,0.0,0.187037037037037,0.187037037037037,69.7,0.0,69.7,69.7,94.9,0.0,94.9,94.9,0.0,0.0,0,0,0.0,0.0,0.0,0.0,1.225,0.0,1.225,1.225,48.17161096633585,1.5376343776736394,45.89222593248194,49.739763868913954,56.5174906991878,0.5387996752745292,55.99657882229498,57.30830333139155,0.0,0.0,0.0,0.0,0.2,0.447213595499958,0.0,1.0,0.0,0.0,0.0,0.0,0.0,0.0,0.0,0.0,0.2,0.447213595499958,0.0,1.0,62.92,2.3026072179162425,59.1,65.0,user_001,5
2024-01-02 05:30:00,0.0,0.0,0,0,4504.0,0.0,4504,4504,4.884,0.1546803154897225,4.7,5.0840000000000005,62.06697054816944,1.3476856111417184,60.37136324101211,64.12835093841586,49.68042181528258,3.833608975413881,45.46319310532041,54.87616509568456,97.172,0.148727939540623,97.0,97.38,33.1596,0.0835870803414013,33.056,33.288,1.0,0.0,1,1,52.89780267811477,8.455118478256075,41.40194352908287,61.758408598337354,61.4,4.722287581247037,57,69,45.28,7.4600268096033,36.6,52.9,60.54,14.203274270392724,38.9,76.3,97.12,0.4868264577855181,96.6,97.6,33.154,0.5602945653850314,32.31,33.74,4.7700000000000005,0.6939740629158988,4.07,5.75,62.19913482079689,0.1736026653822864,61.97653840010778,62.40045582225416,61.6533904046079,0.0911903105602967,61.4983717876755,61.71408166999352,-0.3334852740847197,1.7686420137117456,-2.0427836461386235,2.435824530792061,50.25684836141202,0.0,50.25684836141202,50.25684836141202,3.2725062242658645,0.3633868288371466,2.8635116348705174,3.8525960357529025,3.5331279252014745,0.7830798455842417,2.1357226689839486,3.962854583214122,51.10211135373867,0.2410281724883938,50.74070572653599,51.35398940725511,540.0,0.0,540.0,540.0,0.375,0.0,0.375,0.375,0.3092592592592592,0.0,0.3092592592592592,0.3092592592592592,0.187037037037037,0.0,0.187037037037037,0.187037037037037,69.7,0.0,69.7,69.7,94.9,0.0,94.9,94.9,0.0,0.0,0,0,0.0,0.0,0.0,0.0,1.225,0.0,1.225,1.225,44.575465415849955,2.091909135646036,42.50113179820981,47.76358249158325,56.57054815649222,0.2629657446775113,56.30541453442768,56.93020591784168,0.0,0.0,0.0,0.0,0.0,0.0,0.0,0.0,0.0,0.0,0.0,0.0,0.0,0.0,0.0,0.0,0.0,0.0,0.0,0.0,63.32000000000001,1.7767948671695435,60.9,65.4,user_001,5
2024-01-02 05:35:00,0.0,0.0,0,0,4504.0,0.0,4504,4504,4.621599999999999,0.0875831033932911,4.549999999999999,4.768,58.34379859070545,0.3037552157303363,58.01186676424851,58.77670021955915,54.22005554769154,2.5332480912345523,51.56687203120605,56.94458135413737,97.24,0.2158703314492284,96.96,97.52,33.2112,0.1013666611860113,33.089999999999996,33.324,1.0,0.0,1,1,49.200369076953386,0.8364685908431605,47.77227239889157,49.78151493259438,57.4,2.190890230020664,54,60,57.779999999999994,14.868322030410829,42.3,78.5,44.16,13.77871546988325,19.8,53.8,97.52,0.6140032573203491,96.8,98.3,33.324,0.7174468621438104,32.08,33.9,4.6259999999999994,0.4907443326213759,4.02,5.34,59.64926878298561,1.192758753543867,58.34379859070545,61.3779803654463,61.365275005270725,0.2182483096327942,61.067560823483376,61.631610002217904,-0.4718992953527205,1.012540554200973,-2.1237877470040303,0.611649890220427,50.25684836141202,0.0,50.25684836141202,50.25684836141202,5.936170299276076,0.1865854763454539,5.650897872723697,6.107359717826817,3.997721979480943,0.8459477173879826,2.533248091234784,4.650001858798038,50.72207502051977,0.1483261905897542,50.5669992276156,50.91718484190323,540.0,0.0,540.0,540.0,0.375,0.0,0.375,0.375,0.3092592592592592,0.0,0.3092592592592592,0.3092592592592592,0.187037037037037,0.0,0.187037037037037,0.187037037037037,69.7,0.0,69.7,69.7,94.9,0.0,94.9,94.9,0.0,0.0,0,0,0.0,0.0,0.0,0.0,1.225,0.0,1.225,1.225,42.89828421784921,3.425805299772373,38.16772776627666,46.608877064171686,58.86856420753529,0.7087099469935617,57.93681927260591,59.7927451034629,0.0,0.0,0.0,0.0,0.0,0.0,0.0,0.0,0.0,0.0,0.0,0.0,0.0,0.0,0.0,0.0,0.0,0.0,0.0,0.0,62.52,0.8757853618324514,61.4,63.7,user_001,5
2024-01-02 05:40:00,0.0,0.0,0,0,4504.0,0.0,4504,4504,4.7387999999999995,0.2121018623209142,4.522,5.0120000000000005,57.79342203663611,1.3995519403222685,56.18870126348105,59.52831167265824,48.385439413687784,5.163230616276751,43.01127532921233,54.44945570187215,96.668,0.2948219801846642,96.3,97.08,33.784800000000004,0.2516211437856514,33.35,33.980000000000004,1.0,0.0,1,1,53.768855187088505,5.0650837396125015,48.23832393730259,60.21703286102337,58.4,4.722287581247038,53,64,48.42,15.963145053528772,26.1,68.4,53.7,15.52127572076471,36.0,71.3,96.3,0.3674234614174756,95.7,96.7,33.864,0.7308419801845025,32.8,34.71,5.0120000000000005,0.6588019429236683,4.22,5.95,57.74015062162774,0.2679133513573015,57.43519958243125,58.029199060470305,60.94620905419204,0.0609747915357729,60.85458592300743,61.022818326766696,0.3032889816819463,1.762111984487094,-1.594350631740518,2.603766245506314,50.25684836141202,0.0,50.25684836141202,50.25684836141202,4.676592649119581,0.7488447162213685,3.4603594637661574,5.509317384899004,4.744569636817333,1.5207426507149235,2.218199650197695,6.332693602977052,50.28351879556914,0.4790369442192747,49.82672118631374,50.929234339046594,540.0,0.0,540.0,540.0,0.375,0.0,0.375,0.375,0.3092592592592592,0.0,0.3092592592592592,0.3092592592592592,0.187037037037037,0.0,0.187037037037037,0.187037037037037,69.7,0.0,69.7,69.7,94.9,0.0,94.9,94.9,0.0,0.0,0,0,0.0,0.0,0.0,0.0,1.225,0.0,1.225,1.225,41.92949306845482,2.4943588873028677,38.65053572975834,44.51586487936581,60.274609153566495,0.3629680674618217,59.8927032340182,60.6342488391166,0.0,0.0,0.0,0.0,0.0,0.0,0.0,0.0,0.0,0.0,0.0,0.0,0.0,0.0,0.0,0.0,0.0,0.0,0.0,0.0,60.48,1.699117417955567,58.0,62.3,user_001,5
2024-01-02 05:45:00,0.0,0.0,0,0,4504.0,0.0,4504,4504,4.1528,0.207853794769304,3.982,4.498,58.72670578260229,1.7932378909687028,57.352207781772165,61.71154721615253,57.05972864707,4.805633612891255,51.3663038012481,61.5628016894436,97.368,0.370567132919261,96.84,97.84,33.459199999999996,0.1321105597596189,33.33,33.652,1.0,0.0,1,1,42.75244183533676,7.450970604897192,35.38454753725411,53.49023195882173,59.6,5.272570530585626,53,67,59.260000000000005,12.818853302850451,45.2,80.0,38.68,18.481396051164538,11.5,62.5,97.42,0.6685805860178711,96.7,98.3,33.428,0.5387671110971786,32.75,34.26,3.982,0.4607819440906946,3.53,4.71,58.22668650161354,0.3232104425400797,57.92894802442409,58.72670578260229,60.56391779040115,0.23110596465374,60.275577045333776,60.834692125335536,0.4366471086988582,1.82456811932411,-2.1761038908860755,2.6442263919237377,50.25684836141202,0.0,50.25684836141202,50.25684836141202,5.0406119292033384,0.7809037358750458,4.00113459039768,5.727419197607339,4.796403129429634,0.2613132830898301,4.52810037414217,5.198337718172148,50.57098738597344,0.6599928814401747,49.87892523532027,51.449252721380134,540.0,0.0,540.0,540.0,0.375,0.0,0.375,0.375,0.3092592592592592,0.0,0.3092592592592592,0.3092592592592592,0.187037037037037,0.0,0.187037037037037,0.187037037037037,69.7,0.0,69.7,69.7,94.9,0.0,94.9,94.9,0.0,0.0,0,0,0.0,0.0,0.0,0.0,1.225,0.0,1.225,1.225,39.67162667134859,4.310043388829271,35.20717144793879,45.0520743395953,61.28523616160773,1.315152828213209,59.86397210121064,62.99129145367809,0.0,0.0,0.0,0.0,0.0,0.0,0.0,0.0,0.0,0.0,0.0,0.0,0.0,0.0,0.0,0.0,0.0,0.0,0.0,0.0,63.98,2.7905196648653066,60.6,67.5,user_001,5
2024-01-02 05:50:00,0.0,0.0,0,0,4504.0,0.0,4504,4504,4.438000000000001,0.116816094781498,4.2620000000000005,4.58,59.76977195491058,1.3133130912878963,58.141031477435014,61.28711732887606,55.208030109902225,3.2115880471674307,50.4950882141624,59.4889484818654,97.36,0.2190890230020734,97.18,97.7,33.5672,0.165557240856451,33.379999999999995,33.827999999999996,1.0,0.0,1,1,49.17875777255464,2.991591872608838,45.95734891850413,53.88602337775619,59.6,5.029910535983715,51,64,53.52,12.162935500938907,42.1,67.2,52.04,14.250192981149413,30.1,66.7,97.18,1.056882207249222,95.9,98.4,33.582,0.6724730477870499,32.55,34.38,4.49,0.4895406009719725,3.81,4.93,59.42277353107668,0.4153565780444633,58.88447052173486,59.854657932365875,59.73919905058781,0.1555412639504768,59.616220359111246,59.99482914133363,-0.0848859774552948,2.0120997217653422,-3.5705157387175177,1.534662003342966,50.25684836141202,0.0,50.25684836141202,50.25684836141202,4.263868464551182,0.608129087099291,3.427311534413004,4.913455880389203,3.1413901278157796,0.7344327261325757,2.214413597630013,3.8700910911050017,52.18824250898965,0.2867895304313446,51.752835147586765,52.52364644890603,540.0,0.0,540.0,540.0,0.375,0.0,0.375,0.375,0.3092592592592592,0.0,0.3092592592592592,0.3092592592592592,0.187037037037037,0.0,0.187037037037037,0.187037037037037,69.7,0.0,69.7,69.7,94.9,0.0,94.9,94.9,0.0,0.0,0,0,0.0,0.0,0.0,0.0,1.225,0.0,1.225,1.225,35.70508280161821,2.35826931257847,32.92692750154055,38.587794396619856,63.18648568354257,0.2763560763273586,62.94245878837134,63.56473229979409,0.0,0.0,0.0,0.0,0.0,0.0,0.0,0.0,0.0,0.0,0.0,0.0,0.0,0.0,0.0,0.0,0.0,0.0,0.0,0.0,64.78,0.5932958789676487,64.2,65.6,user_001,5
2024-01-02 05:55:00,0.0,0.0,0,0,4504.0,0.0,4504,4504,5.0832,0.3979763812087346,4.616,5.6240000000000006,60.076677788300984,1.0407429305597051,58.714701430778085,61.1431342871854,53.41817680459618,2.6604229592024464,51.38461679795116,58.09038779539011,97.568,0.2017919720900754,97.36,97.82,33.6028,0.2284758192894815,33.322,33.926,1.0,0.0,1,1,46.812182093505136,3.5758978169154503,41.63551079066789,51.20489927900275,60.0,3.7416573867739418,57,66,51.67999999999999,10.627417372061757,41.1,69.2,47.28,12.758800884095653,27.7,61.7,97.74,1.2601587201618774,96.1,99.5,33.541999999999994,0.9245918018239184,32.46,34.69,4.9,0.867294644281861,4.06,6.24,60.11723766664384,0.0548796171572322,60.072525023677215,60.20878753551582,59.55920865412405,0.1051688081485334,59.46289111688748,59.71838627924284,-0.0383388941504904,1.4791236514418609,-1.42903910962535,2.428432856407312,50.25684836141202,0.0,50.25684836141202,50.25684836141202,4.133789956214966,0.2584392226372579,3.833978594707152,4.468007825826315,2.7241938296306043,0.5036530858556746,2.042282512931403,3.384758770808164,53.0826684236804,0.1488663743982066,52.89687541038179,53.28194462683635,540.0,0.0,540.0,540.0,0.375,0.0,0.375,0.375,0.3092592592592592,0.0,0.3092592592592592,0.3092592592592592,0.187037037037037,0.0,0.187037037037037,0.187037037037037,69.7,0.0,69.7,69.7,94.9,0.0,94.9,94.9,0.0,0.0,0,0,0.0,0.0,0.0,0.0,1.225,0.0,1.225,1.225,40.553504521787694,0.7179661437145948,39.68453218932734,41.45199359684314,63.73117670914501,0.6473443412781856,62.822568500068776,64.34131827052848,0.0,0.0,0.0,0.0,0.0,0.0,0.0,0.0,0.0,0.0,0.0,0.0,0.0,0.0,0.0,0.0,0.0,0.0,0.0,0.0,64.02000000000001,0.3701351104664332,63.6,64.5,user_001,5
2024-01-02 06:00:00,0.0,0.0,0,0,4504.0,0.0,4504,4504,4.9056,0.5235138966636893,4.252,5.508,62.92779295977626,2.56022374947539,59.27594045868293,65.39694857208241,52.07161176027605,5.258273054544669,47.93760746575608,59.95558739726107,97.804,0.3238518179661793,97.4,98.14,33.292,0.2107130750570517,32.962,33.47,1.0,0.0,1,1,49.20069887651097,5.77415378103728,39.77514649346387,54.77861941544057,62.2,7.463243262818115,55,74,55.5,12.14495780149112,41.7,69.9,46.260000000000005,15.738106620556358,23.1,61.3,97.96,1.0285912696499024,96.9,99.1,33.338,0.6849963503552406,32.41,34.34,5.106,0.8714528099673556,4.35,6.47,62.5795539314099,0.8820639828481789,61.18445185886733,63.2916894396644,59.62261183922622,0.030890240826521,59.58637185570276,59.664313417349376,-0.3638964798881346,2.702621550836627,-2.206955344012215,4.301525713958803,50.25684836141202,0.0,50.25684836141202,50.25684836141202,3.4943846293941263,0.4391221872515519,3.0165250194295776,3.8596961720310583,3.576189686830601,1.2330561101806394,1.9872440198564496,5.258273054544727,52.883254003667105,0.3032647624188282,52.63087795098002,53.39384038053729,540.0,0.0,540.0,540.0,0.375,0.0,0.375,0.375,0.3092592592592592,0.0,0.3092592592592592,0.3092592592592592,0.187037037037037,0.0,0.187037037037037,0.187037037037037,69.7,0.0,69.7,69.7,94.9,0.0,94.9,94.9,0.0,0.0,0,0,0.0,0.0,0.0,0.0,1.225,0.0,1.225,1.225,46.43058052519446,2.2213558927831984,43.385144936935575,48.87879767148989,62.25430042814397,0.9135000337513048,61.435769680053454,63.510532566024786,0.2,0.447213595499958,0.0,1.0,0.0,0.0,0.0,0.0,0.0,0.0,0.0,0.0,0.0,0.0,0.0,0.0,0.2,0.447213595499958,0.0,1.0,64.6,0.2549509756796385,64.3,65.0,user_001,5
2024-01-02 06:05:00,0.0,0.0,0,0,4504.0,0.0,4504,4504,4.4656,0.2386269054402715,4.2379999999999995,4.836,61.44234310581415,2.021496837140513,58.51729363912195,63.67008269414754,54.35609702192935,2.226026715642374,52.465344842437666,58.13705826484071,97.76,0.1174734012447049,97.56,97.86,33.425200000000004,0.1398971050451047,33.276,33.608000000000004,1.0,0.0,1,1,46.39943359690679,2.9369641446203913,42.350097662309246,49.93339844153949,63.2,5.761944116355173,57,69,51.36,5.371033420115724,42.9,56.7,49.88,10.467425662501736,37.6,65.1,97.76,1.0064790112068915,96.3,98.8,33.388,0.3688766731578438,32.99,33.88,4.343999999999999,0.6970150643996155,3.31,5.07,60.99417994158483,0.4664407292629027,60.563514658721225,61.55186197318417,59.84676369899275,0.1975102403471244,59.61535212365907,60.12278560467339,0.8788284470929213,2.123202781841471,-2.002562020610661,2.6649586529262237,50.25684836141202,0.0,50.25684836141202,50.25684836141202,3.555541233708239,0.6784367785460066,2.5561227434496363,4.189697953185466,3.519144533295677,1.2205760331711102,2.2260267156426323,5.2947125690264105,53.48426390171748,0.0625655550950281,53.41651395957693,53.58298974238142,540.0,0.0,540.0,540.0,0.375,0.0,0.375,0.375,0.3092592592592592,0.0,0.3092592592592592,0.3092592592592592,0.187037037037037,0.0,0.187037037037037,0.187037037037037,69.7,0.0,69.7,69.7,94.9,0.0,94.9,94.9,0.0,0.0,0,0,0.0,0.0,0.0,0.0,1.225,0.0,1.225,1.225,40.1018909777816,1.565330659371975,38.527422201801905,41.94809302275066,61.19932945852273,0.3031156605738754,60.89895442491563,61.68792464913448,0.0,0.0,0.0,0.0,0.0,0.0,0.0,0.0,0.0,0.0,0.0,0.0,0.0,0.0,0.0,0.0,0.0,0.0,0.0,0.0,65.28,0.8983317872590263,64.2,66.4,user_001,5
2024-01-02 06:10:00,0.0,0.0,0,0,4504.0,0.0,4504,4504,5.3148,0.2675541066775088,4.9,5.617999999999999,65.45413571763807,1.9388282514458248,63.11338846276502,67.55211510007852,44.94870413457507,2.2279494737366092,43.01537675900004,48.676896561625114,97.592,0.1513935269421992,97.4,97.8,33.5156,0.0615694729553499,33.422000000000004,33.589999999999996,1.0,0.0,1,1,56.90593364239102,3.1740839897792616,51.88437500079792,59.91172839521935,66.4,4.560701700396551,62,73,41.54,5.4738469105374135,34.3,47.9,61.48,8.600697646121505,49.9,73.5,97.4,0.6324555320336739,96.4,98.0,33.589999999999996,0.3516390194503448,33.1,34.01,5.401999999999999,0.5764286599398056,4.41,5.81,63.87528295527043,1.3214378263270772,62.36156207054277,65.45413571763807,60.869285754599865,0.4398342963450917,60.33741262533782,61.399571218173726,0.4729321411809621,1.7274573289888675,-1.5173717000261746,3.0859136749411036,50.25684836141202,0.0,50.25684836141202,50.25684836141202,2.9422946868408153,0.0751813599155925,2.8595034390102274,3.0297074033576377,3.4159750144739163,1.1002004658922904,2.227949473736391,4.367594921821161,53.18444901860752,0.1975973098427987,52.84372474639147,53.34254734604748,540.0,0.0,540.0,540.0,0.375,0.0,0.375,0.375,0.3092592592592592,0.0,0.3092592592592592,0.3092592592592592,0.187037037037037,0.0,0.187037037037037,0.187037037037037,69.7,0.0,69.7,69.7,94.9,0.0,94.9,94.9,0.0,0.0,0,0,0.0,0.0,0.0,0.0,1.225,0.0,1.225,1.225,50.95891167880647,5.0642134992311565,44.77085148461085,57.2118481244489,58.705584285471886,1.44051517557956,56.99627919062,60.49970881021316,0.0,0.0,0.0,0.0,0.2,0.4472135954999579,0.0,1.0,0.0,0.0,0.0,0.0,0.0,0.0,0.0,0.0,0.2,0.4472135954999579,0.0,1.0,62.44,1.2521980673998805,60.9,64.1,user_001,5
2024-01-02 06:15:00,0.0,0.0,0,0,4504.0,0.0,4504,4504,5.004,0.2141728274081471,4.716,5.209999999999999,61.607128983392656,1.3891330626246317,60.68210817780104,64.02316226670156,54.088553630890544,2.1038444976966906,51.56238967066668,56.022200428773665,97.428,0.2809270367906902,97.02,97.76,33.4828,0.0357938542210784,33.444,33.538,1.0,0.0,1,1,47.9671188335659,5.046708809661427,40.643931311304605,53.26076817565305,59.6,3.3615472627943217,54,63,58.92,5.820395175587307,53.1,66.8,40.260000000000005,10.442844440093896,31.5,57.5,97.56,0.7987490219086356,96.7,98.3,33.444,0.3404849482723134,32.92,33.82,5.024,0.5819621980850644,4.38,5.77,63.738802693698155,1.6638973039218503,61.60712898339267,65.63609047842537,61.787971786613966,0.117916570308478,61.621936367671374,61.902795960791515,-1.0035644916963349,1.6573154526135254,-3.3410540889005205,0.737309293821987,50.25684836141202,0.0,50.25684836141202,50.25684836141202,3.871126317277774,0.2150258205987956,3.6286592220848695,4.208070177830967,4.016711164702331,1.296429787641058,2.103844497696978,5.507161185193045,52.63274500107864,0.2209118619256657,52.34852891036157,52.85026094203876,540.0,0.0,540.0,540.0,0.375,0.0,0.375,0.375,0.3092592592592592,0.0,0.3092592592592592,0.3092592592592592,0.187037037037037,0.0,0.187037037037037,0.187037037037037,69.7,0.0,69.7,69.7,94.9,0.0,94.9,94.9,0.0,0.0,0,0,0.0,0.0,0.0,0.0,1.225,0.0,1.225,1.225,49.80646657655043,5.960004798241443,41.985240385996505,56.7269953630809,57.89203768935447,0.4128091479317519,57.27477964330428,58.26321628763106,0.0,0.0,0.0,0.0,0.0,0.0,0.0,0.0,0.0,0.0,0.0,0.0,0.0,0.0,0.0,0.0,0.0,0.0,0.0,0.0,63.52,0.925742944882651,62.0,64.4,user_001,5
2024-01-02 06:20:00,0.0,0.0,0,0,4504.0,0.0,4504,4504,4.9476,0.1810049723073925,4.75,5.202,62.71698817888298,0.5166106686741314,62.01128062771378,63.224450494363225,53.932484428759246,1.381209654263995,52.44813361918244,55.63208907945496,97.104,0.0829457654133112,96.98,97.18,33.413599999999995,0.0962746072440724,33.288,33.516,1.0,0.0,1,1,43.297316060387274,1.7568974145686655,41.50841391613538,46.02596174050461,63.6,1.673320053068151,61,65,52.84,6.2684128772760355,45.3,62.0,44.22,5.672036671249579,36.8,50.4,97.16,0.3361547262794321,96.8,97.7,33.288,0.2256546033210928,33.02,33.56,4.85,0.6388661831714054,3.95,5.45,61.99605632180387,0.5796834270127939,61.20475265559511,62.71698817888298,62.21685225173517,0.1439725783803364,62.00865005664808,62.370844455634185,0.4415059105585101,0.7485708660776949,-0.6683378707724046,0.9962397907620684,50.25684836141202,0.0,50.25684836141202,50.25684836141202,2.3859580036629873,0.1923429090942064,2.199839620296339,2.7110660861633664,1.5374305268217912,0.1979060994835062,1.3812096542644263,1.8612637960785952,52.16770304540953,0.0579332148857,52.11379062682737,52.24235260690771,540.0,0.0,540.0,540.0,0.375,0.0,0.375,0.375,0.3092592592592592,0.0,0.3092592592592592,0.3092592592592592,0.187037037037037,0.0,0.187037037037037,0.187037037037037,69.7,0.0,69.7,69.7,94.9,0.0,94.9,94.9,0.0,0.0,0,0,0.0,0.0,0.0,0.0,1.225,0.0,1.225,1.225,41.922637649698935,0.9579189142104054,40.99476941515432,43.416503780527414,57.481426476879506,0.0530851241210137,57.41567264691775,57.54632865201101,0.0,0.0,0.0,0.0,0.0,0.0,0.0,0.0,0.0,0.0,0.0,0.0,0.0,0.0,0.0,0.0,0.0,0.0,0.0,0.0,64.96000000000001,0.5941380311005144,64.2,65.6,user_001,5
2024-01-02 06:25:00,0.0,0.0,0,0,4504.0,0.0,4504,4504,5.2616,0.1236397994175019,5.1339999999999995,5.392,64.64174329927678,1.2003374962884072,62.655311330828106,65.77020755388541,50.04271399884895,2.3032097035913175,47.85130653962974,53.93420435975315,97.496,0.3912543929465778,97.02,98.06,33.5536,0.1434391857199403,33.354,33.744,1.0,0.0,1,1,49.91100458408392,1.886207259917967,47.02312970012659,51.67806273792729,65.4,4.722287581247038,59,72,50.3,9.185586535436917,42.7,66.1,51.54,9.454522727245408,43.0,67.0,97.48,0.7791020472313037,96.6,98.4,33.744,0.3389395226290377,33.14,33.94,5.258,0.6152397906507673,4.68,6.08,63.7900979518425,0.6546523271200053,63.140883635059105,64.64174329927678,62.82899563260162,0.2520304734228049,62.52500741486723,63.13168870746349,0.3791283503616142,1.8881116986651283,-1.8276556654140492,3.1148962230573076,50.25684836141202,0.0,50.25684836141202,50.25684836141202,2.1770020630664693,0.620252245219852,1.688790769043043,3.2011824472746344,2.225897781857612,0.1664957200514955,2.0337127513145163,2.4134695446069716,51.73703085371648,0.2407193629562703,51.48837457715313,52.03951419789182,540.0,0.0,540.0,540.0,0.375,0.0,0.375,0.375,0.3092592592592592,0.0,0.3092592592592592,0.3092592592592592,0.187037037037037,0.0,0.187037037037037,0.187037037037037,69.7,0.0,69.7,69.7,94.9,0.0,94.9,94.9,0.0,0.0,0,0,0.0,0.0,0.0,0.0,1.225,0.0,1.225,1.225,47.75828195393742,2.4518429886243327,44.61268264552632,50.21922752639114,58.32855752426404,0.6876663771902369,57.52139708804711,59.31779163873551,0.0,0.0,0.0,0.0,0.0,0.0,0.0,0.0,0.0,0.0,0.0,0.0,0.0,0.0,0.0,0.0,0.0,0.0,0.0,0.0,64.5,0.8602325267042659,63.6,65.9,user_001,5
2024-01-02 06:30:00,0.0,0.0,0,0,4504.0,0.0,4504,4504,5.1852,0.0893823248746638,5.062,5.273999999999999,66.13059994064551,0.855637857943508,64.79359239455754,67.03558288775446,53.484637234416326,2.945223241221735,50.722611273712346,57.72631304877918,97.772,0.2468197723036066,97.38,98.06000000000002,33.6408,0.2614750466105734,33.37,33.962,1.0,0.0,1,1,47.59832159131969,4.871341048735333,41.55472431116737,53.42732572182737,66.0,3.082207001484488,61,69,52.2,10.644951855222269,45.4,71.0,50.16,14.982089306902424,25.3,61.8,97.84,0.691375440697747,97.1,98.7,33.456,0.563231746264358,32.65,34.01,5.215999999999999,0.3314815228636433,4.79,5.67,65.76445734345252,0.499381110840071,64.96116219951787,66.19589991096825,63.35981286794205,0.213055339242969,63.154459138308994,63.66548987094168,-0.0652999703227521,1.1813828021920754,-1.8967961972787748,0.9822085561227708,50.25684836141202,0.0,50.25684836141202,50.25684836141202,3.9894657677670153,0.6043598012801297,3.061605229758632,4.50813532736153,3.1158504968205185,0.7451384894518968,2.3389150841187174,3.980699046073945,51.95713163505731,0.2155370793957548,51.67112944169769,52.191613085198966,540.0,0.0,540.0,540.0,0.375,0.0,0.375,0.375,0.3092592592592592,0.0,0.3092592592592592,0.3092592592592592,0.187037037037037,0.0,0.187037037037037,0.187037037037037,69.7,0.0,69.7,69.7,94.9,0.0,94.9,94.9,0.0,0.0,0,0,0.0,0.0,0.0,0.0,1.225,0.0,1.225,1.225,48.426561483766704,1.253119469893794,47.08668230603008,50.26025116468173,58.84801252575621,0.4895016020019821,58.11072517266641,59.31421664189405,0.0,0.0,0.0,0.0,0.0,0.0,0.0,0.0,0.0,0.0,0.0,0.0,0.0,0.0,0.0,0.0,0.0,0.0,0.0,0.0,65.16,0.6107372593840988,64.7,66.2,user_001,5
2024-01-02 06:35:00,0.0,0.0,0,0,4504.0,0.0,4504,4504,4.9756,0.1410701952929818,4.772,5.164,63.89456460123726,0.7768499051338893,63.13048550869224,65.19572826303836,48.14373823663096,5.3431620426524375,41.71326568213496,55.03227167720549,97.276,0.1080740486888513,97.18,97.46,33.512800000000006,0.2145721323937429,33.298,33.808,1.0,0.0,1,1,55.41500531243717,5.4350386483329505,49.83436698747883,63.83981244073447,63.4,2.7018512172212588,59,66,44.54,15.571062905274,25.1,61.2,59.58,16.94275656438468,45.4,83.2,97.22,0.8043631020876094,96.5,98.5,33.568,0.7060594875787725,32.89,34.73,5.008,0.3762578902827155,4.54,5.38,64.8144141357633,0.8536081457940639,63.89456460123726,65.95373329376368,63.996518566971794,0.0806436074671048,63.88810435840558,64.07795684693498,-0.2472823006186345,1.0716688300003934,-2.065242754346123,0.6231714971025824,50.25684836141202,0.0,50.25684836141202,50.25684836141202,4.193657110693599,1.2352866396292166,2.3466023263920768,5.32656343768078,3.5555331936135786,1.284195547094399,1.9397403898951735,5.343162042652421,51.30749058568656,0.3661338329622904,50.77347194402019,51.668384477734776,540.0,0.0,540.0,540.0,0.375,0.0,0.375,0.375,0.3092592592592592,0.0,0.3092592592592592,0.3092592592592592,0.187037037037037,0.0,0.187037037037037,0.187037037037037,69.7,0.0,69.7,69.7,94.9,0.0,94.9,94.9,0.0,0.0,0,0,0.0,0.0,0.0,0.0,1.225,0.0,1.225,1.225,49.04044080210301,1.7969527615003689,47.36428478846662,51.6481488716074,57.160691063884656,0.8127236875687137,56.003680058495995,57.93602577101672,0.0,0.0,0.0,0.0,0.2,0.4472135954999579,0.0,1.0,0.0,0.0,0.0,0.0,0.0,0.0,0.0,0.0,0.2,0.4472135954999579,0.0,1.0,63.4,1.4679918255903246,61.6,65.1,user_001,5
2024-01-02 06:40:00,0.0,0.0,0,0,4504.0,0.0,4504,4504,5.1903999999999995,0.3174599187299084,4.826,5.668,62.29804965942219,1.271974744182328,60.8031915073175,63.70478726097624,50.75152108465922,2.901263933696802,47.18446297048691,53.17256252539331,97.212,0.4314162722939284,96.76,97.68,33.5608,0.1282856188354728,33.408,33.71,1.0,0.0,1,1,49.0233751851769,5.155453242737493,43.96213886254865,56.381374477792185,62.2,4.207136793592525,55,65,52.94,10.628170115311477,36.2,63.5,46.04,19.608493057856332,27.3,75.8,97.06,0.991463564635635,95.4,97.8,33.638,0.49276769374625,33.06,34.4,5.242,0.9466625586765328,3.83,6.45,62.79860597672602,0.5551999474347447,62.29804965942219,63.59637640082484,63.817072403881056,0.2306196395405862,63.54817911047623,64.09390674678592,-0.0490248297110952,1.650993247129997,-2.9015957536587393,1.2659574428183331,50.25684836141202,0.0,50.25684836141202,50.25684836141202,5.087656326815606,0.9658167767703172,4.3391538240194025,6.279281655910321,4.32748465689058,0.8479077465616102,2.9012639336968857,4.91550319981695,51.29914553666106,0.4071991531689254,50.75120351823568,51.74060810236754,540.0,0.0,540.0,540.0,0.375,0.0,0.375,0.375,0.3092592592592592,0.0,0.3092592592592592,0.3092592592592592,0.187037037037037,0.0,0.187037037037037,0.187037037037037,69.7,0.0,69.7,69.7,94.9,0.0,94.9,94.9,0.0,0.0,0,0,0.0,0.0,0.0,0.0,1.225,0.0,1.225,1.225,49.81096341496759,2.443373160045244,46.74408358993809,52.25429584912497,56.53916466289867,0.4612403654919192,55.92705671264907,57.10375762707676,0.0,0.0,0.0,0.0,0.0,0.0,0.0,0.0,0.0,0.0,0.0,0.0,0.0,0.0,0.0,0.0,0.0,0.0,0.0,0.0,62.94,0.3049590136395367,62.6,63.3,user_001,5
2024-01-02 06:45:00,0.0,0.0,0,0,4504.0,0.0,4504,4504,5.3420000000000005,0.131095385120911,5.186,5.504,64.20879666296918,1.602295342250568,61.87470449527259,65.79006508548595,48.66242252966707,3.6203178047247704,45.57087243132752,54.32840664631927,97.672,0.4704465963316038,97.02,98.24,33.3096,0.0985941174715778,33.182,33.44199999999999,1.0,0.0,1,1,54.30727574455004,4.424056395114802,46.91318511641708,58.26949976790763,65.2,5.403702434442518,59,71,51.52,8.440793801533124,42.6,62.7,50.52,12.42706723245674,31.3,65.7,97.86,1.016366075781755,96.2,98.8,33.282,0.3478074179772479,32.83,33.69,5.186,0.5194516339371739,4.69,6.06,63.15570119858121,0.8772375032068296,61.93203310628146,64.20879666296918,63.719888821361565,0.1931163617247579,63.4765638514286,63.98179039040565,0.4956016685154125,2.048188770259573,-1.638823221171684,3.0417651682424705,50.25684836141202,0.0,50.25684836141202,50.25684836141202,2.8533541917299443,0.3703796102138963,2.5533643218115096,3.3780413628809196,2.9508113758807104,0.7300369476171678,1.7536110050800122,3.620317804724764,51.15040874008156,0.3228223455074095,50.83625291883029,51.59040540157836,540.0,0.0,540.0,540.0,0.375,0.0,0.375,0.375,0.3092592592592592,0.0,0.3092592592592592,0.3092592592592592,0.187037037037037,0.0,0.187037037037037,0.187037037037037,69.7,0.0,69.7,69.7,94.9,0.0,94.9,94.9,0.0,0.0,0,0,0.0,0.0,0.0,0.0,1.225,0.0,1.225,1.225,50.21778654740545,2.352150720883973,46.56094956732514,52.53120819368148,55.866419471955375,0.4952499834095207,55.46622510937508,56.68701609052348,0.0,0.0,0.0,0.0,0.0,0.0,0.0,0.0,0.0,0.0,0.0,0.0,0.0,0.0,0.0,0.0,0.0,0.0,0.0,0.0,63.760000000000005,1.2817956155331458,62.2,65.2,user_001,5
2024-01-02 06:50:00,0.0,0.0,0,0,4504.0,0.0,4504,4504,5.2904,0.0945663788034627,5.2,5.426,65.79704318195479,1.4592255698180123,64.1933767236573,67.29745713059897,51.463117370161925,2.435218924700035,49.57137974705756,55.48560443087951,97.372,0.0715541752799906,97.26,97.46,33.4832,0.1272839345714923,33.284000000000006,33.598,1.0,0.0,1,1,49.041863472533336,1.4227391253992665,46.70879007761139,50.472526718407586,66.4,6.066300355241239,59,73,49.94,5.429364603708245,44.8,57.8,50.06,4.715188225299177,46.3,58.0,97.38,0.9782637681116448,96.2,98.4,33.598,0.5062805546334938,33.2,34.37,5.426,0.6909630959754655,4.26,6.07,65.28470139240576,0.4224750823945021,64.67253110864613,65.79704318195478,64.26799633312855,0.16743370226182,64.0545269269371,64.49513289091762,0.3014784090226044,2.356474803489828,-2.709639271923848,2.935541092114235,50.25684836141202,0.0,50.25684836141202,50.25684836141202,2.7504557438674957,0.4745071712987311,2.003608452276397,3.238416870493372,3.172214235972999,0.9040746459403846,2.435218924700179,4.533001433909003,50.66462447057316,0.2107734986470263,50.4246917423974,50.937501945886865,540.0,0.0,540.0,540.0,0.375,0.0,0.375,0.375,0.3092592592592592,0.0,0.3092592592592592,0.3092592592592592,0.187037037037037,0.0,0.187037037037037,0.187037037037037,69.7,0.0,69.7,69.7,94.9,0.0,94.9,94.9,0.0,0.0,0,0,0.0,0.0,0.0,0.0,1.225,0.0,1.225,1.225,49.091200170056105,0.7231780975655141,48.314989721589995,49.88896873832708,55.888052152307026,0.2643742249601606,55.546083624563714,56.28102478053168,0.0,0.0,0.0,0.0,0.0,0.0,0.0,0.0,0.0,0.0,0.0,0.0,0.0,0.0,0.0,0.0,0.0,0.0,0.0,0.0,64.16,0.7334848328356891,63.3,65.3,user_001,5
2024-01-02 06:55:00,0.0,0.0,0,0,4504.0,0.0,4504,4504,5.2032,0.1675207449840169,4.978,5.4159999999999995,65.96257358774713,0.7099849379344425,65.19830475373264,67.13220316915509,49.80460804874561,2.282930269984632,47.48693920929532,52.9386396485757,97.736,0.1512613632095128,97.56,97.92,33.3212,0.20726601265041,33.15599999999999,33.629999999999995,1.0,0.0,1,1,51.630615765930315,4.689581801933107,46.10568429005582,58.73198702025794,65.4,3.7815340802378072,61,71,48.66,9.03703491196089,37.1,57.3,55.34,11.112965400827992,39.4,70.0,97.8,0.9486832980505188,96.8,98.9,33.172,0.3565389179318282,32.91,33.8,4.978,0.2883920942050945,4.81,5.49,66.09378783768305,0.1479341666160872,65.96257358774713,66.26579057243104,64.65194464743531,0.0768423190433962,64.51897748283396,64.71527127232933,-0.2812867938735678,1.553840030462598,-2.0991523768663285,1.9338984154224477,50.25684836141202,0.0,50.25684836141202,50.25684836141202,2.174463510895458,0.5927681413368069,1.652457992192778,3.184307425852765,1.53452877858061,0.5582073211991253,0.943011641581736,2.282930269984682,50.44187373000689,0.0899443153595247,50.36690003365811,50.594177792736936,540.0,0.0,540.0,540.0,0.375,0.0,0.375,0.375,0.3092592592592592,0.0,0.3092592592592592,0.3092592592592592,0.187037037037037,0.0,0.187037037037037,0.187037037037037,69.7,0.0,69.7,69.7,94.9,0.0,94.9,94.9,0.0,0.0,0,0,0.0,0.0,0.0,0.0,1.225,0.0,1.225,1.225,51.93791300791946,0.4749079376612612,51.31157409653834,52.39592218596774,55.56728231193192,0.4859862164557583,55.15746286171643,56.35227764005951,0.0,0.0,0.0,0.0,0.0,0.0,0.0,0.0,0.0,0.0,0.0,0.0,0.0,0.0,0.0,0.0,0.0,0.0,0.0,0.0,63.94,0.9555103348473007,62.6,64.8,user_001,5
2024-01-02 07:00:00,6.0,2.0,4,9,4523.0,8.093207028119323,4513,4534,5.6456,0.1458382665832259,5.504,5.846,68.0502154518844,1.4865760129775407,66.39822679728023,69.59734019592034,50.98966031917638,2.472272077747691,47.03939539936698,52.82862017749644,97.284,0.1532318504750225,97.12,97.5,33.178399999999996,0.0686352679021486,33.106,33.263999999999996,0.0,0.0,0,0,54.47431977164515,3.2622734066515435,50.65392208007643,58.72132468017196,69.4,5.813776741499453,60,75,52.82000000000001,4.832390712680422,45.8,58.3,51.879999999999995,11.366045926354516,43.4,68.7,97.2,0.784219357067903,95.9,98.0,33.263999999999996,0.3174586587258252,32.79,33.56,5.846,0.8673407634834185,4.61,6.72,67.08494325434509,0.7258533911296453,66.24171572516475,68.05021545188438,64.87202563258407,0.1125585381480966,64.73240307044178,65.03520719086916,0.6748922740578053,2.3109885694846186,-3.199113398640108,2.867257734239928,50.25684836141202,0.0,50.25684836141202,50.25684836141202,2.895520465967422,0.5814343342769299,1.868993502903308,3.2568896752654144,2.588859733518574,0.1622026190157565,2.398257092073455,2.776145326426568,50.010331794349334,0.1380549249130198,49.91815034589043,50.25000494492012,540.0,0.0,540.0,540.0,0.375,0.0,0.375,0.375,0.3092592592592592,0.0,0.3092592592592592,0.3092592592592592,0.187037037037037,0.0,0.187037037037037,0.187037037037037,69.7,0.0,69.7,69.7,94.9,0.0,94.9,94.9,1.2,0.4472135954999579,1,2,19.0,8.093207028119323,9.0,30.0,2.9400000000000004,1.0956733089748971,2.45,4.9,52.99887818569592,0.2010594867743123,52.70946548505292,53.247586123448784,55.11949019492748,0.1506669008761526,54.94463734822342,55.32578054990106,0.0,0.0,0.0,0.0,0.0,0.0,0.0,0.0,0.0,0.0,0.0,0.0,0.0,0.0,0.0,0.0,0.0,0.0,0.0,0.0,62.379999999999995,0.7362064927722396,61.8,63.6,user_001,5
2024-01-02 07:05:00,3.8,1.6431676725154984,2,5,4546.0,5.1478150704935,4539,4553,5.597199999999999,0.1056560457333138,5.496,5.728,68.16875265210001,1.6274083150760683,66.1769896876801,70.52310652785782,50.69970835478866,2.9886970863319453,47.28567141413788,54.42664102271535,97.528,0.4857159663836486,97.06,98.2,33.2108,0.059154036210558,33.134,33.29,0.0,0.0,0,0,48.57464293289154,2.4018592083226955,45.17608337384226,51.859580258916225,67.4,6.3874877690685254,60,74,48.72,9.115481336715026,36.7,57.3,48.42,8.160392147439973,38.2,57.2,97.46,1.295376393176897,95.4,99.0,33.182,0.5320432313261777,32.57,33.97,5.552,0.490683197185312,4.79,6.01,68.19258511991377,0.2262898895654961,67.96681030125627,68.55312897815,65.43505412994247,0.2744520359813788,65.06791590502388,65.74757186601295,-0.3843763260500026,2.518040032378784,-3.088494843840053,2.6076701041066315,50.25684836141202,0.0,50.25684836141202,50.25684836141202,2.416279051187172,0.7221175349492207,1.4416438632667663,3.1498019770048975,1.9071384687878723,0.8813002311796628,0.8216705929200426,2.9886970863320306,50.138268658789485,0.1692180524725574,49.98370871029934,50.39517295119981,540.0,0.0,540.0,540.0,0.375,0.0,0.375,0.375,0.3092592592592592,0.0,0.3092592592592592,0.3092592592592592,0.187037037037037,0.0,0.187037037037037,0.187037037037037,69.7,0.0,69.7,69.7,94.9,0.0,94.9,94.9,0.6,0.5477225575051661,0,1,42.0,5.1478150704935,35.0,49.0,1.96,0.6709601329438285,1.225,2.45,51.91337736978339,1.1369737482287003,50.450182401481584,53.391187051149515,54.58436381691846,0.2472846494597246,54.26144208741152,54.8715988484457,0.0,0.0,0.0,0.0,0.0,0.0,0.0,0.0,0.0,0.0,0.0,0.0,0.0,0.0,0.0,0.0,0.0,0.0,0.0,0.0,62.64,1.1282730166054675,60.8,63.9,user_001,5
2024-01-02 07:10:00,4.8,1.6431676725154982,3,7,4568.0,7.968688725254614,4557,4577,5.774800000000001,0.2215021444591449,5.442,6.016,67.51358059616132,1.9460676789227884,65.89573526751343,70.55965141086685,49.16465295207094,2.15380830141378,46.48605855094082,52.190447609425256,98.172,0.2769837540362256,97.88,98.52,33.5472,0.1483617201302269,33.303999999999995,33.688,0.0,0.0,0,0,49.25485009815856,2.2451607712580164,46.78802378041962,51.95868252027975,68.8,4.711687595755898,63,75,49.98,10.095147349097982,39.3,62.0,48.34,11.211957902168558,37.8,62.3,98.24,0.8324662155306969,97.3,99.4,33.592,0.5856364059721715,32.69,34.12,5.82,0.4357177985806861,5.19,6.38,67.38206882237547,0.5468604043849027,66.80555634136297,68.11250176806666,66.1989646042174,0.3113545326713896,65.82060346623085,66.61682702213614,0.6432097019193407,1.4579492613327325,-1.4478676337567151,2.2201742945665757,50.25684836141202,0.0,50.25684836141202,50.25684836141202,3.760682279685261,0.2984443671100497,3.42694707340274,4.230641006310618,2.2553501282500887,0.3605528246970588,1.9692112406966231,2.853876332830022,50.26979120883922,0.188167147152661,50.05937572698597,50.53455974524432,540.0,0.0,540.0,540.0,0.375,0.0,0.375,0.375,0.3092592592592592,0.0,0.3092592592592592,0.3092592592592592,0.187037037037037,0.0,0.187037037037037,0.187037037037037,69.7,0.0,69.7,69.7,94.9,0.0,94.9,94.9,0.8,0.4472135954999579,0,1,64.0,7.968688725254614,53.0,73.0,2.205,0.5478366544874484,1.225,2.45,54.01020836807692,0.5749482365919221,53.275843662836735,54.51330607833447,54.128090552897575,0.3381600690353945,53.709753325151226,54.42298703331264,0.0,0.0,0.0,0.0,0.0,0.0,0.0,0.0,0.0,0.0,0.0,0.0,0.0,0.0,0.0,0.0,0.0,0.0,0.0,0.0,63.06,1.6410362579784783,61.0,64.9,user_001,5
2024-01-02 07:15:00,6.8,3.5637059362410923,2,10,4595.2,11.56287161564979,4581,4611,5.724,0.1765955831837253,5.516,5.868,68.48738509908297,2.7971725424177745,65.34118866315943,72.03976760724457,53.37468680850317,2.9381284664990504,50.182692689307025,57.158974528580906,97.392,0.1269645619848337,97.22,97.52,33.416,0.1035857133006278,33.272,33.536,0.0,0.0,0,0,42.7737251158069,3.7442537375305864,38.37332000400588,48.38221333600393,66.4,5.5045435778091525,60,75,55.82000000000001,9.330969938864875,45.0,69.5,39.18,17.768989841856516,25.0,68.4,97.3,0.7713624310270767,96.5,98.4,33.272,0.2820815484926285,32.87,33.66,5.548,0.4571870514351866,5.01,6.17,69.25047819883135,0.6196128129544455,68.48738509908297,69.9966164729367,67.21476077092575,0.1700937084549682,66.95566245920186,67.34488764223265,-1.043692549541484,1.6807963514254791,-3.0058914973695607,1.4801161963777218,50.25684836141202,0.0,50.25684836141202,50.25684836141202,3.144161847936836,0.5559955533578939,2.255580423887125,3.576105444976448,2.654345902168488,1.0002385218874212,1.551637556842906,3.9254860246187064,50.645182381410926,0.3030880619111349,50.23490773051229,50.91607230890778,540.0,0.0,540.0,540.0,0.375,0.0,0.375,0.375,0.3092592592592592,0.0,0.3092592592592592,0.3092592592592592,0.187037037037037,0.0,0.187037037037037,0.187037037037037,69.7,0.0,69.7,69.7,94.9,0.0,94.9,94.9,1.4,0.8944271909999159,0,2,72.2,3.834057902536162,68.0,77.0,3.675,1.7324116139070416,1.225,4.9,54.365476746453226,2.502008263186361,50.55514921236342,56.45180255916672,53.92560495667387,0.2946103854744017,53.64940669692434,54.37095768612435,0.2,0.447213595499958,0.0,1.0,0.0,0.0,0.0,0.0,0.0,0.0,0.0,0.0,0.0,0.0,0.0,0.0,0.2,0.447213595499958,0.0,1.0,62.58,2.317757536930904,59.7,65.5,user_001,5
2024-01-02 07:20:00,3.8,1.3038404810405295,3,6,4623.0,6.244997998398476,4614,4630,5.588,0.2227644495874513,5.236,5.784000000000001,68.05101367559942,1.484921020560405,66.82048171124137,70.59608385029308,53.24028797478231,3.582878439933664,48.63660207574685,56.89154800846842,97.356,0.1669730517179365,97.18,97.58,33.14039999999999,0.091960861239986,33.007999999999996,33.267999999999994,0.0,0.0,0,0,44.27440001525029,3.4193338078366264,40.59209481600175,49.90214218587689,68.8,5.718391382198317,62,76,50.52,7.273032379963667,43.5,59.8,48.0,9.35280706526121,40.6,63.2,97.58,0.88147603484156,96.4,98.6,33.141999999999996,0.5452247243109923,32.62,33.98,5.652,0.9500631557954452,4.45,6.98,67.73454856939344,0.1994061230484617,67.51478077009867,68.05101367559942,67.62306863375701,0.1106890941485658,67.45328339654785,67.70838026564381,0.374493162200298,2.3616868026993885,-2.865361283431028,2.701958074853465,50.25684836141202,0.0,50.25684836141202,50.25684836141202,2.9082512844293573,0.6091864343948575,2.2915763044533017,3.5412186093540794,2.4831448840406076,0.7290927963414667,1.682702372122418,3.582878439933833,51.16018862635865,0.1232273904089128,50.96293709482741,51.27506778118343,540.0,0.0,540.0,540.0,0.375,0.0,0.375,0.375,0.3092592592592592,0.0,0.3092592592592592,0.3092592592592592,0.187037037037037,0.0,0.187037037037037,0.187037037037037,69.7,0.0,69.7,69.7,94.9,0.0,94.9,94.9,0.4,0.5477225575051661,0,1,77.0,1.581138830084191,75.0,79.0,1.7150000000000003,0.6709601329438286,1.225,2.45,48.15026795336512,1.2833386965019409,46.7727599962883,50.22611388200601,54.89484840827099,0.3008761260683278,54.54232858739544,55.20617256939161,0.0,0.0,0.0,0.0,0.0,0.0,0.0,0.0,0.0,0.0,0.0,0.0,0.0,0.0,0.0,0.0,0.0,0.0,0.0,0.0,63.720000000000006,0.8074651695274537,62.7,64.7,user_001,5
2024-01-02 07:25:00,5.6,1.51657508881031,4,7,4647.6,8.734987120768915,4636,4658,5.4564,0.1231779200993423,5.316,5.582,67.63223225357687,0.5799959557990371,66.76162421073819,68.17441614049213,48.33798030943636,2.7608244027699764,45.68121542985091,52.08747695323395,97.612,0.3554152500948618,97.2,98.04,33.3788,0.2318904913962663,33.038,33.658,0.0,0.0,0,0,50.22880987855148,4.038744163896776,43.82017623424729,53.830264351370936,67.8,2.863564212655271,64,71,48.96,9.046159406068416,42.4,64.9,50.18,15.403798232903467,23.8,61.7,97.5,1.1726039399558554,96.4,99.1,33.488,0.785506206213546,32.51,34.21,5.5760000000000005,0.7592957263148528,4.4,6.51,67.60751256880901,0.2985255970321062,67.33378385582196,68.10067578373294,67.87535608894468,0.0814146714054781,67.79137193056114,67.9838632880675,0.0838838732115618,1.1498997605132562,-1.3808121053690885,1.4127919297539364,50.25684836141202,0.0,50.25684836141202,50.25684836141202,2.5287578918536826,0.6603344580453719,1.606229854289134,3.21504891874028,2.7734974801379897,0.4955103658047198,2.2424208114604367,3.584321867603085,50.99510851595395,0.1074106003687089,50.88341084635612,51.131511606451895,540.0,0.0,540.0,540.0,0.375,0.0,0.375,0.375,0.3092592592592592,0.0,0.3092592592592592,0.3092592592592592,0.187037037037037,0.0,0.187037037037037,0.187037037037037,69.7,0.0,69.7,69.7,94.9,0.0,94.9,94.9,1.0,0.0,1,1,79.6,0.8944271909999173,79.0,81.0,2.45,0.0,2.45,2.45,54.81833796125649,1.5014164314454608,52.462652804358655,55.95563539563848,54.69620607327395,0.2223549137684921,54.33325496891545,54.91638026224327,0.0,0.0,0.0,0.0,0.0,0.0,0.0,0.0,0.0,0.0,0.0,0.0,0.0,0.0,0.0,0.0,0.0,0.0,0.0,0.0,62.1,0.9219544457292912,60.9,63.2,user_001,5
2024-01-02 07:30:00,4.2,1.7888543819998317,2,7,4670.8,7.190271204898988,4662,4679,5.5128,0.0922995124580841,5.402,5.63,68.11206350664386,0.485088996050668,67.66905891562037,68.75538256014582,49.98788218066652,2.110565012129449,47.47406724540266,52.52194585048968,97.848,0.3946137351892307,97.32,98.22,33.6064,0.1310984362988396,33.442,33.752,0.0,0.0,0,0,51.32502846137304,3.4225627013571094,47.67631950409841,55.14671888422142,68.2,1.7888543819998306,66,71,50.92,5.868730697518843,42.3,57.9,50.66,10.321966866833083,34.5,62.6,97.96,0.4037325847637279,97.4,98.5,33.57000000000001,0.2391652148620275,33.24,33.84,5.502,0.6708353002041562,4.92,6.66,68.00806749877322,0.1480203177546501,67.75482150238459,68.11206350664386,68.0292101296827,0.0322422175985786,67.99417129719407,68.05949479469668,0.0439682466780652,0.7119213725568664,-0.8345294578101772,1.1223087199270907,50.25684836141202,0.0,50.25684836141202,50.25684836141202,2.7037931579991423,0.6517615468403399,1.9281629063973824,3.2283214582689865,2.1719492137512737,0.5051754304157255,1.6087205566425384,2.83107602860708,50.89478520923399,0.1236436682846836,50.79129964506198,51.068552968750865,540.0,0.0,540.0,540.0,0.375,0.0,0.375,0.375,0.3092592592592592,0.0,0.3092592592592592,0.3092592592592592,0.187037037037037,0.0,0.187037037037037,0.187037037037037,69.7,0.0,69.7,69.7,94.9,0.0,94.9,94.9,0.8,0.4472135954999579,0,1,75.6,4.827007354458866,68.0,81.0,2.205,0.5478366544874484,1.225,2.45,54.75296928125986,0.4567051669420003,54.177392896963624,55.228512926650026,54.499966120537046,0.4720206555215843,53.92238172056257,55.056004032699306,0.0,0.0,0.0,0.0,0.0,0.0,0.0,0.0,0.0,0.0,0.0,0.0,0.0,0.0,0.0,0.0,0.0,0.0,0.0,0.0,62.44,0.3286335345031018,61.9,62.7,user_001,5
2024-01-02 07:35:00,4.6,0.8944271909999159,4,6,4693.6,6.985699678629197,4684,4702,6.0548,0.2647134299577563,5.802,6.388,69.00734992680084,1.4673665331503942,67.37907336604847,70.50181038491043,50.30951534889436,4.27727846092179,45.97223621738067,56.38129723365978,97.128,0.2555777768116812,96.86,97.54,33.236000000000004,0.1454785207513466,33.1,33.474000000000004,0.0,0.0,0,0,51.75111485911085,5.0916416479178235,45.945030890710406,56.564458173649065,69.6,3.974921382870358,67,76,50.239999999999995,13.348145938668784,37.8,65.1,51.12,16.474434739923552,29.0,71.3,96.86,0.6188699378706318,96.2,97.7,33.19,0.2828427124746212,32.78,33.49,5.978,0.5331228751423073,5.14,6.52,68.28188543193721,0.5676886556484241,67.64980600295284,69.00734992680084,68.04409351501995,0.0606281712869263,67.9846927300328,68.13393750964423,0.2963250365995805,1.529713878381262,-1.1672701283034712,2.8736422113171756,50.25684836141202,0.0,50.25684836141202,50.25684836141202,3.6807563142222177,0.7323407757086087,2.5871455564378207,4.622457109140032,3.735245792204013,0.5514989929021161,3.0036445887579863,4.298639047483197,50.74001286705962,0.1245873868851002,50.56708472692174,50.91391095336088,540.0,0.0,540.0,540.0,0.375,0.0,0.375,0.375,0.3092592592592592,0.0,0.3092592592592592,0.3092592592592592,0.187037037037037,0.0,0.187037037037037,0.187037037037037,69.7,0.0,69.7,69.7,94.9,0.0,94.9,94.9,1.0,0.0,1,1,70.6,0.8944271909999173,70.0,72.0,2.45,0.0,2.45,2.45,53.122171944133314,1.4186857134956876,51.5019529765089,54.797674729158565,53.21505540823997,0.5446318703744667,52.63365868089582,53.90449917194697,0.0,0.0,0.0,0.0,0.0,0.0,0.0,0.0,0.0,0.0,0.0,0.0,0.0,0.0,0.0,0.0,0.0,0.0,0.0,0.0,61.52,1.8322117781522964,59.5,63.8,user_001,5
2024-01-02 07:40:00,4.2,1.9235384061671343,2,7,4713.6,6.730527468185393,4705,4723,6.2104,0.190186224527435,5.928,6.442,70.06434237719188,0.6533246362411413,69.14868455849198,70.76578970566132,50.5658621035581,2.4790311523413764,46.588069990335015,53.133502219358526,97.784,0.1925616784305752,97.52,98.04,33.0096,0.0408264620068878,32.972,33.077999999999996,0.0,0.0,0,0,54.14771882918332,4.7658301683072,48.32046211533017,58.90655963923931,70.2,2.863564212655271,67,74,50.88,9.361196504720963,35.7,58.7,54.86,14.899932885754888,36.6,75.6,98.04,0.472228758124702,97.4,98.5,32.996,0.2127909772523284,32.76,33.31,6.234,0.3897178466531909,5.79,6.63,69.89720301984359,0.2098822771577123,69.5382332845339,70.06434237719188,68.4632825479313,0.1321496684347706,68.27818056198502,68.58859670972397,0.0678288114040583,1.1512068853186428,-1.074342279245997,1.6171051471693405,50.25684836141202,0.0,50.25684836141202,50.25684836141202,3.9952593305904984,0.4154843198461903,3.263978315642716,4.290474209422391,2.792484884737598,0.383797216434543,2.29362320265534,3.181166458471953,50.78791938990086,0.1176768903848568,50.687037449952115,50.969369120973475,540.0,0.0,540.0,540.0,0.375,0.0,0.375,0.375,0.3092592592592592,0.0,0.3092592592592592,0.3092592592592592,0.187037037037037,0.0,0.187037037037037,0.187037037037037,69.7,0.0,69.7,69.7,94.9,0.0,94.9,94.9,0.6,0.5477225575051661,0,1,66.0,2.6457513110645916,62.0,69.0,1.96,0.6709601329438285,1.225,2.45,56.48831734645137,0.8253640532721475,55.67728489415295,57.68803130495885,52.940952721331385,0.0913925408068056,52.84269083841426,53.0842726783296,0.0,0.0,0.0,0.0,0.0,0.0,0.0,0.0,0.0,0.0,0.0,0.0,0.0,0.0,0.0,0.0,0.0,0.0,0.0,0.0,61.16,0.4827007354458852,60.6,61.8,user_001,5
2024-01-02 07:45:00,3.6,1.6733200530681511,1,5,4733.2,6.833739825307988,4724,4741,5.5572,0.1385972582701406,5.486,5.804,66.67513973691416,2.133942725851448,64.47875245701279,70.11578954241817,54.44274727289653,2.5842627451472717,51.62663403711717,56.92233481290568,97.368,0.1658915308266156,97.14,97.58,33.528800000000004,0.2018692646244071,33.194,33.738,0.0,0.0,0,0,48.43393828203237,4.0726955470193955,42.65342461537386,52.920205384591185,65.2,4.4944410108488455,61,71,53.84000000000001,11.30566229815839,41.9,66.9,47.8,14.036915615618696,24.8,62.2,97.14,0.5029910535983744,96.3,97.6,33.606,0.7305682719636829,32.62,34.65,5.492,0.7418692607191644,4.32,6.22,68.4756810561111,1.429841748353961,66.67513973691416,70.04289491812793,68.33414969081126,0.1091837217128783,68.23553536918176,68.49493187098844,-0.7375698684570778,1.7580448147963337,-3.038596514139386,1.5070825143290705,50.25684836141202,0.0,50.25684836141202,50.25684836141202,3.7755547436145305,0.1701010265331015,3.5485242916886017,3.97467870122043,2.8435888447814666,0.5950479614375982,2.2384790737005673,3.809671553427603,51.21146263570711,0.0463122417525203,51.14737919837237,51.27440213089188,540.0,0.0,540.0,540.0,0.375,0.0,0.375,0.375,0.3092592592592592,0.0,0.3092592592592592,0.3092592592592592,0.187037037037037,0.0,0.187037037037037,0.187037037037037,69.7,0.0,69.7,69.7,94.9,0.0,94.9,94.9,0.6,0.5477225575051662,0,1,62.4,1.1401754250991378,61.0,64.0,1.96,0.6709601329438285,1.225,2.45,50.4625607781781,3.139318473406769,47.24725297240208,54.48561269325496,54.120030225609376,0.6094729194540752,53.31426030047577,54.67902382302672,0.0,0.0,0.0,0.0,0.0,0.0,0.0,0.0,0.0,0.0,0.0,0.0,0.0,0.0,0.0,0.0,0.0,0.0,0.0,0.0,64.28,1.4096098751072923,62.4,65.8,user_001,5
2024-01-02 07:50:00,4.0,1.4142135623730951,2,6,4752.6,6.69328021227261,4745,4761,5.9148,0.2990438094995447,5.476,6.212,71.08561510938787,2.289857247590002,67.77179719787217,73.1048155428186,46.59748112235675,2.273825783314684,45.06739290538541,50.55108935807811,97.188,0.2027806696901818,96.92,97.42,33.5324,0.1689461452652858,33.426,33.831999999999994,0.0,0.0,0,0,52.08809063796311,5.2510806084971104,43.29041094016616,55.7230847230122,71.8,8.04363102087608,59,80,43.98,5.947856756849478,34.1,48.4,55.48,11.754658650934957,36.4,66.8,97.04,1.1567194992737015,95.9,98.5,33.468,0.4447133908485327,32.92,34.14,6.008,0.6375499980393691,5.31,6.68,69.07580985101052,1.9139014274959107,66.58342649127611,71.08561510938787,68.55769323774743,0.2003026515809477,68.3157934974141,68.76279048508592,0.3571924453060632,3.332935938754886,-4.385898598936095,3.671388342886047,50.25684836141202,0.0,50.25684836141202,50.25684836141202,3.1926392317434016,0.4922208684321175,2.588950480359664,3.762667133993822,3.28696719592565,0.96016280660882,2.273825783314646,4.535153771834133,50.40152045682837,0.3541796116687051,50.040244722968104,50.936030576692694,540.0,0.0,540.0,540.0,0.375,0.0,0.375,0.375,0.3092592592592592,0.0,0.3092592592592592,0.3092592592592592,0.187037037037037,0.0,0.187037037037037,0.187037037037037,69.7,0.0,69.7,69.7,94.9,0.0,94.9,94.9,0.8,0.4472135954999579,0,1,59.0,1.4142135623730951,57.0,61.0,2.205,0.5478366544874484,1.225,2.45,55.456347368941394,5.364476668120424,48.66560551830409,61.56040715835434,53.556953840904576,0.4292222665731315,53.031043082490896,54.21409800867185,0.2,0.447213595499958,0.0,1.0,0.0,0.0,0.0,0.0,0.0,0.0,0.0,0.0,0.0,0.0,0.0,0.0,0.2,0.447213595499958,0.0,1.0,59.220000000000006,1.87936159373336,57.6,62.2,user_001,5
2024-01-02 07:55:00,3.6,2.701851217221259,1,8,4772.0,6.708203932499458,4763,4779,5.5808,0.1196879275449278,5.458,5.773999999999999,66.37588347119511,0.5304966440805375,65.7471991697399,67.18119813191478,48.153166238335054,2.4875510871345825,44.62195415415021,50.48130276943347,97.828,0.323604697122884,97.4,98.1,33.7496,0.0842187627550955,33.60600000000001,33.814,0.0,0.0,0,0,51.95826707989638,2.621626865722122,49.12906214015177,54.843593210227645,65.8,1.4832396974191326,64,68,49.82000000000001,8.890837980752998,39.8,62.2,49.56,9.930659595414596,37.7,61.1,98.04,0.4219004621945764,97.5,98.6,33.8,0.6448643268161149,33.26,34.92,5.5200000000000005,0.6037383539249429,4.91,6.27,68.1238926552771,1.7693936112303188,66.37588347119511,70.59041007292525,68.64375658549213,0.0749687714304137,68.55339902135562,68.7307492122795,-0.2879417355975533,0.6689077876352572,-1.0603993773049325,0.7509336100867046,50.25684836141202,0.0,50.25684836141202,50.25684836141202,2.861359110817131,0.3025609334032779,2.5522157611672314,3.2750295728886023,2.1936761313346915,0.8562819343442704,0.6931620731692238,2.745798739179962,50.05965427140676,0.1080325385416216,49.935718704200966,50.22624535001524,540.0,0.0,540.0,540.0,0.375,0.0,0.375,0.375,0.3092592592592592,0.0,0.3092592592592592,0.3092592592592592,0.187037037037037,0.0,0.187037037037037,0.187037037037037,69.7,0.0,69.7,69.7,94.9,0.0,94.9,94.9,0.6,0.8944271909999159,0,2,58.4,2.0736441353327724,56.0,61.0,2.2050000000000005,1.597204589274649,1.225,4.9,57.84633598563484,3.186562244399212,54.420222968743715,62.42059709441297,53.06220576381729,0.2175858221028722,52.695716860191126,53.25765599135673,0.0,0.0,0.0,0.0,0.0,0.0,0.0,0.0,0.0,0.0,0.0,0.0,0.0,0.0,0.0,0.0,0.0,0.0,0.0,0.0,62.54,1.3758633653092136,60.2,63.6,user_001,5
2024-01-02 08:00:00,5.6,1.140175425099138,4,7,4794.8,9.364827814754417,4784,4807,5.8759999999999994,0.1986001007049088,5.644,6.101999999999999,69.01081593036314,3.222735797723871,64.88805901325627,73.80504869397654,45.174161809163465,6.835528278325295,37.76461111247904,52.53334375692514,97.576,0.1693517050401426,97.36,97.74,33.2744,0.1503555785463275,33.088,33.428000000000004,0.0,0.0,0,0,51.79187056196166,9.687321191044523,40.446481410400345,61.81006856604455,72.0,7.7781745930520225,62,82,40.58,13.568787712983058,22.6,59.1,56.52,21.981401229221035,22.9,82.1,97.72,0.7259476565152652,96.5,98.2,33.254000000000005,0.372598980138163,32.68,33.64,6.052,0.6615285330203075,5.25,6.95,67.1460270163328,1.197675143820403,65.9172556474634,69.01081593036315,68.50008317175205,0.118126668196844,68.42448823645931,68.7031910919755,1.4945920348184274,2.4706583797200494,-1.4440295066281408,4.097475653011728,50.25684836141202,0.0,50.25684836141202,50.25684836141202,3.662689813515194,0.822715924312663,2.5700341316878097,4.547029657443373,3.883742766227951,2.1571961908494344,2.1765868272314357,6.835528278325256,49.866914691433536,0.4176820183249489,49.20715564920071,50.20123364938573,540.0,0.0,540.0,540.0,0.375,0.0,0.375,0.375,0.3092592592592592,0.0,0.3092592592592592,0.3092592592592592,0.187037037037037,0.0,0.187037037037037,0.187037037037037,69.7,0.0,69.7,69.7,94.9,0.0,94.9,94.9,1.0,0.0,1,1,61.6,2.8809720581775866,59.0,66.0,2.45,0.0,2.45,2.45,55.16658890806026,3.6658329799210465,52.016813218089894,60.93226850659953,51.70836551553979,1.458587268540578,49.61575978983765,53.0455443034108,0.0,0.0,0.0,0.0,0.4,0.5477225575051661,0.0,1.0,0.0,0.0,0.0,0.0,0.0,0.0,0.0,0.0,0.4,0.5477225575051661,0.0,1.0,60.46,3.861735361207448,55.0,64.9,user_001,5
2024-01-02 08:05:00,4.8,1.7888543819998317,3,7,4823.0,7.035623639735071,4813,4831,5.8292,0.1353114924904753,5.75,6.068,70.86479880564453,3.042762142626687,67.35779941954513,75.14305167986522,47.67297604071288,2.112549604956403,45.30974074165269,50.839827161101795,97.252,0.1597498043817256,97.0,97.44,33.4012,0.0988291454986807,33.27,33.547999999999995,0.0,0.0,0,0,56.505678427912656,2.1012737732226894,53.262242538087285,58.53877446137212,71.4,9.071934744033378,59,82,51.92,9.450238092238736,40.7,61.9,54.34,8.810107831349171,45.0,66.6,97.0,0.7778174593052043,96.1,98.2,33.548,0.5967997989275788,32.95,34.29,5.75,0.5774945887192362,5.14,6.67,70.41840684988745,0.313164062781051,70.09369596905029,70.86479880564453,68.85617007474374,0.0905241098647301,68.77872328651125,69.01276590511611,0.2676005971777357,3.3673279272889993,-4.1788997097725655,3.4284741600673954,50.25684836141202,0.0,50.25684836141202,50.25684836141202,5.182986671969094,0.627846845973742,4.485112023360993,5.830736474917479,4.7450792283957774,1.510966199418788,2.112549604956403,5.704819421274607,48.85043595387877,0.052047240102285,48.767732431170465,48.89993198008903,540.0,0.0,540.0,540.0,0.375,0.0,0.375,0.375,0.3092592592592592,0.0,0.3092592592592592,0.3092592592592592,0.187037037037037,0.0,0.187037037037037,0.187037037037037,69.7,0.0,69.7,69.7,94.9,0.0,94.9,94.9,0.6,0.5477225575051661,0,1,70.4,1.8165902124584952,68.0,73.0,1.96,0.6709601329438286,1.225,2.45,62.79971480764434,1.7111862462302627,60.02876333188273,64.14858415614776,49.85053483186427,0.3837238825692359,49.19771068510407,50.12835825680101,0.0,0.0,0.0,0.0,0.0,0.0,0.0,0.0,0.0,0.0,0.0,0.0,0.0,0.0,0.0,0.0,0.0,0.0,0.0,0.0,58.5,1.7435595774162709,56.8,61.1,user_001,5
2024-01-02 08:10:00,5.0,1.7320508075688774,4,8,4846.8,8.167006795638136,4835,4856,6.2012,0.0808158400315181,6.104,6.311999999999999,72.84474716782151,1.834568081075057,71.5467756404672,76.03118376031146,49.91265528108153,1.5848521454944,48.00053280799299,51.41429822697637,97.872,0.1196662024132106,97.7,98.02,33.2596,0.133636821273182,33.056,33.402,0.0,0.0,0,0,52.26371073947821,3.767580298411064,47.72485918832884,58.183899760609826,73.2,7.190271204899019,66,85,49.760000000000005,6.019385350681581,41.3,57.2,50.7,11.943198901466891,37.7,63.3,98.02,0.2683281572999757,97.6,98.3,33.056,0.7174468621438084,32.13,33.79,6.311999999999999,0.5300660336222269,5.59,6.98,72.24802065512921,0.773323921663609,70.97653253709635,72.84474716782151,69.24797301395802,0.1461009380357422,69.0751772700774,69.47616670355438,0.1776264160892481,2.7634487762193536,-3.047683893288408,4.484408119844261,50.25684836141202,0.0,50.25684836141202,50.25684836141202,2.1725490316388707,0.5525775731444196,1.7247468142305036,3.0738172574254334,1.7047262225783684,0.195024221606818,1.4751326634041302,1.9344129000716392,48.750213788165105,0.0878140633226372,48.6507105096692,48.829963607803215,540.0,0.0,540.0,540.0,0.375,0.0,0.375,0.375,0.3092592592592592,0.0,0.3092592592592592,0.3092592592592592,0.187037037037037,0.0,0.187037037037037,0.187037037037037,69.7,0.0,69.7,69.7,94.9,0.0,94.9,94.9,1.2,0.4472135954999579,1,2,74.8,2.1679483388678804,72.0,77.0,2.9400000000000004,1.0956733089748971,2.45,4.9,59.843147266642745,0.5941116160395844,59.28554910058678,60.51165575814751,49.62645789287093,0.3400694907539005,49.11658115528148,50.03547665945152,0.0,0.0,0.0,0.0,0.0,0.0,0.0,0.0,0.0,0.0,0.0,0.0,0.0,0.0,0.0,0.0,0.0,0.0,0.0,0.0,58.96,1.279843740462094,56.8,60.1,user_001,5
2024-01-02 08:15:00,4.4,1.3416407864998738,3,6,4868.6,6.877499545619682,4861,4878,5.9887999999999995,0.0768843287022786,5.858,6.056,73.00836176695591,0.9023177929939128,72.02078917354098,74.26541901438252,46.06421797940168,2.8415201894330973,43.50998178923319,50.82245902577466,97.808,0.0965401470891828,97.68,97.94,33.39,0.1130309692075579,33.28,33.576,0.0,0.0,0,0,52.58090017968438,4.0040246050391755,45.929587907652994,56.54648351451244,72.0,4.84767985741633,64,77,44.8,9.934032413879068,32.8,59.8,53.279999999999994,14.534682659074466,32.7,71.4,97.82,0.5630275304103689,97.2,98.5,33.576,0.4145238231995848,33.12,34.05,5.858,0.6404451576833105,4.85,6.37,73.01455416034624,0.2968756337945438,72.75322096347621,73.51254265043387,70.00445186466388,0.4051250662547874,69.53966669125847,70.53170370856134,-0.5041808834779573,2.1013127828221427,-4.010394586770488,1.367290492808749,50.25684836141202,0.0,50.25684836141202,50.25684836141202,3.20819420730586,0.7049999650645997,2.228060920131485,3.793273221516455,2.572890911578323,0.3647015365080482,2.1182626729742777,2.8526178679609413,47.83856861956632,0.4634732390787671,47.26244307850856,48.30590975161625,540.0,0.0,540.0,540.0,0.375,0.0,0.375,0.375,0.3092592592592592,0.0,0.3092592592592592,0.3092592592592592,0.187037037037037,0.0,0.187037037037037,0.187037037037037,69.7,0.0,69.7,69.7,94.9,0.0,94.9,94.9,0.6,0.5477225575051661,0,1,73.8,2.588435821108955,71.0,77.0,1.96,0.6709601329438285,1.225,2.45,62.08393784333955,2.0882634207036928,60.081545243642175,64.35380059103846,48.22068534516746,0.2424964657995462,47.92152906606888,48.50311273859656,0.0,0.0,0.0,0.0,0.0,0.0,0.0,0.0,0.0,0.0,0.0,0.0,0.0,0.0,0.0,0.0,0.0,0.0,0.0,0.0,57.620000000000005,1.4131525041551596,56.0,59.5,user_001,5
2024-01-02 08:20:00,3.4,1.8165902124584952,1,6,4889.4,5.683308895353185,4882,4895,5.984,0.0650076918525797,5.892,6.0600000000000005,72.669413895237,0.6931978424070903,71.75511690724379,73.67351956194778,46.13306574214344,2.055905522654567,43.06098525619532,48.693325239659195,97.652,0.1916246330720538,97.44,97.94,33.1368,0.1161860576833509,33.016000000000005,33.278,0.0,0.0,0,0,49.63559179320946,2.611191166787611,46.48202143496542,52.27303215244813,72.4,2.3021728866442666,70,75,46.6,8.734700910735292,35.1,56.4,48.58,13.521353482547523,34.7,62.4,97.68,0.4919349550499532,97.2,98.5,33.016,0.6622159768534738,32.26,33.64,5.892,0.2937175513992994,5.43,6.22,73.09557914868758,0.331534590149463,72.669413895237,73.35927189642486,70.67441341427673,0.0691976612672263,70.62683859263763,70.79567017286952,-0.134706947618497,0.9231864577203152,-1.224506520649257,1.0816276975854038,50.25684836141202,0.0,50.25684836141202,50.25684836141202,3.1533902336581447,0.5813789759115997,2.3548230437695614,3.8615820328397823,2.243934236100361,0.4745130887707339,1.9483233413799907,3.0831380718074595,47.20496102534755,0.0396568544416203,47.15422743937618,47.258007825730935,540.0,0.0,540.0,540.0,0.375,0.0,0.375,0.375,0.3092592592592592,0.0,0.3092592592592592,0.3092592592592592,0.187037037037037,0.0,0.187037037037037,0.187037037037037,69.7,0.0,69.7,69.7,94.9,0.0,94.9,94.9,0.4,0.5477225575051661,0,1,66.4,2.0736441353327733,64.0,69.0,1.7150000000000003,0.6709601329438286,1.225,2.45,64.50387176368743,0.5805048410235305,63.89140602704399,65.36835411400857,47.96644488685136,0.4115574588764339,47.608025455869225,48.62267152135518,0.0,0.0,0.0,0.0,0.0,0.0,0.0,0.0,0.0,0.0,0.0,0.0,0.0,0.0,0.0,0.0,0.0,0.0,0.0,0.0,57.260000000000005,0.279284800875381,57.0,57.6,user_001,5
2024-01-02 08:25:00,4.4,0.894427190999916,4,6,4908.6,6.985699678629197,4899,4917,5.7004,0.0811714235430179,5.624,5.812,72.93095162406414,0.9476851460002912,71.89116306988613,74.2640483170033,49.257769974274034,5.891352074730075,43.554021779001545,57.51289856844513,97.516,0.2539291239696576,97.28,97.8,33.5204,0.0936205105732718,33.39,33.62,0.0,0.0,0,0,50.5730820468424,5.208931498981855,44.29263774287864,55.233434921476935,73.2,3.0331501776206204,70,78,53.86,19.83451537093861,28.2,77.8,47.959999999999994,18.14119621193707,24.7,70.0,97.4,0.6708203932499377,96.7,98.3,33.39,0.7029580357318628,32.51,34.44,5.811999999999999,0.5411746483345278,4.93,6.26,72.53538490846915,0.3039189408671392,72.29464115414429,72.93095162406414,71.40966212314206,0.3720368965341727,70.95266900413525,71.88818153168104,0.1345241879679349,1.1614507537731424,-0.9455815349430594,1.8679758414983496,50.25684836141202,0.0,50.25684836141202,50.25684836141202,5.419770856475422,0.99181535345974,4.094736719716082,6.893327685215369,4.232593901573841,0.9392170087234925,3.6966485724074047,5.89135207473011,47.25435975093741,0.173355956379917,47.06556756004139,47.46669367675978,540.0,0.0,540.0,540.0,0.375,0.0,0.375,0.375,0.3092592592592592,0.0,0.3092592592592592,0.3092592592592592,0.187037037037037,0.0,0.187037037037037,0.187037037037037,69.7,0.0,69.7,69.7,94.9,0.0,94.9,94.9,1.0,0.0,1,1,61.8,1.3038404810405302,61.0,64.0,2.45,0.0,2.45,2.45,62.44092728876029,1.1792345516887224,60.4544310401368,63.516483034172985,47.29519290969269,0.4711887094728418,46.66139319519298,47.906895475920216,0.0,0.0,0.0,0.0,0.0,0.0,0.0,0.0,0.0,0.0,0.0,0.0,0.0,0.0,0.0,0.0,0.0,0.0,0.0,0.0,57.98,1.561089363233251,56.7,60.1,user_001,5
2024-01-02 08:30:00,4.2,1.4832396974191324,2,6,4928.8,6.418722614352382,4922,4938,6.01,0.1525188512938648,5.859999999999999,6.2299999999999995,70.6872035060496,1.168321518959947,69.79135677954487,72.67082913096394,50.93147588138588,4.132885166350157,45.90131329747064,57.34193237896343,97.54,0.287054001888153,97.22,97.86,33.257999999999996,0.1746138597019171,33.074,33.478,0.0,0.0,0,0,45.3211466069916,4.235512074432955,39.99509182858576,51.70965683809949,69.2,5.495452665613634,63,78,47.82,9.566190464338456,37.0,57.4,45.78,15.902106778663008,31.4,67.6,97.74,0.7231873892705813,97.0,98.7,33.366,0.6278375586089132,32.71,34.32,5.9,0.3446012188022553,5.32,6.21,71.89749924720581,0.819527275457032,70.6872035060496,72.56931183291739,72.20157416162091,0.0982011739083303,72.05878768778736,72.30136919144317,-0.7436017530247995,2.2742652483090935,-3.5031218482229605,2.664585434518031,50.25684836141202,0.0,50.25684836141202,50.25684836141202,5.339587117445314,0.899552553473261,3.785475770025977,6.12724702327775,5.304719841259664,1.1344498842769344,4.132885166350254,6.818974511337275,47.80351239518517,0.3342320217473018,47.529427425197454,48.32869348316658,540.0,0.0,540.0,540.0,0.375,0.0,0.375,0.375,0.3092592592592592,0.0,0.3092592592592592,0.3092592592592592,0.187037037037037,0.0,0.187037037037037,0.187037037037037,69.7,0.0,69.7,69.7,94.9,0.0,94.9,94.9,0.8,0.4472135954999579,0,1,60.2,0.8366600265340753,59.0,61.0,2.205,0.5478366544874484,1.225,2.45,56.56283248589432,1.6647080850504357,54.91631018310346,59.01194621333251,48.683953282120136,0.5431679504133156,48.1714925441539,49.45044234434944,0.0,0.0,0.0,0.0,0.0,0.0,0.0,0.0,0.0,0.0,0.0,0.0,0.0,0.0,0.0,0.0,0.0,0.0,0.0,0.0,60.56,0.9838699100999084,59.7,62.1,user_001,5
2024-01-02 08:35:00,4.8,3.03315017762062,1,9,4955.4,6.268971207463129,4947,4962,6.5232,0.0750812892803523,6.465999999999999,6.632,73.5571626016197,2.8324361760137604,68.90726967979772,75.84767541324344,51.88142892265164,3.417607096849272,47.070954837527005,56.65964838443574,97.82,0.4802082881417261,97.32,98.4,33.2716,0.1314792759335127,33.128,33.478,0.0,0.0,0,0,45.69290819515938,3.8340118810742623,41.706564989066514,51.736251106251785,75.6,9.838699100999074,61,88,52.94,12.660884645237076,38.8,65.8,46.14,13.437187205661758,35.0,68.4,97.62,1.12561094522042,96.3,99.1,33.262,0.2194766502386987,32.95,33.52,6.632,0.8900393249739026,5.43,7.82,71.85201636177196,1.198131453562694,70.50542378046649,73.5571626016197,72.44050908026831,0.1940353405987173,72.2117196406414,72.62446014043695,1.02141869919015,3.923437806820077,-3.9536348398988537,6.364243440067426,50.25684836141202,0.0,50.25684836141202,50.25684836141202,4.0808548569200225,0.3755080194381237,3.51811750143887,4.504802629713843,3.4306300858879135,0.6165626678578887,2.400640343579784,3.9122714640726337,48.82076980787075,0.1791573509506777,48.55468454433328,49.03010229682304,540.0,0.0,540.0,540.0,0.375,0.0,0.375,0.375,0.3092592592592592,0.0,0.3092592592592592,0.3092592592592592,0.187037037037037,0.0,0.187037037037037,0.187037037037037,69.7,0.0,69.7,69.7,94.9,0.0,94.9,94.9,0.8,0.8366600265340756,0,2,66.0,1.4142135623730947,64.0,67.0,2.45,1.5003124674546966,1.225,4.9,57.121259254238645,0.9759803875411835,55.716655429474656,58.02467469818724,50.559655187074235,0.5166993202722435,49.70313790224713,51.08129069343085,0.0,0.0,0.0,0.0,0.0,0.0,0.0,0.0,0.0,0.0,0.0,0.0,0.0,0.0,0.0,0.0,0.0,0.0,0.0,0.0,59.32000000000001,2.1475567512873774,57.3,62.9,user_001,5
2024-01-02 08:40:00,6.4,3.5071355833500366,3,12,4980.2,11.454256850621189,4968,4994,6.215999999999999,0.0048989794855665,6.209999999999999,6.2219999999999995,74.12275392284704,0.3804702713378985,73.62153345577583,74.59156546837802,50.43171080462902,3.08817088283235,47.79055898025225,55.65375770556756,97.652,0.423225708103837,97.14,98.08,33.55,0.0943080060228201,33.442,33.67,0.0,0.0,0,0,47.22647350718148,3.461911391418808,41.47166715833412,50.742963181481834,74.0,1.4142135623730967,72,75,48.9,9.693812459502194,38.2,62.2,47.78,12.304755178385305,31.3,62.9,97.76,1.7256882684888384,95.6,99.5,33.598,0.6204192131131967,33.02,34.29,6.2219999999999995,0.4837561369119774,5.46,6.74,74.25376347150907,0.3592393529009828,73.77144173441313,74.71429448960876,72.77479954966496,0.0830069722319939,72.6775378401942,72.87729516252668,-0.0613769614235195,0.5826355103162257,-0.966150091831878,0.4594888480747272,50.25684836141202,0.0,50.25684836141202,50.25684836141202,4.2689109596994355,0.5647289346903581,3.4155949887734915,4.890684325722945,3.315236481264854,0.3480536618279353,2.9781334700047086,3.819898875040711,49.166062965096835,0.0723809471566283,49.09825065945475,49.2678459756598,540.0,0.0,540.0,540.0,0.375,0.0,0.375,0.375,0.3092592592592592,0.0,0.3092592592592592,0.3092592592592592,0.187037037037037,0.0,0.187037037037037,0.187037037037037,69.7,0.0,69.7,69.7,94.9,0.0,94.9,94.9,1.0,0.7071067811865476,0,2,71.6,5.079370039680119,66.0,77.0,2.6950000000000003,1.341920265887657,1.225,4.9,59.61970195646753,1.299586316208451,57.414009051336755,60.64941691544893,51.44048386522504,0.2801356649754411,51.15411857942955,51.80678921290967,0.0,0.0,0.0,0.0,0.0,0.0,0.0,0.0,0.0,0.0,0.0,0.0,0.0,0.0,0.0,0.0,0.0,0.0,0.0,0.0,58.14,1.2421755109484327,57.0,60.1,user_001,5
2024-01-02 08:45:00,4.4,1.8165902124584952,2,6,5009.2,6.610597552415479,5000,5016,5.8936,0.1457010638259032,5.728,6.12,72.88777006391402,0.9084291311041476,71.80821046288949,73.87214030859299,44.00615121707048,2.719837333245774,41.65595838423074,48.600906364519176,97.816,0.0963327566303367,97.68,97.92,33.263999999999996,0.1663009320478955,33.153999999999996,33.553999999999995,0.0,0.0,0,0,55.78332161411443,5.5500573355103695,46.760877979698314,61.54927910208814,72.6,3.0495901363953823,71,78,41.52,6.468925722250952,34.0,48.7,58.739999999999995,14.314607923376734,44.4,76.8,97.92,0.8927485648266201,96.4,98.6,33.158,0.5523314222457393,32.6,33.77,5.816,0.3061535562426148,5.41,6.15,73.49399354357323,0.5273066844974384,72.88777006391402,74.0818359485647,72.85470611353612,0.0479495951262653,72.79714723676621,72.90191461605727,-0.1438850319570065,1.250997352684368,-0.9092367707506668,2.0639298457034982,50.25684836141202,0.0,50.25684836141202,50.25684836141202,2.766994291136565,0.1867305129507493,2.6105017568410287,3.0861166043902855,2.609651055098052,0.9962461904953656,1.0344958024122113,3.686349552862651,48.92587111748875,0.1623353667808118,48.773600423692415,49.19218547827619,540.0,0.0,540.0,540.0,0.375,0.0,0.375,0.375,0.3092592592592592,0.0,0.3092592592592592,0.3092592592592592,0.187037037037037,0.0,0.187037037037037,0.187037037037037,69.7,0.0,69.7,69.7,94.9,0.0,94.9,94.9,0.6,0.5477225575051661,0,1,80.4,2.302172886644267,78.0,83.0,1.96,0.6709601329438286,1.225,2.45,64.34221166935224,1.7957168175868687,62.02788759087589,66.67549975732797,49.48537005540878,0.7619996097566564,48.48926737537454,50.46412292878619,0.0,0.0,0.0,0.0,0.0,0.0,0.0,0.0,0.0,0.0,0.0,0.0,0.0,0.0,0.0,0.0,0.0,0.0,0.0,0.0,56.86,0.856154191720158,55.5,57.8,user_001,5
2024-01-02 08:50:00,5.2,2.4899799195977463,2,9,5030.2,9.03880523078137,5021,5042,5.8856,0.1588042820581362,5.742,6.126,71.297154905536,2.065770322728323,68.49872902604133,74.248093539062,43.65990468702163,3.224055300354582,40.2239876694017,48.786219786548486,97.82,0.2416609194719,97.56,98.12,33.354,0.2013802373620593,33.112,33.58,0.0,0.0,0,0,51.85171313436898,2.7210763456550713,48.85373009833895,55.72200862284094,70.4,7.602631123499285,57,75,46.239999999999995,9.006830741165283,36.0,58.3,49.260000000000005,9.17431196330275,37.6,58.8,97.56,0.9607288899580306,96.0,98.6,33.358,0.4000874904317785,32.95,34.01,5.956,0.8355417404295253,4.51,6.61,71.99624606335121,0.6307925638364281,71.29715490553602,72.99184670927602,72.67148393264674,0.0971170820409969,72.58049943733842,72.82836173485904,-0.4485774527680007,3.0629416408589956,-5.749364513020666,2.1670903246528894,50.25684836141202,0.0,50.25684836141202,50.25684836141202,2.4662742413844563,0.3860311872771567,2.1534318238412418,2.984100428328744,1.7959235604796586,0.799339633951391,1.3906405092981668,3.224055300354406,48.35354407034145,0.1037779846760775,48.23649889097059,48.491289171350495,540.0,0.0,540.0,540.0,0.375,0.0,0.375,0.375,0.3092592592592592,0.0,0.3092592592592592,0.3092592592592592,0.187037037037037,0.0,0.187037037037037,0.187037037037037,69.7,0.0,69.7,69.7,94.9,0.0,94.9,94.9,1.0,0.7071067811865476,0,2,74.8,3.420526275297414,71.0,80.0,2.6950000000000003,1.341920265887657,1.225,4.9,67.37027972788404,1.2833710781427463,65.30464213690261,68.79235649728493,46.763083558292934,0.5395862666575608,46.37893727950985,47.67154380915452,0.0,0.0,0.0,0.0,0.0,0.0,0.0,0.0,0.0,0.0,0.0,0.0,0.0,0.0,0.0,0.0,0.0,0.0,0.0,0.0,57.220000000000006,1.7079227148791,54.5,58.8,user_001,5
2024-01-02 08:55:00,5.4,1.51657508881031,4,7,5057.8,9.038805230781298,5046,5069,6.344,0.1112654483656092,6.2219999999999995,6.49,72.87946072830104,1.2896634629488026,71.08616869650199,74.59385275400088,49.87093395055429,3.041523109816058,46.00498657179933,53.40888491016276,97.748,0.1300769003320751,97.54,97.84,33.536,0.0907744457432817,33.419999999999995,33.636,0.0,0.0,0,0,49.387386091768754,2.4593259902871747,46.927897303375595,53.21276893259509,73.4,4.33589667773576,68,78,51.720000000000006,7.062365042958342,42.3,57.6,49.28,8.339784169869148,37.4,59.1,97.82,0.5069516742254631,97.2,98.3,33.636,0.5378475620470926,32.76,34.08,6.49,0.8656500447640495,5.54,7.74,72.04707767089398,0.8999701510405381,70.66476993702399,72.87946072830104,72.59009939305086,0.0379934602145786,72.55366629155894,72.65348131476692,0.2602696358494825,1.7198652754805597,-2.197950918000288,2.304610434499338,50.25684836141202,0.0,50.25684836141202,50.25684836141202,2.7787309400771236,0.3318873997321849,2.2870562638166065,3.0773942683240145,2.697353218995282,0.3577007326902097,2.3124204076122012,3.0415231098161204,48.383789068247985,0.1724565762990136,48.187604609670295,48.60040136582823,540.0,0.0,540.0,540.0,0.375,0.0,0.375,0.375,0.3092592592592592,0.0,0.3092592592592592,0.3092592592592592,0.187037037037037,0.0,0.187037037037037,0.187037037037037,69.7,0.0,69.7,69.7,94.9,0.0,94.9,94.9,1.0,0.0,1,1,77.6,3.209361307176243,74.0,82.0,2.45,0.0,2.45,2.45,61.67654320967588,1.5381417534034925,59.66466340954109,63.25201408467906,46.04957457207949,0.2690509192807617,45.77668648947257,46.47933612951674,0.0,0.0,0.0,0.0,0.0,0.0,0.0,0.0,0.0,0.0,0.0,0.0,0.0,0.0,0.0,0.0,0.0,0.0,0.0,0.0,58.5,1.0677078252031305,57.2,59.4,user_001,5
2024-01-02 09:00:00,3.4,1.816590212458495,1,5,5080.2,5.310367218940653,5074,5086,6.0676000000000005,0.18987574884645,5.779999999999999,6.3100000000000005,72.64503186545528,2.1313036426495717,70.6358227662224,75.8180215603622,43.92020529390015,1.7695017926383687,41.73755751311857,46.658371675412376,97.452,0.0794984276574093,97.36,97.56,33.6964,0.0932887988989012,33.54600000000001,33.791999999999994,0.0,0.0,0,0,59.0389973454181,5.562535775329889,49.48777150537179,62.8712288306298,73.8,5.403702434442519,68,80,41.22,11.880109427105456,23.8,56.5,59.4,21.254058435978763,30.8,89.9,97.44,0.3577708763999631,96.9,97.8,33.682,0.4632709790176821,33.24,34.38,5.779999999999999,0.4543676925134532,5.18,6.38,72.4137715451383,0.4911231419550757,71.80132169727439,73.05297381886736,72.6761447760396,0.1343177791245496,72.5690004243161,72.8982223479455,0.5774840672723599,1.7715656112707328,-1.3179113831111948,2.6364838297283484,50.25684836141202,0.0,50.25684836141202,50.25684836141202,4.793600259552136,0.2213459422698225,4.534474034784998,5.011832559799184,4.028757948299961,1.2968713739756177,1.7695017926380705,4.993119983068174,47.59875137249905,0.2858410443547597,47.29505581263787,48.00351171814588,540.0,0.0,540.0,540.0,0.375,0.0,0.375,0.375,0.3092592592592592,0.0,0.3092592592592592,0.3092592592592592,0.187037037037037,0.0,0.187037037037037,0.187037037037037,69.7,0.0,69.7,69.7,94.9,0.0,94.9,94.9,0.6,0.5477225575051662,0,1,71.0,1.8708286933869696,69.0,74.0,1.96,0.6709601329438285,1.225,2.45,62.76512107544029,2.527578524270316,60.736792734420064,66.50582125089257,46.38935207332976,0.1254314881247802,46.2366536480203,46.52982882830402,0.0,0.0,0.0,0.0,0.0,0.0,0.0,0.0,0.0,0.0,0.0,0.0,0.0,0.0,0.0,0.0,0.0,0.0,0.0,0.0,56.86,1.4553350129781126,55.0,58.2,user_001,5
2024-01-02 09:05:00,5.8,2.7748873851023217,2,9,5103.6,9.28977932999474,5091,5115,6.3312,0.1094678034857737,6.15,6.426,76.66930460779659,0.7906798064001591,75.71714006130611,77.57571009195917,43.35089123211854,1.793558001825221,40.69260963351661,45.09671539267405,97.356,0.1322119510483016,97.26,97.58,33.2756,0.1069149194453266,33.162,33.418,0.0,0.0,0,0,54.72826302491103,3.4712878802852516,51.35851433691453,59.86711394309424,76.8,2.7748873851023204,72,79,41.739999999999995,7.0896403293820205,32.4,49.1,58.879999999999995,11.144595102559808,43.9,72.5,97.26,0.5176871642217944,96.6,98.0,33.348,0.8193106858817364,32.45,34.02,6.351999999999999,0.5520597793717633,5.84,7.16,75.59029090306349,1.3363726775537772,73.5633545769702,76.66930460779659,73.29919053292154,0.1608802944737263,73.02103712085257,73.41691268230834,0.0653476961017077,1.102188546511391,-1.8585700306530557,0.8182174310306181,50.25684836141202,0.0,50.25684836141202,50.25684836141202,3.0021959807359733,0.3726241545250153,2.509708739451324,3.3485165583511303,2.1195558701592763,0.3030021642927378,1.7935580018248858,2.385724564477495,46.382035846035535,0.440604149057029,45.87329953088235,47.05337054175858,540.0,0.0,540.0,540.0,0.375,0.0,0.375,0.375,0.3092592592592592,0.0,0.3092592592592592,0.3092592592592592,0.187037037037037,0.0,0.187037037037037,0.187037037037037,69.7,0.0,69.7,69.7,94.9,0.0,94.9,94.9,1.2,0.8366600265340756,0,2,73.4,2.5099800796022267,70.0,77.0,3.185,1.6435099634623456,1.225,4.9,70.02979494921766,1.7519166998283882,67.2256040292327,71.69956380122291,45.948913979344205,0.5412122171666255,45.20285337789249,46.69719218797964,0.0,0.0,0.0,0.0,0.0,0.0,0.0,0.0,0.0,0.0,0.0,0.0,0.0,0.0,0.0,0.0,0.0,0.0,0.0,0.0,53.239999999999995,0.8080841540334784,52.3,54.0,user_001,5
2024-01-02 09:10:00,5.4,2.966479394838265,2,9,5130.4,8.41427358718507,5119,5142,6.3164,0.1112600557253144,6.196,6.462000000000001,78.1564516355946,0.7548652884416245,77.09650669391382,78.88044642782633,49.60917086184278,1.971332820066964,47.25409573007736,52.60821644050912,97.528,0.0831865373723459,97.42,97.64,33.5432,0.1438860660383778,33.386,33.738,0.0,0.0,0,0,57.34067661233397,2.8971797310514225,54.91542241225934,62.123133618389,79.0,1.4142135623730945,77,81,53.6,3.2810059433045824,51.0,57.8,55.36,13.36237254382619,40.5,75.5,97.64,0.7602631123499288,96.5,98.3,33.428,0.3854477915360264,33.03,34.06,6.38,0.4755523104769865,5.88,6.95,77.32514118888079,0.5977375563867815,76.77953640519772,78.1564516355946,73.81108681915016,0.2280892062846455,73.52238623265,74.08919563443291,0.4217741822026966,0.7075985644839147,-0.6268154759421094,1.0896651791302645,50.25684836141202,0.0,50.25684836141202,50.25684836141202,2.732768060404434,0.3572667704140941,2.467039352104996,3.3184826006111523,2.5506536516522043,0.3787619113956928,1.971332820067087,2.972154352893714,45.61950266285241,0.0685660560119284,45.55554053224401,45.73620954041799,540.0,0.0,540.0,540.0,0.375,0.0,0.375,0.375,0.3092592592592592,0.0,0.3092592592592592,0.3092592592592592,0.187037037037037,0.0,0.187037037037037,0.187037037037037,69.7,0.0,69.7,69.7,94.9,0.0,94.9,94.9,1.2,0.8366600265340756,0,2,72.6,2.0736441353327733,69.0,74.0,3.185,1.6435099634623456,1.225,4.9,68.5268888993805,1.9807714807196437,65.89643554698074,71.24655227247594,44.5168535530115,0.4216012250642316,43.93566568802036,44.89476040706489,0.0,0.0,0.0,0.0,0.0,0.0,0.0,0.0,0.0,0.0,0.0,0.0,0.0,0.0,0.0,0.0,0.0,0.0,0.0,0.0,54.17999999999999,0.5215361924162124,53.9,55.1,user_001,5
2024-01-02 09:15:00,6.2,3.563705936241092,3,11,5164.4,7.602631123499349,5153,5173,5.900399999999999,0.3766255434778684,5.446,6.273999999999999,76.05763972155978,2.105815396466373,73.60953164798475,78.83575396792281,44.18128999003691,4.0410569274743375,39.85499146541684,49.87214429367274,97.276,0.17854971296532,96.98,97.44,33.44,0.1068831137270988,33.269999999999996,33.534,0.0,0.0,0,0,52.29786687899049,2.9121257068997513,47.234199233262025,54.27694827483956,74.2,3.7013511046643486,71,80,39.08,6.398202872682296,31.2,46.6,52.0,10.45299000286521,35.4,63.5,97.32,0.8408329203831171,96.3,98.6,33.482,0.5189123240008856,32.89,34.04,5.932,0.7344862149829633,5.13,6.68,77.55952476561393,1.043222658954457,76.05763972155978,78.50430109039641,74.48867535615696,0.1535431732421444,74.25946375628861,74.62626086606082,-0.9288198607798932,1.0427006484314754,-2.185723103982852,0.5821230160385937,50.25684836141202,0.0,50.25684836141202,50.25684836141202,2.8590127111055113,0.6439551343369527,1.8550164429438392,3.5068866849403006,3.232669001525965,1.210561401060013,1.4744959175269812,4.612153656070752,45.831657415135574,0.0724123901857786,45.765399335912385,45.94714850580286,540.0,0.0,540.0,540.0,0.375,0.0,0.375,0.375,0.3092592592592592,0.0,0.3092592592592592,0.3092592592592592,0.187037037037037,0.0,0.187037037037037,0.187037037037037,69.7,0.0,69.7,69.7,94.9,0.0,94.9,94.9,1.2,0.8366600265340756,0,2,84.2,3.1144823004794877,79.0,87.0,3.185,1.6435099634623456,1.225,4.9,67.38292188037794,1.6996556099598683,65.66152546163278,70.02210131441322,43.67024414404739,0.2840338292606893,43.25318894563233,44.0300981266628,0.0,0.0,0.0,0.0,0.0,0.0,0.0,0.0,0.0,0.0,0.0,0.0,0.0,0.0,0.0,0.0,0.0,0.0,0.0,0.0,54.14,0.512835256198323,53.7,55.0,user_001,5
2024-01-02 09:20:00,6.0,2.6457513110645907,3,10,5190.6,10.064790112068756,5178,5203,5.8468,0.2628976987346981,5.606,6.226,72.56149988102845,1.0754615662829947,70.70578194541363,73.382014065771,46.15037563654806,3.2680207631421663,41.890367841604984,50.32905237404666,97.184,0.1716974082506797,96.92,97.34,33.3428,0.2736808360115854,33.010000000000005,33.65,0.0,0.0,0,0,48.96712650258312,3.5168466734790607,44.65293895832536,52.780503476522085,71.4,3.286335345030998,66,74,50.34,12.781940384777265,36.8,64.6,45.16,9.081464639583196,35.0,58.3,97.32,0.9731392500562268,96.0,98.5,33.344,0.5952142471413135,32.74,33.96,5.6899999999999995,0.5013481824042048,4.99,6.39,73.63845593621254,0.8961520330617606,72.56149988102845,74.90509314770652,74.76237700163384,0.1116138305674687,74.5783381626937,74.85901377660062,-0.5807499405142238,1.1275006984420228,-2.352890972706817,0.4706635409397819,50.25684836141202,0.0,50.25684836141202,50.25684836141202,4.748809061080754,0.1539398527507275,4.604811832643834,4.976270249467536,3.346333844653502,0.0830569827607057,3.268020763142107,3.4529472392032927,46.09130193669824,0.0620618808323994,46.02804400171937,46.18047782750012,540.0,0.0,540.0,540.0,0.375,0.0,0.375,0.375,0.3092592592592592,0.0,0.3092592592592592,0.3092592592592592,0.187037037037037,0.0,0.187037037037037,0.187037037037037,69.7,0.0,69.7,69.7,94.9,0.0,94.9,94.9,1.0,0.7071067811865476,0,2,87.0,2.9154759474226504,83.0,91.0,2.6950000000000003,1.3419202658876572,1.225,4.9,67.3525506620668,2.178844941832371,63.74969243534804,69.15160497660608,44.23821594737291,0.5320786506666865,43.61683431329921,45.06596924323587,0.0,0.0,0.0,0.0,0.0,0.0,0.0,0.0,0.0,0.0,0.0,0.0,0.0,0.0,0.0,0.0,0.0,0.0,0.0,0.0,56.5,1.5443445211480529,55.5,59.2,user_001,5
2024-01-02 09:25:00,4.0,2.0,2,7,5217.0,5.873670062235288,5208,5223,6.492,0.1630398724238947,6.2700000000000005,6.728,73.78587652754284,1.569936551744602,72.47052129694242,76.24109062655653,45.29305358176765,1.0694388128512893,43.71936824936443,46.59462762944131,97.416,0.1395707705789395,97.26,97.6,33.366400000000006,0.1785687542656917,33.174,33.660000000000004,0.0,0.0,0,0,54.96167921021671,2.2861384131163667,52.145750648144606,57.3987409327836,76.0,3.391164991562634,71,80,43.32,7.943362008620783,30.5,50.0,60.06,12.029256003593906,45.1,77.7,97.26,0.8734987120768981,95.9,98.3,33.30800000000001,0.7342819621916372,32.38,34.29,6.728,0.1779606698121806,6.58,6.96,72.75024934139424,0.5890200721386989,72.41822218697139,73.78587652754284,74.87957228005055,0.0631348522608159,74.80342658961658,74.97930070649628,1.1070617362285788,1.1329010096043828,-0.7712269548760986,1.8794546867217432,50.25684836141202,0.0,50.25684836141202,50.25684836141202,3.95762004290937,0.4737358319837818,3.2556571470654947,4.4602511700182195,2.486045417542835,0.8619736358280825,1.0694388128510062,3.2004606783195757,45.810525357919104,0.2640210396499219,45.41749776603568,46.04254077388897,540.0,0.0,540.0,540.0,0.375,0.0,0.375,0.375,0.3092592592592592,0.0,0.3092592592592592,0.3092592592592592,0.187037037037037,0.0,0.187037037037037,0.187037037037037,69.7,0.0,69.7,69.7,94.9,0.0,94.9,94.9,0.4,0.5477225575051661,0,1,86.6,3.209361307176241,81.0,89.0,1.7150000000000003,0.6709601329438286,1.225,2.45,64.47648665947344,1.033072115230835,63.55436105664503,66.14658378717272,44.976208608674746,0.170008608184714,44.67242743609441,45.06267478904469,0.0,0.0,0.0,0.0,0.0,0.0,0.0,0.0,0.0,0.0,0.0,0.0,0.0,0.0,0.0,0.0,0.0,0.0,0.0,0.0,56.239999999999995,0.9914635646356328,54.5,56.9,user_001,5
2024-01-02 09:30:00,3.4,3.5777087639996634,1,9,5230.8,5.805170109479913,5224,5240,6.3344000000000005,0.0922539972033736,6.2299999999999995,6.444,72.54793435753649,1.0029624627197575,71.3068820990729,73.87125473271526,47.78698647990356,5.460343240569203,42.33094561308503,54.06842832980298,97.208,0.0609918027279135,97.1,97.24,33.49920000000001,0.1032143400889591,33.33800000000001,33.606,0.0,0.0,0,0,50.137422776654056,8.47382121087574,40.65777598672269,58.45499597012605,71.6,4.449719092257399,67,79,50.739999999999995,12.129633135425,36.2,68.4,43.82,17.5605239101799,16.1,61.3,97.1,0.3082207001484433,96.7,97.5,33.564,0.2592874852359832,33.14,33.81,6.2299999999999995,0.5393978123796948,5.52,6.79,73.37517686800253,0.5737156840687778,72.5479343575365,73.92391768502856,75.03980650052793,0.0564927419926389,74.96311778850979,75.10868169081371,-0.4739671787682539,2.007343488627883,-3.080363542185509,2.564372633642364,50.25684836141202,0.0,50.25684836141202,50.25684836141202,2.809894055314767,1.0969128845237517,1.708586458280792,3.976775236435069,3.140340849065667,1.80832265091941,1.6191704748924554,5.460343240569201,45.61621458759977,0.3243624598605928,45.33703604416401,46.06196129703624,540.0,0.0,540.0,540.0,0.375,0.0,0.375,0.375,0.3092592592592592,0.0,0.3092592592592592,0.3092592592592592,0.187037037037037,0.0,0.187037037037037,0.187037037037037,69.7,0.0,69.7,69.7,94.9,0.0,94.9,94.9,0.6,0.8944271909999159,0,2,66.4,3.2863353450309982,62.0,71.0,2.205,1.5972045892746491,1.225,4.9,65.23537925858082,2.268831208725244,61.78065125968021,67.14353000529226,45.235977272766405,0.9355928179095382,44.44690510305784,46.607688468894914,0.0,0.0,0.0,0.0,0.0,0.0,0.0,0.0,0.0,0.0,0.0,0.0,0.0,0.0,0.0,0.0,0.0,0.0,0.0,0.0,57.16,1.6501515081955338,55.4,59.5,user_001,5
2024-01-02 09:35:00,4.6,1.140175425099138,3,6,5253.2,7.328028384224608,5245,5263,6.1084000000000005,0.1394159244849743,5.936,6.252,72.79972798123939,1.327156076453309,70.96185325413786,73.94277988120679,46.864129906818576,1.9290123322332744,45.21286765327496,49.81930147991243,97.452,0.1572259520562632,97.26,97.68,33.3968,0.1683543881222003,33.118,33.534000000000006,0.0,0.0,0,0,51.737191476761026,3.6099837227536384,45.5367893274323,54.227461923303245,72.0,5.049752469181039,65,78,44.8,6.261389622120633,36.0,52.4,55.739999999999995,8.695286079250065,48.0,70.6,97.48,0.5167204273105536,96.7,98.0,33.512,0.2120613118888052,33.3,33.84,5.936,0.5043609818374134,5.19,6.59,72.89928255051885,0.2001874129881567,72.69862290502434,73.19959197185906,74.59130510843714,0.2257513943954643,74.31818835075025,74.87541185900653,-0.3998639906196842,1.978324771042536,-2.980926627068925,2.3460489152873834,50.25684836141202,0.0,50.25684836141202,50.25684836141202,3.588570915610353,0.8269414296479425,2.6315694089378816,4.458291152817292,3.4787265229849647,0.9707497789690456,1.9290123322332091,4.538948689414157,46.442450755020005,0.1539538358491801,46.22797419802417,46.64750107615293,540.0,0.0,540.0,540.0,0.375,0.0,0.375,0.375,0.3092592592592592,0.0,0.3092592592592592,0.3092592592592592,0.187037037037037,0.0,0.187037037037037,0.187037037037037,69.7,0.0,69.7,69.7,94.9,0.0,94.9,94.9,0.8,0.4472135954999579,0,1,62.6,3.3615472627943217,59.0,67.0,2.205,0.5478366544874484,1.225,2.45,61.09297281795923,1.5633011160033004,59.82153835989809,63.16481952270074,46.84992196837576,0.1785535572621413,46.679204409738155,47.07266562709362,0.0,0.0,0.0,0.0,0.0,0.0,0.0,0.0,0.0,0.0,0.0,0.0,0.0,0.0,0.0,0.0,0.0,0.0,0.0,0.0,57.64,0.9449867723941944,56.6,58.8,user_001,5
2024-01-02 09:40:00,7.0,2.345207879911715,5,11,5282.6,11.802542099056318,5269,5298,6.5268,0.1605278791985989,6.364,6.75,73.39255677119202,2.6220689191762188,69.39054285163678,76.62872141618276,50.14367142805842,3.607385753922258,46.5462599860214,54.70944888267618,97.744,0.1813284313062875,97.46,97.9,33.0856,0.1583818171382049,32.896,33.314,0.0,0.0,0,0,48.219877066898576,3.3653349304895057,44.162512631999455,52.34147019949726,72.4,8.324662155306966,60,82,52.98,9.56880347796944,41.8,66.4,45.239999999999995,6.362625244346866,37.3,53.8,97.9,0.360555127546397,97.4,98.4,33.05,0.8395534527354421,32.33,34.04,6.506,0.6447712772759036,5.75,7.29,73.24286848401894,0.6138209566948344,72.59981865415959,73.88883515678802,73.91092632429351,0.2521834840274201,73.52420587334983,74.1787922338335,-0.4962783855960112,3.02646966798886,-4.69527142581839,2.6856392919086147,50.25684836141202,0.0,50.25684836141202,50.25684836141202,2.474820637913415,0.8677075657546754,1.491950067281356,3.393341241276253,2.0234344767080836,1.0598767879862887,1.1429744831297226,3.607385753922331,46.655033295585625,0.0623721963324903,46.56148180034161,46.73658450385553,540.0,0.0,540.0,540.0,0.375,0.0,0.375,0.375,0.3092592592592592,0.0,0.3092592592592592,0.3092592592592592,0.187037037037037,0.0,0.187037037037037,0.187037037037037,69.7,0.0,69.7,69.7,94.9,0.0,94.9,94.9,1.2,0.4472135954999579,1,2,65.6,6.580273550544842,60.0,75.0,2.9400000000000004,1.095673308974897,2.45,4.9,62.425031280006976,1.5614348539552412,59.914609870935934,63.88470325686003,47.43381524692766,0.5821894427402713,46.994559604106506,48.41391639383015,0.0,0.0,0.0,0.0,0.0,0.0,0.0,0.0,0.0,0.0,0.0,0.0,0.0,0.0,0.0,0.0,0.0,0.0,0.0,0.0,58.16,2.2322634253152103,55.4,61.6,user_001,5
2024-01-02 09:45:00,4.2,0.8366600265340757,3,5,5310.8,6.978538528947205,5302,5319,6.4879999999999995,0.3035621847332104,6.018,6.723999999999999,75.49202393694709,2.318617826214063,71.59369523442452,77.48608677085534,46.533487595464486,4.012709785366315,42.27572989401497,51.49308839230053,97.472,0.1005982107196763,97.32,97.56,33.4748,0.1405104978284566,33.275999999999996,33.628,0.0,0.0,0,0,54.3379261981101,6.593130688253727,45.9083417546663,60.51481855762947,78.0,4.415880433163923,73,84,41.56,7.800512803655921,34.1,54.8,59.68000000000001,13.936714103403286,49.4,84.2,97.42,0.6300793600809284,96.9,98.5,33.275999999999996,0.4149457795905374,32.78,33.91,6.651999999999999,0.882139444759161,5.39,7.52,74.00021313369795,0.9253070132064584,73.12837118079467,75.49202393694709,73.31770771897418,0.0799457264236387,73.22186927704436,73.42993657591437,1.2539880315264529,2.190610375580639,-1.3302415046345146,4.13543492185849,50.25684836141202,0.0,50.25684836141202,50.25684836141202,3.970010942606016,0.3848547982774437,3.651931998620088,4.609706297821542,3.6917481095831457,0.5728501760909622,3.152608589991196,4.533368726295933,46.96518682630483,0.1470275377149712,46.73550078034813,47.12861743809346,540.0,0.0,540.0,540.0,0.375,0.0,0.375,0.375,0.3092592592592592,0.0,0.3092592592592592,0.3092592592592592,0.187037037037037,0.0,0.187037037037037,0.187037037037037,69.7,0.0,69.7,69.7,94.9,0.0,94.9,94.9,0.8,0.4472135954999579,0,1,80.0,3.1622776601683777,77.0,85.0,2.205,0.5478366544874484,1.225,2.45,61.168781615559,3.327072590811662,58.81695590919561,66.57953345866049,48.56498206951012,0.8218682966299558,47.35437618945459,49.364810758717546,0.0,0.0,0.0,0.0,0.0,0.0,0.0,0.0,0.0,0.0,0.0,0.0,0.0,0.0,0.0,0.0,0.0,0.0,0.0,0.0,56.1,2.1552262062252305,54.3,59.2,user_001,5
2024-01-02 09:50:00,5.6,3.5777087639996634,2,10,5332.2,10.059821071967423,5321,5347,6.378,0.3790065962486669,6.006,6.884,76.0697315472523,1.16928463605178,74.5157702263418,77.48615414113831,47.1053152389089,1.1996356867151126,45.377994042671105,48.05048659600998,97.648,0.1425482374496397,97.44,97.84,33.486000000000004,0.0841902607193959,33.348,33.552,0.0,0.0,0,0,52.869109622796394,1.032735351039188,51.41179809114947,54.30786539409965,76.8,3.962322551231791,70,80,49.4,6.923871749245507,40.6,59.6,50.98,7.636884181392301,39.2,60.1,97.68,0.5805170109479943,97.0,98.6,33.552,0.4328048058882917,32.9,33.92,6.39,0.7101760345153868,5.57,7.27,76.08891695587792,0.3291256981280763,75.70459732087845,76.52801595796473,73.72611788891841,0.1851494674731214,73.5532910506096,74.01464185361834,0.3651342263738542,1.476486913386215,-2.2578851131709,1.2569229294308428,50.25684836141202,0.0,50.25684836141202,50.25684836141202,3.3139329568550053,0.5134881090766946,2.870672364045351,3.906807925671795,2.4790665527219273,0.894587644419687,1.1996356867150229,3.7127429840634982,47.27567069317595,0.0976618115670972,47.12685606984008,47.36499439106373,540.0,0.0,540.0,540.0,0.375,0.0,0.375,0.375,0.3092592592592592,0.0,0.3092592592592592,0.3092592592592592,0.187037037037037,0.0,0.187037037037037,0.187037037037037,69.7,0.0,69.7,69.7,94.9,0.0,94.9,94.9,1.0,1.0,0,2,79.0,3.082207001484488,76.0,84.0,2.9400000000000004,1.85780448379263,1.225,4.9,67.87728877079967,0.8773850918574247,66.54489472389476,68.78625689637471,46.99435493109351,0.2078349279785843,46.697556664257235,47.25036703214112,0.0,0.0,0.0,0.0,0.0,0.0,0.0,0.0,0.0,0.0,0.0,0.0,0.0,0.0,0.0,0.0,0.0,0.0,0.0,0.0,55.02,0.3898717737923597,54.8,55.7,user_001,5
2024-01-02 09:55:00,3.8,2.280350850198276,0,6,5360.2,6.379655163094743,5351,5366,6.530799999999999,0.2886194726625349,6.16,6.894,77.73428563585216,3.144552615227812,73.15044005150793,81.32410276075888,47.5505764923666,3.7783579965936473,42.4790008487393,51.741627864495136,97.5,0.1516575088810406,97.32,97.66,33.3176,0.0971123061202886,33.23,33.444,0.0,0.0,0,0,52.62589097913368,3.2942489051682227,49.73019563189902,57.49529344784853,76.0,8.366600265340756,66,89,47.58,16.749537307042246,26.8,60.7,51.4,15.202466905078268,34.2,72.2,97.5,0.4999999999999961,96.7,98.0,33.396,0.6423628258235385,32.51,34.32,6.506,0.7486187280585492,5.33,7.02,77.97417836456006,0.6566450059945012,76.97982103150153,78.60142845377823,74.59677272611272,0.1835959622167559,74.30976123574557,74.77573172417152,-0.8671428179260772,2.8212559742113785,-3.575220025753964,3.837948619620562,50.25684836141202,0.0,50.25684836141202,50.25684836141202,4.289645157338687,1.5048570978241127,2.1655599909186307,5.958024430279463,3.088784372831495,0.6401245909196307,2.4307223318627313,3.7783579965936336,47.60749847262674,0.0766603218278112,47.5323440171053,47.7115626780702,540.0,0.0,540.0,540.0,0.375,0.0,0.375,0.375,0.3092592592592592,0.0,0.3092592592592592,0.3092592592592592,0.187037037037037,0.0,0.187037037037037,0.187037037037037,69.7,0.0,69.7,69.7,94.9,0.0,94.9,94.9,0.8,0.4472135954999579,0,1,77.6,6.107372593840988,68.0,82.0,2.205,0.5478366544874484,1.225,2.45,67.95937674167975,0.8349656230138144,66.68444033907898,68.8707338016829,45.87234116110189,0.678754675682602,44.89800187745848,46.59800118674387,0.2,0.447213595499958,0.0,1.0,0.0,0.0,0.0,0.0,0.0,0.0,0.0,0.0,0.0,0.0,0.0,0.0,0.2,0.447213595499958,0.0,1.0,54.0,1.6896745248715817,52.3,56.6,user_001,5
2024-01-02 10:00:00,4.6,0.8944271909999159,4,6,5379.4,7.602631123499282,5370,5389,6.2492,0.2076179183018645,6.014,6.542,74.38393884916572,0.7927612267451714,73.43362670100528,75.53588939289045,51.781475093644985,2.6575186375309268,47.99846924757061,54.471555807033866,97.016,0.213260404201059,96.8,97.3,33.3584,0.1599462409686483,33.147999999999996,33.525999999999996,0.0,0.0,0,0,51.20209263922747,3.926835887000574,46.52013042126601,55.08744605074549,75.0,1.8708286933869696,73,78,52.760000000000005,9.80780301596642,35.9,59.7,53.239999999999995,8.56959742344995,40.1,61.8,96.88,0.8167006795638164,95.7,97.7,33.292,0.4885386371618945,32.54,33.91,6.156000000000001,0.154693244842818,5.96,6.34,74.78013871467458,0.8366893146378672,74.07590827374858,76.15619042390145,74.83093303389138,0.131086587933704,74.68180669222438,74.97871078694145,0.3080305754171405,0.7470010964501861,-0.8452964642968226,1.2320553035547732,50.25684836141202,0.0,50.25684836141202,50.25684836141202,4.7719080094000486,0.9240599739230884,3.5846998246470454,5.963327938653283,3.8254814461530984,0.9649274762495984,2.6575186375311115,4.9969968078447495,48.338367425750576,0.2263070691955375,47.98157412683562,48.60699590822323,540.0,0.0,540.0,540.0,0.375,0.0,0.375,0.375,0.3092592592592592,0.0,0.3092592592592592,0.3092592592592592,0.187037037037037,0.0,0.187037037037037,0.187037037037037,69.7,0.0,69.7,69.7,94.9,0.0,94.9,94.9,1.0,0.0,1,1,68.6,0.8944271909999177,68.0,70.0,2.45,0.0,2.45,2.45,61.57617292369014,2.8756370063429166,59.07140820762908,66.08268699790567,45.82202702824267,0.7612917611500928,44.94391503913072,46.817304993265076,0.0,0.0,0.0,0.0,0.0,0.0,0.0,0.0,0.0,0.0,0.0,0.0,0.0,0.0,0.0,0.0,0.0,0.0,0.0,0.0,57.379999999999995,0.6534523701081799,56.4,58.0,user_001,5
2024-01-02 10:05:00,5.0,2.8284271247461903,2,8,5405.4,7.733045971672615,5395,5414,6.7084,0.1203445054832169,6.606,6.88,77.19541581552798,0.2432620387088124,76.80308008466046,77.46039528572909,43.59698437447177,1.3101166384552574,42.50216676495222,45.1548752211425,97.284,0.2169792616818455,97.1,97.64,33.518,0.1385496300969454,33.288,33.624,0.0,0.0,0,0,57.92225088253201,3.290907058627513,52.719336827500285,61.57776179281347,78.2,2.7748873851023217,76,83,41.34,5.63852817674967,34.4,49.0,57.08,9.948969795913548,43.4,67.7,97.3,1.3285330255586414,95.8,98.4,33.624,0.6353188176026257,32.72,34.41,6.784000000000001,0.7401553890906966,5.56,7.42,76.27540921345509,0.77467582369091,75.18929256611048,77.195415815528,75.39362081104743,0.2465743404313519,75.0969183024054,75.71132542598956,0.5022920922360015,1.3004567809347736,-0.4015400423302395,2.769802357135461,50.25684836141202,0.0,50.25684836141202,50.25684836141202,3.5235070177485843,0.6074400729565078,2.8203476066686193,3.973518484447017,3.335375910984294,1.208879546118892,1.3101166384548486,4.477284759732606,47.975809702156454,0.1568866250864673,47.78525170381919,48.174295083918,540.0,0.0,540.0,540.0,0.375,0.0,0.375,0.375,0.3092592592592592,0.0,0.3092592592592592,0.3092592592592592,0.187037037037037,0.0,0.187037037037037,0.187037037037037,69.7,0.0,69.7,69.7,94.9,0.0,94.9,94.9,0.8,0.8366600265340756,0,2,73.2,3.4928498393145966,67.0,75.0,2.45,1.5003124674546968,1.225,4.9,67.47700013884007,4.141622458063639,61.575095073451145,71.99591818619936,45.94271672526891,0.4530334758183087,45.447878437289425,46.6021266876295,0.0,0.0,0.0,0.0,0.0,0.0,0.0,0.0,0.0,0.0,0.0,0.0,0.0,0.0,0.0,0.0,0.0,0.0,0.0,0.0,53.3,0.6204836822995446,52.8,54.2,user_001,5
2024-01-02 10:10:00,5.8,2.949576240750525,4,11,5430.4,10.285912696499173,5419,5443,6.3728,0.1755084043571701,6.093999999999999,6.537999999999999,76.36318232961685,1.647893728711394,74.2940975657315,78.80136892651576,43.66421193408682,1.4932136618537246,41.77847463571388,45.61771195357081,97.448,0.1353513945255139,97.3,97.64,33.5432,0.1981847622800541,33.346,33.81400000000001,0.0,0.0,0,0,56.38243633020998,2.631701091320342,53.11324600197534,59.47955788500019,75.2,4.207136793592526,71,82,43.5,7.068238818828917,34.1,51.4,56.54,9.541383547473602,49.9,73.0,97.34,1.1631852818876278,96.1,99.1,33.364,0.5985231825084137,32.51,34.03,6.537999999999999,0.2854295009279874,6.24,6.84,77.05289339436445,0.4371613646038874,76.36318232961685,77.46361054368532,76.02862496277167,0.1110085604639565,75.90755028399303,76.20642968572702,-0.5815911648084267,1.4346963673619046,-1.9337896421719163,1.5993155367421252,50.25684836141202,0.0,50.25684836141202,50.25684836141202,2.27413686207398,0.4258113435259315,1.7626551205847156,2.674589945503985,1.420080653452676,0.2431369760099296,1.0021087842362255,1.6121898391009832,47.25263063293144,0.3768100148428199,46.70534178815726,47.630167802546126,540.0,0.0,540.0,540.0,0.375,0.0,0.375,0.375,0.3092592592592592,0.0,0.3092592592592592,0.3092592592592592,0.187037037037037,0.0,0.187037037037037,0.187037037037037,69.7,0.0,69.7,69.7,94.9,0.0,94.9,94.9,1.2,0.4472135954999579,1,2,70.2,4.658325879540846,66.0,77.0,2.9400000000000004,1.095673308974897,2.45,4.9,71.87887772307496,0.6987053124180496,70.98213260810152,72.87654997606036,44.82862192965216,0.2492531501910985,44.5182399276792,45.15355738975126,0.0,0.0,0.0,0.0,0.0,0.0,0.0,0.0,0.0,0.0,0.0,0.0,0.0,0.0,0.0,0.0,0.0,0.0,0.0,0.0,53.32000000000001,1.227599283153912,51.6,55.0,user_001,5
2024-01-02 10:15:00,4.8,1.3038404810405295,3,6,5458.2,6.833739825307991,5449,5467,6.2668,0.0747609523748865,6.176,6.346,76.03712689114295,1.8466466374463768,73.86273171048767,77.70128033787411,46.20458757979744,5.763695409666602,38.51785311082367,52.23525424902991,97.412,0.1997998998998756,97.12,97.64,33.592,0.0887355622059181,33.467999999999996,33.71,0.0,0.0,0,0,55.978757047599665,8.38417646939708,46.961442667544596,65.44953007446426,77.4,3.507135583350035,73,82,43.82,14.666526514481884,26.7,58.6,60.279999999999994,19.355283516394167,41.5,87.6,97.52,0.6610597552415388,96.6,98.2,33.562,0.6922932904484916,32.82,34.49,6.176,0.6786972815622584,5.5,7.02,75.33042217538954,0.4529773312571684,74.8503032576075,76.03712689114296,76.25032646972026,0.0372714376809754,76.21054706737591,76.29728017809299,0.6814365544285209,1.1447983097193748,-0.4313658552438397,2.5860596198916284,50.25684836141202,0.0,50.25684836141202,50.25684836141202,3.6520881918238666,0.7982210629889471,2.949004494914803,4.632349508832313,4.099513322019534,1.12251512811387,2.6959637355455435,5.763695409666567,46.72726000104447,0.0725598822392063,46.65052511887942,46.82701485081203,540.0,0.0,540.0,540.0,0.375,0.0,0.375,0.375,0.3092592592592592,0.0,0.3092592592592592,0.3092592592592592,0.187037037037037,0.0,0.187037037037037,0.187037037037037,69.7,0.0,69.7,69.7,94.9,0.0,94.9,94.9,0.8,0.4472135954999579,0,1,78.8,1.3038404810405282,78.0,81.0,2.205,0.5478366544874486,1.225,2.45,66.4240943215039,1.5497714011620458,64.58270948223722,68.36368478959795,43.57699359145308,0.7867162679635056,42.37194062950096,44.32042547755989,0.0,0.0,0.0,0.0,0.2,0.4472135954999579,0.0,1.0,0.0,0.0,0.0,0.0,0.0,0.0,0.0,0.0,0.2,0.4472135954999579,0.0,1.0,54.84,2.0549939172659353,52.2,57.0,user_001,5
2024-01-02 10:20:00,4.0,2.345207879911715,1,6,5476.4,7.602631123499428,5469,5487,6.4144000000000005,0.1178083188913243,6.3260000000000005,6.6,78.52669983751676,0.3906066342091817,78.07679611612328,79.13418689191607,48.96035721215439,3.931697245413643,44.545235407215785,52.75044012065653,97.552,0.1603745615738338,97.28,97.7,33.5496,0.1572348561865346,33.344,33.786,0.0,0.0,0,0,55.89094743013658,4.064372111708389,50.88898480763472,60.34423558865078,78.8,2.049390153191919,77,82,54.14,7.151433422748196,45.5,63.8,50.7,4.688816481800074,46.7,57.7,97.62,0.6300793600809393,96.8,98.2,33.532,0.5589901609151997,32.86,34.29,6.464,0.5349112075849599,5.6,7.0,78.04417082145048,0.5770236527224172,77.09141792742864,78.52669983751676,76.57620211398236,0.1357339509360351,76.3759645631731,76.70677489313708,0.1366500812416148,0.8496367846698375,-0.711395630638691,1.4329065540419634,50.25684836141202,0.0,50.25684836141202,50.25684836141202,4.6642538002424905,0.5493170239340426,4.010021579593132,5.374532038955559,4.780272092642738,0.8364603788082313,3.9316972454136727,5.724070505839644,46.68099720178363,0.2169637815776907,46.4369000528353,46.959698781087006,540.0,0.0,540.0,540.0,0.375,0.0,0.375,0.375,0.3092592592592592,0.0,0.3092592592592592,0.3092592592592592,0.187037037037037,0.0,0.187037037037037,0.187037037037037,69.7,0.0,69.7,69.7,94.9,0.0,94.9,94.9,0.6,0.5477225575051661,0,1,71.0,2.549509756796392,68.0,74.0,1.96,0.6709601329438285,1.225,2.45,70.4019016063609,2.2632112808798492,67.08631704643636,72.54059840999341,42.929289479903126,0.6619482122529443,42.258023902131455,43.780722238642674,0.0,0.0,0.0,0.0,0.0,0.0,0.0,0.0,0.0,0.0,0.0,0.0,0.0,0.0,0.0,0.0,0.0,0.0,0.0,0.0,53.58,1.1476062042355806,52.3,54.9,user_001,5
2024-01-02 10:25:00,4.0,1.4142135623730951,3,6,5500.6,5.41294744108975,5493,5507,6.268800000000001,0.1755539803023558,6.1080000000000005,6.55,76.42985347654542,2.543882830511579,73.17090255292541,79.30989705271864,46.5282774929586,2.431905677991017,44.64626634804117,50.577973386958455,97.436,0.1089954127475056,97.3,97.6,33.641999999999996,0.2543855341799152,33.22,33.839999999999996,0.0,0.0,0,0,52.56070089614968,2.447648064455656,49.35584885089082,56.03723256726055,76.8,7.694153624668539,65,85,43.8,4.6341126442934035,39.0,48.8,54.620000000000005,10.12580860968644,43.0,69.4,97.46,0.8677557259966651,96.0,98.3,33.839999999999996,0.6521886230225122,33.16,34.66,6.15,1.1472793905583765,4.32,7.15,76.83873854438853,0.8120493215594083,76.24478021481812,78.15113322501118,76.38696214395378,0.1390801730310012,76.24274811648505,76.57118326209138,0.185073261727291,2.898450332329806,-4.085451276462706,3.5175772104610132,50.25684836141202,0.0,50.25684836141202,50.25684836141202,2.5932928237582913,0.5989479234850972,2.15815528316167,3.454140254395196,2.8290046253544054,0.4646930827872603,2.2778009742591103,3.39969597749415,46.874819933293864,0.0836751567466832,46.78596013266776,46.97394019900163,540.0,0.0,540.0,540.0,0.375,0.0,0.375,0.375,0.3092592592592592,0.0,0.3092592592592592,0.3092592592592592,0.187037037037037,0.0,0.187037037037037,0.187037037037037,69.7,0.0,69.7,69.7,94.9,0.0,94.9,94.9,0.4,0.5477225575051661,0,1,70.2,5.263078946776307,64.0,75.0,1.7150000000000003,0.6709601329438286,1.225,2.45,65.29739746513319,1.562672452164594,63.60346434561562,67.63772968112542,44.668336186187126,0.2159136819653088,44.349948431123174,44.89197095543618,0.0,0.0,0.0,0.0,0.0,0.0,0.0,0.0,0.0,0.0,0.0,0.0,0.0,0.0,0.0,0.0,0.0,0.0,0.0,0.0,54.879999999999995,1.8860010604450903,52.3,57.2,user_001,5
2024-01-02 10:30:00,3.8,1.9235384061671343,2,7,5517.8,6.72309452558853,5510,5526,6.2896,0.1600149992969413,6.192,6.5680000000000005,79.84590663065619,1.3881792298191722,77.69513047607818,81.47106535676384,46.64232460812624,2.1492079221726352,43.59045482772559,49.342785043573855,97.864,0.2277718156401242,97.52,98.16,33.19199999999999,0.1044988038209059,33.032,33.288,0.0,0.0,0,0,55.490956496612306,2.677364359799979,52.42214298289201,58.324821711507035,79.2,3.898717737923585,74,84,46.22,6.448798337675015,38.8,55.1,56.279999999999994,8.946340033779176,43.2,63.2,97.9,1.5049916943292434,95.5,99.4,33.032,0.4441508752665012,32.42,33.55,6.284000000000001,0.5949201627109308,5.27,6.82,79.1135787383557,1.300828884922444,77.01990231769695,80.16885994598428,77.10920214790063,0.2737425824565782,76.71513524439064,77.39969749683436,-0.3229533153280925,1.344305608636226,-1.8475652380390952,1.2644673216180848,50.25684836141202,0.0,50.25684836141202,50.25684836141202,2.0462697229003295,0.1646732917071007,1.8743569612526516,2.2821414804530495,1.7283432394198923,0.4402484497077459,0.9843868219680352,2.1492079221725455,46.27527669903459,0.2597969162377487,45.93279053359922,46.609543743012665,540.0,0.0,540.0,540.0,0.375,0.0,0.375,0.375,0.3092592592592592,0.0,0.3092592592592592,0.3092592592592592,0.187037037037037,0.0,0.187037037037037,0.187037037037037,69.7,0.0,69.7,69.7,94.9,0.0,94.9,94.9,0.4,0.5477225575051662,0,1,59.6,1.6733200530681516,57.0,61.0,1.7150000000000003,0.6709601329438285,1.225,2.45,70.7315450736995,0.8859049938330901,69.28182482654633,71.44358195006589,43.80259056518462,0.2979247987064415,43.46370345663987,44.22808437306075,0.0,0.0,0.0,0.0,0.0,0.0,0.0,0.0,0.0,0.0,0.0,0.0,0.0,0.0,0.0,0.0,0.0,0.0,0.0,0.0,52.54,0.4505552130427502,52.2,53.3,user_001,5
2024-01-02 10:35:00,5.8,1.7888543819998317,3,7,5542.6,10.454664030948036,5529,5555,6.594800000000001,0.1404677899021696,6.428,6.748,78.56160087317284,1.2254246500284385,77.13008698405211,80.28003865957872,51.21512093604954,2.9898469389283986,47.56030321848372,55.193468097103874,97.596,0.2430637776387085,97.4,98.0,33.42360000000001,0.0920369491019762,33.344,33.554,0.0,0.0,0,0,50.56613418885429,5.0700150127901304,45.22513817058661,57.806560883819856,78.6,3.7815340802378072,75,84,54.120000000000005,7.88111667214742,46.5,66.7,47.260000000000005,11.358168866503089,29.2,57.4,97.54,0.4774934554525311,96.9,98.1,33.554,0.2522498761149358,33.29,33.89,6.748,0.5081043199973803,6.42,7.62,78.71372230299335,0.2908571469939622,78.54240130975924,79.23060442043746,77.51558766282368,0.1064486829617455,77.38868722011179,77.62739500644184,0.0191995634135849,1.4649223156450262,-1.3955641465730508,1.8599806702106465,50.25684836141202,0.0,50.25684836141202,50.25684836141202,3.142143786377349,0.5255239759912004,2.4787045980399403,3.544458037794582,3.265488933923539,1.150403448745769,2.1821450938043774,4.561057601860587,46.62479089589482,0.5001401815952721,46.01297146684392,47.20247996052884,540.0,0.0,540.0,540.0,0.375,0.0,0.375,0.375,0.3092592592592592,0.0,0.3092592592592592,0.3092592592592592,0.187037037037037,0.0,0.187037037037037,0.187037037037037,69.7,0.0,69.7,69.7,94.9,0.0,94.9,94.9,0.8,0.4472135954999579,0,1,66.2,3.633180424916989,60.0,69.0,2.205,0.5478366544874484,1.225,2.45,67.70853978844998,2.4603084993853344,64.4336760193533,70.38150224419493,44.57089005635178,0.1952669170643284,44.2443237050161,44.716965318627786,0.0,0.0,0.0,0.0,0.0,0.0,0.0,0.0,0.0,0.0,0.0,0.0,0.0,0.0,0.0,0.0,0.0,0.0,0.0,0.0,54.48,0.4381780460041326,53.9,55.1,user_001,5
2024-01-02 10:40:00,1.6,1.140175425099138,0,3,5558.8,3.033150177620581,5555,5563,5.8576,0.202827019896265,5.617999999999999,6.178,75.4155194565495,2.5984054903012384,72.37849447765849,78.3516125747316,48.33548917676373,2.0029817700533448,45.65634147780792,51.101768325067816,97.732,0.1952434377898622,97.48,98.02,33.4928,0.0956514505901501,33.354,33.616,0.0,0.0,0,0,51.93685717713307,2.9655646272017058,49.29633723572936,56.742816549213046,73.6,5.594640292279747,66,80,47.6,5.5901699437494745,40.1,52.1,53.14,11.58870139403031,37.8,69.3,97.66,0.9289779329994862,96.8,98.8,33.488,0.548151438929061,32.86,34.19,5.618,0.4516857314549572,5.1,6.14,77.33843256664933,1.4323426427147936,75.4155194565495,78.64106724878188,77.56317752487115,0.0731125615296248,77.46945119426394,77.63439778064081,-0.9077597282747548,1.9566247810873476,-3.189247238829239,0.8738351741138359,50.25684836141202,0.0,50.25684836141202,50.25684836141202,2.5128788458980886,0.5366076756356698,2.028206410924785,3.1527065543694466,2.382701966923935,0.3184844917385246,2.0029817700533403,2.839997438634907,47.71458151715488,0.1987250186488844,47.48165330701923,47.98102616764166,540.0,0.0,540.0,540.0,0.375,0.0,0.375,0.375,0.3092592592592592,0.0,0.3092592592592592,0.3092592592592592,0.187037037037037,0.0,0.187037037037037,0.187037037037037,69.7,0.0,69.7,69.7,94.9,0.0,94.9,94.9,0.0,0.0,0,0,58.2,2.4899799195977463,56.0,62.0,1.225,0.0,1.225,1.225,64.39306478775066,0.6258652162943696,63.67723766650969,65.12196529238989,44.84941301366064,0.3778107449944319,44.57039949733981,45.47530201757171,0.0,0.0,0.0,0.0,0.0,0.0,0.0,0.0,0.0,0.0,0.0,0.0,0.0,0.0,0.0,0.0,0.0,0.0,0.0,0.0,56.239999999999995,1.4587666023048358,54.7,57.9,user_001,5
2024-01-02 10:45:00,5.8,2.3874672772626644,3,9,5579.0,9.565563234854563,5567,5592,6.579599999999999,0.3657414387241349,6.032,6.93,74.64648815888718,2.15123972084691,72.50155310118156,78.13610925455438,51.80862408912115,1.214590546121486,50.642619697128275,53.20783097650146,97.452,0.1360882066896324,97.32,97.66,33.5092,0.0716603097955936,33.448,33.620000000000005,0.0,0.0,0,0,48.44814580110395,3.64562427249271,44.731998408001495,52.54549462700505,76.6,5.1768716422179155,71,85,52.64,3.719946236170624,47.2,57.5,45.239999999999995,6.602499526694415,38.6,53.9,97.34,0.58566201857385,96.7,98.1,33.45,0.2263846284534353,33.2,33.75,6.781999999999999,0.5826834475081645,5.82,7.26,73.86761251906493,0.6309140003510281,73.20459835749617,74.64648815888718,77.31937591548373,0.0900488087775208,77.22318377499865,77.42407857395375,0.9767559205564113,1.5636574975791546,-0.7507765505907713,3.431945372722808,50.25684836141202,0.0,50.25684836141202,50.25684836141202,1.6950995085324867,0.2954747123557936,1.4031101168908886,2.152146794969606,1.8470768794539976,0.4098092809953793,1.2145905461217736,2.247267728986249,48.31239756604509,0.3909369369828688,47.99490051895186,48.91503225252894,540.0,0.0,540.0,540.0,0.375,0.0,0.375,0.375,0.3092592592592592,0.0,0.3092592592592592,0.3092592592592592,0.187037037037037,0.0,0.187037037037037,0.187037037037037,69.7,0.0,69.7,69.7,94.9,0.0,94.9,94.9,1.0,0.7071067811865476,0,2,61.2,3.193743884534262,57.0,66.0,2.6950000000000003,1.341920265887657,1.225,4.9,60.50111942161176,1.9055150378468264,58.73411979418647,63.32455738758623,47.185228362024475,0.8975037692796466,46.08706007764302,48.28646048632764,0.0,0.0,0.0,0.0,0.0,0.0,0.0,0.0,0.0,0.0,0.0,0.0,0.0,0.0,0.0,0.0,0.0,0.0,0.0,0.0,57.779999999999994,1.1166915420114911,55.8,58.5,user_001,5
2024-01-02 10:50:00,4.2,2.6832815729997477,2,8,5604.2,6.9785385289472615,5594,5613,6.4136,0.1157791000137759,6.276000000000001,6.568,78.47031942833082,0.9338405112260592,76.940466025591,79.41069903838648,45.078748851242295,1.3535104877297175,42.81824579217571,46.44105303239535,97.892,0.1188276062201039,97.76,98.04,33.6736,0.0893465164402043,33.556000000000004,33.768,0.0,0.0,0,0,55.18592866516595,1.1094917595306262,53.71422151466734,56.721332272001,78.8,4.147288270665545,72,83,42.739999999999995,7.188741197177706,33.6,50.1,59.28000000000001,12.714440609008326,47.7,80.7,97.94,0.4669047011971487,97.2,98.4,33.746,0.3764040382355103,33.14,34.16,6.392,0.5591690263238834,5.41,6.78,77.47046749222254,1.1039962055336916,75.83099210592478,78.47031942833082,77.22375869394573,0.0148348677823521,77.20908867270215,77.24696634238656,0.1648402858345889,1.6429553455563564,-2.4702330127954895,2.0198446581363356,50.25684836141202,0.0,50.25684836141202,50.25684836141202,2.989860466156512,0.1336421028876397,2.823743569782451,3.1570261360877803,2.9746712297291933,0.9463079109733772,1.3535104877294633,3.729986752356267,48.69610722406081,0.3123599111494392,48.26809752571025,48.99149581593879,540.0,0.0,540.0,540.0,0.375,0.0,0.375,0.375,0.3092592592592592,0.0,0.3092592592592592,0.3092592592592592,0.187037037037037,0.0,0.187037037037037,0.187037037037037,69.7,0.0,69.7,69.7,94.9,0.0,94.9,94.9,0.6,0.894427190999916,0,2,61.6,4.037325847637269,57.0,66.0,2.205,1.5972045892746491,1.225,4.9,67.00988097892638,4.010775205828718,61.94697909103435,71.65702977974391,47.27856564440338,0.7302463381518819,46.353406706836694,48.08204012910503,0.0,0.0,0.0,0.0,0.0,0.0,0.0,0.0,0.0,0.0,0.0,0.0,0.0,0.0,0.0,0.0,0.0,0.0,0.0,0.0,53.54,0.6268971207462983,52.7,54.2,user_001,5
2024-01-02 10:55:00,4.8,1.7888543819998317,2,7,5625.4,8.561541917201675,5615,5637,6.536,0.122995934892174,6.414,6.717999999999999,77.17469227039747,1.7698347797981242,74.53537001160046,79.20458252610104,48.825185033908454,1.316424225897609,47.530331463189206,50.23570287252854,97.288,0.3895125158451318,96.82,97.8,33.6172,0.1099508981318427,33.498000000000005,33.73,0.0,0.0,0,0,49.95501941269676,3.297927786123537,44.47916348002567,53.019442320017106,76.4,5.319774431308155,70,82,49.84,4.205115931814486,42.9,54.0,47.8,14.26201248071253,31.2,70.1,97.28,1.2316655390161857,95.8,98.7,33.65,0.4104875150354781,33.04,34.13,6.414,0.3825310444918164,6.07,6.98,77.95825086317333,0.5883326914437631,77.17469227039747,78.56458641259148,77.41034408040987,0.107027904040844,77.2632986693491,77.54294755674776,-0.3873461351987373,2.0966398268869413,-2.4015275087003403,2.488209996133179,50.25684836141202,0.0,50.25684836141202,50.25684836141202,1.946105288719736,0.183375247443498,1.7511332163960769,2.155150459729611,2.037192583796206,0.5737800393059762,1.316424225897606,2.8729380740943657,48.39820616393668,0.2067383135877578,48.16650946158462,48.650915449201904,540.0,0.0,540.0,540.0,0.375,0.0,0.375,0.375,0.3092592592592592,0.0,0.3092592592592592,0.3092592592592592,0.187037037037037,0.0,0.187037037037037,0.187037037037037,69.7,0.0,69.7,69.7,94.9,0.0,94.9,94.9,0.8,0.4472135954999579,0,1,66.6,5.549774770204644,60.0,74.0,2.205,0.5478366544874484,1.225,2.45,68.68701759331921,2.3793976037993243,65.73112331066488,71.08903913753973,46.179862142847774,0.1357347561582334,46.04761204582284,46.36225933471193,0.0,0.0,0.0,0.0,0.0,0.0,0.0,0.0,0.0,0.0,0.0,0.0,0.0,0.0,0.0,0.0,0.0,0.0,0.0,0.0,54.260000000000005,1.2280065146406995,52.9,56.1,user_001,5
2024-01-02 11:00:00,5.2,2.949576240750525,2,10,5655.6,6.693280212272622,5647,5663,6.5768,0.1058073721439106,6.470000000000001,6.718000000000001,77.5620993936326,1.1773046232732411,76.26624592821737,79.17749728547825,44.880106671131976,7.580392012644874,34.64840189827411,52.98835640667512,97.464,0.2906544339933566,97.02,97.76,33.7864,0.0737346594214707,33.704,33.864,0.0,0.0,0,0,53.85465276216583,8.949142988772683,42.08641880889649,65.81449446189525,77.6,5.176871642217913,73,85,43.02,20.645265801146756,20.2,63.4,56.8,23.662840066230423,27.1,86.1,97.58,0.3271085446759213,97.1,97.9,33.775999999999996,0.3918290443548031,33.43,34.25,6.545999999999999,0.9078160606642732,5.62,7.59,77.12503715070595,0.4449734598717502,76.61472363567333,77.5620993936326,77.07892048246825,0.1352884956797373,76.97178659682841,77.2905029797771,0.0189503031837062,2.059918794609941,-2.0591657618260797,2.9112513572608805,50.25684836141202,0.0,50.25684836141202,50.25684836141202,4.75771937434376,1.9599108716167009,2.730592878309924,7.078363528491863,4.713057104448329,2.8022748945314055,1.953178893320205,7.597590471812677,48.659481195799614,0.2781268999322689,48.35721245970286,48.948925384830474,540.0,0.0,540.0,540.0,0.375,0.0,0.375,0.375,0.3092592592592592,0.0,0.3092592592592592,0.3092592592592592,0.187037037037037,0.0,0.187037037037037,0.187037037037037,69.7,0.0,69.7,69.7,94.9,0.0,94.9,94.9,1.0,0.7071067811865476,0,2,76.6,3.435112807463532,71.0,80.0,2.6950000000000003,1.3419202658876572,1.225,4.9,66.62947296204803,3.451380377513672,63.10716691426213,70.87541059827802,44.78922772961863,1.2518184604941158,43.25483501762092,46.00163074352304,0.0,0.0,0.0,0.0,0.4,0.5477225575051661,0.0,1.0,0.0,0.0,0.0,0.0,0.0,0.0,0.0,0.0,0.4,0.5477225575051661,0.0,1.0,53.64,2.1489532335534904,50.3,55.9,user_001,5
2024-01-02 11:05:00,6.4,3.0495901363953815,2,10,5684.2,10.05982107196738,5670,5695,6.6664,0.1620209862949862,6.4799999999999995,6.864,79.33328057858537,0.8590706034196507,78.27481401051207,80.41222101576811,39.0686560225359,2.2461848042412824,37.061412720646736,42.66062787584299,97.476,0.1306904740216395,97.26,97.58,33.5072,0.0596087241936928,33.436,33.592,0.0,0.0,0,0,60.643411063330475,2.7549267885749966,56.33446864960397,62.82755446160894,80.4,5.029910535983716,74,87,38.88,9.4179084726918,25.6,49.3,60.4,11.6385136508061,44.1,72.6,97.58,0.4494441010848841,97.0,98.0,33.482,0.7787618377912465,32.26,34.37,6.798,0.5941127839055479,5.83,7.34,78.6515275260189,0.5403484293940088,77.97473292908839,79.33328057858537,77.06855468630583,0.0261959108182957,77.03393315492907,77.10039988106382,0.5333597107073189,2.0897261351313596,-2.137407005256037,3.2938894921159374,50.25684836141202,0.0,50.25684836141202,50.25684836141202,5.670235963477256,1.6224594135497483,3.376417878410608,7.196677164310159,3.565468718450705,1.7470489059777836,2.2461848042408668,6.565895093235704,47.136430994234246,0.704520526542888,46.33280164078392,48.014808306468574,540.0,0.0,540.0,540.0,0.375,0.0,0.375,0.375,0.3092592592592592,0.0,0.3092592592592592,0.3092592592592592,0.187037037037037,0.0,0.187037037037037,0.187037037037037,69.7,0.0,69.7,69.7,94.9,0.0,94.9,94.9,1.2,0.8366600265340756,0,2,80.0,3.674234614174769,76.0,83.0,3.185,1.6435099634623456,1.225,4.9,78.54829410159343,2.0613242915591004,75.08691565131633,80.32166741606827,41.80063831467941,0.6217549452259964,41.14790520502428,42.65795856307152,0.0,0.0,0.0,0.0,0.2,0.447213595499958,0.0,1.0,0.0,0.0,0.0,0.0,0.0,0.0,0.0,0.0,0.2,0.447213595499958,0.0,1.0,49.58,0.5761944116355168,48.9,50.3,user_001,5
2024-01-02 11:10:00,3.4,1.816590212458495,1,5,5706.4,4.393176527297832,5700,5712,6.3884,0.0398346582764305,6.346,6.45,78.30232501446392,0.7470813125021327,77.04397631154346,79.02931754102897,47.174473221074685,6.469271588225071,40.78250127815244,54.73666723473442,97.328,0.1628496238865743,97.14,97.56,33.8808,0.1450972087946556,33.692,34.059999999999995,0.0,0.0,0,0,55.55172491368961,5.0245310614356615,48.23273454806992,60.04865273315732,78.0,3.391164991562634,74,83,51.44,14.200105633409914,38.4,74.1,54.0,14.874474780643515,28.1,63.5,97.22,0.6833739825307895,96.4,98.1,33.842,0.4429108262393224,33.28,34.51,6.376,0.3476060989108216,6.0,6.87,78.69238222564859,0.301429439954851,78.30232501446393,78.97034692381573,77.2942129628057,0.1916021408324086,77.13351105825059,77.58153414071623,-0.1511625072319589,1.3976075160614647,-1.5219881557717372,1.9853412294855133,50.25684836141202,0.0,50.25684836141202,50.25684836141202,3.3516192772277824,1.4397335981761503,2.08974027833812,4.998001776157708,3.755788865711756,2.119444312920085,2.1398618497074615,6.469271588225056,45.938067730379274,0.1682089460673964,45.75342270838042,46.13929898150241,540.0,0.0,540.0,540.0,0.375,0.0,0.375,0.375,0.3092592592592592,0.0,0.3092592592592592,0.3092592592592592,0.187037037037037,0.0,0.187037037037037,0.187037037037037,69.7,0.0,69.7,69.7,94.9,0.0,94.9,94.9,0.6,0.5477225575051661,0,1,81.0,4.415880433163924,75.0,85.0,1.96,0.6709601329438285,1.225,2.45,74.49561432576925,4.042779477520941,68.96666306312466,78.25752708859633,40.30657820173094,0.3216795287295479,39.93177859836648,40.78439839855064,0.0,0.0,0.0,0.0,0.0,0.0,0.0,0.0,0.0,0.0,0.0,0.0,0.0,0.0,0.0,0.0,0.0,0.0,0.0,0.0,52.42,2.1182539979898536,50.5,55.3,user_001,5
2024-01-02 11:15:00,5.4,1.1401754250991378,4,7,5727.6,8.26438140455774,5718,5739,6.3544,0.1010682937423993,6.208,6.438,76.1138864216578,2.145366035442595,73.11690223032672,78.01954502735265,52.02462198796045,4.103545616144391,48.24962988210419,57.24433477988273,97.388,0.1723948955160755,97.14,97.58,33.46,0.1382967823197624,33.260000000000005,33.594,0.0,0.0,0,0,46.94006254007435,3.179744053861761,41.62375003418665,49.60343757691996,74.4,4.979959839195493,66,78,50.12,14.75421973538418,31.2,65.2,45.3,10.98020946976878,27.6,56.2,97.58,0.6220932405998331,96.8,98.5,33.44,0.5177354536826697,33.04,34.18,6.208,0.5656589078234335,5.41,6.88,77.43537543712245,0.8861017391856644,76.1138864216578,78.20155000964262,77.88884011581528,0.0913840151517928,77.76546720492192,77.99205949848383,-0.8569432108288992,1.900610607897071,-3.5584511151633507,1.6276992565577617,50.25684836141202,0.0,50.25684836141202,50.25684836141202,4.965524953852793,0.8456879894425158,3.467481290048375,5.489828916084577,4.081191546244037,1.035211850692367,3.006496408249157,5.780074187420541,46.13160014007738,0.0884446388683027,46.04413288066773,46.259614613630106,540.0,0.0,540.0,540.0,0.375,0.0,0.375,0.375,0.3092592592592592,0.0,0.3092592592592592,0.3092592592592592,0.187037037037037,0.0,0.187037037037037,0.187037037037037,69.7,0.0,69.7,69.7,94.9,0.0,94.9,94.9,1.0,0.0,1,1,72.0,2.23606797749979,71.0,76.0,2.45,0.0,2.45,2.45,63.11686683225573,2.9499446865214995,60.5459933792309,67.35516419285807,41.266480550984475,1.3950533371861094,39.95871488040949,42.96879356542122,0.2,0.4472135954999579,0.0,1.0,0.0,0.0,0.0,0.0,0.0,0.0,0.0,0.0,0.0,0.0,0.0,0.0,0.2,0.4472135954999579,0.0,1.0,56.5,2.337733945512192,53.7,59.7,user_001,5
2024-01-02 11:20:00,5.6,1.3416407864998738,4,7,5756.2,9.20326029187494,5744,5767,6.7628,0.1966448575478139,6.523999999999999,6.994,80.13680808844876,0.6783725405640839,79.40258126576256,81.10871177194865,46.636246516933056,1.4421927033339426,45.03341034138373,48.37525990217009,97.612,0.30809089567853,97.32,98.02,33.676,0.1872431574183699,33.418,33.916000000000004,0.0,0.0,0,0,50.8799259312032,3.7581890305953434,45.07000001012938,54.68000000675292,82.0,5.385164807134503,78,91,46.38,5.076120565944039,40.5,53.7,51.3,13.63946479888416,38.5,73.9,97.44,1.0597169433391105,96.2,99.1,33.71,0.6323369355019534,33.02,34.56,6.994,0.4284040149204954,6.33,7.49,78.19083133328361,1.4723825806150537,76.54259094777186,80.13680808844876,78.00890075599213,0.0906196101313488,77.88406701189645,78.10384862786432,0.9315959557756172,2.602515918541313,-0.8019359493219156,5.418466171038503,50.25684836141202,0.0,50.25684836141202,50.25684836141202,3.871604573449764,1.179862376952141,1.8183583272469224,4.672038198491374,3.3551700265123117,1.704759156812896,1.4421927033338284,4.982442671592025,46.317500155620614,0.0740078510556244,46.256058650952134,46.43488157559076,540.0,0.0,540.0,540.0,0.375,0.0,0.375,0.375,0.3092592592592592,0.0,0.3092592592592592,0.3092592592592592,0.187037037037037,0.0,0.187037037037037,0.187037037037037,69.7,0.0,69.7,69.7,94.9,0.0,94.9,94.9,1.0,0.0,1,1,72.0,2.345207879911716,68.0,74.0,2.45,0.0,2.45,2.45,66.48633211487775,4.557122703958992,61.17252742482633,71.666975637603,44.44855246417999,0.6159115625844155,43.685893705161256,45.19769269765972,0.0,0.0,0.0,0.0,0.0,0.0,0.0,0.0,0.0,0.0,0.0,0.0,0.0,0.0,0.0,0.0,0.0,0.0,0.0,0.0,52.720000000000006,0.657267069006201,52.2,53.7,user_001,5
2024-01-02 11:25:00,4.8,2.3874672772626644,2,8,5780.6,7.635443667528412,5773,5791,6.6088,0.0615402307437983,6.5200000000000005,6.675999999999999,80.25340682646238,1.4921365688487933,77.84559167367225,81.76906419960659,48.33613122856731,2.0853169975292567,45.91484904061499,51.376566027076656,97.884,0.2977918736298919,97.5,98.22,33.39880000000001,0.1284258540948815,33.230000000000004,33.582,0.0,0.0,0,0,51.69900259176338,2.920172484088644,48.61341563874936,55.56151806166638,81.2,4.711687595755898,73,85,48.48,8.4653411035823,41.9,62.3,53.34,6.916863451015929,47.5,63.4,97.72,0.719027120489903,96.6,98.4,33.404,0.4611182061033809,33.01,33.97,6.5200000000000005,0.4384062043356594,5.84,7.02,79.83336050479456,0.3619912828414722,79.47016535954037,80.2534068264624,78.32141902959567,0.2093497040350993,78.12393272349526,78.61696772054181,0.4732965867688051,1.7619519357459583,-2.42279583683613,2.38480277544258,50.25684836141202,0.0,50.25684836141202,50.25684836141202,2.8612756541500133,0.4783399366098,2.026163035766309,3.215878696801291,2.0617532839719424,0.5946896939843564,1.0729866748321937,2.5319082585568644,46.39927025368941,0.0614642958665465,46.33672557871751,46.481799218781084,540.0,0.0,540.0,540.0,0.375,0.0,0.375,0.375,0.3092592592592592,0.0,0.3092592592592592,0.3092592592592592,0.187037037037037,0.0,0.187037037037037,0.187037037037037,69.7,0.0,69.7,69.7,94.9,0.0,94.9,94.9,0.8,0.8366600265340756,0,2,74.2,4.08656334834051,70.0,79.0,2.45,1.5003124674546966,1.225,4.9,70.20463943564529,1.2077239539280946,69.323377347905,72.27806266093626,45.678135835659866,0.4701375918673042,45.12979888764241,46.24931787305334,0.0,0.0,0.0,0.0,0.0,0.0,0.0,0.0,0.0,0.0,0.0,0.0,0.0,0.0,0.0,0.0,0.0,0.0,0.0,0.0,52.739999999999995,1.4117365193264657,51.5,55.1,user_001,5
2024-01-02 11:30:00,5.0,3.6742346141747673,2,11,5809.4,5.770615218501469,5802,5816,6.4444,0.1680261884350175,6.228,6.638,80.93131283311439,0.6421554250118386,79.94078211682061,81.51270946640439,50.240478186478,2.1788746151698937,47.93168755244569,53.2807500233092,97.368,0.2071714266012612,97.06,97.56,33.4456,0.2060359191985737,33.138,33.68,0.0,0.0,0,0,47.33303737833921,5.349066300549773,41.67508526192956,55.20511913851839,80.2,2.16794833886788,77,82,52.239999999999995,5.861569755620079,44.1,58.7,42.6,9.949623108439845,33.8,58.6,97.56,0.8443932733033861,96.7,98.9,33.474000000000004,0.5300283011311787,32.81,34.27,6.32,0.6453293732660865,5.72,7.38,81.0088375973392,0.3182563097971072,80.50227121764159,81.29696924967158,78.96871910403455,0.1832107235454086,78.72242292480566,79.17850329378876,-0.365656416557195,0.7972570684094844,-1.470391058410314,0.4416201185768074,50.25684836141202,0.0,50.25684836141202,50.25684836141202,2.000191158496077,0.5419920674785433,1.4915784112698791,2.864765405025343,1.462831030743573,0.4715448696701851,1.0315724254561758,2.1788746151699896,46.57064189897693,0.4835590758037398,46.14409152949654,47.24676786059157,540.0,0.0,540.0,540.0,0.375,0.0,0.375,0.375,0.3092592592592592,0.0,0.3092592592592592,0.3092592592592592,0.187037037037037,0.0,0.187037037037037,0.187037037037037,69.7,0.0,69.7,69.7,94.9,0.0,94.9,94.9,0.6,0.8944271909999159,0,2,81.8,2.949576240750525,77.0,84.0,2.205,1.597204589274649,1.225,4.9,69.75846026313124,1.0071491856114845,68.25536593461884,70.87529338443628,44.17427102750467,0.7357027588023441,43.413812934621205,44.996729929556494,0.0,0.0,0.0,0.0,0.0,0.0,0.0,0.0,0.0,0.0,0.0,0.0,0.0,0.0,0.0,0.0,0.0,0.0,0.0,0.0,52.34,0.8018728078691783,51.7,53.7,user_001,5
2024-01-02 11:35:00,3.6,1.5165750888103102,2,5,5828.6,5.1768716422177725,5821,5834,6.597200000000001,0.1651278292717491,6.32,6.744,78.7983621837846,1.7952486184947063,76.44487665735909,81.50097247905795,51.0025321068613,1.574309915768972,48.64244445135088,52.474419756155946,96.672,0.1676901905300365,96.52,96.9,33.465999999999994,0.088758098222078,33.342,33.592,0.0,0.0,0,0,46.69332179467842,0.6589570406041637,45.59178077523352,47.187671162850286,77.4,6.024948132556828,72,87,50.68,6.351535247481512,41.3,56.7,48.260000000000005,5.086059378339969,42.4,56.4,96.52,0.8584870412533899,95.5,97.7,33.456,0.3012142094921835,33.07,33.84,6.638,0.7842002295332484,5.63,7.34,79.73318025973191,0.6060059901330936,78.7983621837846,80.3542085554096,79.1489945596534,0.0500925745572724,79.08935022798865,79.20103801297446,-0.699181091892305,2.226284703633511,-2.833657493019317,2.749513760471018,50.25684836141202,0.0,50.25684836141202,50.25684836141202,2.3331243860843807,0.1742174419146664,2.234698810455173,2.64188787101611,1.8234366249910052,0.1877911672685976,1.574309915769158,2.021190622171201,48.51040826104497,0.602196294962157,47.711178573727715,49.23574720797913,540.0,0.0,540.0,540.0,0.375,0.0,0.375,0.375,0.3092592592592592,0.0,0.3092592592592592,0.3092592592592592,0.187037037037037,0.0,0.187037037037037,0.187037037037037,69.7,0.0,69.7,69.7,94.9,0.0,94.9,94.9,0.6,0.5477225575051661,0,1,72.4,4.219004621945798,67.0,77.0,1.96,0.6709601329438286,1.225,2.45,65.86716642728443,0.7424187871289555,64.95304798180084,66.98742218959818,44.4547201429457,0.5411092029043291,43.73112758152275,45.17134727753373,0.0,0.0,0.0,0.0,0.0,0.0,0.0,0.0,0.0,0.0,0.0,0.0,0.0,0.0,0.0,0.0,0.0,0.0,0.0,0.0,53.6,1.3982131454109574,51.4,55.3,user_001,5
2024-01-02 11:40:00,4.6,1.51657508881031,3,6,5847.6,7.797435475847102,5837,5857,6.5284,0.2553483894603612,6.209999999999999,6.7780000000000005,78.47138925876999,0.6056312228860713,77.62991777157272,79.14960526565118,45.62239105933976,3.51705462022475,42.56649474256472,51.149613170770635,97.412,0.524137386569596,96.56,97.84,33.5708,0.0677288712440984,33.476,33.647999999999996,0.0,0.0,0,0,55.97121933098646,3.095483260406912,51.79452051682235,58.91373244776738,79.4,0.8944271909999167,78,80,41.8,6.596211033616191,34.1,48.9,61.3,9.875980963934666,44.2,69.1,97.68,1.4237275020171465,95.9,99.1,33.529999999999994,0.4526588119102522,33.16,34.22,6.590000000000001,0.3820994634908556,5.98,7.0,78.29078917000584,0.3095334820712715,77.91062583223247,78.59890812252306,79.08206238371292,0.0366395593247734,79.05082232355052,79.12629140305947,0.4643053706150056,0.5633415314600871,-0.3832017552170583,1.1850411142136323,50.25684836141202,0.0,50.25684836141202,50.25684836141202,2.8443951546526596,0.3768045452303061,2.1839175012392618,3.082784072889223,3.1037132627669637,1.156174284117535,1.5721740270045863,4.208750063050808,49.448805477449,0.3070398338475932,48.97706684768998,49.74218394428702,540.0,0.0,540.0,540.0,0.375,0.0,0.375,0.375,0.3092592592592592,0.0,0.3092592592592592,0.3092592592592592,0.187037037037037,0.0,0.187037037037037,0.187037037037037,69.7,0.0,69.7,69.7,94.9,0.0,94.9,94.9,0.6,0.5477225575051661,0,1,67.0,2.64575131106459,64.0,71.0,1.96,0.6709601329438285,1.225,2.45,67.32345778791503,2.4152372272972933,64.74624289768383,71.00921696088048,45.10768035169155,0.3629569253414623,44.7072028271911,45.623032100641545,0.0,0.0,0.0,0.0,0.2,0.447213595499958,0.0,1.0,0.0,0.0,0.0,0.0,0.0,0.0,0.0,0.0,0.2,0.447213595499958,0.0,1.0,53.14,0.8905054744357244,52.2,54.4,user_001,5
2024-01-02 11:45:00,5.8,1.4832396974191326,4,8,5873.4,10.139033484509332,5861,5886,6.319999999999999,0.2422601907041268,6.034,6.587999999999999,77.64314591061991,2.206160341957596,75.15853873388433,81.17760234028941,46.25488277324639,2.449340618591985,42.43041871458069,48.52027914305379,97.976,0.1796663574517978,97.8,98.24,33.5664,0.1483468907662012,33.392,33.775999999999996,0.0,0.0,0,0,57.055222298730726,3.0144284906843977,53.70777257711626,61.22567670094056,76.2,6.220932405998316,71,86,47.260000000000005,10.867980493173514,33.6,60.7,57.98,11.451288137148588,45.2,68.0,97.8,0.3391164991562605,97.2,98.0,33.518,0.4265794181626685,32.94,33.96,6.182,0.9230763782049676,5.13,7.63,78.61129733926002,0.6325422085671458,77.64314591061992,79.18092617251332,79.27804936740252,0.0800351749669219,79.21519745275836,79.37240418353333,-0.7215729553099578,2.238876397042864,-3.3925341134298037,2.4111988298552944,50.25684836141202,0.0,50.25684836141202,50.25684836141202,3.756185415900735,0.2672655251098492,3.4587986910245996,3.9888633497231742,2.3692064222627733,0.4055461204191859,1.8829560011850213,2.8804380314256877,48.42998261431427,0.377592557599626,48.01544364523763,48.93026678734887,540.0,0.0,540.0,540.0,0.375,0.0,0.375,0.375,0.3092592592592592,0.0,0.3092592592592592,0.3092592592592592,0.187037037037037,0.0,0.187037037037037,0.187037037037037,69.7,0.0,69.7,69.7,94.9,0.0,94.9,94.9,1.2,0.4472135954999579,1,2,64.0,4.47213595499958,59.0,70.0,2.9400000000000004,1.0956733089748971,2.45,4.9,71.73368285484324,1.7583245040451452,69.32508152453666,73.80834510230723,44.40166407073709,0.1764299266003269,44.176053202324425,44.60918071268815,0.0,0.0,0.0,0.0,0.0,0.0,0.0,0.0,0.0,0.0,0.0,0.0,0.0,0.0,0.0,0.0,0.0,0.0,0.0,0.0,53.66,1.393915348936222,51.9,55.2,user_001,5
2024-01-02 11:50:00,4.8,1.7888543819998317,3,7,5900.8,7.661592523751073,5892,5910,6.632,0.1592607924129476,6.4239999999999995,6.798,78.48716324748904,1.6367148020643358,76.10569248925621,79.7371283261708,43.31825616767031,2.05009095062839,40.785594755514815,46.04258819990832,97.768,0.046043457732884,97.72,97.84,33.849599999999995,0.0861440653788776,33.769999999999996,33.974000000000004,0.0,0.0,0,0,63.20513215456536,4.481308272389483,57.5039042076861,68.61284631452715,79.4,5.029910535983717,73,87,41.46,6.3740097270085805,33.7,51.1,66.16,15.107216818461309,44.6,82.9,97.78,0.4086563348340474,97.2,98.1,33.974000000000004,0.6696491618750825,33.38,34.79,6.786,0.296192504969319,6.27,7.03,77.54239306525236,0.7482590410945013,76.62876394041328,78.48716324748904,79.16997632273065,0.0509021566760345,79.09746337670671,79.23715834457776,0.4564183762554791,2.1249559062980725,-2.2203153075808615,3.6314358369145903,50.25684836141202,0.0,50.25684836141202,50.25684836141202,2.6445323721024576,0.7063376738523272,1.7518053344273747,3.6021958804942513,2.0395020626733595,0.3754624983188566,1.6236843210751453,2.555080999028726,47.73053268995085,0.1629747567610699,47.46244525369385,47.88029576349176,540.0,0.0,540.0,540.0,0.375,0.0,0.375,0.375,0.3092592592592592,0.0,0.3092592592592592,0.3092592592592592,0.187037037037037,0.0,0.187037037037037,0.187037037037037,69.7,0.0,69.7,69.7,94.9,0.0,94.9,94.9,0.6,0.5477225575051662,0,1,72.2,3.114482300479487,69.0,76.0,1.96,0.6709601329438285,1.225,2.45,70.76908868607393,2.15132178221572,68.79006956744938,73.77764132104691,42.93065572869763,0.7742393087994455,41.79955657036362,43.8498825846746,0.0,0.0,0.0,0.0,0.0,0.0,0.0,0.0,0.0,0.0,0.0,0.0,0.0,0.0,0.0,0.0,0.0,0.0,0.0,0.0,52.44,1.2033287165193047,51.2,54.4,user_001,5
2024-01-02 11:55:00,4.6,3.049590136395381,1,9,5925.6,7.700649323271328,5916,5933,6.5488,0.0767020208338737,6.444,6.644,78.2016017445253,1.7060511121043382,76.96042041010782,80.43662625384846,44.91121068874671,2.265986499531804,41.85706317034321,47.06135205047207,97.504,0.2089976076417979,97.2,97.72,33.4824,0.2391710684844641,33.204,33.734,0.0,0.0,0,0,56.81433839072465,6.81651435195339,50.77700033771551,64.90856420968477,79.4,3.911521443121588,76,85,46.68,4.726203550419725,41.5,54.1,49.68,10.70453175061852,33.1,60.6,97.48,0.6058052492344379,96.8,98.2,33.35,0.5988739433303145,32.7,34.2,6.644,0.5764373339748216,5.84,7.39,78.0342246011855,0.4455944932103489,77.60240261678796,78.65810883165935,78.8701203387958,0.0999144776561511,78.75549586305054,78.98719780669337,0.5991991277373472,1.243895887082829,-0.4802102050539076,2.672530309613663,50.25684836141202,0.0,50.25684836141202,50.25684836141202,2.233137913809867,0.3039559751342128,1.8755877405279255,2.6272019459242246,2.333903817888489,0.3534603809956287,2.0388477400084684,2.896588030873255,47.053661369321375,0.1646199724006669,46.89162516372375,47.32718572468478,540.0,0.0,540.0,540.0,0.375,0.0,0.375,0.375,0.3092592592592592,0.0,0.3092592592592592,0.3092592592592592,0.187037037037037,0.0,0.187037037037037,0.187037037037037,69.7,0.0,69.7,69.7,94.9,0.0,94.9,94.9,0.8,0.8366600265340756,0,2,78.0,1.8708286933869709,76.0,80.0,2.45,1.5003124674546966,1.225,4.9,73.03491344841436,1.2818612515669072,71.55561646319866,74.55765233243159,41.38841475244412,0.2314357856314393,41.073831018002565,41.63367507898818,0.0,0.0,0.0,0.0,0.0,0.0,0.0,0.0,0.0,0.0,0.0,0.0,0.0,0.0,0.0,0.0,0.0,0.0,0.0,0.0,52.36,0.8876936408468843,51.1,53.5,user_001,5
2024-01-02 12:00:00,5.4,4.505552130427524,2,13,5945.4,9.289779329994962,5935,5960,6.607200000000001,0.1337579904155262,6.458,6.802000000000001,80.57387348076054,2.0782402604388586,78.2910841692323,83.50194255194712,44.635879596871995,3.810874090859069,37.91786904146806,47.04780801495468,97.444,0.1161034021896053,97.3,97.62,33.3212,0.0714926569655933,33.222,33.4,0.0,0.0,0,0,53.00616801853165,4.085040791574962,48.01800022514368,58.261580291386416,81.8,4.969909455915671,74,87,41.72,11.120566532330985,22.4,50.2,56.0,9.076342875850385,42.5,65.5,97.62,0.4919349550499521,97.0,98.2,33.376,0.3266190441477666,33.08,33.8,6.590000000000001,0.5192783453986888,5.95,7.15,79.49109130550592,0.8334231290565074,78.4677344963502,80.57387348076054,78.61716262349026,0.0541555556252565,78.56582593473102,78.69592263765823,0.613063259619733,1.5897549694308155,-2.145542084616153,1.7490287240264308,50.25684836141202,0.0,50.25684836141202,50.25684836141202,2.0330985674383113,0.9510883252218072,1.2766068197655998,3.6031423668061215,1.5765281950409995,1.291220492355332,0.802066735827859,3.8108740908589622,46.53297323930707,0.3483845294322189,45.95752539878941,46.83330566470472,540.0,0.0,540.0,540.0,0.375,0.0,0.375,0.375,0.3092592592592592,0.0,0.3092592592592592,0.3092592592592592,0.187037037037037,0.0,0.187037037037037,0.187037037037037,69.7,0.0,69.7,69.7,94.9,0.0,94.9,94.9,0.8,1.3038404810405295,0,3,72.0,3.391164991562634,67.0,75.0,2.94,3.1944091785492974,1.225,8.575,71.78564185757878,1.6917737328692335,70.29307553974617,74.54532299980443,41.44035081701411,0.6001367098851684,40.460773177643986,41.9956223944137,0.2,0.4472135954999579,0.0,1.0,0.2,0.4472135954999579,0.0,1.0,0.0,0.0,0.0,0.0,0.0,0.0,0.0,0.0,0.4,0.8944271909999159,0.0,2.0,51.08,2.1902054698132747,47.5,52.9,user_001,5
2024-01-02 12:05:00,6.0,2.1213203435596424,4,9,5977.8,10.825894882179457,5964,5990,6.5396,0.1106833320785023,6.35,6.636,78.29779403861866,1.4418298686073925,76.704279274651,80.33462836796475,48.15731747777738,2.9700476546765326,44.31191269431204,52.50529453080535,97.828,0.1213260071048212,97.64,97.96,33.6832,0.1472317900454937,33.446,33.824,0.0,0.0,0,0,49.69175875141158,6.179282836887739,42.58491267892931,55.58218341285747,76.4,3.646916505762092,73,82,52.56,9.106481208458073,38.5,63.1,48.62,19.800176766887713,24.2,76.3,97.84,0.9289779329994836,96.7,99.0,33.676,0.3528880842420155,33.33,34.27,6.35,0.6025363059600642,5.47,6.94,79.91043177685675,1.1347209425699432,78.29779403861866,80.98258232050702,78.64670454301105,0.0979524950219351,78.53540858686253,78.75283731399438,-0.9488970193093366,1.9324444102777287,-3.16731418398237,1.6212712722997793,50.25684836141202,0.0,50.25684836141202,50.25684836141202,4.925574064365658,0.502554856675179,4.4790645375906175,5.644963107963666,4.168290999595666,1.082660342203586,2.9700476546765415,5.369190702209141,45.61101430860559,0.097989395792453,45.48332296060876,45.727239154748496,540.0,0.0,540.0,540.0,0.375,0.0,0.375,0.375,0.3092592592592592,0.0,0.3092592592592592,0.3092592592592592,0.187037037037037,0.0,0.187037037037037,0.187037037037037,69.7,0.0,69.7,69.7,94.9,0.0,94.9,94.9,1.2,0.4472135954999579,1,2,77.0,3.391164991562636,72.0,80.0,2.9400000000000004,1.0956733089748971,2.45,4.9,72.66992950510863,3.2283153202875123,67.78823800088371,75.61496705692191,41.110544035769145,0.7256549612785053,40.27045960552612,42.04378619346435,0.0,0.0,0.0,0.0,0.0,0.0,0.0,0.0,0.0,0.0,0.0,0.0,0.0,0.0,0.0,0.0,0.0,0.0,0.0,0.0,53.44,1.7643695757975413,50.8,55.3,user_001,5
2024-01-02 12:10:00,4.6,3.1304951684997055,2,10,6005.4,7.266360849834109,5994,6013,6.8664000000000005,0.085210328012512,6.754,6.973999999999999,79.48777534664937,0.9260443781867304,78.038019088777,80.50497163693363,40.617424523822535,3.2552820784514154,37.010922376455376,45.78101403746825,97.6,0.1726267650163088,97.44,97.88,33.5536,0.1593825586442919,33.39,33.80800000000001,0.0,0.0,0,0,62.4569394240542,3.619238581835524,57.189834852721965,66.90319262793666,79.2,3.271085446759225,75,84,39.36,12.954072718647213,25.8,58.0,63.1,14.985326155943358,46.1,81.6,97.54,0.34351128074635,97.0,97.8,33.574,0.4962156789139194,32.93,34.28,6.973999999999999,0.5614979964345375,6.45,7.76,79.04400747678771,0.5565203378119685,78.33186269241244,79.63166301997406,78.7722409274747,0.0378920066951999,78.70832974230926,78.80617177549905,-0.1438876733246871,1.2251848949451771,-1.51900954438851,1.747514181533191,50.25684836141202,0.0,50.25684836141202,50.25684836141202,4.708651607764187,0.3780864992832862,4.10116087018757,5.062438962102226,4.680147926392262,1.1424765173950724,3.255282078451156,6.25852614646466,44.78033110236782,0.2304832202064469,44.55374280703383,45.15221530707251,540.0,0.0,540.0,540.0,0.375,0.0,0.375,0.375,0.3092592592592592,0.0,0.3092592592592592,0.3092592592592592,0.187037037037037,0.0,0.187037037037037,0.187037037037037,69.7,0.0,69.7,69.7,94.9,0.0,94.9,94.9,0.8,0.8366600265340756,0,2,79.8,3.033150177620619,78.0,85.0,2.45,1.5003124674546966,1.225,4.9,74.11848807899663,4.099210422958359,68.56555638324217,78.1243580392622,40.89710328928348,0.6667056856088912,40.24416934419558,41.8439548735291,0.0,0.0,0.0,0.0,0.2,0.447213595499958,0.0,1.0,0.0,0.0,0.0,0.0,0.0,0.0,0.0,0.0,0.2,0.447213595499958,0.0,1.0,50.62,0.8786353054595493,49.8,51.8,user_001,5
2024-01-02 12:15:00,4.0,1.5811388300841898,2,6,6025.6,6.877499545619777,6016,6033,6.604000000000001,0.0987927122818275,6.4799999999999995,6.704000000000001,80.72184695922955,1.948930892421215,78.35023070612311,82.60010253605472,50.30871434058569,3.1814672946811897,45.459228186004054,53.02489512776367,97.396,0.1126055060820734,97.28,97.56,33.484,0.0582923665671621,33.432,33.58200000000001,0.0,0.0,0,0,50.40173687888779,3.333733008184583,47.26735847488058,54.22655656848131,82.2,8.012490249604053,71,90,50.18,10.508663092896258,33.2,61.5,48.96,10.106582013717594,40.2,66.0,97.42,0.5890670590009335,96.8,98.3,33.468,0.2488372962399312,33.2,33.78,6.616,0.649060860012372,5.95,7.3,79.86637135496792,0.5379018585982206,79.37415565826647,80.72184695922955,78.9814199300927,0.2042867140940933,78.8101504187403,79.29500913621207,0.7390765203852283,3.2178131199835596,-3.675115353061557,3.987326970407665,50.25684836141202,0.0,50.25684836141202,50.25684836141202,3.665618056024074,0.0708710759956005,3.5918602934187893,3.745213667214816,4.516369605433051,1.319338877701966,3.059770474767558,5.8835559673892455,45.12707789551071,0.2541410055406546,44.71388569201504,45.32480046591243,540.0,0.0,540.0,540.0,0.375,0.0,0.375,0.375,0.3092592592592592,0.0,0.3092592592592592,0.3092592592592592,0.187037037037037,0.0,0.187037037037037,0.187037037037037,69.7,0.0,69.7,69.7,94.9,0.0,94.9,94.9,0.6,0.5477225575051662,0,1,80.2,4.207136793592527,73.0,84.0,1.96,0.6709601329438285,1.225,2.45,70.65778972885215,3.9347075922947576,67.03307986768772,76.65776517798062,41.22592764277603,0.7094092840152864,40.34272143058141,42.16106986958179,0.0,0.0,0.0,0.0,0.0,0.0,0.0,0.0,0.0,0.0,0.0,0.0,0.0,0.0,0.0,0.0,0.0,0.0,0.0,0.0,52.379999999999995,1.6709278859364336,50.4,54.2,user_001,5
2024-01-02 12:20:00,4.2,2.3874672772626644,2,8,6047.4,5.412947441089813,6041,6054,6.357200000000001,0.0810506014783361,6.234,6.446000000000001,79.83332964072159,1.7189651873736125,77.15007758889918,81.72511638334878,48.693575551023635,3.0873014100751557,46.17528930844498,53.30410141600181,97.952,0.1977877650412224,97.7,98.24,33.674,0.1112115101956633,33.486000000000004,33.756,0.0,0.0,0,0,53.653150535491385,5.1076855199820494,45.87133006911221,58.88088671274147,78.0,6.442049363362562,68,86,48.98,11.466996119298202,32.5,60.3,54.46,18.562408248931497,34.7,84.9,97.7,1.2349089035228489,96.1,99.2,33.756,0.4252411080786976,33.28,34.19,6.328,0.8583821992562521,5.48,7.65,80.55540692740318,0.4345158934059193,79.83332964072159,80.92499169162356,79.48358890711782,0.0373513370377484,79.45222831303028,79.52905530262625,-0.9166648203607934,2.4031121770576305,-4.575038794449597,2.137441808325619,50.25684836141202,0.0,50.25684836141202,50.25684836141202,4.333239272956153,0.5182130677551249,3.788319029116488,4.8934683761812074,3.1816740710491187,0.1316443367762016,3.0682955455874716,3.3821713026218196,45.90164537444311,0.2572525490556389,45.527644755052734,46.22068702980466,540.0,0.0,540.0,540.0,0.375,0.0,0.375,0.375,0.3092592592592592,0.0,0.3092592592592592,0.3092592592592592,0.187037037037037,0.0,0.187037037037037,0.187037037037037,69.7,0.0,69.7,69.7,94.9,0.0,94.9,94.9,0.6,0.8944271909999159,0,2,69.6,5.458937625582472,64.0,77.0,2.205,1.597204589274649,1.225,4.9,68.60064641889547,1.1659270328839977,67.28252681580825,70.06967752134435,42.3593016316148,0.3486192164054333,41.98730292881164,42.8559050787084,0.0,0.0,0.0,0.0,0.0,0.0,0.0,0.0,0.0,0.0,0.0,0.0,0.0,0.0,0.0,0.0,0.0,0.0,0.0,0.0,53.379999999999995,1.084896308409242,52.0,54.6,user_001,5
2024-01-02 12:25:00,5.6,2.5099800796022267,3,8,6070.0,8.803408430829434,6060,6082,6.3944,0.1788485392727602,6.152,6.612,78.46035616667938,1.2567246467545012,77.49878075830107,80.43338505926612,48.170182788612166,1.9393207728470283,46.84983233691457,51.58352620562999,97.716,0.1802220852171027,97.52,97.88,33.63440000000001,0.2240687394528719,33.404,33.967999999999996,0.0,0.0,0,0,50.757205008788986,4.975454811848069,45.40174421118265,57.2011628074551,79.2,5.630275304103699,72,87,48.44,8.735731222971548,38.6,62.4,47.38,20.66741396498362,25.0,80.8,97.82,0.7949842765740684,96.9,98.8,33.55800000000001,0.6405232236226894,32.7,34.25,6.506,0.7298835523561277,5.35,7.25,78.90918938961688,0.6603649495264198,78.09053425001908,79.7555530938144,79.6294163718564,0.0458656263515648,79.56249593877651,79.68228252891384,0.3698219166603053,2.2543279888018826,-2.811128353088705,3.2833074703669354,50.25684836141202,0.0,50.25684836141202,50.25684836141202,3.6078266746739063,0.641143652652997,3.1360521666667256,4.423970350820827,2.3243330400782027,0.5480570952612289,1.9393207728470645,3.2888970152900368,46.6747351933423,0.080724121746944,46.54490246431422,46.76384904644889,540.0,0.0,540.0,540.0,0.375,0.0,0.375,0.375,0.3092592592592592,0.0,0.3092592592592592,0.3092592592592592,0.187037037037037,0.0,0.187037037037037,0.187037037037037,69.7,0.0,69.7,69.7,94.9,0.0,94.9,94.9,1.0,1.0,0,2,64.6,3.6469165057620945,59.0,69.0,2.9400000000000004,1.85780448379263,1.225,4.9,68.47877655237325,0.6895898375083095,67.70145000608287,69.43941454444732,43.85314288533736,0.8375035048852205,42.65059698779245,44.622239788609726,0.0,0.0,0.0,0.0,0.0,0.0,0.0,0.0,0.0,0.0,0.0,0.0,0.0,0.0,0.0,0.0,0.0,0.0,0.0,0.0,53.84,0.5319774431308167,53.3,54.6,user_001,5
2024-01-02 12:30:00,2.8,2.280350850198276,0,5,6089.8,4.43846820423446,6085,6096,6.752,0.0849234949822486,6.664,6.862,79.21370945404831,2.0400208089464855,76.66612478146713,82.29605545842983,51.10249320673081,4.466847748952222,46.9480984701969,57.12214770529536,97.716,0.2447039027069208,97.4,97.98,33.8892,0.116297893360109,33.772000000000006,34.038,0.0,0.0,0,0,43.33683358140431,5.751509278774059,37.11537946435623,50.56751984129073,79.4,7.3348483283569,72,90,51.54,16.64941440411644,26.6,69.9,44.7,16.51060265405233,20.2,57.4,97.68,0.8408329203831135,97.0,99.1,33.958,0.2203860249652883,33.69,34.24,6.754,0.7542744858471615,5.94,7.81,78.53865868505241,0.7053698486022041,77.70690411111958,79.21370945404831,79.4706776017808,0.0821180178195666,79.33580193432448,79.55555435223008,0.0931452729758433,2.8754154237086538,-3.0986851528099493,3.851972270785083,50.25684836141202,0.0,50.25684836141202,50.25684836141202,5.056011690319645,1.137469200724184,3.658739705751415,5.9052834351809995,4.394186931679468,0.6557298947314382,3.245807634595841,4.82429641125351,47.42422575934275,0.2960752210653735,47.01923269763259,47.841617981425365,540.0,0.0,540.0,540.0,0.375,0.0,0.375,0.375,0.3092592592592592,0.0,0.3092592592592592,0.3092592592592592,0.187037037037037,0.0,0.187037037037037,0.187037037037037,69.7,0.0,69.7,69.7,94.9,0.0,94.9,94.9,0.4,0.5477225575051662,0,1,64.2,3.2710854467592254,60.0,69.0,1.7150000000000003,0.6709601329438285,1.225,2.45,65.34872824228492,0.7702426057674743,64.23439412295343,66.40578659384511,45.16960504552956,0.219398065069833,44.95331619303142,45.48520722117757,0.0,0.0,0.0,0.0,0.0,0.0,0.0,0.0,0.0,0.0,0.0,0.0,0.0,0.0,0.0,0.0,0.0,0.0,0.0,0.0,54.5,2.1828879952943088,51.8,56.8,user_001,5
2024-01-02 12:35:00,4.8,1.4832396974191326,3,7,6110.4,7.956129712366424,6100,6120,6.652799999999999,0.1474489742249842,6.4799999999999995,6.864,79.12937737666479,0.682903415419163,78.30994235805328,79.69330771469035,46.09670692434315,3.7806913508319,42.25183200922964,50.46239954672501,97.396,0.2455198566307815,97.0,97.62,33.6012,0.0891695015125695,33.512,33.734,0.0,0.0,0,0,53.241146809073825,3.318788090506819,48.81167989419382,56.61465281860619,79.2,3.0331501776206196,76,82,43.82,7.748354664056107,36.8,55.5,55.66,6.287527335924674,45.3,61.6,97.56,0.4393176527297824,96.8,97.9,33.576,0.2923696290656746,33.18,33.83,6.4799999999999995,0.6744256815987957,5.54,7.33,79.3537328309534,0.2882996311719668,79.0940660649972,79.76164864624369,79.37789444413025,0.0897702328683729,79.26831240066076,79.47439915733216,0.0353113116676013,1.2010896777893514,-1.2311025715634545,1.2300192139822457,50.25684836141202,0.0,50.25684836141202,50.25684836141202,3.420456548579452,1.329643029590766,2.337502275788545,4.932985848530443,2.8316801930660978,1.1807873209043165,1.3602364880960305,4.035356853911607,47.85604070356228,0.2524412187519501,47.49818288918633,48.12220058433719,540.0,0.0,540.0,540.0,0.375,0.0,0.375,0.375,0.3092592592592592,0.0,0.3092592592592592,0.3092592592592592,0.187037037037037,0.0,0.187037037037037,0.187037037037037,69.7,0.0,69.7,69.7,94.9,0.0,94.9,94.9,0.8,0.4472135954999579,0,1,63.0,2.645751311064591,59.0,66.0,2.205,0.5478366544874486,1.225,2.45,68.9524075912546,1.6819203870021608,66.64035998415991,71.18104183045007,44.98593977664203,0.2900519526224048,44.54448715494297,45.3295870431979,0.0,0.0,0.0,0.0,0.0,0.0,0.0,0.0,0.0,0.0,0.0,0.0,0.0,0.0,0.0,0.0,0.0,0.0,0.0,0.0,52.58,1.4463747785411671,50.7,54.6,user_001,5
2024-01-02 12:40:00,3.2,2.6832815729997477,2,8,6128.4,6.228964600959044,6122,6136,6.3536,0.1861579974108019,6.148,6.608,80.58905381091883,2.1568193061356196,77.66883556812088,82.76098006361195,46.03841408057194,4.238668338999318,42.20122133948643,51.05579680779979,97.22,0.2353720459187988,96.94,97.58,33.606,0.1248118584109726,33.416,33.766000000000005,0.0,0.0,0,0,48.68089176086569,4.967539749519139,42.46242341644197,53.509768545737465,79.8,6.418722614352486,73,89,49.56,10.204067816317178,39.4,65.2,43.02,11.415647156425251,27.8,58.8,97.14,0.709224929059888,96.2,97.9,33.63,0.7317103251970682,32.84,34.42,6.364,0.7505531293652704,5.61,7.46,80.5761294262984,0.3847283750719046,80.01958491777654,80.98358071637823,79.63324810238204,0.0573927510053023,79.54959943822145,79.68871086143176,-0.3945269054594092,2.3217853022695176,-3.001626676090666,3.1195099681940235,50.25684836141202,0.0,50.25684836141202,50.25684836141202,2.6950645680478766,0.8317569468179529,1.7538635412298424,3.5821908961345685,2.6128122045860436,1.414296858789515,0.8177885953053652,4.23866833899928,47.961267362883376,0.3508913613494385,47.53101081501311,48.40168114864457,540.0,0.0,540.0,540.0,0.375,0.0,0.375,0.375,0.3092592592592592,0.0,0.3092592592592592,0.3092592592592592,0.187037037037037,0.0,0.187037037037037,0.187037037037037,69.7,0.0,69.7,69.7,94.9,0.0,94.9,94.9,0.4,0.8944271909999159,0,2,58.4,3.646916505762094,54.0,62.0,1.96,1.6435099634623456,1.225,4.9,75.08335794558292,1.615025909810331,72.88797231014054,77.09143144050265,43.34937337454326,0.3460960022351046,42.98127876271639,43.84267447075982,0.0,0.0,0.0,0.0,0.0,0.0,0.0,0.0,0.0,0.0,0.0,0.0,0.0,0.0,0.0,0.0,0.0,0.0,0.0,0.0,50.62,2.507389080298469,48.4,54.1,user_001,5
2024-01-02 12:45:00,4.6,1.51657508881031,3,7,6148.4,8.111719916269372,6139,6159,6.2712,0.1895341657854856,6.022,6.426,80.51296181872182,1.1023209421087783,79.11255704541392,81.74170469694262,47.49946193653623,3.322530855997773,44.15714196645923,52.07053120519986,98.04,0.1843908891458605,97.82,98.2,33.4944,0.0705039006013136,33.403999999999996,33.602,0.0,0.0,0,0,53.2030803964926,5.726905211613624,43.808282277627974,57.54812545672355,81.4,3.5071355833500357,78,87,44.739999999999995,9.551596725155433,35.3,55.4,58.879999999999995,9.509574122956296,46.5,69.3,98.18,0.8671793355471505,97.3,99.3,33.492000000000004,0.5724683397359206,33.02,34.46,6.406000000000001,0.5518876697299913,5.86,7.3,80.0304367968788,0.2873319666381665,79.8041640921241,80.51296181872182,79.66059234270051,0.074274627814025,79.56085260091804,79.76037893374135,0.4435190906390886,1.551417213701452,-1.164823265987252,2.6291476515286973,50.25684836141202,0.0,50.25684836141202,50.25684836141202,3.624846906814578,0.4342139143138913,3.0366806796104897,4.2260466585981575,3.474397355134451,0.5523078089240792,3.0040382843520996,4.302527471732112,48.177950160269965,0.2530141001285249,47.93347241463633,48.511120765763046,540.0,0.0,540.0,540.0,0.375,0.0,0.375,0.375,0.3092592592592592,0.0,0.3092592592592592,0.3092592592592592,0.187037037037037,0.0,0.187037037037037,0.187037037037037,69.7,0.0,69.7,69.7,94.9,0.0,94.9,94.9,0.8,0.4472135954999579,0,1,58.6,4.159326868617084,54.0,63.0,2.205,0.5478366544874484,1.225,2.45,69.28973805092332,1.144504339578986,68.11523799241554,71.05838556160242,42.409993959152,0.4382079099254339,41.94976098268569,43.12170562381778,0.0,0.0,0.0,0.0,0.0,0.0,0.0,0.0,0.0,0.0,0.0,0.0,0.0,0.0,0.0,0.0,0.0,0.0,0.0,0.0,52.64,1.0139033484509286,51.7,54.2,user_001,5
2024-01-02 12:50:00,5.0,0.7071067811865476,4,6,6174.4,8.080841540334914,6164,6184,6.4244,0.1438568733151111,6.224,6.566,79.25602789382344,1.223037618873415,77.59095401421088,80.92931289520483,42.001822148021226,2.5937925388660488,38.73809464430615,45.80258659640615,97.332,0.3634831495406581,97.0,97.9,33.8476,0.1023855458548708,33.75,34.0,0.0,0.0,0,0,57.07423280941466,3.792989037389648,52.31914040167381,62.60314828347364,78.8,4.604345773288535,73,84,42.66,10.475113364541691,27.9,53.8,55.34,11.141274612897751,45.8,74.5,97.14,0.8706319543871597,95.6,97.7,33.886,0.3617042991173891,33.53,34.49,6.224,0.3281463088318991,5.75,6.61,79.66277356995934,0.3544471301865083,79.25602789382344,80.20864121248121,79.51182011645987,0.0268427555342555,79.47370496354748,79.54389077865456,-0.2280139469117244,1.8093749891998727,-2.295477007105447,1.8030153285963737,50.25684836141202,0.0,50.25684836141202,50.25684836141202,3.945271864776771,0.337211541674487,3.6004077697324237,4.350283997151825,3.1007728017598124,0.7837767077588357,2.0352600853639595,4.014752632373914,47.079450226866825,0.301699399028009,46.81818018080259,47.54453716531311,540.0,0.0,540.0,540.0,0.375,0.0,0.375,0.375,0.3092592592592592,0.0,0.3092592592592592,0.3092592592592592,0.187037037037037,0.0,0.187037037037037,0.187037037037037,69.7,0.0,69.7,69.7,94.9,0.0,94.9,94.9,1.0,0.0,1,1,64.0,0.7071067811865476,63.0,65.0,2.45,0.0,2.45,2.45,75.46785775664883,1.156888435392222,73.90034026418064,76.86031775431562,40.695650931238625,0.3485963171477906,40.35148837164402,41.23552755386808,0.0,0.0,0.0,0.0,0.2,0.447213595499958,0.0,1.0,0.0,0.0,0.0,0.0,0.0,0.0,0.0,0.0,0.2,0.447213595499958,0.0,1.0,50.52,1.073312629199897,49.1,51.6,user_001,5
2024-01-02 12:55:00,5.2,2.8635642126552705,3,10,6201.0,7.842193570678992,6189,6210,6.755599999999999,0.2467889786842193,6.464,7.034000000000001,80.09379791194382,1.6469811493001876,78.6650494607812,82.5177997603472,44.080075344595386,3.852282302035491,38.74559404284718,49.30239823491769,97.2,0.1435270009440711,97.0,97.34,33.387600000000006,0.1349548072504282,33.22,33.592000000000006,0.0,0.0,0,0,52.32047510247436,3.020893671645883,48.12789345234779,55.441840178521694,81.0,5.244044240850758,77,90,45.48,12.867284095721214,30.9,59.2,52.34,10.682836701925195,33.5,60.1,97.28,0.5630275304103642,96.7,98.1,33.220000000000006,0.2955503341226321,32.92,33.6,7.034000000000001,0.6079720388307343,6.2,7.79,79.58489199275184,0.3701270712841531,79.0610453018736,80.09379791194382,79.62443721698237,0.133291628681911,79.49572072453962,79.79915471102018,0.4531010440280852,2.0314432250876595,-1.505933253449072,3.741100119826399,50.25684836141202,0.0,50.25684836141202,50.25684836141202,3.731767890066559,0.6482642711830061,3.01466284766209,4.336263394326985,2.800543017525051,0.719905413677274,1.844857030405745,3.8522823020353743,46.224007162934456,0.1785811230770477,46.05474341019968,46.52100900942394,540.0,0.0,540.0,540.0,0.375,0.0,0.375,0.375,0.3092592592592592,0.0,0.3092592592592592,0.3092592592592592,0.187037037037037,0.0,0.187037037037037,0.187037037037037,69.7,0.0,69.7,69.7,94.9,0.0,94.9,94.9,0.8,0.8366600265340756,0,2,72.6,3.6469165057620936,67.0,76.0,2.45,1.5003124674546966,1.225,4.9,75.36420981863783,0.7375214850691245,74.6703478354032,76.4956648940462,40.54663145523111,0.3196236924637725,40.105393409975605,40.89274511039347,0.0,0.0,0.0,0.0,0.0,0.0,0.0,0.0,0.0,0.0,0.0,0.0,0.0,0.0,0.0,0.0,0.0,0.0,0.0,0.0,50.38,0.939148550549912,49.2,51.6,user_001,5
2024-01-02 13:00:00,3.2,0.447213595499958,3,4,6220.0,4.743416490252569,6214,6226,6.7296,0.1863244482079575,6.508,7.023999999999999,79.12181700898026,0.7653099104798986,78.20732398444748,79.96647896500686,50.82552432521421,1.228134160085016,49.40788113282324,52.438587421882154,97.668,0.4107554016686705,97.2,98.24,33.5308,0.154871559687375,33.428,33.802,0.0,0.0,0,0,47.97018602172502,1.8306112347653316,45.292487591175366,50.18309708014456,78.0,2.915475947422649,76,83,52.08,4.728318940173135,46.7,58.5,45.14,6.058300091609859,40.1,55.6,97.46,0.680441033448155,96.9,98.6,33.802,0.3900897332665927,33.47,34.42,6.508,0.7873182329909552,5.67,7.46,79.86879236118543,0.4782613097280195,79.12181700898024,80.32408827020558,79.84612616300453,0.0514343089177736,79.78383930350883,79.89962431600897,-0.5609085044901292,1.1899404516773224,-1.3372888356327053,1.5167605174965786,50.25684836141202,0.0,50.25684836141202,50.25684836141202,2.925042119496975,1.0040587650432595,1.7387655879837531,4.144409286256377,2.590361049918094,1.5240472487655292,0.9726327763470224,4.672006384961515,45.957131258767774,0.0989460987195267,45.823627677096205,46.09033412654703,540.0,0.0,540.0,540.0,0.375,0.0,0.375,0.375,0.3092592592592592,0.0,0.3092592592592592,0.3092592592592592,0.187037037037037,0.0,0.187037037037037,0.187037037037037,69.7,0.0,69.7,69.7,94.9,0.0,94.9,94.9,0.2,0.447213595499958,0,1,71.6,3.4351128074635326,67.0,75.0,1.4700000000000002,0.5478366544874486,1.225,2.45,68.75237387269247,2.792712521933724,65.52718775870946,72.81588725716959,40.67784065046853,0.5682520075966897,39.98664857043703,41.47634840767189,0.0,0.0,0.0,0.0,0.0,0.0,0.0,0.0,0.0,0.0,0.0,0.0,0.0,0.0,0.0,0.0,0.0,0.0,0.0,0.0,53.9,1.272792206135786,52.5,55.8,user_001,5
2024-01-02 13:05:00,5.2,2.7748873851023217,2,9,6244.4,7.231873892705877,6235,6252,6.7704,0.1781033407884305,6.532000000000001,6.965999999999999,79.97488948266405,2.0807318106906867,76.90515041668098,82.53658843753222,48.3108509399459,2.677371133129999,45.26146007201741,52.3923916145881,97.928,0.2575266976451199,97.58,98.18,33.354,0.123846679406438,33.192,33.506,0.0,0.0,0,0,50.803563591338275,6.114935876420158,45.09499172745024,57.65036791924452,80.4,7.1274118724821856,70,86,45.44,6.390461642166394,38.3,52.3,55.58,14.123809684359248,44.7,79.4,98.12,0.8043631020876129,97.2,99.3,33.19199999999999,0.6639804213981007,32.1,33.9,6.922,0.4344766967283744,6.17,7.18,79.89877101052647,0.359771885416649,79.34787800598683,80.24350133599414,79.93696585960005,0.0465050110902073,79.86700398011699,79.98903880597793,0.2125552586679674,2.818728607327506,-3.452575208340491,2.597558671850834,50.25684836141202,0.0,50.25684836141202,50.25684836141202,2.427711243923679,0.4485407774442642,1.6389472678275536,2.7534922998080025,2.1546619842588037,0.5062120232109556,1.396137239715992,2.6773711331300745,46.25639039895982,0.1498782360823925,46.09533368587276,46.45935812914749,540.0,0.0,540.0,540.0,0.375,0.0,0.375,0.375,0.3092592592592592,0.0,0.3092592592592592,0.3092592592592592,0.187037037037037,0.0,0.187037037037037,0.187037037037037,69.7,0.0,69.7,69.7,94.9,0.0,94.9,94.9,1.0,0.7071067811865476,0,2,70.0,1.224744871391589,68.0,71.0,2.6950000000000003,1.3419202658876572,1.225,4.9,67.42020877877738,1.466480741366008,65.3531853689905,69.48616714173929,42.8415284826656,0.5381862374260085,42.2015212148335,43.38152815708343,0.0,0.0,0.0,0.0,0.0,0.0,0.0,0.0,0.0,0.0,0.0,0.0,0.0,0.0,0.0,0.0,0.0,0.0,0.0,0.0,53.279999999999994,1.2194260945215185,51.8,54.6,user_001,5
2024-01-02 13:10:00,4.6,1.816590212458495,3,7,6266.0,7.968688725254614,6255,6275,6.2172,0.0679205418117381,6.1259999999999994,6.316000000000001,77.8518372981286,1.4532285702712469,76.19114082304809,79.78671123457214,46.697313704025795,1.1714517578718997,44.805093365341065,47.8076400480116,97.616,0.1013903348450939,97.48,97.76,33.588800000000006,0.1857988159273353,33.38,33.836,0.0,0.0,0,0,51.67602483507335,1.7599734815389212,50.01527478771944,54.44351652514629,76.8,6.180614856144977,69,83,47.22,5.593478345358995,38.8,52.9,50.56,7.687847553119141,42.4,63.3,97.58,0.645755371638513,96.7,98.5,33.506,0.632953394808815,32.97,34.42,6.208,0.6801985004393939,5.14,6.81,78.52922087381418,0.6482507389091159,77.85183729812859,79.44992632177605,79.59581443418601,0.137521429074859,79.46855523571033,79.77206088078358,-0.5259186490643003,2.4381934942508594,-3.5955704115240508,2.2696197256506423,50.25684836141202,0.0,50.25684836141202,50.25684836141202,2.309123940450024,0.2795896547318544,2.042178624661062,2.770390459615914,1.3996687535404473,0.2435984366601707,1.1714517578718835,1.8030945233667952,46.68140669176974,0.0881709068523751,46.56917473305646,46.80647648271036,540.0,0.0,540.0,540.0,0.375,0.0,0.375,0.375,0.3092592592592592,0.0,0.3092592592592592,0.3092592592592592,0.187037037037037,0.0,0.187037037037037,0.187037037037037,69.7,0.0,69.7,69.7,94.9,0.0,94.9,94.9,0.6,0.5477225575051662,0,1,65.0,1.5811388300841902,63.0,67.0,1.96,0.6709601329438285,1.225,2.45,69.74294578226122,0.4216539165498553,69.0309890635834,70.06506106596281,44.26158817249568,0.4034612149936428,43.70990855456861,44.65974804156254,0.0,0.0,0.0,0.0,0.0,0.0,0.0,0.0,0.0,0.0,0.0,0.0,0.0,0.0,0.0,0.0,0.0,0.0,0.0,0.0,53.46,1.0064790112068902,51.9,54.4,user_001,5
2024-01-02 13:15:00,4.2,1.3038404810405295,2,5,6287.8,6.534523701081781,6279,6296,6.2104,0.1393872304050845,6.086,6.44,78.14921314214038,0.8775022463981245,77.15121126567226,78.84022534776258,48.52746517913097,1.3836343498740982,46.285855916423515,49.92390394428234,97.664,0.3691612113968592,97.24,98.12,33.717600000000004,0.0746243927948489,33.618,33.806,0.0,0.0,0,0,54.87124606881624,3.0017451651830216,52.44810202965852,59.40822956673168,79.0,3.6742346141747686,74,83,49.34,5.749173853694113,41.9,57.2,54.2,10.329327180412092,44.4,71.7,97.74,0.931665175908165,96.9,99.1,33.806,0.3373870181260701,33.41,34.21,6.122,0.6476650368824921,5.36,6.99,77.92104966239529,0.1714857080113342,77.72381971321059,78.14921314214038,79.2442499117721,0.1624820595814061,79.07459712294676,79.45681460158467,0.425393428929803,1.4846191763729293,-1.6134084492541945,2.1198309891780553,50.25684836141202,0.0,50.25684836141202,50.25684836141202,1.9946607123308169,0.2129354357217932,1.6621374685889696,2.147355887911767,1.34773688573646,0.2836561186191341,0.8792991174610899,1.6329523851084589,46.53879978382701,0.1436665081437553,46.362966548025085,46.740508606822246,540.0,0.0,540.0,540.0,0.375,0.0,0.375,0.375,0.3092592592592592,0.0,0.3092592592592592,0.3092592592592592,0.187037037037037,0.0,0.187037037037037,0.187037037037037,69.7,0.0,69.7,69.7,94.9,0.0,94.9,94.9,0.8,0.4472135954999579,0,1,67.8,1.923538406167135,65.0,70.0,2.205,0.5478366544874486,1.225,2.45,67.94509441844042,0.792953743319185,67.17968173082917,69.00092323324138,44.33120871060204,0.1674709265399297,44.14635077432326,44.565607771524945,0.0,0.0,0.0,0.0,0.0,0.0,0.0,0.0,0.0,0.0,0.0,0.0,0.0,0.0,0.0,0.0,0.0,0.0,0.0,0.0,54.02,0.653452370108182,53.3,54.9,user_001,5
2024-01-02 13:20:00,6.0,2.1213203435596424,4,9,6315.4,9.787747442593702,6302,6326,6.8108,0.1276526537131131,6.5920000000000005,6.9,80.62623382941766,1.732324561634785,79.05283440535602,83.07925160803403,45.84188841865098,2.12932340980018,44.18867238405576,49.317187726247,97.476,0.2769115382211417,97.14,97.86,33.4956,0.1043589957789946,33.408,33.672000000000004,0.0,0.0,0,0,52.81687191029679,3.8367969314194097,48.859832366045566,59.07693423540379,81.8,7.049822692805827,71,89,44.98,8.35685347484327,37.0,58.9,52.620000000000005,12.668346379855585,40.8,71.7,97.44,0.9659192512834645,95.8,98.2,33.438,0.6511297873696157,32.46,33.89,6.9,0.7999374975584027,6.27,8.29,79.40919172508909,1.0212966136799693,78.23280876142692,80.62623382941766,79.20198627096039,0.0684413390447493,79.12750919307562,79.30296477887914,0.5868830852911685,2.7984206341534477,-4.0264172026780045,2.9603741959829932,50.25684836141202,0.0,50.25684836141202,50.25684836141202,2.534072916456142,0.4702101287514308,1.8028943175857448,3.051820143481621,2.3942225685919163,0.2312923978717806,2.129323409800112,2.693769865429559,47.15532891529135,0.2053254674778672,46.94033907121483,47.38051965192721,540.0,0.0,540.0,540.0,0.375,0.0,0.375,0.375,0.3092592592592592,0.0,0.3092592592592592,0.3092592592592592,0.187037037037037,0.0,0.187037037037037,0.187037037037037,69.7,0.0,69.7,69.7,94.9,0.0,94.9,94.9,1.2,0.4472135954999579,1,2,71.0,2.6457513110645894,67.0,74.0,2.9400000000000004,1.0956733089748971,2.45,4.9,70.76724959625639,2.115926843386895,68.16781102676904,73.16429460804096,43.40205330521824,0.2524042252512554,43.19950536969905,43.73165503000793,0.0,0.0,0.0,0.0,0.0,0.0,0.0,0.0,0.0,0.0,0.0,0.0,0.0,0.0,0.0,0.0,0.0,0.0,0.0,0.0,51.379999999999995,1.2657013865837397,49.6,53.0,user_001,5
2024-01-02 13:25:00,5.2,0.8366600265340756,4,6,6341.0,8.246211251235255,6331,6352,6.3116,0.1725769393632879,6.152,6.601999999999999,78.54666453720726,1.8653406071001275,76.50426358624317,81.13459306904711,48.24387007982235,2.0170177747460745,46.00267492691319,50.73511661794212,97.124,0.4697658991455236,96.4,97.7,33.7284,0.1403310371941984,33.510000000000005,33.836,0.0,0.0,0,0,52.00559630094442,2.448041550634141,49.395769356255904,55.763846237503934,77.6,4.77493455452533,72,84,49.96,8.855111518213649,40.2,60.2,51.220000000000006,11.186911995720711,39.4,68.5,97.22,1.0663020210053016,95.9,98.8,33.815999999999995,0.3766032394974835,33.18,34.14,6.2299999999999995,0.6124540799113023,5.55,7.14,79.75182771688415,1.0816476879213404,78.54666453720726,81.01748921961178,79.2298088916491,0.1476034776703471,79.04510921642304,79.3605769387611,-0.4733322686036331,1.9759892908391268,-2.3781976896823664,2.332385869723737,50.25684836141202,0.0,50.25684836141202,50.25684836141202,3.0694942799459946,0.2493954217915222,2.7159573919478284,3.3097182710470943,1.969616998177568,0.4485555895802213,1.5200682007103372,2.590241244566405,47.9124136843182,0.1822693840981373,47.61479087906259,48.074485441131706,540.0,0.0,540.0,540.0,0.375,0.0,0.375,0.375,0.3092592592592592,0.0,0.3092592592592592,0.3092592592592592,0.187037037037037,0.0,0.187037037037037,0.187037037037037,69.7,0.0,69.7,69.7,94.9,0.0,94.9,94.9,1.0,0.0,1,1,75.0,1.4142135623730956,74.0,77.0,2.45,0.0,2.45,2.45,70.12851022475827,1.8174238650258647,67.96407092510847,72.41805792333048,43.39066378010948,0.1271106047926248,43.201926203917914,43.55069623110134,0.0,0.0,0.0,0.0,0.0,0.0,0.0,0.0,0.0,0.0,0.0,0.0,0.0,0.0,0.0,0.0,0.0,0.0,0.0,0.0,52.879999999999995,0.9444575162494084,51.9,54.3,user_001,5
2024-01-02 13:30:00,5.2,1.9235384061671343,2,7,6369.4,8.173126696681159,6358,6378,6.7219999999999995,0.1227599283153915,6.603999999999999,6.922,78.84153607074333,1.7526145185371236,76.73138808369416,81.59343478246778,48.55458371421529,4.401454431889474,42.82298599860585,53.89007774529475,96.584,0.2321206582792645,96.36,96.92,33.3596,0.1523180882232952,33.224000000000004,33.6,0.0,0.0,0,0,54.32518140588569,4.664368584733931,48.10615388333508,59.494415965432616,77.8,5.974947698515862,72,87,46.6,10.796990321381232,31.1,60.2,55.120000000000005,13.459271897097551,37.9,68.5,96.42,0.6978538528947101,95.5,97.1,33.263999999999996,0.2463331078032335,33.03,33.63,6.659999999999999,0.5954410130315178,5.83,7.28,78.80205138658557,0.471289281147931,78.09777635813819,79.36230410611502,79.0520187292158,0.0487563680160043,78.99839572671688,79.12375224433617,-0.520768035371671,2.2303156618240543,-3.1978115941559224,2.703282608766102,50.25684836141202,0.0,50.25684836141202,50.25684836141202,3.415416408168203,0.4083712605731438,3.0322427025894987,4.009256204373465,3.574637485999575,0.6696398176761676,2.982128740851069,4.401454431889531,48.022062707399925,0.2129809412208885,47.69599533929855,48.18410140519891,540.0,0.0,540.0,540.0,0.375,0.0,0.375,0.375,0.3092592592592592,0.0,0.3092592592592592,0.3092592592592592,0.187037037037037,0.0,0.187037037037037,0.187037037037037,69.7,0.0,69.7,69.7,94.9,0.0,94.9,94.9,0.8,0.4472135954999579,0,1,81.6,2.1908902300206656,79.0,85.0,2.205,0.5478366544874484,1.225,2.45,66.77038635972252,0.8372301387344884,65.90294757277965,67.92389512631426,43.76980137831236,0.306489578915994,43.40401186836461,44.09956821450491,0.0,0.0,0.0,0.0,0.0,0.0,0.0,0.0,0.0,0.0,0.0,0.0,0.0,0.0,0.0,0.0,0.0,0.0,0.0,0.0,52.739999999999995,0.9099450532861856,51.7,53.7,user_001,5
2024-01-02 13:35:00,5.2,2.3874672772626644,2,8,6393.8,6.942621983083924,6386,6404,6.6976,0.135568432903829,6.531999999999999,6.862,77.54209528503615,2.0775159467544175,74.56422480665563,79.76950581497518,46.462496620802014,2.0575787565675405,43.332935505897446,48.89940325884618,97.232,0.243556974853933,97.08,97.66,33.336400000000005,0.1026294304768363,33.198,33.45,0.0,0.0,0,0,48.09837779830593,3.275196607944057,43.27612324901707,51.35074883267805,77.4,6.730527468185534,66,83,47.12,8.610284548143573,32.2,53.7,45.98,13.377107310625869,33.9,67.5,97.12,0.55856960175076,96.5,97.9,33.45,0.2774887385102284,33.02,33.76,6.806,0.3369421315300298,6.33,7.2,78.11977631428287,0.5134474335963124,77.54209528503615,78.69435738049557,78.7555196131752,0.1211467786208895,78.59293002711225,78.91004159558904,-0.0710476425180814,2.601929309865773,-4.282112403327815,1.8119250644481184,50.25684836141202,0.0,50.25684836141202,50.25684836141202,3.4302930113417505,0.3560553634723888,3.0572709099441653,4.01701044898785,2.448362062837268,0.5047149671887415,1.98180461874504,3.2528220500654745,47.41722362127625,0.0981648555383521,47.313571095828515,47.53970163228083,540.0,0.0,540.0,540.0,0.375,0.0,0.375,0.375,0.3092592592592592,0.0,0.3092592592592592,0.3092592592592592,0.187037037037037,0.0,0.187037037037037,0.187037037037037,69.7,0.0,69.7,69.7,94.9,0.0,94.9,94.9,1.0,0.7071067811865476,0,2,78.4,4.159326868617086,74.0,84.0,2.6950000000000003,1.341920265887657,1.225,4.9,69.75711279980287,0.8133201167969242,68.96387735218076,71.12050528701431,43.942747525255015,0.2628328381551754,43.5624082299298,44.29348843136477,0.0,0.0,0.0,0.0,0.0,0.0,0.0,0.0,0.0,0.0,0.0,0.0,0.0,0.0,0.0,0.0,0.0,0.0,0.0,0.0,53.260000000000005,1.484250652686403,51.5,54.9,user_001,5
2024-01-02 13:40:00,3.6,2.073644135332772,1,6,6412.4,6.877499545619839,6405,6422,6.708799999999999,0.0928181016828076,6.578,6.840000000000001,79.24587263012822,1.1656680766387255,77.9174332474025,80.96330366551221,42.69366210644306,1.6692488441276545,40.9582605142912,44.89662923573283,97.608,0.1382750881395539,97.46,97.78,33.3928,0.0602262401283727,33.314,33.480000000000004,0.0,0.0,0,0,53.5230785578016,1.9833605796449283,51.592636420019566,56.633431945044016,80.6,4.03732584763727,74,85,40.08,4.079460748677451,36.7,46.9,55.36,9.073202301282612,43.0,65.9,97.78,0.7190271204899015,97.1,98.8,33.314,0.5120839774880657,32.52,33.81,6.702,1.0316830908762635,5.31,7.82,78.07848906196317,0.8078183309114662,77.32982012668273,79.2458726301282,78.68039764453336,0.1101935268436009,78.55611704908691,78.82526924911217,0.6770636849358909,1.7214293848944415,-2.3211012218374094,2.018348167243886,50.25684836141202,0.0,50.25684836141202,50.25684836141202,2.6876841275799466,0.6418416780137838,2.0785525211335396,3.4424772860582324,2.013278881579919,0.3459666521690246,1.6692488441272508,2.37817934266021,47.05157677317218,0.234463537399797,46.72066101984411,47.26056427530721,540.0,0.0,540.0,540.0,0.375,0.0,0.375,0.375,0.3092592592592592,0.0,0.3092592592592592,0.3092592592592592,0.187037037037037,0.0,0.187037037037037,0.187037037037037,69.7,0.0,69.7,69.7,94.9,0.0,94.9,94.9,0.6,0.5477225575051661,0,1,71.4,1.6733200530681511,70.0,74.0,1.96,0.6709601329438285,1.225,2.45,71.85646059172932,2.362654573220413,69.53252902050818,75.37435114930909,43.35682696343956,0.6999270195946914,42.369701126531325,44.06844745715351,0.0,0.0,0.0,0.0,0.0,0.0,0.0,0.0,0.0,0.0,0.0,0.0,0.0,0.0,0.0,0.0,0.0,0.0,0.0,0.0,51.46,1.0807404868885018,50.1,52.7,user_001,5
2024-01-02 13:45:00,6.0,1.8708286933869709,3,8,6440.8,8.757853618324555,6429,6452,6.642,0.1195240561560726,6.529999999999999,6.8,78.81015606651894,1.5665888322713046,77.67176368701476,81.50764553052214,45.247395832947234,2.770777970121087,41.2388403428608,47.95922689524053,97.62,0.1462873883832742,97.44,97.78,33.34160000000001,0.0853978922456545,33.198,33.422000000000004,0.0,0.0,0,0,53.37308030390803,3.517856483155929,47.659935660249495,57.12842428001304,78.2,5.630275304103699,70,85,47.760000000000005,9.687775802525572,38.7,61.4,51.8,12.065032117653068,34.8,68.2,97.44,0.3130495168499683,96.9,97.7,33.384,0.3476060989108235,32.88,33.84,6.7379999999999995,0.6279888534042622,6.02,7.51,79.37428662544372,0.4624718216183294,78.81015606651894,79.96391508675214,78.92260380504142,0.0281919881719756,78.87789744404985,78.95313960476288,-0.3050780332594712,2.209857938667061,-3.83588184350738,1.746177234738937,50.25684836141202,0.0,50.25684836141202,50.25684836141202,2.9426449176535145,0.9272384070838384,1.3220305360801414,3.674793884270097,2.7306101960734095,0.6508186071949892,1.6130730121626946,3.274189637312229,46.36333795641225,0.1594058020223874,46.17398279548015,46.5351086014122,540.0,0.0,540.0,540.0,0.375,0.0,0.375,0.375,0.3092592592592592,0.0,0.3092592592592592,0.3092592592592592,0.187037037037037,0.0,0.187037037037037,0.187037037037037,69.7,0.0,69.7,69.7,94.9,0.0,94.9,94.9,1.0,0.7071067811865476,0,2,71.4,1.6733200530681498,70.0,74.0,2.6950000000000003,1.341920265887657,1.225,4.9,74.50502446678095,1.9244151445969124,71.83689447006101,76.8139730143711,41.337049076851265,0.0886014294827608,41.216221192192535,41.44674626538056,0.0,0.0,0.0,0.0,0.0,0.0,0.0,0.0,0.0,0.0,0.0,0.0,0.0,0.0,0.0,0.0,0.0,0.0,0.0,0.0,51.92,1.6422545478700907,49.1,53.2,user_001,5
2024-01-02 13:50:00,3.4,0.8944271909999159,3,5,6461.4,5.412947441089823,6455,6469,6.5312,0.0785187875606853,6.428,6.63,78.00545265073501,0.9097873173845094,76.72244650264834,79.15738541965723,52.19587105619058,1.723192190455381,50.15984728794874,54.837709905755,97.752,0.3005328601001951,97.34,98.06000000000002,33.1592,0.1641986601650625,32.989999999999995,33.35000000000001,0.0,0.0,0,0,44.06970604825126,3.037503069678092,38.91775871414799,46.28567053962133,77.4,2.7018512172212605,74,81,53.92,5.186231772684284,48.2,60.9,43.52,10.537172296209263,26.9,54.1,97.88,1.2794530081249615,96.3,99.2,33.104,0.5280435588093098,32.68,33.99,6.428,0.2159166505853587,6.23,6.77,78.28188136631357,0.1772147131697193,78.00545265073501,78.49340269623065,78.7347187452455,0.1752277989533137,78.49862954006149,78.93472871322795,-0.3027263253675016,0.9527784487714924,-1.3612232513241764,0.9213072901713844,50.25684836141202,0.0,50.25684836141202,50.25684836141202,2.8713866170805025,0.6071918322870512,2.301197780968811,3.8979140920283055,2.894981926519077,0.958979817902722,1.7231921904558714,4.285345647939174,46.84240115749735,0.3554942002156423,46.35487741920899,47.23297990173675,540.0,0.0,540.0,540.0,0.375,0.0,0.375,0.375,0.3092592592592592,0.0,0.3092592592592592,0.3092592592592592,0.187037037037037,0.0,0.187037037037037,0.187037037037037,69.7,0.0,69.7,69.7,94.9,0.0,94.9,94.9,0.2,0.4472135954999579,0,1,67.6,1.67332005306815,65.0,69.0,1.4700000000000002,0.5478366544874484,1.225,2.45,66.07122853485478,2.7963705272214994,62.63899434241133,69.17960905024245,42.33207391177315,0.6667383992946836,41.51196079243223,43.045173766893,0.0,0.0,0.0,0.0,0.0,0.0,0.0,0.0,0.0,0.0,0.0,0.0,0.0,0.0,0.0,0.0,0.0,0.0,0.0,0.0,55.279999999999994,0.9011104260855054,54.0,56.2,user_001,5
2024-01-02 13:55:00,3.4,1.140175425099138,2,5,6479.4,5.412947441089813,6472,6486,6.299200000000001,0.0756914790448703,6.17,6.353999999999999,77.44433944371818,1.3755129890719908,75.81496433509889,79.11159789335287,48.664147628798766,2.3774685805977835,45.68972421944977,51.77781924064296,97.104,0.2146625258399818,96.96,97.48,33.5812,0.0570718844966581,33.516000000000005,33.662,0.0,0.0,0,0,49.891319314996046,6.7086382129505004,41.99363135094281,59.757372252131205,78.4,4.505552130427524,73,82,46.32,7.715698283370082,40.8,59.4,55.279999999999994,16.212711062619974,30.6,73.7,97.0,0.4242640687119258,96.4,97.5,33.662,0.5726866507960542,32.89,34.32,6.328,0.4953483622663955,5.47,6.74,77.18444528280672,0.2207917160967683,76.94976374836592,77.44433944371818,78.30682167289926,0.0178801566449676,78.28354455507996,78.32236303671996,0.4778302781409053,1.6687245089372762,-1.6255476300219698,2.061678554967031,50.25684836141202,0.0,50.25684836141202,50.25684836141202,2.7320363549470335,0.168024805648618,2.481580579078752,2.91903895064056,2.2216514708373687,0.3160574734984857,1.8146538342377456,2.482733500430155,47.34331483006824,0.1136337873015491,47.17531993449117,47.4712059065159,540.0,0.0,540.0,540.0,0.375,0.0,0.375,0.375,0.3092592592592592,0.0,0.3092592592592592,0.3092592592592592,0.187037037037037,0.0,0.187037037037037,0.187037037037037,69.7,0.0,69.7,69.7,94.9,0.0,94.9,94.9,0.4,0.5477225575051661,0,1,67.0,2.1213203435596424,64.0,70.0,1.7150000000000003,0.6709601329438285,1.225,2.45,63.66062688863887,1.6385775833672542,62.293655088792526,66.2258404938332,44.45077215323641,0.8033974609858943,43.39876144517727,45.350056306580385,0.0,0.0,0.0,0.0,0.0,0.0,0.0,0.0,0.0,0.0,0.0,0.0,0.0,0.0,0.0,0.0,0.0,0.0,0.0,0.0,54.56,1.1928956366757324,52.9,55.6,user_001,5
2024-01-02 14:00:00,5.4,1.816590212458495,3,7,6502.4,7.7974354758471796,6493,6513,6.5752,0.1307103668421143,6.448,6.764,76.12929572921391,0.9889856354774832,75.16071017482349,77.77380678321566,47.97922931737268,1.075473738019154,46.59165092601808,49.02648281296651,97.812,0.1857955865998971,97.62,98.04,33.132000000000005,0.156454466219407,32.962,33.336,0.0,0.0,0,0,52.75177867522582,4.654520437669869,45.93824816808747,57.566888346099994,74.8,5.118593556827892,69,83,48.34,4.356948473415773,44.9,55.7,51.04,18.95924576558889,18.3,63.6,98.04,0.502991053598369,97.5,98.8,32.992000000000004,0.6139788269965042,32.5,33.79,6.448,0.9686433812296452,5.64,7.81,76.88601748580172,0.4923175649290277,76.12929572921391,77.42955962914546,77.98748268943528,0.1359445401360545,77.86286863422507,78.2099391274311,-0.6646478646069596,2.1796964421282268,-3.3705326311176265,2.613096608392169,50.25684836141202,0.0,50.25684836141202,50.25684836141202,2.104251991537203,0.4416089087753031,1.6185293940803411,2.7791931217472503,1.5794249262644977,0.4873893164693339,1.075473738019341,2.3467906578518445,47.12435695978951,0.0757798872543593,47.03855096095788,47.20713376042572,540.0,0.0,540.0,540.0,0.375,0.0,0.375,0.375,0.3092592592592592,0.0,0.3092592592592592,0.3092592592592592,0.187037037037037,0.0,0.187037037037037,0.187037037037037,69.7,0.0,69.7,69.7,94.9,0.0,94.9,94.9,0.8,0.4472135954999579,0,1,61.6,1.8165902124584952,60.0,64.0,2.205,0.5478366544874486,1.225,2.45,66.18952716027806,0.5056519892370112,65.568409491171,66.85589880774687,46.482163056273926,0.3056517319343175,46.10463817830109,46.82117510942492,0.0,0.0,0.0,0.0,0.0,0.0,0.0,0.0,0.0,0.0,0.0,0.0,0.0,0.0,0.0,0.0,0.0,0.0,0.0,0.0,55.48,0.6016643582596518,54.7,56.3,user_001,5
2024-01-02 14:05:00,4.4,1.3416407864998738,3,6,6526.6,7.1624018317879266,6518,6535,6.607200000000001,0.3023660033800102,6.263999999999999,6.95,77.9124998491146,1.091259469136662,76.7606634212974,79.50710894753159,47.10475447800793,2.848111800950749,43.4419706447461,50.562955967119144,97.452,0.1565886330485091,97.26,97.66,33.8024,0.2144266774447634,33.477999999999994,33.964,0.0,0.0,0,0,55.22846468151122,3.3932551675339973,49.57907802847407,58.352718685649386,79.4,4.037325847637269,75,85,48.2,12.019359383927249,29.2,59.9,55.1,13.923182107549986,37.1,75.9,97.26,0.2701851217221304,96.8,97.5,33.918,0.4373442579936324,33.59,34.67,6.5920000000000005,0.2303692687838378,6.35,6.86,77.12671835203973,0.5307922992090942,76.4195304861426,77.91249984911458,77.82197302906143,0.0660311381812011,77.74702280520248,77.92460272823814,0.7437500754427049,1.565824667280444,-0.8803317106487043,2.746445526234197,50.25684836141202,0.0,50.25684836141202,50.25684836141202,3.009673660567721,1.5252212220521395,0.7000486549953397,4.250631559751495,2.2037647567864687,0.6701620843371446,1.2159626707345692,2.8481118009507687,47.24851614285294,0.0451685771103422,47.18697806250603,47.314176736626706,540.0,0.0,540.0,540.0,0.375,0.0,0.375,0.375,0.3092592592592592,0.0,0.3092592592592592,0.3092592592592592,0.187037037037037,0.0,0.187037037037037,0.187037037037037,69.7,0.0,69.7,69.7,94.9,0.0,94.9,94.9,0.6,0.5477225575051662,0,1,65.2,2.16794833886788,63.0,68.0,1.96,0.6709601329438285,1.225,2.45,67.75384111127804,0.8876038696643797,66.64179253416502,68.61262269558347,45.947082220962365,0.6326717254961182,45.22125645293483,46.63776699944588,0.0,0.0,0.0,0.0,0.0,0.0,0.0,0.0,0.0,0.0,0.0,0.0,0.0,0.0,0.0,0.0,0.0,0.0,0.0,0.0,53.620000000000005,0.6058052492344377,52.7,54.1,user_001,5
2024-01-02 14:10:00,5.6,1.949358868961793,4,9,6551.4,9.864076236526303,6539,6563,6.514,0.2842076705509545,6.156000000000001,6.779999999999999,79.66584360152949,2.397945966205507,76.34249994370786,81.78093731001404,44.623589067062774,2.549881425269289,41.48650982066551,47.171782142518005,97.984,0.1211610498468824,97.88,98.16,33.6824,0.3108646007508739,33.274,34.001999999999995,0.0,0.0,0,0,56.62926283871754,4.152216766024248,52.3754101452422,62.00450924019242,78.4,5.68330889535313,73,86,43.66,11.648089972179989,25.8,56.4,55.56,12.546633014478424,41.5,75.7,98.16,0.5128352561983193,97.4,98.6,33.67,0.3728270376461427,33.01,33.89,6.618,0.7897911116238271,6.01,7.94,79.65866249903404,0.5743044040336471,78.80833323274307,80.29876540229424,78.08533526857323,0.0621788147978986,77.99459789013835,78.14426787921694,-0.6329218007647455,1.8275061303886624,-2.5068749577808944,2.1642970174894742,50.25684836141202,0.0,50.25684836141202,50.25684836141202,4.768886777867138,0.5156671896764632,4.301506843988882,5.502179193038605,3.2117468381457206,0.453990912526598,2.549881425269156,3.829516991297683,47.35600486929202,0.1879597977035247,47.15593040146372,47.63583123006333,540.0,0.0,540.0,540.0,0.375,0.0,0.375,0.375,0.3092592592592592,0.0,0.3092592592592592,0.3092592592592592,0.187037037037037,0.0,0.187037037037037,0.187037037037037,69.7,0.0,69.7,69.7,94.9,0.0,94.9,94.9,1.2,0.4472135954999579,1,2,72.0,4.6904157598234315,67.0,77.0,2.9400000000000004,1.0956733089748971,2.45,4.9,72.85902741832257,1.2443021962317662,70.66994802284592,73.67622555928078,43.67919964270632,0.5242659031755922,43.23392617559082,44.54588705145787,0.0,0.0,0.0,0.0,0.0,0.0,0.0,0.0,0.0,0.0,0.0,0.0,0.0,0.0,0.0,0.0,0.0,0.0,0.0,0.0,51.84,1.7444196742756617,50.0,54.1,user_001,5
2024-01-02 14:15:00,5.8,0.8366600265340756,5,7,6581.0,9.027735042633967,6569,6592,6.513599999999999,0.1317831552209916,6.3340000000000005,6.68,78.73706582406973,1.5752732076659344,76.99983538353355,80.49975307530032,48.61438209936629,4.601150482696545,43.513861375560886,53.45225522238841,97.88,0.1122497216032133,97.76,98.04,33.441199999999995,0.1844917342321873,33.238,33.696,0.0,0.0,0,0,50.11965601168296,5.6209769305804755,43.90170010143107,57.95573784232986,79.0,5.291502622129181,70,84,50.98,10.09192746704018,36.7,62.7,47.739999999999995,13.503444005141798,34.3,68.9,98.04,0.6804410334481618,97.4,99.1,33.402,0.5376058035401041,32.78,34.14,6.465999999999999,0.4576898513185539,6.03,7.02,78.49151111098391,0.336321271903706,78.10839810415688,78.84389573435298,77.93820601616328,0.0662936269712537,77.86306526009224,78.02362427459524,0.1314670879651373,2.114761350172423,-3.4999176917667683,1.8751851935247572,50.25684836141202,0.0,50.25684836141202,50.25684836141202,3.061625096556395,0.24150679834845,2.837807853913236,3.371861819993521,2.863291628427743,1.3294989934173855,1.5891369092936238,4.60115048269661,47.839534248905395,0.2537684307636651,47.59444350965777,48.19699560779984,540.0,0.0,540.0,540.0,0.375,0.0,0.375,0.375,0.3092592592592592,0.0,0.3092592592592592,0.3092592592592592,0.187037037037037,0.0,0.187037037037037,0.187037037037037,69.7,0.0,69.7,69.7,94.9,0.0,94.9,94.9,1.0,0.0,1,1,78.6,1.8165902124584945,76.0,81.0,2.45,0.0,2.45,2.45,70.05131052571296,1.7131983794638508,67.7353206957787,72.13539591732406,42.769451029081125,0.2488646123286462,42.50221423485513,43.05372284665449,0.0,0.0,0.0,0.0,0.0,0.0,0.0,0.0,0.0,0.0,0.0,0.0,0.0,0.0,0.0,0.0,0.0,0.0,0.0,0.0,53.6,1.3057564857200603,52.7,55.8,user_001,5
2024-01-02 14:20:00,2.8,2.588435821108957,0,7,6600.4,5.412947441089876,6592,6606,6.803999999999999,0.3028464957697218,6.489999999999999,7.15,78.148090972717,1.650128487955539,76.66661789141735,80.62960795174105,43.666832210616136,2.760798518720057,40.13995164886685,45.98989120995041,97.26,0.3813135192987523,96.92,97.82,33.4824,0.1128840112682042,33.348,33.606,0.0,0.0,0,0,58.468432067382125,3.902706965303433,55.52642965968329,65.01761977312219,79.6,5.549774770204644,73,87,40.66,9.933931749312553,29.1,53.5,62.67999999999999,15.721863757201312,46.8,84.0,96.92,0.6648308055437888,96.3,97.9,33.348,0.282701255745354,33.03,33.76,6.708,0.2861293413825295,6.37,7.12,78.2755899405411,0.6303675474406059,77.4221364590755,79.02471054937982,77.93715744520121,0.0542384447909586,77.8759505217574,78.00618923672715,0.7259545136415,2.01410994709821,-1.9999634185630129,3.185196024129482,50.25684836141202,0.0,50.25684836141202,50.25684836141202,4.240444178615813,0.1838100189924445,3.9747798547137334,4.454069843698845,4.204678760253566,1.1055361879602683,2.760798518719888,5.560123182718207,47.40660258970497,0.5484326492203915,46.775489133537434,48.05799707186655,540.0,0.0,540.0,540.0,0.375,0.0,0.375,0.375,0.3092592592592592,0.0,0.3092592592592592,0.3092592592592592,0.187037037037037,0.0,0.187037037037037,0.187037037037037,69.7,0.0,69.7,69.7,94.9,0.0,94.9,94.9,0.2,0.447213595499958,0,1,73.8,2.6832815729997463,71.0,78.0,1.4700000000000002,0.5478366544874486,1.225,2.45,69.16523537758704,2.511726685024927,66.86776316166082,72.98116100827029,42.478992894415605,0.4243514690782617,41.90639701661458,42.97869397867446,0.0,0.0,0.0,0.0,0.2,0.447213595499958,0.0,1.0,0.0,0.0,0.0,0.0,0.0,0.0,0.0,0.0,0.2,0.447213595499958,0.0,1.0,52.34,1.3667479650615926,50.4,54.0,user_001,5
2024-01-02 14:25:00,4.4,2.701851217221259,1,7,6621.6,6.148170459575626,6613,6628,6.9323999999999995,0.3246918539169098,6.552,7.197999999999999,82.34789675360882,1.6921408621758556,80.88979910157848,84.75307196782737,43.526907945430935,4.418673797993588,39.71183752559018,48.550486424807936,97.44,0.4593473631142415,97.0,98.12,33.5728,0.1485705219752573,33.366,33.708,0.0,0.0,0,0,61.6239087496141,8.470393516219524,50.05361469179681,68.90594958481425,82.6,6.1073725938409895,77,93,44.82,13.136856549418512,28.5,63.9,58.82000000000001,23.28490927618143,29.0,81.5,97.38,0.5805170109479998,96.7,98.0,33.708000000000006,0.5794566420363149,33.07,34.52,7.140000000000001,0.9413554057846588,6.46,8.8,81.20007768764327,1.2696875035324666,79.29872731514467,82.34789675360882,78.60642951267396,0.2096387780357887,78.30412615781809,78.82344878837559,0.1260516231955875,2.424915448349773,-2.167349326183853,4.1234640160863165,50.25684836141202,0.0,50.25684836141202,50.25684836141202,4.075676899689491,0.5693270246555937,3.2129754836359443,4.7464108374517675,3.081742101574328,0.9553944267135356,2.218154070060201,4.418673797993474,46.038482645557856,0.2904520708323995,45.80755233586294,46.50032608902495,540.0,0.0,540.0,540.0,0.375,0.0,0.375,0.375,0.3092592592592592,0.0,0.3092592592592592,0.3092592592592592,0.187037037037037,0.0,0.187037037037037,0.187037037037037,69.7,0.0,69.7,69.7,94.9,0.0,94.9,94.9,0.6,0.5477225575051661,0,1,70.2,4.207136793592525,65.0,75.0,1.96,0.6709601329438286,1.225,2.45,77.96477965212937,1.3415293379848692,75.77082325007699,79.36396657938242,41.23272740504575,0.3143551057759255,40.95556618060455,41.655132703398856,0.2,0.447213595499958,0.0,1.0,0.0,0.0,0.0,0.0,0.0,0.0,0.0,0.0,0.0,0.0,0.0,0.0,0.2,0.447213595499958,0.0,1.0,48.739999999999995,2.1361179742701495,46.4,51.2,user_001,5
2024-01-02 14:30:00,5.6,2.701851217221259,1,8,6644.4,7.956129712366567,6635,6656,6.4392,0.0444207158879726,6.388,6.498,80.63182179471391,0.7718629503302938,79.50657737847932,81.67105158565288,51.06543643725839,1.2056851261560435,49.65577174435908,52.980342997492926,98.008,0.1769745744450306,97.72,98.2,33.7608,0.1272525048869381,33.620000000000005,33.922000000000004,0.0,0.0,0,0,49.71590567896152,2.386003545572947,47.39577574158949,53.73574312786454,80.4,3.646916505762093,76,86,51.92,4.978152267659156,46.1,56.8,49.2,7.804806211559644,41.0,61.1,98.2,0.8888194417315547,96.9,99.1,33.866,0.6803161029991875,32.81,34.57,6.470000000000001,0.7127411872482183,5.58,7.12,80.88642998355796,0.2550787957235599,80.63182179471391,81.29859783573922,79.27316492896666,0.2377029528945173,78.94896585891705,79.57386979929225,-0.1159108973569601,1.4643931291571233,-1.7532886892396675,2.164474207173555,50.25684836141202,0.0,50.25684836141202,50.25684836141202,2.9634420133837907,1.09874549163083,1.6212253093397089,3.786853944466345,2.6484122057557618,1.7264754889146496,1.2056851261566637,4.827474538609352,46.16491952534095,0.1944241243536442,45.9828550130952,46.433650372957075,540.0,0.0,540.0,540.0,0.375,0.0,0.375,0.375,0.3092592592592592,0.0,0.3092592592592592,0.3092592592592592,0.187037037037037,0.0,0.187037037037037,0.187037037037037,69.7,0.0,69.7,69.7,94.9,0.0,94.9,94.9,1.0,0.7071067811865476,0,2,63.4,2.302172886644268,61.0,66.0,2.6950000000000003,1.341920265887657,1.225,4.9,69.77118488470167,2.9484037300256514,66.93456814736744,74.00279813752734,41.486521802870925,0.1534694012724438,41.31079178047842,41.64366645697556,0.0,0.0,0.0,0.0,0.0,0.0,0.0,0.0,0.0,0.0,0.0,0.0,0.0,0.0,0.0,0.0,0.0,0.0,0.0,0.0,53.17999999999999,0.6870225614927044,52.1,54.0,user_001,5
2024-01-02 14:35:00,6.2,3.1144823004794873,3,10,6671.8,11.649034294738806,6659,6687,6.7384,0.2466511706844303,6.468000000000001,7.048,78.62394361082653,2.1961427146355113,75.62045255386788,80.96902736930409,47.59067475716984,4.050752088537433,43.57195348073865,52.465312658106065,97.488,0.233495181963142,97.28,97.76,33.46,0.063671029518927,33.391999999999996,33.556000000000004,0.0,0.0,0,0,54.76497523344349,4.942965544608505,49.878177924264584,61.50141241078426,76.6,4.219004621945798,72,82,44.8,15.679445143244072,26.2,65.4,59.86,18.389072842315898,33.6,83.2,97.3,0.6480740698407846,96.5,97.9,33.392,0.4021442527253094,33.06,33.87,6.468000000000001,0.6190072697472945,5.57,7.1,80.00315127355495,0.8983854704718841,78.62394361082652,80.82121452980928,79.75257041588587,0.0627234470260426,79.68257986619484,79.8219989726997,-1.0119718054132618,1.1561851920001098,-2.3230091231013574,0.5154863153479567,50.25684836141202,0.0,50.25684836141202,50.25684836141202,3.762840312815656,1.3618540377843715,2.173653383762251,5.614689317807952,3.410721450320556,0.7769628407348074,2.060690290755611,4.050752088537475,46.48893864805588,0.1608658958960304,46.2494001657587,46.70195562922608,540.0,0.0,540.0,540.0,0.375,0.0,0.375,0.375,0.3092592592592592,0.0,0.3092592592592592,0.3092592592592592,0.187037037037037,0.0,0.187037037037037,0.187037037037037,69.7,0.0,69.7,69.7,94.9,0.0,94.9,94.9,1.0,1.0,0,2,71.4,6.985699678629191,63.0,81.0,2.9400000000000004,1.85780448379263,1.225,4.9,68.65944551294554,0.5103484720258786,68.00077008391733,69.29587712671568,41.7505877189309,0.6234631751514369,41.02164210968895,42.45320451280597,0.0,0.0,0.0,0.0,0.0,0.0,0.0,0.0,0.0,0.0,0.0,0.0,0.0,0.0,0.0,0.0,0.0,0.0,0.0,0.0,53.220000000000006,1.4601369798755202,51.1,54.9,user_001,5
2024-01-02 14:40:00,4.4,1.949358868961793,2,7,6698.0,7.713624310270756,6690,6709,6.867999999999999,0.2602268241361754,6.414,7.040000000000001,79.10603372652858,1.5775477941131189,77.08030170257858,81.28305235631957,46.68864852769315,2.930986603990718,43.67347229249159,51.39932101888515,97.732,0.3372239611890035,97.3,98.08,33.0856,0.0421521055227385,33.034,33.142,0.0,0.0,0,0,50.4728362447333,4.333048126756351,45.85597404763978,57.40094160718951,80.8,3.2710854467592254,77,86,48.120000000000005,10.81975045922964,33.2,62.7,45.46,8.136522598751878,34.9,54.7,97.84,0.4827007354458872,97.2,98.4,33.058,0.4951464429842914,32.34,33.51,7.040000000000001,0.6910499258374891,6.28,7.89,78.04716395371916,0.6828368410485542,77.43286382703401,79.10603372652858,79.48398732500007,0.0894001869290231,79.37306975592422,79.59914211374411,0.8469831367357017,1.4266381708644291,-1.427684118773186,2.3584738218402066,50.25684836141202,0.0,50.25684836141202,50.25684836141202,4.96752546742889,0.6405617954567476,3.920762950389423,5.471544074158825,3.77617387720164,0.6748535658616291,2.930986603990726,4.421810404569257,46.7643293692913,0.1192403420373767,46.5875358352116,46.85881366292246,540.0,0.0,540.0,540.0,0.375,0.0,0.375,0.375,0.3092592592592592,0.0,0.3092592592592592,0.3092592592592592,0.187037037037037,0.0,0.187037037037037,0.187037037037037,69.7,0.0,69.7,69.7,94.9,0.0,94.9,94.9,0.6,0.5477225575051661,0,1,76.4,2.966479394838264,73.0,81.0,1.96,0.6709601329438285,1.225,2.45,69.07877981441007,1.292818303628724,67.78527594267767,70.44818312025285,43.88440989875899,0.5586488263002344,43.04971020279097,44.399837521028104,0.0,0.0,0.0,0.0,0.0,0.0,0.0,0.0,0.0,0.0,0.0,0.0,0.0,0.0,0.0,0.0,0.0,0.0,0.0,0.0,52.96,1.0310189135025605,51.5,54.4,user_001,5
2024-01-02 14:45:00,5.0,3.5355339059327373,2,11,6721.6,10.014988766843286,6711,6734,6.3748,0.0696649122586114,6.26,6.45,78.52095917386386,1.363589948248104,76.99418318149523,80.23691215836426,45.73562449747399,2.528241493248552,42.417149830890885,48.51143322059392,97.956,0.2442949037536428,97.66,98.16,33.3968,0.0560642488578972,33.342,33.464000000000006,0.0,0.0,0,0,58.008192427289984,4.568634750399458,52.77239164413364,63.798840730726056,78.4,4.277849927241487,72,82,46.0,11.264546151532253,36.1,60.7,63.94,12.708776495005331,45.5,79.4,98.16,0.5594640292279722,97.5,98.8,33.342,0.4167373273418177,32.83,33.78,6.45,0.8716937535625684,5.03,7.31,79.1140298210659,0.5533128490487137,78.52095917386386,79.73735581768572,79.58774044334706,0.0854660963600224,79.47801984139801,79.6883169647183,-0.0604795869319218,1.6727860139775586,-2.745637386121416,1.3352722728349278,50.25684836141202,0.0,50.25684836141202,50.25684836141202,4.025868128575224,0.1825915558858015,3.757733912902867,4.24943655916689,2.6210681331839907,0.3961626338769349,2.3113633449605095,3.3064380974476872,46.70858384012615,0.2356346206940066,46.37902072927373,46.9225424419483,540.0,0.0,540.0,540.0,0.375,0.0,0.375,0.375,0.3092592592592592,0.0,0.3092592592592592,0.3092592592592592,0.187037037037037,0.0,0.187037037037037,0.187037037037037,69.7,0.0,69.7,69.7,94.9,0.0,94.9,94.9,0.8,0.8366600265340756,0,2,77.2,3.2710854467592263,73.0,82.0,2.45,1.5003124674546966,1.225,4.9,71.14890026359988,0.3333277209977651,70.73796974013298,71.58902924349705,43.38447742349258,0.3483242929291431,42.963837796680714,43.803580000651515,0.0,0.0,0.0,0.0,0.0,0.0,0.0,0.0,0.0,0.0,0.0,0.0,0.0,0.0,0.0,0.0,0.0,0.0,0.0,0.0,53.0,0.9407443861113394,52.2,54.6,user_001,5
2024-01-02 14:50:00,3.2,1.3038404810405295,2,5,6742.8,5.263078946776203,6736,6750,6.2068,0.0956619046433847,6.0840000000000005,6.336,76.95008515869813,1.4429807901678513,75.27495416381831,78.36864686859118,45.89341557168382,3.444519117995925,42.26645594480867,49.315986946609975,97.544,0.114367827643969,97.38,97.68,33.3176,0.0842899756792009,33.25,33.462,0.0,0.0,0,0,59.78107883816165,5.782952653636257,52.94421545298293,67.19948476921158,76.2,4.266145801540307,70,82,46.44,9.897120793442912,31.3,54.7,56.34,14.46557983628724,37.7,75.6,97.38,0.7014271166700055,96.3,98.0,33.25,0.4844068537913122,32.49,33.69,6.208,0.6276304645251058,5.64,7.2,77.7083496060663,0.5523576336821228,76.95008515869813,78.23153741060617,79.49320038760126,0.0830318411633859,79.36345670303996,79.57249970609324,-0.375042579349062,1.774303440107504,-2.6374770819091538,2.1611212969292666,50.25684836141202,0.0,50.25684836141202,50.25684836141202,3.99997915346501,0.5320238284708629,3.321014475538303,4.623653159889097,3.0025754890713823,0.3470696040874323,2.4902085392652067,3.4445191179958954,46.425561109262155,0.2512567268201652,46.14623143523277,46.75011795611835,540.0,0.0,540.0,540.0,0.375,0.0,0.375,0.375,0.3092592592592592,0.0,0.3092592592592592,0.3092592592592592,0.187037037037037,0.0,0.187037037037037,0.187037037037037,69.7,0.0,69.7,69.7,94.9,0.0,94.9,94.9,0.4,0.5477225575051662,0,1,71.0,6.595452979136459,63.0,78.0,1.7150000000000003,0.6709601329438285,1.225,2.45,70.55622928244597,1.1333409280928572,68.97919380926282,71.47930301015546,42.70706104770109,0.1108356790429295,42.534413413451034,42.79902834535016,0.0,0.0,0.0,0.0,0.0,0.0,0.0,0.0,0.0,0.0,0.0,0.0,0.0,0.0,0.0,0.0,0.0,0.0,0.0,0.0,53.58,1.485597522884312,51.9,55.4,user_001,5
2024-01-02 14:55:00,5.4,2.1908902300206643,2,8,6766.2,7.854934754662232,6758,6777,6.457599999999999,0.1367216149699815,6.252000000000001,6.62,78.28972314847053,0.7774888636113216,76.95344953496513,78.96789218050732,51.51962674195013,1.6738568392978252,48.70710530960443,52.916920091734646,96.972,0.2002997753368602,96.72,97.22,33.425599999999996,0.2606583971407807,33.094,33.664,0.0,0.0,0,0,50.09882519679495,4.863251591241645,43.19908064333458,55.5093971712542,78.0,2.4494897427831774,74,80,52.96,6.6127150248593045,43.1,60.5,45.3,10.96608407773714,35.1,62.6,96.94,1.337161172035741,95.2,98.5,33.664,0.7409993252358579,32.78,34.83,6.4159999999999995,0.2606338427756455,6.09,6.64,77.74414480409104,0.6540416599444975,76.96672343913208,78.43458472270581,78.91721157367589,0.1757112086272903,78.68709443551693,79.15341557980443,-0.1448615742352672,0.879155497011419,-1.4767247674825654,0.7740808646195063,50.25684836141202,0.0,50.25684836141202,50.25684836141202,2.5284873162228214,0.1486711400513749,2.4019994043029276,2.7204293278870417,2.0913477558675475,0.8131584116956815,1.6738568392982576,3.5427436198652287,47.67515208023205,0.391040885404968,47.14341197074557,48.08223775553822,540.0,0.0,540.0,540.0,0.375,0.0,0.375,0.375,0.3092592592592592,0.0,0.3092592592592592,0.3092592592592592,0.187037037037037,0.0,0.187037037037037,0.187037037037037,69.7,0.0,69.7,69.7,94.9,0.0,94.9,94.9,1.0,0.7071067811865476,0,2,68.2,0.4472135954999581,68.0,69.0,2.6950000000000003,1.341920265887657,1.225,4.9,65.13746559759923,1.1305536034197143,63.76518084273564,66.82247814909798,43.73541812262796,0.5305340406682267,43.23648771282337,44.52011783330417,0.0,0.0,0.0,0.0,0.0,0.0,0.0,0.0,0.0,0.0,0.0,0.0,0.0,0.0,0.0,0.0,0.0,0.0,0.0,0.0,54.32000000000001,0.7362064927722385,53.5,55.5,user_001,5
2024-01-02 15:00:00,6.0,1.8708286933869709,3,8,6794.6,8.792041856133226,6784,6807,5.7384,0.2198244754343792,5.534000000000001,6.078,76.0496754763418,2.4880525562489826,71.82926084411064,77.63563302331009,47.86982738988643,3.802752224369141,44.18852742552783,51.911280061156425,97.748,0.3705671329192569,97.36,98.14,33.6688,0.1018979882038945,33.55,33.760000000000005,0.0,0.0,0,0,48.32173829752033,3.7829247564269166,43.73272042888973,51.417102349300656,74.0,6.2048368229954285,64,79,44.54,6.63159106097473,36.6,51.8,51.54,6.83066614613831,44.8,62.2,97.74,0.6066300355241155,96.7,98.3,33.565999999999995,0.2597691282658492,33.26,33.97,5.534000000000001,0.6213533616228369,4.71,6.41,77.3360190688515,0.8148478910547201,76.0496754763418,78.12648209898035,78.3254764212248,0.2693775928795518,77.92340338245491,78.62472962367794,-1.024837738170899,1.8791096049255025,-3.9146304220553247,0.6821834883449611,50.25684836141202,0.0,50.25684836141202,50.25684836141202,2.3685832282749795,0.2923969967331994,1.9140061351651572,2.6403280217556753,2.451877925315862,1.4230152879825806,0.5075019886681243,3.8312957064499615,47.930373936491456,0.2695479358475283,47.549636247642894,48.18877233579476,540.0,0.0,540.0,540.0,0.375,0.0,0.375,0.375,0.3092592592592592,0.0,0.3092592592592592,0.3092592592592592,0.187037037037037,0.0,0.187037037037037,0.187037037037037,69.7,0.0,69.7,69.7,94.9,0.0,94.9,94.9,1.0,0.7071067811865476,0,2,73.0,2.5495097567963914,69.0,76.0,2.6950000000000003,1.341920265887657,1.225,4.9,63.960501031216474,1.250633067022276,62.38381353575248,65.60970495536681,45.51936331199826,0.2758175913211571,45.04977257878391,45.753962179389326,0.2,0.4472135954999579,0.0,1.0,0.0,0.0,0.0,0.0,0.0,0.0,0.0,0.0,0.0,0.0,0.0,0.0,0.2,0.4472135954999579,0.0,1.0,55.720000000000006,1.1256109452204175,54.6,57.6,user_001,5
2024-01-02 15:05:00,4.8,2.280350850198276,1,7,6823.8,7.259476565152672,6814,6831,6.0611999999999995,0.1935334596394117,5.804,6.241999999999999,74.36785849894213,0.7534748414750093,73.17163284269945,75.11442189513296,46.73479208426488,2.486009292911247,45.1743784964527,51.05537140635636,97.568,0.1746997424153792,97.34,97.8,33.3072,0.1598411711668795,33.098,33.54,0.0,0.0,0,0,51.161134261401855,3.62823175636424,45.29189924602914,54.68784886904371,75.4,4.335896677735761,71,81,49.32,7.878895861730878,42.2,62.3,48.78,13.566023735789347,26.5,60.4,97.48,0.909395403551168,96.2,98.5,33.284,0.6791391609972142,32.51,34.08,6.242,0.3844086367396027,5.79,6.68,74.51272679095987,0.6788875411081066,73.8517877484132,75.49978365089454,77.41040567412563,0.2162455925959486,77.2140558638075,77.73782447719215,0.5160707505289338,1.861353466123111,-1.085816421349719,3.0569130519631216,50.25684836141202,0.0,50.25684836141202,50.25684836141202,2.2169899697018685,0.7676079411775377,1.1570761646908383,2.8038892372390603,1.686535104721635,1.0239229581188225,0.7565529286671413,3.0601615036932697,47.414392178193665,0.161184953636655,47.16215036990477,47.579838332285725,540.0,0.0,540.0,540.0,0.375,0.0,0.375,0.375,0.3092592592592592,0.0,0.3092592592592592,0.3092592592592592,0.187037037037037,0.0,0.187037037037037,0.187037037037037,69.7,0.0,69.7,69.7,94.9,0.0,94.9,94.9,0.8,0.4472135954999579,0,1,81.0,2.738612787525829,78.0,85.0,2.205,0.5478366544874484,1.225,2.45,66.19670793599508,0.7482726683881119,65.0782196055317,67.135669698563,46.44293073661175,0.1760725425698296,46.18157234199644,46.6011206922743,0.0,0.0,0.0,0.0,0.0,0.0,0.0,0.0,0.0,0.0,0.0,0.0,0.0,0.0,0.0,0.0,0.0,0.0,0.0,0.0,55.92,0.6099180272790742,55.2,56.8,user_001,5
2024-01-02 15:10:00,5.2,2.8635642126552705,2,9,6847.0,9.66953980290694,6833,6857,6.168799999999999,0.0569842083388021,6.076,6.2299999999999995,76.32992375294711,1.1914132198474796,74.3772078215813,77.56581173237194,46.71165986294846,2.6511400285690483,44.91349840282504,51.37024760423757,97.428,0.2256546033210971,97.14,97.72,33.385200000000005,0.1602972239310449,33.196000000000005,33.584,0.0,0.0,0,0,49.869202865699016,4.537631694083738,42.86126616401943,54.268892081781615,77.2,5.263078946776306,68,81,44.38,7.576410759719935,32.0,52.0,53.46,15.641227573307669,38.0,74.8,97.54,1.0014988766843451,96.3,98.9,33.376,0.8262142579258713,32.6,34.74,6.182,0.5820395175587307,5.32,6.91,75.61517389839801,0.6921626718141359,74.64523899929475,76.32992375294711,77.00507399823877,0.1889915959955846,76.75137086821059,77.18714835364946,0.435038123526445,2.1454875306579777,-3.188603910790647,2.2075973928062353,50.25684836141202,0.0,50.25684836141202,50.25684836141202,3.4219408682850867,0.5983660118434825,2.6061067501587165,3.858581351743682,3.08853087865839,0.2555364985312763,2.6511400285690705,3.283621874126343,47.52846591098297,0.1137088302404887,47.41082435803462,47.66354831255026,540.0,0.0,540.0,540.0,0.375,0.0,0.375,0.375,0.3092592592592592,0.0,0.3092592592592592,0.3092592592592592,0.187037037037037,0.0,0.187037037037037,0.187037037037037,69.7,0.0,69.7,69.7,94.9,0.0,94.9,94.9,0.8,0.8366600265340756,0,2,80.8,3.563705936241093,75.0,84.0,2.45,1.5003124674546968,1.225,4.9,65.5336797148446,1.1408961070229175,64.26509455719011,67.30671094812007,46.17806724434608,0.4689872136792917,45.51015707031936,46.68993856709116,0.0,0.0,0.0,0.0,0.0,0.0,0.0,0.0,0.0,0.0,0.0,0.0,0.0,0.0,0.0,0.0,0.0,0.0,0.0,0.0,54.739999999999995,1.145862120850496,53.7,56.3,user_001,5
2024-01-02 15:15:00,5.8,3.1937438845342623,2,10,6877.6,7.127411872482046,6867,6886,5.9928,0.1688348305297221,5.8,6.208,74.67719160532637,1.5851341845180769,72.33773930160741,76.38987014292502,48.061370846149586,1.812488612633344,45.8841478326568,50.38943188843786,97.424,0.3296664981462372,96.96,97.84,33.016,0.1935045219109843,32.822,33.282,0.0,0.0,0,0,49.03767280535955,1.893569447180815,47.10839648079183,52.21259472118774,73.6,4.505552130427525,66,77,49.54,7.396485651983649,39.1,59.4,46.739999999999995,5.684452480230618,36.9,51.6,97.46,0.7635443667528432,96.3,98.3,32.965999999999994,0.6154916733799084,32.25,33.83,6.029999999999999,0.8478502226218969,4.68,6.66,75.5810928590483,0.6623974817571338,74.67719160532637,76.35328250196474,76.41625117123583,0.2086944026236505,76.11074294012101,76.62313613436261,-0.5385958026631841,1.759414270531239,-3.168869650803714,1.5540868994641954,50.25684836141202,0.0,50.25684836141202,50.25684836141202,2.668658713839738,0.3206892691010846,2.126419410271975,2.9664902955706207,1.7121077246485323,0.6771294104399226,0.5189055984869232,2.1037792854158943,47.66228357675496,0.1475303773084365,47.42610512757863,47.79844874948056,540.0,0.0,540.0,540.0,0.375,0.0,0.375,0.375,0.3092592592592592,0.0,0.3092592592592592,0.3092592592592592,0.187037037037037,0.0,0.187037037037037,0.187037037037037,69.7,0.0,69.7,69.7,94.9,0.0,94.9,94.9,1.2,0.8366600265340756,0,2,83.0,2.7386127875258306,79.0,86.0,3.185,1.6435099634623458,1.225,4.9,66.2274282616548,1.796792889569952,63.84150185462882,68.6427997817886,45.44231832685611,0.3235607423742282,45.18230158787072,45.879042296197845,0.0,0.0,0.0,0.0,0.0,0.0,0.0,0.0,0.0,0.0,0.0,0.0,0.0,0.0,0.0,0.0,0.0,0.0,0.0,0.0,55.879999999999995,1.6422545478700878,53.6,57.6,user_001,5
2024-01-02 15:20:00,3.0,1.8708286933869709,1,5,6892.8,5.805170109479957,6887,6901,5.798399999999999,0.2002468476655752,5.556,5.978,71.96407461469319,1.5497420268171236,69.70868924476196,73.47245949650797,46.33729986451353,1.8203161981709364,43.919317458491115,48.21519642240748,97.404,0.4389533004773922,96.9,97.98,33.3344,0.0883334591194093,33.208,33.442,0.0,0.0,0,0,48.62940547231072,3.0404261944592803,45.001196387605965,51.96653780817012,71.6,5.594640292279746,67,81,45.92,5.882771455700108,41.5,55.8,47.22,10.058180750016374,37.7,63.4,97.28,0.892748564826633,96.1,98.2,33.44199999999999,0.2505394180563203,33.14,33.83,5.616,0.766113568604551,4.85,6.79,72.60524679625328,0.8718477863690216,71.91916788305966,73.91812773688424,75.565734036267,0.2459807812926698,75.27974118278686,75.91827307119179,-0.182037307346593,2.2418686205713154,-1.5315169335714671,3.76377025174601,50.25684836141202,0.0,50.25684836141202,50.25684836141202,1.893574458726058,0.6480318150790892,1.1791358447381084,2.7786223858476657,1.5883299838929434,0.3840557291270213,1.101022063531865,2.082233986767346,48.00240771381135,0.111054342445489,47.87242946495217,48.134866110880246,540.0,0.0,540.0,540.0,0.375,0.0,0.375,0.375,0.3092592592592592,0.0,0.3092592592592592,0.3092592592592592,0.187037037037037,0.0,0.187037037037037,0.187037037037037,69.7,0.0,69.7,69.7,94.9,0.0,94.9,94.9,0.6,0.5477225575051661,0,1,69.0,2.738612787525832,66.0,73.0,1.96,0.6709601329438285,1.225,2.45,62.39571955199106,0.558848841158563,61.46700314598786,62.85639776351977,46.31327212811918,0.1479329908853696,46.08078455286201,46.45261475733313,0.0,0.0,0.0,0.0,0.0,0.0,0.0,0.0,0.0,0.0,0.0,0.0,0.0,0.0,0.0,0.0,0.0,0.0,0.0,0.0,57.6,1.1937336386313355,55.9,58.6,user_001,5
2024-01-02 15:25:00,4.4,1.51657508881031,3,7,6914.0,7.483314773547963,6905,6923,6.0928,0.1809563483274348,5.82,6.322,73.92531023732586,1.9917578631090511,71.50254610653603,76.3210931095591,44.9567637681664,1.1706015242643992,43.63467999180072,46.30201998770107,96.712,0.1997998998998755,96.46,96.98,33.3176,0.2111984848430498,33.096,33.55,0.0,0.0,0,0,54.60930442433721,2.299425065781157,52.200531727824874,58.10035448521658,74.6,7.021395872616784,67,83,43.9,4.0724685388594475,38.3,48.0,57.8,14.021947083055194,46.0,75.9,96.82,0.7529940238806676,95.7,97.5,33.202,0.6175111335028709,32.46,33.9,6.322,0.8904324791919936,5.39,7.36,73.53550575094694,0.5100013854503347,72.70938307646212,73.98194803398317,74.86429419407631,0.2805804221797252,74.5523390309294,75.20871634408013,0.3373448813370743,2.7452258336855353,-2.6269095799020192,3.3394534452204567,50.25684836141202,0.0,50.25684836141202,50.25684836141202,2.1843058769425143,0.3004910326207783,1.6670336790348173,2.411838920374318,1.5300328462205468,0.2475211815071386,1.1706015242642582,1.7712323143644928,47.27885753158559,0.3791547280613651,46.77861896932155,47.68050853219033,540.0,0.0,540.0,540.0,0.375,0.0,0.375,0.375,0.3092592592592592,0.0,0.3092592592592592,0.3092592592592592,0.187037037037037,0.0,0.187037037037037,0.187037037037037,69.7,0.0,69.7,69.7,94.9,0.0,94.9,94.9,0.8,0.4472135954999579,0,1,67.0,2.8284271247461903,65.0,72.0,2.205,0.5478366544874484,1.225,2.45,65.59932476441358,0.9229960792746384,64.28029895351565,66.70445918901066,46.14024729265351,0.1301927469145282,45.93196496814133,46.27255222807292,0.0,0.0,0.0,0.0,0.0,0.0,0.0,0.0,0.0,0.0,0.0,0.0,0.0,0.0,0.0,0.0,0.0,0.0,0.0,0.0,54.98,0.944457516249407,53.7,56.1,user_001,5
2024-01-02 15:30:00,5.0,3.3911649915626345,1,9,6936.4,10.406728592598135,6924,6948,6.37,0.1509436981129059,6.1579999999999995,6.518000000000001,75.10374455800175,1.4701363289778695,73.63038403156624,77.40900267601963,46.82270140156923,4.4635880983808605,40.525090367940955,51.2963230719825,97.484,0.1033440854621088,97.34,97.6,33.562,0.0897440805847319,33.434000000000005,33.662,0.0,0.0,0,0,55.23044338098267,5.104576200582439,48.92774031145934,61.71862355117528,76.2,3.4928498393145957,72,81,49.06,13.300112781476704,31.1,64.2,54.620000000000005,18.12145137675236,30.9,79.2,97.54,0.4277849927241503,96.9,97.9,33.632,0.502314642430419,33.02,34.34,6.302,0.5628232404583167,5.56,7.06,74.04862627172965,0.7547056586188646,73.30013788325593,75.10374455800176,74.316395394556,0.1063249097668807,74.20869248347576,74.4460037983974,0.548127720999122,1.0587146111186805,-0.8151920157831114,1.7954986619901945,50.25684836141202,0.0,50.25684836141202,50.25684836141202,3.794439041950664,0.858165728807175,2.5132060218036605,4.604146926003093,3.014378107419605,1.0732298138322989,2.1806335339422125,4.463588098380871,46.356475065887814,0.1740761425329309,46.159220435354534,46.60409797126868,540.0,0.0,540.0,540.0,0.375,0.0,0.375,0.375,0.3092592592592592,0.0,0.3092592592592592,0.3092592592592592,0.187037037037037,0.0,0.187037037037037,0.187037037037037,69.7,0.0,69.7,69.7,94.9,0.0,94.9,94.9,1.0,1.0,0,2,58.8,4.324349662087931,53.0,64.0,2.9400000000000004,1.8578044837926304,1.225,4.9,66.87995873702509,0.7168617388268208,65.79872489647315,67.53194800721892,45.85163991084367,0.0973749434217741,45.78252410407832,46.01857554145031,0.0,0.0,0.0,0.0,0.2,0.447213595499958,0.0,1.0,0.0,0.0,0.0,0.0,0.0,0.0,0.0,0.0,0.2,0.447213595499958,0.0,1.0,55.3,0.8746427842267961,54.1,56.2,user_001,5
2024-01-02 15:35:00,4.0,2.1213203435596424,2,7,6962.4,5.3197744313083,6955,6968,5.8724,0.2873722324790618,5.542,6.242,75.59061656730887,2.2812753722055508,73.64869188662117,78.93933511734642,46.95393598703792,3.6898700975788103,42.920588031992224,52.84604208039352,97.38,0.1562049935181373,97.24,97.64,33.4324,0.0777611728306608,33.354,33.562,0.0,0.0,0,0,53.110264148936,3.734898264480107,47.12616650196625,56.60121791620415,74.4,5.128352561983233,68,82,47.760000000000005,13.168636983378349,27.1,63.4,51.379999999999995,10.86310268753822,37.4,66.9,97.32,0.5718391382198322,96.5,98.1,33.426,0.5348177259590422,32.62,33.86,5.86,0.8334566575413508,4.89,7.15,76.20525119627716,0.4396889524155002,75.59061656730889,76.66833091466745,74.59848279544221,0.0432695717653215,74.52978925191516,74.64657300085118,-0.5953082836544354,1.879379549848962,-2.9865189149658704,1.5303324413267916,50.25684836141202,0.0,50.25684836141202,50.25684836141202,4.6384331581061655,0.5646434043975156,3.81788988025638,5.378930839868829,3.533026020626753,0.349036460201077,2.9138543160625368,3.7547470381878143,46.540723739815135,0.0681939352600707,46.479398647512454,46.640621955064184,540.0,0.0,540.0,540.0,0.375,0.0,0.375,0.375,0.3092592592592592,0.0,0.3092592592592592,0.3092592592592592,0.187037037037037,0.0,0.187037037037037,0.187037037037037,69.7,0.0,69.7,69.7,94.9,0.0,94.9,94.9,0.6,0.5477225575051661,0,1,69.6,2.0736441353327715,67.0,72.0,1.96,0.6709601329438286,1.225,2.45,66.77547339636536,0.5410831612863066,66.18818498181244,67.33709955705913,44.95291717875929,0.207982999138598,44.68964594585455,45.165243641438614,0.0,0.0,0.0,0.0,0.0,0.0,0.0,0.0,0.0,0.0,0.0,0.0,0.0,0.0,0.0,0.0,0.0,0.0,0.0,0.0,54.98,2.0729206448873008,52.1,57.3,user_001,5
2024-01-02 15:40:00,5.4,0.8944271909999157,4,6,6984.4,8.08084154033491,6974,6995,6.0984,0.1681570694321237,5.872,6.346,73.41357913643574,0.9729884687255278,71.96998278122109,74.3985134166581,49.95640309294326,3.189402569975451,45.29882728307956,53.89736138692901,97.492,0.0878635305459549,97.42,97.64,33.4132,0.2115164296219106,33.132,33.712,0.0,0.0,0,0,46.7093351965677,3.4279069953199417,42.87829622309611,49.97924276582049,73.4,3.209361307176244,70,77,48.88,9.724042369303008,32.9,56.2,47.04,10.392930289384225,35.4,62.8,97.44,0.2701851217221308,97.0,97.7,33.424,0.5896015603778555,32.44,33.96,6.09,0.4191658383026937,5.56,6.73,73.59081497234926,0.4502542804295048,73.33055305698042,74.39374437820592,74.26108964110077,0.1481674229515273,74.11241945318197,74.48787348173367,-0.0067895682178686,1.2508124569335886,-1.4774870859158111,1.676672406259641,50.25684836141202,0.0,50.25684836141202,50.25684836141202,3.412307878819159,0.6360922756171868,2.746817426768139,4.155580334032446,3.5402678358838897,0.2803104929827298,3.1894025699755617,3.946704804272751,46.958350451333686,0.165154300928219,46.72485908115391,47.18141249339666,540.0,0.0,540.0,540.0,0.375,0.0,0.375,0.375,0.3092592592592592,0.0,0.3092592592592592,0.3092592592592592,0.187037037037037,0.0,0.187037037037037,0.187037037037037,69.7,0.0,69.7,69.7,94.9,0.0,94.9,94.9,1.0,0.0,1,1,70.4,1.5165750888103091,69.0,72.0,2.45,0.0,2.45,2.45,60.27149291364028,1.1166212302533411,59.52685457206064,62.22477093061714,46.377808413201805,0.3792432435442596,45.83483088939745,46.87169669338103,0.0,0.0,0.0,0.0,0.0,0.0,0.0,0.0,0.0,0.0,0.0,0.0,0.0,0.0,0.0,0.0,0.0,0.0,0.0,0.0,57.96,1.0310189135025591,56.8,59.1,user_001,5
2024-01-02 15:45:00,6.6,4.09878030638384,2,12,7013.2,11.691877522451252,6997,7028,6.44,0.1453547384848525,6.256,6.6,74.12112976282282,1.658021092967065,72.3403002716024,76.59568900960106,50.61738641553163,2.1708544599308333,48.1615683092063,53.53668956535691,97.928,0.0912140340079304,97.84,98.06,33.4456,0.1395593063897923,33.212,33.588,0.0,0.0,0,0,49.33941862670851,3.4687671046916093,43.56855234036467,51.745701560243106,75.0,4.795831523312719,70,80,49.82,6.609614209619195,43.5,60.3,50.779999999999994,12.86456373142906,34.8,68.1,98.06,0.6503845016603631,97.6,99.2,33.464,0.342972302088671,32.98,33.77,6.572,0.9311659358030664,5.53,7.53,73.71697974944519,0.2574206404818026,73.4757194242905,74.1211297628228,73.95040412283356,0.0703958960023394,73.84442057872057,74.01974247943137,0.4394351185885909,1.6705766025264777,-1.170150135801208,2.5532332427991946,50.25684836141202,0.0,50.25684836141202,50.25684836141202,2.9010957337609553,0.7827968226950518,2.21692085905572,3.7502670999582306,2.3488979887128503,0.6739627098185265,1.7051816290225597,3.0801963058587942,47.55226562870787,0.0948568864361843,47.43649721782,47.63278929910716,540.0,0.0,540.0,540.0,0.375,0.0,0.375,0.375,0.3092592592592592,0.0,0.3092592592592592,0.3092592592592592,0.187037037037037,0.0,0.187037037037037,0.187037037037037,69.7,0.0,69.7,69.7,94.9,0.0,94.9,94.9,1.2,1.095445115010332,0,2,76.8,3.492849839314596,73.0,81.0,3.4299999999999997,2.0128803988314856,1.225,4.9,59.882247478007535,0.7561153716679384,58.98544002802066,60.74445528769136,48.219063918235655,0.3224609912374305,47.75309329288507,48.56077815902069,0.0,0.0,0.0,0.0,0.0,0.0,0.0,0.0,0.0,0.0,0.0,0.0,0.0,0.0,0.0,0.0,0.0,0.0,0.0,0.0,58.2,1.4543039572249,56.1,59.7,user_001,5
2024-01-02 15:50:00,4.6,3.0495901363953815,1,9,7044.8,5.215361924162085,7037,7051,6.2056,0.200176921746739,6.042,6.518000000000001,71.87027223214128,0.9598929147979596,70.69501896580772,73.06379267306737,47.112166112333384,2.1657093908230207,43.80771220613753,49.23115302837285,96.98,0.2580697580112819,96.66,97.34,33.5736,0.1043014860872079,33.44,33.696,0.0,0.0,0,0,49.15358599199454,3.999964754569908,43.520316963789405,53.50285462918382,70.2,3.4928498393145957,66,75,47.54,8.134371518439513,35.1,53.6,45.94,10.803610507603462,32.1,57.4,96.84,0.4615192303685698,96.4,97.6,33.516,0.2884961004935757,33.17,33.94,6.042,0.3375203697556638,5.63,6.4,73.18034301227262,0.8941448796083081,71.87027223214128,74.08075317521521,74.04625349217012,0.0384215324228219,74.00410874900605,74.10091135193028,-0.8351361160706375,1.850614838297056,-3.5318963365336913,1.289995785376064,50.25684836141202,0.0,50.25684836141202,50.25684836141202,2.6907031450575984,0.1248607092759193,2.5335414515643087,2.828711717113725,2.425433663313591,0.489376760977915,1.945734166590904,3.0728312763262338,47.58767558347868,0.1272560444784192,47.46049894775133,47.73655946293031,540.0,0.0,540.0,540.0,0.375,0.0,0.375,0.375,0.3092592592592592,0.0,0.3092592592592592,0.3092592592592592,0.187037037037037,0.0,0.187037037037037,0.187037037037037,69.7,0.0,69.7,69.7,94.9,0.0,94.9,94.9,0.8,0.8366600265340756,0,2,82.4,1.1401754250991387,81.0,84.0,2.45,1.5003124674546966,1.225,4.9,62.78717345462667,0.6520020228884801,61.82612477952898,63.44581298530286,49.05640516473707,0.2903474056333242,48.62029912235634,49.32505990754009,0.0,0.0,0.0,0.0,0.0,0.0,0.0,0.0,0.0,0.0,0.0,0.0,0.0,0.0,0.0,0.0,0.0,0.0,0.0,0.0,57.36,0.6655824516917531,56.4,58.2,user_001,5
2024-01-02 15:55:00,5.6,2.701851217221259,1,8,7068.0,8.366600265340827,7057,7079,6.0804,0.0695327261079266,5.970000000000001,6.156000000000001,71.49320457377993,1.1917245164306798,70.42074323829567,73.18699699479808,52.84448278022497,2.3220802769544204,50.15737867507344,55.83606801261016,97.044,0.1306904740216346,96.86,97.22,33.8024,0.089066267464172,33.646,33.866,0.0,0.0,0,0,45.92096605655895,1.194383143750158,44.817901822392024,47.86527910038205,71.8,3.4928498393145975,68,76,54.98,9.661107596958022,38.8,63.0,46.44,5.32569244324154,39.8,52.4,97.06,0.7127411872482203,96.1,97.7,33.839999999999996,0.3112876483254689,33.37,34.08,6.156000000000001,0.4629578814535937,5.65,6.88,71.31082706334455,0.1691475257557366,71.10971029100483,71.49320457377993,73.67547371090306,0.0892722329975842,73.59875780508173,73.82496138822626,0.1533977131100414,1.2725290986506252,-1.4733361430826193,1.8597522539014475,50.25684836141202,0.0,50.25684836141202,50.25684836141202,3.1495517406072606,0.5495544776689844,2.4572426630625803,3.627394833476248,2.777522374604641,0.5728674190187292,2.236793337421989,3.4508392308748617,48.500818732529424,0.4221704198221654,47.95326186417576,49.0511792982734,540.0,0.0,540.0,540.0,0.375,0.0,0.375,0.375,0.3092592592592592,0.0,0.3092592592592592,0.3092592592592592,0.187037037037037,0.0,0.187037037037037,0.187037037037037,69.7,0.0,69.7,69.7,94.9,0.0,94.9,94.9,1.0,0.7071067811865476,0,2,83.6,1.5165750888103104,82.0,86.0,2.6950000000000003,1.341920265887657,1.225,4.9,56.563081425369525,1.773537137778871,54.55978826134204,59.33446438649321,49.874815310779155,0.5433100161143549,49.17067593535861,50.53544440661738,0.0,0.0,0.0,0.0,0.0,0.0,0.0,0.0,0.0,0.0,0.0,0.0,0.0,0.0,0.0,0.0,0.0,0.0,0.0,0.0,59.84,0.7021395872616774,59.2,61.0,user_001,5
2024-01-02 16:00:00,5.0,2.0,3,8,7092.0,8.215838362577436,7083,7104,6.1664,0.1527376836278459,5.926,6.346,71.87811747473646,1.2499884110110795,70.98133244290314,73.99170330795695,50.223306374350614,4.405252823444219,43.11168014193388,55.16442047902685,97.444,0.1909973821810144,97.18,97.58,33.6916,0.1208834149087394,33.566,33.882,0.0,0.0,0,0,48.24720540662505,4.298909013535176,43.47462303217424,55.19988830582941,72.2,4.764451699828637,68,80,45.64,12.064534802469591,28.7,62.0,52.4,13.209655559476182,33.8,70.6,97.58,0.6833739825307933,96.9,98.5,33.674,0.3718601887806742,33.21,34.21,6.208,0.757410060667272,5.64,7.49,71.8060348396174,0.1496300688275265,71.59546971585328,71.97576431815702,73.3017084722177,0.1829433152858868,73.06115329120418,73.49917187005448,0.1609412626317748,1.811800854082172,-1.7289989982660217,3.0041483460215233,50.25684836141202,0.0,50.25684836141202,50.25684836141202,3.5475018089345034,0.4548627832571048,3.13483738096453,4.267148052021601,2.6269105162896422,1.0031526124446215,1.990706530827978,4.405252823444304,49.70729300181457,0.1974817070481638,49.425230643293375,49.90788028590817,540.0,0.0,540.0,540.0,0.375,0.0,0.375,0.375,0.3092592592592592,0.0,0.3092592592592592,0.3092592592592592,0.187037037037037,0.0,0.187037037037037,0.187037037037037,69.7,0.0,69.7,69.7,94.9,0.0,94.9,94.9,1.0,0.7071067811865476,0,2,78.8,4.147288270665545,76.0,86.0,2.6950000000000003,1.341920265887657,1.225,4.9,55.7225088579659,1.3540480837227225,54.79566671252657,58.120772432058075,50.841176732125845,0.2217148890782273,50.50257817902385,51.11788369599018,0.0,0.0,0.0,0.0,0.0,0.0,0.0,0.0,0.0,0.0,0.0,0.0,0.0,0.0,0.0,0.0,0.0,0.0,0.0,0.0,59.56,1.6592166826547974,56.6,60.4,user_001,5
2024-01-02 16:05:00,6.6,1.51657508881031,5,9,7125.2,9.338094023943109,7113,7137,6.3172,0.1566499281838328,6.15,6.514,73.55185086087064,1.5970615733284632,71.61207615578034,75.66113553863796,41.18858355547004,3.5731449767246057,36.86074672974839,45.04049781983226,96.548,0.4013975585376632,96.14,97.14,33.2744,0.1388913244230896,33.082,33.410000000000004,0.0,0.0,0,0,58.19708054737449,3.3160124692094723,54.303670609134635,63.05550591370196,72.6,6.148170459575757,66,79,41.12,12.65057310954725,27.6,61.4,59.06,15.368897162776516,36.8,75.9,96.46,1.0310189135025558,94.9,97.2,33.272000000000006,0.5043014971225045,32.53,33.81,6.17,0.475236783088178,5.57,6.64,73.29050664554633,0.5408071278849571,72.71874498315763,74.02777629130597,72.81591771376256,0.084155384992274,72.72135900679781,72.9518799719139,-0.475925430435322,2.3415985966503645,-3.2203785128793214,1.6694322306810108,50.25684836141202,0.0,50.25684836141202,50.25684836141202,4.896388113353019,0.5167732005616784,4.43607255025863,5.482141566873081,5.221654850597666,1.581042606105847,3.573144976724473,6.856350483106366,49.07835682877119,0.2895596738185815,48.65705472180898,49.451964529157976,540.0,0.0,540.0,540.0,0.375,0.0,0.375,0.375,0.3092592592592592,0.0,0.3092592592592592,0.3092592592592592,0.187037037037037,0.0,0.187037037037037,0.187037037037037,69.7,0.0,69.7,69.7,94.9,0.0,94.9,94.9,1.2,0.4472135954999579,1,2,80.4,4.393176527297759,76.0,86.0,2.9400000000000004,1.0956733089748971,2.45,4.9,68.01099721832546,3.615691089104977,62.35998455537699,71.27700065834253,49.45639519920546,0.6873827035710939,48.65015149848026,50.42312302664739,0.0,0.0,0.0,0.0,0.4,0.5477225575051661,0.0,1.0,0.0,0.0,0.0,0.0,0.0,0.0,0.0,0.0,0.4,0.5477225575051661,0.0,1.0,53.879999999999995,0.6906518659932815,53.0,54.6,user_001,5
2024-01-02 16:10:00,4.6,2.073644135332772,2,7,7148.8,8.584870412533938,7139,7160,5.8436,0.1813306372348592,5.628,6.0840000000000005,72.77719846727514,1.7558876494765707,70.50361998138871,75.38314495812459,48.03001923364214,4.959561989074924,43.351209445892785,55.92275975373013,97.1,0.4029888335922097,96.42,97.44,33.315999999999995,0.0982852990024468,33.217999999999996,33.446,0.0,0.0,0,0,49.25484188278183,6.116070316614886,41.20512334565791,55.336527527730304,73.2,6.300793600809345,66,80,49.059999999999995,17.73705161519242,24.7,68.5,47.54,21.613375488340548,22.4,76.8,97.16,0.8384509526501829,96.2,98.4,33.394,0.4067308692489386,32.96,34.05,5.826,0.8216020934734773,4.89,6.89,73.06986095743821,0.4256578521014945,72.56579770091273,73.62304482705363,72.72909204461071,0.0898264249609495,72.6152955619377,72.83912252153976,0.2114007663624249,2.489244967519133,-3.127714986041525,2.3084275209376983,50.25684836141202,0.0,50.25684836141202,50.25684836141202,4.415910429224608,1.12943741274945,3.360573826963894,6.336377689993733,3.5916808889060845,1.670924076461045,1.255391062638418,5.40010504002272,48.31642559062008,0.1415818513305286,48.113135431915104,48.49065278455486,540.0,0.0,540.0,540.0,0.375,0.0,0.375,0.375,0.3092592592592592,0.0,0.3092592592592592,0.3092592592592592,0.187037037037037,0.0,0.187037037037037,0.187037037037037,69.7,0.0,69.7,69.7,94.9,0.0,94.9,94.9,0.6,0.5477225575051661,0,1,80.8,1.7888543819998317,79.0,83.0,1.96,0.6709601329438285,1.225,2.45,65.14480030026823,3.0437328901083194,61.74768174038694,68.34489378805281,47.29947899833251,0.5103868077853423,46.829398143482955,48.13907294038836,0.0,0.0,0.0,0.0,0.0,0.0,0.0,0.0,0.0,0.0,0.0,0.0,0.0,0.0,0.0,0.0,0.0,0.0,0.0,0.0,56.84,2.551078203426935,54.0,60.6,user_001,5
2024-01-02 16:15:00,4.8,0.8366600265340756,4,6,7174.4,7.7653074633268675,7164,7184,5.99,0.1589465318904444,5.776,6.192,72.9245693454848,1.2206984971897716,70.85765662388049,73.78648493582074,42.77983792377181,3.4632560436839355,38.76005130937879,48.11011544610228,97.724,0.1314534138012358,97.52,97.84,33.348,0.1209131920015369,33.178,33.482,0.0,0.0,0,0,58.17495860184781,2.5514277169585555,55.546721486959065,60.93268572581908,72.2,4.086563348340511,65,75,41.62,11.499869564477676,26.9,53.3,61.32000000000001,9.448650697321815,50.7,71.4,97.84,0.9449867723941994,97.0,99.4,33.178,0.66058307577473,32.57,34.13,6.044,0.4339700450491946,5.63,6.6,72.78105164871616,0.3510333247326191,72.34542154101118,73.2868540182272,72.57310402782254,0.0898315403356134,72.4158688257147,72.64403819119143,-0.3622846727423962,1.4593573371711603,-2.9288283119402507,0.7402044472016769,50.25684836141202,0.0,50.25684836141202,50.25684836141202,6.013255185914176,1.1151279857419614,4.09327784605905,6.986543964401039,4.822378731066535,1.3396316813422138,3.463256043683831,6.709722874481022,47.52250323278399,0.4585954545149506,47.02973266329882,48.15510494128364,540.0,0.0,540.0,540.0,0.375,0.0,0.375,0.375,0.3092592592592592,0.0,0.3092592592592592,0.3092592592592592,0.187037037037037,0.0,0.187037037037037,0.187037037037037,69.7,0.0,69.7,69.7,94.9,0.0,94.9,94.9,1.0,0.0,1,1,82.4,1.9493588689617936,80.0,85.0,2.45,0.0,2.45,2.45,64.51922324066047,3.436901905755619,61.11237819104612,68.18077968724427,45.02660114632019,1.021104483299434,44.11595113493484,46.53857028330978,0.0,0.0,0.0,0.0,0.0,0.0,0.0,0.0,0.0,0.0,0.0,0.0,0.0,0.0,0.0,0.0,0.0,0.0,0.0,0.0,56.260000000000005,1.1260550608207385,55.1,57.8,user_001,5
2024-01-02 16:20:00,3.4,2.9664793948382653,0,7,7195.4,5.128352561983385,7190,7201,5.784000000000001,0.2207849632561059,5.56,6.134,72.76043711545478,1.7118354994903666,69.95656383524353,74.60340294394688,45.15454655786296,2.627639181321637,41.11572692139968,48.42921196506652,97.556,0.1614930339054906,97.34,97.72,33.6716,0.1104481778935266,33.525999999999996,33.803999999999995,0.0,0.0,0,0,55.89744310806226,4.54189067552121,49.189077955663414,61.25042540024268,72.4,5.594640292279746,64,78,47.48,9.143139504568438,32.2,55.0,51.2,12.467156853108088,39.5,68.1,97.34,0.665582451691752,96.5,98.2,33.754000000000005,0.6270805370923243,32.71,34.3,5.5600000000000005,0.7614788243936925,4.64,6.46,72.985652892012,0.1600336473630791,72.76043711545478,73.16647526465991,72.54065567444577,0.0904403741306213,72.41057921714314,72.64634445940042,-0.1802185577273917,2.0883748272730966,-2.978281917621757,2.047447792039833,50.25684836141202,0.0,50.25684836141202,50.25684836141202,3.214871056326156,0.5431443319846493,2.5597433008977064,4.057265886068638,2.2938276265575057,0.3807368346964758,1.786784006794239,2.67050713396051,46.86117463696469,0.1739715300216929,46.70346273755376,47.066488442199216,540.0,0.0,540.0,540.0,0.375,0.0,0.375,0.375,0.3092592592592592,0.0,0.3092592592592592,0.3092592592592592,0.187037037037037,0.0,0.187037037037037,0.187037037037037,69.7,0.0,69.7,69.7,94.9,0.0,94.9,94.9,0.4,0.5477225575051661,0,1,70.2,4.8166378315169185,64.0,77.0,1.7150000000000003,0.6709601329438286,1.225,2.45,67.30584472216569,1.4500066466898789,65.16168725487493,68.97296611968102,45.191844569046296,0.3249434381167878,44.792380524977425,45.66510809755769,0.0,0.0,0.0,0.0,0.0,0.0,0.0,0.0,0.0,0.0,0.0,0.0,0.0,0.0,0.0,0.0,0.0,0.0,0.0,0.0,56.32000000000001,1.7035257556021872,54.8,59.1,user_001,5
2024-01-02 16:25:00,7.2,3.271085446759225,5,13,7223.6,11.90798051728322,7206,7237,6.3784,0.2466754953374979,5.981999999999999,6.644,72.82606579298171,0.9755661529794772,71.63770922349569,74.3370990291839,45.417882674286474,2.8648695580062404,41.78450527935033,48.25280797671101,97.596,0.4596520423102683,97.04,98.16,33.470800000000004,0.0839237749389252,33.34400000000001,33.548,0.0,0.0,0,0,60.33554806361313,3.390060770096004,55.92605197044228,64.10020779663057,74.0,3.082207001484488,70,78,42.760000000000005,7.374144018121696,33.7,52.3,66.3,9.67445088881018,49.4,73.7,97.6,1.262933094031507,95.8,99.1,33.548,0.2393115124685819,33.32,33.86,6.644,0.3995997997997495,6.07,7.07,72.33374852898925,0.3392511011230983,71.95864803420884,72.82606579298171,72.71114258538655,0.0884921671094948,72.58726420417797,72.79622643086755,0.5869671035091472,1.402487744175154,-1.4456996763946393,1.8314504854080411,50.25684836141202,0.0,50.25684836141202,50.25684836141202,2.94513473126458,0.2615488775396168,2.656671707360865,3.297848850190942,2.4685569149759514,0.6984555514462002,1.342962712149648,2.9547928183362613,46.0657733403959,0.4134101530853202,45.46569605323067,46.57008626948028,540.0,0.0,540.0,540.0,0.375,0.0,0.375,0.375,0.3092592592592592,0.0,0.3092592592592592,0.3092592592592592,0.187037037037037,0.0,0.187037037037037,0.187037037037037,69.7,0.0,69.7,69.7,94.9,0.0,94.9,94.9,1.4,0.8944271909999159,1,3,74.8,4.38178046004133,67.0,77.0,3.675,2.739183272437242,2.45,8.575,63.40791921059285,1.2275920212351363,61.76042602914224,64.92092699086811,45.59996569799347,0.6109838341263518,44.82256370747184,46.1663387952465,0.0,0.0,0.0,0.0,0.0,0.0,0.0,0.0,0.0,0.0,0.0,0.0,0.0,0.0,0.0,0.0,0.0,0.0,0.0,0.0,56.98,1.5139352694220451,55.4,58.7,user_001,5
2024-01-02 16:30:00,6.4,2.302172886644268,4,10,7257.4,10.737783756436954,7243,7269,6.015600000000001,0.1140999561787816,5.906000000000001,6.1739999999999995,71.98367944598935,0.92650392791634,71.39617749012857,73.59426623519285,48.3777458665727,2.1995091308168737,44.75633685290021,49.90422456860014,97.12,0.2649528259898355,96.8,97.4,33.4292,0.0410511875589519,33.379999999999995,33.486000000000004,0.0,0.0,0,0,56.39554542401489,1.8956970603443548,54.06134423659332,58.242016354889984,71.6,2.9664793948382657,67,75,51.58,5.9980830271012415,43.6,60.2,52.379999999999995,8.033492391233091,45.7,61.4,97.22,0.6760177512462215,96.1,97.9,33.4,0.2831960451701227,33.1,33.83,6.08,0.2161018278497433,5.89,6.44,72.61695453879693,0.5209080505368928,71.98367944598935,73.21737719532113,72.84629586858314,0.0266174849918755,72.8039668380094,72.87261692368078,-0.1918397229946777,1.173331223423417,-2.1980887450642825,0.7028668824035833,50.25684836141202,0.0,50.25684836141202,50.25684836141202,3.2206796765028187,0.3428942509702836,2.9370093692510615,3.5985033737656797,2.9468575330322606,0.6026420346355914,2.1995091308169883,3.464436634175307,45.06837070051853,0.127437954282244,44.93548728623487,45.23268625770933,540.0,0.0,540.0,540.0,0.375,0.0,0.375,0.375,0.3092592592592592,0.0,0.3092592592592592,0.3092592592592592,0.187037037037037,0.0,0.187037037037037,0.187037037037037,69.7,0.0,69.7,69.7,94.9,0.0,94.9,94.9,1.2,0.4472135954999579,1,2,83.0,3.240370349203932,79.0,86.0,2.9400000000000004,1.0956733089748971,2.45,4.9,63.776465094872165,2.2741850005816886,60.44245631403528,66.194700270178,45.78576320468777,0.8998585876069443,44.57246418604511,46.815755998512934,0.0,0.0,0.0,0.0,0.0,0.0,0.0,0.0,0.0,0.0,0.0,0.0,0.0,0.0,0.0,0.0,0.0,0.0,0.0,0.0,57.6,1.4195069566578398,55.2,58.7,user_001,5
2024-01-02 16:35:00,3.4,1.6733200530681511,2,6,7281.0,4.301162633521386,7275,7286,5.826,0.225862790206798,5.5,6.124,71.27604009165292,1.3033812280579518,69.24210050868358,72.79472614453803,49.44200768613303,2.7924077130137563,47.14152314456846,53.68512139758599,97.44,0.2690724809414771,97.06,97.7,33.2864,0.196648925753489,33.111999999999995,33.6,0.0,0.0,0,0,55.29110063196904,4.281440045397125,49.03359265667073,59.8383752162637,70.2,4.2661458015403095,64,76,51.0,9.245809861769818,41.8,65.8,53.279999999999994,12.48787411851993,37.6,71.3,97.38,1.237739875741263,95.9,99.1,33.202,0.6878008432678737,32.09,33.91,5.5,0.3726258176777343,5.13,6.0,71.56305574173457,0.2113255512316363,71.27604009165292,71.81406013747937,72.55838738461452,0.093743977399261,72.4246650431398,72.6582001142285,-0.5380200458264597,1.523392690306195,-2.6210502543417817,1.602636927730984,50.25684836141202,0.0,50.25684836141202,50.25684836141202,2.17080315431306,0.68019148653957,1.4956547727013787,3.0936542687698227,1.6762927470985851,0.6511597773727654,1.1216767678565551,2.7924077130138887,46.05643839128913,0.3429667602837192,45.58984620128957,46.53367332371152,540.0,0.0,540.0,540.0,0.375,0.0,0.375,0.375,0.3092592592592592,0.0,0.3092592592592592,0.3092592592592592,0.187037037037037,0.0,0.187037037037037,0.187037037037037,69.7,0.0,69.7,69.7,94.9,0.0,94.9,94.9,0.4,0.5477225575051661,0,1,85.6,1.9493588689617924,84.0,89.0,1.7150000000000003,0.6709601329438286,1.225,2.45,58.99582102851491,0.6377371517056495,58.37814672092338,59.91163514364346,47.89538640508579,0.487801492099971,47.26925089709925,48.51369557184413,0.0,0.0,0.0,0.0,0.0,0.0,0.0,0.0,0.0,0.0,0.0,0.0,0.0,0.0,0.0,0.0,0.0,0.0,0.0,0.0,59.279999999999994,1.4956603892595424,57.8,61.7,user_001,5
2024-01-02 16:40:00,5.0,1.8708286933869709,3,8,7301.2,8.288546314040802,7291,7311,6.272,0.2508186595929413,6.012,6.547999999999999,73.01742091741932,1.325165441381882,71.69854821513529,75.10760022608159,50.41919442780353,5.412837441050916,42.33783173226043,54.958554488173625,97.928,0.2339230642754183,97.6,98.24,33.1476,0.1166567614842779,32.97,33.284,0.0,0.0,0,0,51.70837539186423,4.239828884538306,46.12847189827281,57.992707847409214,74.0,6.403124237432848,66,81,50.52,19.244921407997488,32.3,80.2,52.82000000000001,17.987551250795647,22.4,70.0,97.96,0.7797435475847202,97.1,99.2,33.19199999999999,0.4760987292568635,32.62,33.91,6.548,1.1626564410865317,5.22,7.76,72.38344766969344,0.4926021815758396,71.65069339443528,73.01742091741932,72.44398516999038,0.0359822022446763,72.41224643253524,72.49705317724573,0.4912895412903424,2.735486931407496,-3.0358667420271956,3.9192998304388023,50.25684836141202,0.0,50.25684836141202,50.25684836141202,5.983806165949402,1.5134894427420202,4.163761703020546,7.257049299166509,4.550141107502622,1.1386303206282316,2.780747848542319,5.412837441051001,46.69138832038924,0.1504814364312705,46.55422518090882,46.93186918940509,540.0,0.0,540.0,540.0,0.375,0.0,0.375,0.375,0.3092592592592592,0.0,0.3092592592592592,0.3092592592592592,0.187037037037037,0.0,0.187037037037037,0.187037037037037,69.7,0.0,69.7,69.7,94.9,0.0,94.9,94.9,1.0,0.7071067811865476,0,2,77.6,4.335896677735759,74.0,85.0,2.6950000000000003,1.341920265887657,1.225,4.9,59.82673207325119,1.2098934833501074,58.67397479227194,61.84029561328104,48.85408618897344,0.8005588275242578,48.060195295819234,50.062948750656474,0.0,0.0,0.0,0.0,0.0,0.0,0.0,0.0,0.0,0.0,0.0,0.0,0.0,0.0,0.0,0.0,0.0,0.0,0.0,0.0,58.86,1.8862661530123497,55.9,60.4,user_001,5
2024-01-02 16:45:00,4.4,1.140175425099138,3,6,7324.0,7.141428428542918,7315,7333,5.608,0.1780954800100211,5.424,5.898,71.44426942122394,1.0224921186852165,70.08787466207544,72.42157698450457,55.69240420448442,1.4011063562166968,54.124756885384784,57.70612481686613,97.636,0.1645600194457917,97.42,97.82,33.5184,0.3059751623906773,33.142,33.834,0.0,0.0,0,0,46.410732561891585,2.7351636843926053,42.33582277228117,49.67510278467342,70.8,2.2803508501982743,68,73,57.2,2.2967368155711703,54.5,60.6,42.62,7.280247248548637,31.8,51.9,97.42,1.0281050529979952,96.3,98.9,33.589999999999996,0.8685908127536244,32.15,34.27,5.5280000000000005,0.6072643575906627,4.56,6.12,72.10926059847816,0.5244127729129081,71.44426942122395,72.81161394494622,72.33201999495073,0.098735117229856,72.21798546412035,72.44313474544255,-0.3221347106119708,0.7079911038715648,-1.315905996556566,0.4338172616215701,50.25684836141202,0.0,50.25684836141202,50.25684836141202,2.8277715207283416,2.811812570302548,0.6115188297674681,6.112352616330245,1.8259934376124656,1.964979918018587,0.5824311161356881,5.300628718729084,48.107162247952495,0.7747985620078012,47.13235723738117,49.08396356952385,540.0,0.0,540.0,540.0,0.375,0.0,0.375,0.375,0.3092592592592592,0.0,0.3092592592592592,0.3092592592592592,0.187037037037037,0.0,0.187037037037037,0.187037037037037,69.7,0.0,69.7,69.7,94.9,0.0,94.9,94.9,0.8,0.4472135954999579,0,1,66.6,4.098780306383837,63.0,72.0,2.205,0.5478366544874486,1.225,2.45,53.62456058442045,2.323666364669049,51.10498140775477,57.31807072604886,51.52329490722057,0.7198011190393214,50.72503493413031,52.51260448327972,0.0,0.0,0.0,0.0,0.0,0.0,0.0,0.0,0.0,0.0,0.0,0.0,0.0,0.0,0.0,0.0,0.0,0.0,0.0,0.0,61.56,1.2953763931768996,60.2,63.3,user_001,5
2024-01-02 16:50:00,5.4,2.5099800796022267,3,8,7350.2,8.167006795638128,7341,7360,5.9468000000000005,0.092526752888016,5.836,6.058,69.58113835999657,0.9548445092583748,68.70572207203352,71.135028762084,57.37340302281276,1.9767183650341649,55.67074987791076,60.575888834627,97.676,0.1424078649513505,97.48,97.82,33.606,0.1113463066293625,33.507999999999996,33.798,0.0,0.0,0,0,40.838368073993955,2.503679732863574,36.87728082141665,43.21592123212497,70.0,3.391164991562634,67,75,56.61999999999999,7.011918425081682,51.6,67.3,40.94,9.946255576849008,24.2,47.4,97.78,0.8348652585896742,96.8,98.7,33.577999999999996,0.6999785711005734,32.46,34.25,5.8740000000000006,0.4055613393803703,5.23,6.27,69.90525242449095,0.5783860939750883,69.37170753999484,70.82951294748263,71.81861991703055,0.1781904584943961,71.64882017398263,72.08976808719133,0.2094308200017138,1.2516470443176873,-1.02929155402515,1.9324856189579975,50.25684836141202,0.0,50.25684836141202,50.25684836141202,1.905336282689032,0.5514344829276289,1.2557722900700026,2.444640077219448,1.5363335692189215,0.487618129360182,0.9175672870446544,1.9767183650346996,50.34940956900335,0.7031873975292042,49.44264237968257,51.12043964701549,540.0,0.0,540.0,540.0,0.375,0.0,0.375,0.375,0.3092592592592592,0.0,0.3092592592592592,0.3092592592592592,0.187037037037037,0.0,0.187037037037037,0.187037037037037,69.7,0.0,69.7,69.7,94.9,0.0,94.9,94.9,1.0,1.0,0,2,69.2,4.08656334834051,65.0,74.0,2.9400000000000004,1.85780448379263,1.225,4.9,47.78943146387651,1.517387519260642,46.32362918994786,50.04627206124991,54.3876934072819,1.0974409810357717,52.91681614446147,55.41782643882828,0.0,0.0,0.0,0.0,0.0,0.0,0.0,0.0,0.0,0.0,0.0,0.0,0.0,0.0,0.0,0.0,0.0,0.0,0.0,0.0,63.9,0.8774964387392145,62.6,64.7,user_001,5
2024-01-02 16:55:00,4.2,2.3874672772626644,1,7,7370.6,7.503332592921549,7361,7381,6.137600000000001,0.0911087262560507,6.0200000000000005,6.276000000000001,72.93002645069915,0.6398793811954988,72.17112389425957,73.75668584138934,49.4641518383951,1.142539950731724,48.19335649576973,50.71507817322282,97.28,0.1240967364599138,97.12,97.4,33.494,0.1485462890818917,33.333999999999996,33.738,0.0,0.0,0,0,48.40299497270703,2.2953548597144495,45.22660172486419,50.732415155528734,73.8,3.5637059362410923,69,79,46.48,4.331512437936663,40.5,51.6,51.66,7.404930789683317,43.0,60.1,97.4,0.7968688725254602,96.2,98.2,33.46,0.397555027637686,32.86,33.9,6.276,0.2004494948858688,5.99,6.55,71.78044476371898,0.9671439239620598,70.52075890666438,72.93002645069913,71.72640262281884,0.0273159511243468,71.69147700507865,71.75873489214042,0.4349867746504315,1.491998282007918,-1.5855619471297755,2.6216570793053364,50.25684836141202,0.0,50.25684836141202,50.25684836141202,2.8793902416542356,0.3074730992545949,2.534981631439324,3.2194884660415606,3.169058370461121,1.2869865653205368,1.1425399507320364,4.602114069817375,51.462915389059425,0.2294989800009595,51.20251532023255,51.79481784103359,540.0,0.0,540.0,540.0,0.375,0.0,0.375,0.375,0.3092592592592592,0.0,0.3092592592592592,0.3092592592592592,0.187037037037037,0.0,0.187037037037037,0.187037037037037,69.7,0.0,69.7,69.7,94.9,0.0,94.9,94.9,0.6,0.5477225575051661,0,1,69.4,1.9493588689617911,66.0,71.0,1.96,0.6709601329438285,1.225,2.45,54.81129405260233,4.439847425794431,49.2454905266811,60.20700973398389,55.680050436499414,0.4005404529431148,55.133392135057385,56.206092770091246,0.0,0.0,0.0,0.0,0.0,0.0,0.0,0.0,0.0,0.0,0.0,0.0,0.0,0.0,0.0,0.0,0.0,0.0,0.0,0.0,58.8,0.9924716620639594,57.4,59.6,user_001,5
2024-01-02 17:00:00,5.0,2.449489742783178,1,7,7397.6,7.09224929059871,7388,7406,6.0864,0.1445157430870428,5.8759999999999994,6.2780000000000005,70.74881006758179,1.5419182871155843,68.40690619957257,71.9155389490383,50.784991188595235,2.3204599211929824,48.449759692358384,54.40543896170954,96.992,0.2211786608151955,96.74,97.28,33.41760000000001,0.1254065389044778,33.25,33.564,0.0,0.0,0,0,47.02047670422479,3.2189338141696804,43.43662895801277,52.08122339496674,69.4,4.39317652729776,62,73,50.82000000000001,9.755357502418866,40.1,63.6,47.56,11.044591436535804,34.8,64.3,96.8,0.6708203932499389,96.1,97.9,33.416000000000004,0.5795946859659763,32.88,34.39,6.101999999999999,0.6989778251132148,5.34,7.12,71.91248655324695,0.7953625775961225,70.74881006758179,72.55335096713277,71.60899129189383,0.0737168526872199,71.49961755142894,71.6658061573818,-0.6744050337908902,1.7671269842987711,-3.2034530997862873,1.531031266809137,50.25684836141202,0.0,50.25684836141202,50.25684836141202,2.6917034418302808,0.8888504731216245,1.275491335583165,3.463951732257339,2.1301202422073224,0.6663208878902971,0.9500806972370716,2.5243676776414756,52.137516978531835,0.1077052003738234,51.96321189402239,52.24070475872269,540.0,0.0,540.0,540.0,0.375,0.0,0.375,0.375,0.3092592592592592,0.0,0.3092592592592592,0.3092592592592592,0.187037037037037,0.0,0.187037037037037,0.187037037037037,69.7,0.0,69.7,69.7,94.9,0.0,94.9,94.9,0.8,0.4472135954999579,0,1,73.6,1.9493588689617931,72.0,77.0,2.205,0.5478366544874486,1.225,2.45,58.15412215326933,1.548060079081282,56.1834602476079,60.00102809256492,54.4574524081378,0.4749491414900052,53.72712402363338,54.875197100082595,0.0,0.0,0.0,0.0,0.0,0.0,0.0,0.0,0.0,0.0,0.0,0.0,0.0,0.0,0.0,0.0,0.0,0.0,0.0,0.0,59.56,1.0089598604503542,58.5,61.0,user_001,5
2024-01-02 17:05:00,3.2,1.095445115010332,2,5,7415.4,5.412947441089813,7409,7422,5.6012,0.2251426214647064,5.378,5.836,69.57844412412598,0.8860052659314299,68.9724166517252,70.9586249775878,53.616953572160696,2.539021472847111,50.8998397949056,57.766595464402485,97.184,0.1532318504750212,96.94,97.36,33.661199999999994,0.1073927371845976,33.57000000000001,33.824,0.0,0.0,0,0,47.54681174705841,1.277251867806178,46.09443656147163,49.09629104098109,69.2,3.3466401061363027,65,73,55.279999999999994,8.23450059202135,44.1,66.1,45.739999999999995,8.11714235430179,35.3,55.1,97.2,0.8215838362577496,96.1,98.1,33.63,0.6432340165134306,32.61,34.18,5.39,0.7720103626247515,4.89,6.73,69.86814637738232,0.4377056091774355,69.45149927928348,70.56587337838786,71.32650639783513,0.1203440741565188,71.21668489017446,71.48863392317485,-0.1892220620629984,1.304992988152868,-1.9862083258626055,1.0206875112060914,50.25684836141202,0.0,50.25684836141202,50.25684836141202,3.290688990722301,0.2447466861514702,2.989492378538974,3.5751087711456524,2.741951048525676,0.7008524952935391,1.961936638508888,3.4882995307441584,52.62900360759816,0.322744711555201,52.1962391520249,52.927774563562934,540.0,0.0,540.0,540.0,0.375,0.0,0.375,0.375,0.3092592592592592,0.0,0.3092592592592592,0.3092592592592592,0.187037037037037,0.0,0.187037037037037,0.187037037037037,69.7,0.0,69.7,69.7,94.9,0.0,94.9,94.9,0.2,0.447213595499958,0,1,65.2,2.949576240750525,62.0,68.0,1.4700000000000002,0.5478366544874486,1.225,2.45,53.57412808005584,1.820113894511688,51.48978134681663,55.717602671842045,52.912091819633666,0.3299547468442377,52.53185171983525,53.33810524814517,0.0,0.0,0.0,0.0,0.0,0.0,0.0,0.0,0.0,0.0,0.0,0.0,0.0,0.0,0.0,0.0,0.0,0.0,0.0,0.0,61.720000000000006,1.225561095988286,59.8,63.1,user_001,5
2024-01-02 17:10:00,5.4,1.816590212458495,3,7,7437.0,8.51469318296326,7428,7449,5.6152,0.1186979359550956,5.474,5.804,70.1049802961812,2.5040834269988417,67.34406462342058,73.77414540269632,48.67383750744504,4.633193119015769,44.1762594850242,53.67158384130445,97.2,0.2533771891864056,96.82,97.44,33.7356,0.0740459316910798,33.666,33.843999999999994,0.0,0.0,0,0,53.73620566216407,3.070564752103007,50.4174195676981,57.978279711798734,69.8,7.628892449104263,61,80,46.760000000000005,12.428314447261142,25.9,55.8,55.879999999999995,10.852741589110098,47.4,73.1,97.12,1.4394443372357306,95.1,99.0,33.844,0.1696466916859851,33.58,34.05,5.804,0.5873925433643159,5.15,6.67,70.22938553117791,0.4726193253641145,69.51896274941733,70.7862056664077,70.96749604141587,0.1713323497387893,70.7312781199681,71.13334548233851,-0.152490148090601,2.907806821751335,-3.2580484675654446,3.11292729865184,50.25684836141202,0.0,50.25684836141202,50.25684836141202,3.801442263139932,0.8079346619650202,2.819178740370192,4.601800761729726,3.543658143212825,1.3835783429722963,2.053672584318716,4.899894746774638,53.017023794690566,0.3307024948696243,52.6009568889822,53.46822950031495,540.0,0.0,540.0,540.0,0.375,0.0,0.375,0.375,0.3092592592592592,0.0,0.3092592592592592,0.3092592592592592,0.187037037037037,0.0,0.187037037037037,0.187037037037037,69.7,0.0,69.7,69.7,94.9,0.0,94.9,94.9,0.8,0.4472135954999579,0,1,66.4,1.8165902124584947,64.0,68.0,2.205,0.5478366544874484,1.225,2.45,54.63112519042609,3.1635527767569336,50.76126561675568,57.98161249687261,52.844147219463466,0.1303154946602096,52.71075262221882,53.01654833833234,0.0,0.0,0.0,0.0,0.4,0.5477225575051661,0.0,1.0,0.0,0.0,0.0,0.0,0.0,0.0,0.0,0.0,0.4,0.5477225575051661,0.0,1.0,60.16,1.1282730166054646,58.7,61.8,user_001,5
2024-01-02 17:15:00,5.6,3.0495901363953815,2,10,7464.4,8.473488065726078,7454,7477,5.5192,0.1368400526161843,5.351999999999999,5.723999999999999,69.33975049167817,1.1420289186088448,68.0700002796274,71.1050004194411,51.170381893984526,2.3198524356487757,47.31518799556272,53.11786133136121,97.628,0.4330357952871809,97.16,98.12,33.54280000000001,0.1117371916597145,33.382000000000005,33.660000000000004,0.0,0.0,0,0,54.879747247692386,2.669265153762421,50.974311752679576,58.28245324794036,69.8,5.403702434442518,62,76,53.120000000000005,5.1630417391301435,46.3,58.0,54.1,9.368564457802488,44.8,69.0,97.72,0.5215361924162175,97.1,98.4,33.382,0.278693379899846,33.09,33.78,5.497999999999999,0.6662356940302736,4.55,6.4,69.2260919218012,0.4042016720075015,68.84665790941385,69.86998686412079,70.48696792863639,0.1042929467675808,70.3805249650438,70.64307430220096,0.2301247541609086,2.1748192154100914,-3.035000139813704,2.4474997902794513,50.25684836141202,0.0,50.25684836141202,50.25684836141202,3.1990035375243457,1.2203173755079155,2.015431895751085,4.654360317471047,2.937825000848092,0.5794069171059856,2.319852435649003,3.6964043461640506,52.12880148736666,0.204653911857625,51.84728650389889,52.37397125932148,540.0,0.0,540.0,540.0,0.375,0.0,0.375,0.375,0.3092592592592592,0.0,0.3092592592592592,0.3092592592592592,0.187037037037037,0.0,0.187037037037037,0.187037037037037,69.7,0.0,69.7,69.7,94.9,0.0,94.9,94.9,1.0,0.7071067811865476,0,2,66.8,2.9495762407505266,63.0,71.0,2.6950000000000003,1.341920265887657,1.225,4.9,56.75275483374655,2.211565884272372,54.142810268078826,59.235700126566755,53.01695412022516,0.219526541826088,52.783918780380525,53.35283400623913,0.0,0.0,0.0,0.0,0.0,0.0,0.0,0.0,0.0,0.0,0.0,0.0,0.0,0.0,0.0,0.0,0.0,0.0,0.0,0.0,61.260000000000005,1.335290230624038,59.5,62.7,user_001,5
2024-01-02 17:20:00,6.2,2.588435821108957,3,9,7493.4,10.406728592598178,7481,7508,5.3692,0.0806176159409343,5.296,5.468,70.34350623758725,2.04626376182012,67.92000012427884,73.29777783301282,53.0140420601132,3.5378287766462244,50.14258316214968,56.920812114836785,97.952,0.3864194612076313,97.34,98.28,33.4276,0.069070977986415,33.330000000000005,33.50000000000001,0.0,0.0,0,0,45.859802106692,3.761474956516532,41.51620783511972,49.41220972892436,70.2,6.685805860178712,65,78,52.04,9.785601667756556,38.9,65.1,45.06,13.622885156970238,22.6,57.3,98.26,0.4878524367060197,97.8,99.0,33.5,0.5078385570237849,32.97,34.34,5.308,0.4173367944478417,4.9,5.87,69.83849770163637,0.5872779378137741,69.02650032778544,70.41525935638087,70.47584214149394,0.0948637741153813,70.34257219891809,70.57804608363004,-0.0717531187936231,2.5848889126831285,-2.76592594433761,3.026666625240381,50.25684836141202,0.0,50.25684836141202,50.25684836141202,2.970409044822593,0.4928468175815885,2.212164966966821,3.3325447943162554,2.8554637610794056,0.5331962005874237,2.2692753580691782,3.53782877664643,51.54862406417997,0.3402419006179638,51.120726343448965,51.88596878037704,540.0,0.0,540.0,540.0,0.375,0.0,0.375,0.375,0.3092592592592592,0.0,0.3092592592592592,0.3092592592592592,0.187037037037037,0.0,0.187037037037037,0.187037037037037,69.7,0.0,69.7,69.7,94.9,0.0,94.9,94.9,1.2,0.8366600265340756,0,2,78.0,5.338539126015655,72.0,86.0,3.185,1.6435099634623451,1.225,4.9,51.870328545961115,0.9683268042721496,50.589800225256496,53.06773198302419,53.46908350752178,0.4415223326223516,52.98925921551138,53.98969017155088,0.0,0.0,0.0,0.0,0.0,0.0,0.0,0.0,0.0,0.0,0.0,0.0,0.0,0.0,0.0,0.0,0.0,0.0,0.0,0.0,62.14,1.6861198059449982,60.3,64.5,user_001,5
2024-01-02 17:25:00,6.0,3.1622776601683795,3,11,7527.2,10.377861051295802,7513,7538,5.381200000000001,0.0593733947151414,5.292,5.442,68.4131366238798,1.779593253226398,65.48839303275064,70.34748972830009,49.59863928363631,2.694042735646969,46.4078147387332,53.31512389900903,97.1,0.1749285568453616,96.92,97.38,33.5968,0.1065138488648284,33.454,33.732,0.0,0.0,0,0,49.385652952321585,4.476235660679366,42.910674105145624,55.016537657299715,67.0,5.1478150704935,59,73,50.82,10.738575324501848,38.7,63.0,46.959999999999994,13.040245396463972,31.3,67.1,96.92,0.9038805230781354,95.5,98.0,33.588,0.2536138797463581,33.27,33.96,5.418,0.4378584246077722,4.8,5.91,69.65214784548297,0.977496844953896,68.4131366238798,70.82900415839148,70.12112598845462,0.248931924308895,69.75477130683903,70.39394640753927,-0.7065683119399011,1.7317033972960998,-3.244196516375311,1.326255135849948,50.25684836141202,0.0,50.25684836141202,50.25684836141202,3.367283705545984,0.3975768309292664,3.0129714774418215,3.8699075043593623,2.4352920948193,0.8318327208387665,1.8570294479640232,3.7883660044443057,51.019034170317255,0.0732276647787652,50.96873373139229,51.143140917655835,540.0,0.0,540.0,540.0,0.375,0.0,0.375,0.375,0.3092592592592592,0.0,0.3092592592592592,0.3092592592592592,0.187037037037037,0.0,0.187037037037037,0.187037037037037,69.7,0.0,69.7,69.7,94.9,0.0,94.9,94.9,1.0,0.7071067811865476,0,2,90.2,4.08656334834051,85.0,96.0,2.6950000000000003,1.3419202658876572,1.225,4.9,56.21737543209797,0.7614270506318793,54.97979808013815,56.99825753518324,53.00291708022562,0.454368635985639,52.54084729915679,53.66322544053491,0.0,0.0,0.0,0.0,0.0,0.0,0.0,0.0,0.0,0.0,0.0,0.0,0.0,0.0,0.0,0.0,0.0,0.0,0.0,0.0,61.04,1.7601136326953457,59.3,64.0,user_001,5
2024-01-02 17:30:00,4.8,1.4832396974191326,3,7,7553.0,6.819090848492857,7545,7562,5.7188,0.2451187467330889,5.4,5.967999999999999,66.85358177763027,1.4126105083286271,65.88373023677806,69.28165788301247,50.68838048179573,2.311022843912969,48.24125904177957,54.39417269451971,97.528,0.1338656042454461,97.4,97.72,33.6084,0.1401741773651638,33.378,33.732,0.0,0.0,0,0,49.61086787849503,3.8503643707702113,44.80711607009709,54.8502566133621,67.4,5.272570530585629,62,76,51.120000000000005,9.560439320449662,43.1,66.7,52.9,12.324163257600896,41.1,70.3,97.56,0.4159326868617076,97.1,98.0,33.708000000000006,0.3405436829541833,33.27,34.02,5.654,0.6668058188108439,5.03,6.54,66.90382193849982,0.447828693677367,66.4705589996681,67.60875774925321,69.28634855266344,0.1853485610993291,69.10556659184711,69.56984753789268,0.2732091111848689,2.1035602080434903,-2.4272192943374904,3.3591710584937573,50.25684836141202,0.0,50.25684836141202,50.25684836141202,3.023086514549825,0.3747692803082788,2.61693850229842,3.5063112076040936,2.009821263051686,0.1868445370207533,1.8239653337535673,2.3110228439131837,51.05377404711997,0.0961248891638664,50.9288920331172,51.168760611770566,540.0,0.0,540.0,540.0,0.375,0.0,0.375,0.375,0.3092592592592592,0.0,0.3092592592592592,0.3092592592592592,0.187037037037037,0.0,0.187037037037037,0.187037037037037,69.7,0.0,69.7,69.7,94.9,0.0,94.9,94.9,0.8,0.4472135954999579,0,1,88.6,2.509980079602226,85.0,91.0,2.205,0.5478366544874484,1.225,2.45,52.28699454542374,0.6272092189432251,51.7022055966935,53.08212081457299,54.0201250140379,0.1063276864227436,53.8461435249628,54.12997648927956,0.0,0.0,0.0,0.0,0.0,0.0,0.0,0.0,0.0,0.0,0.0,0.0,0.0,0.0,0.0,0.0,0.0,0.0,0.0,0.0,63.14,1.1126544836560912,61.3,64.2,user_001,5
2024-01-02 17:35:00,4.6,2.073644135332772,3,8,7578.0,5.873670062235438,7570,7585,5.612,0.0647610994347687,5.564,5.724,68.57331118059328,0.7202731188794044,67.69761143368147,69.42116063719176,45.94299660665622,2.8261323547391357,41.88629897534209,49.32944846301314,97.584,0.18676188047885,97.32,97.8,33.2408,0.1122016042666036,33.11,33.4,0.0,0.0,0,0,60.52505256013103,3.4218442441401473,56.05566960593871,65.07044640395914,69.6,2.5099800796022267,67,72,42.04,11.264679311902311,27.0,58.3,63.67999999999999,11.62527419031482,55.2,83.1,97.56,0.3361547262794304,97.2,98.1,33.11,0.4387482193696068,32.48,33.64,5.724,0.959051614877948,4.21,6.62,67.95210823881479,0.4705932401677965,67.30238785175352,68.57331118059328,68.96700886290218,0.0423921268422663,68.92373331855416,69.02593328345363,0.513344409703356,1.0198233155701009,-0.5232085752611084,1.7151871371083445,50.25684836141202,0.0,50.25684836141202,50.25684836141202,4.945184732959979,0.6972394780975912,3.8315634592913983,5.575890714746476,3.762769941220464,1.064874129723851,2.3919860568708713,4.572917584857398,50.41159713103364,0.4811093530032018,49.84804630560517,51.0746927554595,540.0,0.0,540.0,540.0,0.375,0.0,0.375,0.375,0.3092592592592592,0.0,0.3092592592592592,0.3092592592592592,0.187037037037037,0.0,0.187037037037037,0.187037037037037,69.7,0.0,69.7,69.7,94.9,0.0,94.9,94.9,0.8,0.8366600265340756,0,2,84.6,4.774934554525328,77.0,89.0,2.45,1.5003124674546966,1.225,4.9,56.02475726979262,2.4754573853817834,52.73070864356456,59.52366034249586,52.77121142250349,0.4921514335290135,52.21357508989142,53.56074294278097,0.0,0.0,0.0,0.0,0.2,0.447213595499958,0.0,1.0,0.0,0.0,0.0,0.0,0.0,0.0,0.0,0.0,0.2,0.447213595499958,0.0,1.0,60.620000000000005,1.186170308176698,59.0,62.1,user_001,5
